순번,지역,조회지역,업종,분야,상호,대표자,우편번호,본사주소,전화번호
1,서울,강남구,공사업,전문,환경이엔지(주),유창수,6069,"서울특별시 강남구 학동로 401 , 9층(청담동, 금하빌딩)",02-2274-1511
2,서울,강남구,공사업,전문,국제공영(주),김종만,6069,서울특별시 강남구 학동로 413  (청담동) ,02-549-1119
3,서울,강남구,공사업,전문,(주)삼민설비,황창선,6196,"서울특별시 강남구 역삼로77길 21 201호(대치동,제이시빌)",02-553-2148
4,서울,강남구,공사업,전문,(주)강남소방,김효정,6161,서울특별시 강남구 선릉로96길 5-6  (삼성동) ,02-568-0119
5,서울,강남구,공사업,전문,(주)금화피에스시,"김경태,김성기",6131,서울특별시 강남구 테헤란로25길 15-4  (역삼동) ,02-2186-6220
6,서울,강남구,공사업,전문,(주)캐스트윈,"김낙희,양영한",6222,서울특별시 강남구 테헤란로38길 40-12 (역삼동),02-6005-9000
7,서울,강남구,공사업,전문,(주)리트코,정종경,6255,"서울특별시 강남구 논현로63길 63 (역삼동, 리트코빌딩)",02-2009-1815
8,서울,강남구,공사업,전문,(주)창대전기통신,송병택,6130,"서울특별시 강남구 테헤란로7길 22 , 1관 1층 103호(역삼동, 한국과학기술회관)",02-525-3355
9,서울,강남구,공사업,전문,(주)우현이앤지,조기남,6038,"서울특별시 강남구 도산대로8길 12 , 2층(논현동)",02-2678-0412
10,서울,강남구,공사업,전문,(주)성도이엔지,"이언웅,정영용",6172,서울특별시 강남구 영동대로106길 42  (삼성동) ,02-6244-5273
11,서울,강남구,공사업,전문,삼우설비(주),"노원석,이원재",6130,서울특별시 강남구 강남대로94길 59  (역삼동) ,02-563-5640
12,서울,강남구,공사업,전문,(주)한방,김진구,6296,서울특별시 강남구 논현로30길 47  (도곡동) ,02-2055-9000
13,서울,강남구,공사업,전문,준제이엔씨(주),"고형준,이병철",6058,서울특별시 강남구 언주로136길 11  (논현동) ,02-3486-0691
14,서울,강남구,공사업,전문,대명지이씨(주),"김한욱,서종만",6232,"서울특별시 강남구 테헤란로2길 21 , 제7층, 제8층(역삼동, 타워300)",02-2182-3900
15,서울,강남구,공사업,전문,경창계전(주),이성욱,6227,"서울특별시 강남구 역삼로 208 , 5층(역삼동)",02-566-9956
16,서울,강남구,공사업,전문,(주)금성전력기술,김일혁,6197,"서울특별시 강남구 선릉로86길 46 , 4층 (대치동)",02-568-5211
17,서울,강남구,공사업,전문,(주)신일건업,홍상철,6097,서울특별시 강남구 선릉로 622  (삼성동),02-2056-1911
18,서울,강남구,공사업,전문,일렉파워(주),김성호,6342,"서울특별시 강남구 양재대로55길 29  401호,501호(일원동,대평빌딩)",02-3412-9253
19,서울,강남구,공사업,전문,(주)삼진일렉스,"김성관,조찬형",6106,서울특별시 강남구 학동로30길 33  (논현동) 삼진빌딩,02-2007-0114
20,서울,강남구,공사업,전문,(주)새한에이치테크,오봉진,6255,서울특별시 강남구 도곡로7길 6  (역삼동) 한은빌딩 502호,02-564-4420
21,서울,강남구,공사업,전문,두원이에프씨(주),"장병민,박중현,정성권,천호영",6240,서울특별시 강남구 테헤란로4길 45  (역삼동) ,02-3404-6600
22,서울,강남구,공사업,전문,(주)한은이엔씨,이진수,6255,서울특별시 강남구 도곡로7길 6  (역삼동) ,02-2272-3501
23,서울,강남구,공사업,전문,(주)김앤드이,"이준희,김종성",6261,서울특별시 강남구 논현로57길 30  (도곡동) ,02-3461-8771
24,서울,강남구,공사업,전문,범양공조산업(주),장종기,6162,"서울특별시 강남구 테헤란로 403 , 18층(삼성동, 테헤란로리치타워)",02-3453-7777
25,서울,강남구,공사업,전문,에쓰이씨 주식회사,이명규,6367,"서울특별시 강남구 광평로 280 , 2033호(수서동, 로즈데일)",02-574-0000
26,서울,강남구,공사업,전문,(주)유일이엔지,박남신,6168,서울특별시 강남구 테헤란로83길 11 (삼성동) 유일빌딩 3층,02-562-9941
27,서울,강남구,공사업,전문,(주)청우이엔지,"이원강,서윤선",6143,"서울특별시 강남구 봉은사로 310 , 10층(역삼동)",02-549-1881
28,서울,강남구,공사업,전문,(주)한국방재써비스,김진석,6226,"서울특별시 강남구 도곡로37길 38 ,201호(역삼동)",02-563-6341
29,서울,강남구,공사업,전문,영풍설비시스템(주),김용구,6313,서울특별시 강남구 논현로8길 10-10 (개포동) 502호,02-575-2043
30,서울,강남구,공사업,전문,(주)한기실업,박광진,6200,서울특별시 강남구 역삼로70길 8  (대치동) 한기빌딩,02-2177-8800
31,서울,강남구,공사업,전문,(주)제일에프엔이,이대호,6314,"서울특별시 강남구 논현로8길 12 ,402호(개포동,주원빌딩)",02-3463-0119
32,서울,강남구,공사업,전문,(주)삼일기업공사,박종웅,6226,서울특별시 강남구 언주로 329  (역삼동) ,02-564-3131
33,서울,강남구,공사업,전문,주식회사 디비아이엔씨(DB Inc.),"강운식,문덕식",6167,서울특별시 강남구 삼성로96길 23  7층(삼성동),02-2136-6000
34,서울,강남구,공사업,전문,(주)지안소방,김수한,6032,"서울특별시 강남구 도산대로25길 26 , 304호(신사동, 여암빌딩)",02-3448-1119
35,서울,강남구,공사업,전문,경동산업(주),한준희,6039,서울특별시 강남구 논현로149길 63 (논현동),02-515-4877
36,서울,강남구,공사업,전문,남동이앤아이(주),진경선,6143,"서울특별시 강남구 봉은사로 312 301호(역삼동,역삼동하나빌)",02-518-2293
37,서울,강남구,공사업,전문,(주)에스텍시스템,이병화,6336,서울특별시 강남구 개포로 619  (개포동) ,02-2142-8246
38,서울,강남구,공사업,전문,(주)반도건설,"이정렬,김용철",6133,"서울특별시 강남구 테헤란로7길 12 ,11층(역삼동,허바허바빌딩)",02-3011-2792
39,서울,강남구,공사업,전문,풍림산업(주),지우종,6168,서울특별시 강남구 삼성로96길 6 (삼성동),02-528-6527
40,서울,강남구,공사업,전문,오리엔트방재(주),서정민,6267,서울특별시 강남구 강남대로44길 16  (도곡동) 영신빌딩 3층,02-576-8115
41,서울,강남구,공사업,전문,미래앤테크(주),윤호경,6307,"서울특별시 강남구 개포로20길 25 , 2층(개포동, 제이에이치티개포빌딩)",02-576-1196
42,서울,강남구,공사업,전문,동화지엠(주),최은영,6339,"서울특별시 강남구 개포로 662 , 202호(일원동, 금산빌딩)",02-517-1447
43,서울,강남구,공사업,전문,(주)한미글로벌건축사사무소,"윤요현,박서영",6164,서울특별시 강남구 테헤란로87길 36 (삼성동) 9층,02-3429-6300
44,서울,강남구,공사업,전문,(주)메타이엔시,조용식,6329,"서울특별시 강남구 개포로88길 6 501호(개포동,공신빌딩)",02-445-6092
45,서울,강남구,공사업,일반(전기),영남스퀘어 주식회사,장재모,6098,서울특별시 강남구 학동로 314 (논현동),02-540-2400
46,서울,강남구,공사업,전문,대유산업(주),정병찬,6272,서울특별시 강남구 도곡로 226  (도곡동) ,02-3461-8091
47,서울,강남구,공사업,전문,(주)하나전기,김선식,6260,"서울특별시 강남구 도곡로 150 (도곡동, 대광빌딩)",02-588-4534
48,서울,강남구,공사업,전문,아이에스동서(주),"남병옥,이준길",6053,"서울특별시 강남구 학동로 231 (논현동, 백영논현센터)",02-3218-6613
49,서울,강남구,공사업,전문,(주)케이피테크,김광희,6303,"서울특별시 강남구 개포로17길 13-3 ,2층(개포동)",02-571-5967
50,서울,강남구,공사업,전문,한일건설(주),"손영호,양승권",6296,"서울특별시 강남구 남부순환로 2708  (도곡동,매산빌딩)",02-527-7041
51,서울,강남구,공사업,전문,강산건설(주),"김성현,박윤배",6253,서울특별시 강남구 도곡로1길 25 (역삼동),02-2007-9000
52,서울,강남구,공사업,전문,대방설비(주),홍대근,6116,"서울특별시 강남구 논현로 641  (논현동) 518호, 519호",02-3446-0161
53,서울,강남구,공사업,전문,세안이엔씨(주),이은상,6180,"서울특별시 강남구 테헤란로88길 17 (대치동, 세안빌딩)",02-569-3381
54,서울,강남구,공사업,전문,(주)유신방재,허근,6253,"서울특별시 강남구 강남대로62길 7 , 6층(역삼동, 혜주빌딩)",02-3463-0266
55,서울,강남구,공사업,전문,동부건설(주),윤진오,6132,"서울특별시 강남구 테헤란로 137 (역삼동, 코레이트타워)",02-3484-2078
56,서울,강남구,공사업,전문,두산건설(주),"이정환,이강홍",6057,서울특별시 강남구 언주로 726 (논현동),02-510-3847
57,서울,강남구,공사업,전문,창성건설(주),"신기섭,최영철",6112,"서울특별시 강남구 학동로 160 , 3층(논현동, 창성빌딩)",02-548-4800
58,서울,강남구,공사업,전문,(주)케이씨이앤씨,정순찬,6173,서울특별시 강남구 테헤란로103길 5 (삼성동),02-2103-3688
59,서울,강남구,공사업,전문,주식회사 신미화건설,유진선,6253,"서울특별시 강남구 도곡로1길 14 616호(역삼동,삼일프라자)",02-2217-7431
60,서울,강남구,공사업,전문,(주)천우설비,안진환,6349,서울특별시 강남구 밤고개로1길 10 현대벤쳐빌 803호(수서동),02-2226-2300
61,서울,강남구,공사업,전문,에스케이이앤에스(주),송영숙,6320,"서울특별시 강남구 개포로 303 , 현대아파트상가동 지하층 제2호(개포동)",02-558-0117
62,서울,강남구,공사업,전문,남도엔지니어링(주),백명기,6314,서울특별시 강남구 논현로8길 15 (개포동),02-2057-4245
63,서울,강남구,공사업,전문,(주)이안알앤씨,"허용,이인홍",6109,"서울특별시 강남구 언주로 601 , 10층(논현동, 파크랜드빌딩)",02-3482-5785
64,서울,강남구,공사업,전문,리드엘 주식회사,이순재,6170,"서울특별시 강남구 봉은사로 606 , 3층(삼성동, 리드빌딩)",02-6206-3000
65,서울,강남구,공사업,전문,(주)다원앤컴퍼니,"조서윤,이태일",6235,서울특별시 강남구 테헤란로16길 12 (역삼동),02-3468-5947
66,서울,강남구,공사업,전문,양지전기(주),박승연,6218,서울특별시 강남구 선릉로69길 5-8 (역삼동),02-569-4457
67,서울,강남구,공사업,전문,츠치야코리아 주식회사,"오카다요시히사,후루카와히데카즈",6167,"서울특별시 강남구 삼성로96길 19 , 5층(삼성동)",02-538-5280
68,서울,강남구,공사업,전문,(주)시티건설,김기민,6153,"서울특별시 강남구 봉은사로 418 , 3층(삼성동, 에이치에스타워)",02-555-6193
69,서울,강남구,공사업,전문,오케이엔지니어링(주),오두익,6343,서울특별시 강남구 일원로9길 26 (일원동),02-445-6062
70,서울,강남구,공사업,전문,새론환경 주식회사,이춘열,6313,"서울특별시 강남구 논현로10길 8 , 2층(개포동)",02-508-5566
71,서울,강남구,공사업,전문,(주)로열배관설비,최윤철,6223,"서울특별시 강남구 언주로81길 39 ,제비 101호(역삼동, 울프슨빌)",02-552-5641
72,서울,강남구,공사업,전문,주식회사 큐에스엔지니어링,조서구,6365,"서울특별시 강남구 헌릉로570길 32-1 , 큐에스빌딩 5층(세곡동)",02-3412-4908
73,서울,강남구,공사업,전문,(주)금강주택,최상순,6143,서울특별시 강남구 봉은사로 304 (역삼동),02-3468-7371
74,서울,강남구,공사업,전문,(주)상지건설,김영신,6052,"서울특별시 강남구 학동로31길 12 , 5층(논현동, 벤쳐캐슬빌딩)",02-3218-1116
75,서울,강남구,공사업,전문,주식회사 인트로방염,안윤호,6378,서울특별시 강남구 헌릉로645길 23 (세곡동)102호,02-572-5119
76,서울,강남구,공사업,전문,현대오토에버 주식회사,김윤구,6179,서울특별시 강남구 테헤란로 510 (대치동),02-6296-4425
77,서울,강남구,공사업,전문,주식회사 명우이엔씨,전태석,6228,"서울특별시 강남구 논현로68길 12 ,201호(역삼동)",02-558-4118
78,서울,강남구,공사업,전문,주식회사 도화엔지니어링,"박승우,곽준상,김덕구,손영일",6178,서울특별시 강남구 삼성로 438 (대치동),02-6323-3000
79,서울,강남구,공사업,전문,도요엔지니어링코리아(주),미야자키요시나리,6142,서울특별시 강남구 테헤란로37길 11 (역삼동),02-2189-1617
80,서울,강남구,공사업,전문,주식회사 도원아이디,배한권,6151,"서울특별시 강남구 테헤란로 309 , 1층 1호(역삼동, 삼성제일빌딩)",02-464-9994
81,서울,강남구,공사업,전문,(주)신창이엔지,이선이,6109,"서울특별시 강남구 봉은사로37길 10 3층 302호(논현동, 태광빌딩)",02-508-6507
82,서울,강남구,공사업,전문,주식회사 안강건설,안재홍,6221,"서울특별시 강남구 언주로85길 24 , 9층(역삼동, 피엔엠타워)",02-3664-1234
83,서울,강남구,공사업,전문,주식회사 케이티엠오에스북부,김철기,6352,"서울특별시 강남구 광평로47길 28 , 1, 5층(수서동, 케이티수서빌딩)",02-703-5751
84,서울,강남구,공사업,전문,(주)케이너스,최영두,6253,"서울특별시 강남구 도곡로1길 14 1214호, 1215호(역삼동)",02-3453-8513
85,서울,강남구,공사업,전문,누리종합전기 주식회사,천금진,6211,"서울특별시 강남구 테헤란로 310 ,1212호(역삼동, 두꺼비빌딩)",02-573-8520
86,서울,강남구,공사업,전문,주식회사 더블유에프텍,이영길,6373,"서울특별시 강남구 자곡로 172 , 309호(자곡동, 강남엑슬루프라임)",02-418-0012
87,서울,강남구,공사업,전문,(주)지티일렉콘,고광열,6322,서울특별시 강남구 언주로6길 9  (개포동) ,02-501-8200
88,서울,강남구,공사업,전문,(주)씨엔아이엔지니어링,박광태,6097,"서울특별시 강남구 선릉로 614-1 , 2층(삼성동, 나라빌딩)",02-548-6622
89,서울,강남구,공사업,전문,소방법인도솔 주식회사,박영미,6349,"서울특별시 강남구 광평로 295 , 서관 305호(수서동, 사이룩스)",02-445-0903
90,서울,강남구,공사업,전문,(주)우노건설,"최성열,최재원",6295,"서울특별시 강남구 언주로 118  (도곡동, 우성캐릭터199) 1903호",02-575-7436
91,서울,강남구,공사업,전문,주식회사 한미글로벌이엔씨,박철,6164,"서울특별시 강남구 테헤란로87길 36 , 11층 1101호(삼성동, 도심공항타워)",070-7118-1438
92,서울,강남구,공사업,전문,세아STX엔테크 주식회사,전승민,6188,"서울특별시 강남구 영동대로 325 , 10층 (대치동, 에스-타워)",02-6960-6114
93,서울,강남구,공사업,전문,동남공영(주),박영달,6307,"서울특별시 강남구 개포로 206 , 3층(개포동, 금화빌딩)",02-529-8394
94,서울,강남구,공사업,전문,주식회사 기현테크윈,강신훈,6373,"서울특별시 강남구 자곡로 204-5 , 에이동 722호(자곡동, 강남지웰홈스)",02-572-5133
95,서울,강남구,공사업,전문,주식회사 동신,왕용문,6149,"서울특별시 강남구 선릉로 531 , 2층 202호(역삼동, 동신빌딩)",02-2297-0010
96,서울,강남구,공사업,전문,세일이엔에스(주),김성주,6083,"서울특별시 강남구 영동대로112길 66 , 5층(삼성동, 아메리칸스탠다드빌딩)",02-6906-9900
97,서울,강남구,공사업,전문,케이디에프에스 주식회사,황욱정,6352,"서울특별시 강남구 광평로47길 28 ,3층(수서동)",02-2014-9067
98,서울,강남구,공사업,전문,(주)아시아에너지,박승우,6226,서울특별시 강남구 언주로 331 (역삼동),02-554-4213
99,서울,강남구,공사업,전문,주식회사 은민에스엔디,이승성,6055,"서울특별시 강남구 선릉로145길 6 (논현동, 은민빌딩)",02-6930-2217
100,서울,강남구,공사업,전문,(주)디비월드건설,김경진,6194,"서울특별시 강남구 테헤란로 432 , 33층(대치동, 디비금융센터)",02-3484-1924
101,서울,강남구,공사업,전문,주식회사 파인티엠이,안경법,6050,"서울특별시 강남구 언주로 729 , 10층(논현동, 마스터스빌딩)",02-6471-0131
102,서울,강남구,공사업,전문,유호토건(주),유정호,6126,서울특별시 강남구 테헤란로19길 70 (역삼동),02-552-3015
103,서울,강남구,공사업,전문,주식회사 에스알피,이병호,6343,서울특별시 강남구 일원로9길 36 (일원동),02-445-9940
104,서울,강남구,공사업,전문,주식회사 아이비에스인더스트리,"구상회,구성회",6138,"서울특별시 강남구 언주로 531 (역삼동, 송헌빌딩)",02-2231-8981
105,서울,강남구,공사업,전문,주식회사 아는소방씨엔씨,심규연,6367,"서울특별시 강남구 광평로 280 , 18층 1841호(수서동, 로즈데일빌딩)",02-469-3335
106,서울,강남구,공사업,일반(기계),(주)에코존,오세진,6240,서울특별시 강남구 테헤란로8길 44 (역삼동),02-557-7606
107,서울,강남구,공사업,전문,아전이엔씨(주),"김윤태,이재성",6193,"서울특별시 강남구 선릉로86길 31 , 2122호(대치동, 골드로즈2)",02-555-1421
108,서울,강동구,공사업,전문,(주)다산전기건설공사,백선자,5396,"서울특별시 강동구 성안로 57 , 202호(성내동)",02-431-3195
109,서울,강동구,공사업,전문,삼성물산 주식회사,"오세철,이재언,정해린",5288,서울특별시 강동구 상일로6길 26 (상일동),02-2145-6379
110,서울,강동구,공사업,전문,(주)금정엔지니어링,구본신,5303,"서울특별시 강동구 양재대로122가길 1 , 302호(길동)",02-482-9009
111,서울,강동구,공사업,전문,태흥소방산업(주),최민호,5400,"서울특별시 강동구 성내로14길 42 (성내동,2층201호)",02-476-1119
112,서울,강동구,공사업,전문,동현기술산업(주),김동석,5341,"서울특별시 강동구 성안로 182 , 201호(길동, 노블레스오피스텔)",02-3784-5325
113,서울,강동구,공사업,전문,(주)엠에스소방,"이영선,이훈재",5391,서울특별시 강동구 올림픽로 552  (성내동) 홍익빌딩 302호,02-487-1191
114,서울,강동구,공사업,전문,(주)삼우이엔텍,이경수,5303,서울특별시 강동구 양재대로 1532  (길동) 영남빌딩 4층,02-489-5366
115,서울,강동구,공사업,전문,삼성이앤에이 주식회사,남궁홍,5288,서울특별시 강동구 상일로6길 26 (상일동),02-2053-3041
116,서울,강동구,공사업,전문,청우기전(주),오병호,5380,"서울특별시 강동구 천호대로 1082 , 702호(성내동, 경남빌딩)",02-2135-8333
117,서울,강동구,공사업,전문,(주)탐진이엔지,박경례,5303,서울특별시 강동구 양재대로 1526  (길동) ,02-471-1587
118,서울,강동구,공사업,전문,동림전력(주),함창욱,5325,서울특별시 강동구 천중로16길 5  (천호동) ,02-489-3111
119,서울,강동구,공사업,전문,(주)제이디파워텍,김병갑,5361,"서울특별시 강동구 명일로 163-1 , 2층(둔촌동)",02-423-7653
120,서울,강동구,공사업,전문,(주)티에스엠이앤씨,박원택,5343,서울특별시 강동구 천중로 196  (길동) ,02-484-2220
121,서울,강동구,공사업,전문,(주)창성전기소방,이용식,5408,"서울특별시 강동구 양재대로85길 29 , 501호(성내동)",02-2249-0415
122,서울,강동구,공사업,전문,화신엔지니어링(주),서춘범,5392,서울특별시 강동구 성내로3길 18  (성내동) ,02-486-1306
123,서울,강동구,공사업,전문,보길전력(주),두정호,5342,서울특별시 강동구 양재대로115길 28 (길동) 2충,02-487-1017
124,서울,강동구,공사업,전문,(주)극동아이피엘씨,오종산,5327,서울특별시 강동구 올림픽로78길 11 (천호동),02-483-4701
125,서울,강동구,공사업,전문,(주)청산엔지니어링,이창주,5398,"서울특별시 강동구 성내로6길 34-21 , 201호 (성내동, 재진빌딩)",02-477-4600
126,서울,강동구,공사업,전문,와이이에스이엔지(주),"강동윤,이생용",5343,"서울특별시 강동구 천중로 194 , 2층 에이-1호(길동, 부광빌딩)",02-2238-4644
127,서울,강동구,공사업,전문,현대전설(주),김겸수,5350,서울특별시 강동구 천호대로 1199 (길동),02-471-3121
128,서울,강동구,공사업,전문,신흥설비(주),김복제,5400,"서울특별시 강동구 강동대로 165 , 302호(성내동, 그린빌딩)",02-482-6441
129,서울,강동구,공사업,전문,서화이엔지(주),노혜은,5392,"서울특별시 강동구 성내로3길 16 201호(성내동,은성빌딩)",02-483-2407
130,서울,강동구,공사업,전문,(주)호선이엔씨,정우경,5328,"서울특별시 강동구 구천면로 192 2917호 (천호동, 천호역한강푸르지오시티)",02-478-7030
131,서울,강동구,공사업,전문,(주)성원방재시스템,송경호,5326,"서울특별시 강동구 천중로18길 53 (천호동,3층)",02-485-2975
132,서울,강동구,공사업,전문,(주)다원이엔에스,박홍식,5365,"서울특별시 강동구 진황도로 161 , 202호(둔촌동)",02-416-2212
133,서울,강동구,공사업,전문,(주)아리아,장시진,5237,"서울특별시 강동구 고덕로 101 , 301호(암사동, 대암빌딩)",02-429-5800
134,서울,강동구,공사업,전문,중앙방재서비스(주),황근호,5349,"서울특별시 강동구 명일로 200-34 3층 301호(길동,현대상가)",02-474-1192
135,서울,강동구,공사업,전문,주식회사 주은에프에스,진은수,5394,"서울특별시 강동구 풍성로 136 , 4층 401호(성내동)",02-477-4118
136,서울,강동구,공사업,전문,(주)대원이엔씨,"신종균,신이균",5398,"서울특별시 강동구 성내로6길 20 , 219호(성내동, 청일 베르네)",02-489-3411
137,서울,강동구,공사업,전문,금수티아이(주),이형주,5248,"서울특별시 강동구 천호대로 997 , 502호(천호동, 신라빌딩)",02-470-2082
138,서울,강동구,공사업,전문,주식회사 거성파워텍,김남수,5315,"서울특별시 강동구 양재대로125길 27 ,503호(천호동, 삼유빌딩)",02-407-6046
139,서울,강동구,공사업,일반(전기),해동전설 주식회사,"김재봉,박경애",5402,"서울특별시 강동구 성안로3길 23 , 104호(성내동)",02-477-4858
140,서울,강동구,공사업,전문,주식회사 콤파스이앤씨,지용근,5398,"서울특별시 강동구 성내로6길 34-24 , 302호(성내동,우창빌딩)",02-482-0119
141,서울,강동구,공사업,전문,서울도시철도엔지니어링 주식회사,박병준,5202,"서울특별시 강동구 아리수로87길 32 (강일동,고덕차량기지내 관리동 2층)",02-6311-8735
142,서울,강동구,공사업,전문,(주)새암방재산업,송승주,5252,"서울특별시 강동구 고덕로 56 , 204호(암사동, 상원빌딩)",02-471-1197
143,서울,강동구,공사업,전문,대승일렉트릭 주식회사,한윤근,5242,"서울특별시 강동구 상암로4가길 7 , 1층(암사동)",02-481-2020
144,서울,강동구,공사업,전문,주식회사 신아이엔씨,최필상,5393,"서울특별시 강동구 성내로5길 34 , 3층(성내동)",02-594-1241
145,서울,강동구,공사업,일반(전기),주식회사 현진이씨앤,"신종환,이진찬",5247,"서울특별시 강동구 구천면로 144 , 지2층 비201호(천호동, 현진리버파크)",
146,서울,강동구,공사업,전문,승민F&G,신재우,5203,"서울특별시 강동구 고덕비즈밸리로 26 , 3층 비325호(고덕동, 강동U1센터)",02-562-6652
147,서울,강동구,공사업,전문,청도에너지 주식회사,"송영범,김혜숙",5226,"서울특별시 강동구 동남로85길 30 , 1층 103호(고덕동)",02-878-4508
148,서울,강동구,공사업,전문,현대기술산업 주식회사,이지철,5400,서울특별시 강동구 성내로6길 31 (성내동),02-476-1002
149,서울,강동구,공사업,전문,(주)아주디자인그룹,강명진,5203,"서울특별시 강동구 고덕비즈밸리로6길 10 (고덕동, 아주스마트타워)",02-555-2421
150,서울,강동구,공사업,전문,주식회사 엠케이산업개발,차은경,5390,"서울특별시 강동구 풍성로45길 7-16 , 2층(성내동)",02-356-2535
151,서울,강동구,공사업,전문,신우이엔아이(주),임선옥,5269,"서울특별시 강동구 동남로75길 29 , 9층 907호(명일동, 세종프라자)",02-2633-3653
152,서울,강동구,공사업,전문,주식회사 대운엔지니어링,당의종,5373,"서울특별시 강동구 양재대로103길 12 , 지하1호(성내동)",02-474-0119
153,서울,강동구,공사업,전문,예안엔지니어링 주식회사,윤광현,5394,서울특별시 강동구 성내로13길 57 1층(성내동),02-477-3553
154,서울,강동구,공사업,전문,이룸테크 주식회사,김지수,5326,"서울특별시 강동구 구천면로33길 21 , 2층(천호동)",02-486-1186
155,서울,강동구,공사업,일반(전기),하랑소방,김하영,5401,"서울특별시 강동구 성내로 70 , 1층 1-2호(성내동, 미주상가)",
156,서울,강동구,공사업,전문,주식회사 빌드윗알오에이치,노현정,5398,"서울특별시 강동구 성내로6길 34-24 , 1층(성내동)",
157,서울,강북구,공사업,전문,(주)선광전설,"권순광,서동구",1132,"서울특별시 강북구 도봉로68길 23 , 1층 (미아동, 로움빌딩)",02-989-4584
158,서울,강북구,공사업,전문,(주)이화방재시스템,유재은,1042,"서울특별시 강북구 삼각산로 143-1  (수유동, 벽산아파트) 벽산아파트상가 A동 405호",02-995-6119
159,서울,강북구,공사업,전문,태양전설(주),변형숙,1158,"서울특별시 강북구 솔매로50길 69 , B01호(미아동, 정우빌딩)",02-983-2700
160,서울,강북구,공사업,일반(기계),(주)구성이엔드씨,윤석구,1114,"서울특별시 강북구 도봉로 261 , 502호, 503호, 509호(수유동, 삼호아파트, 수유프라자)",02-402-9550
161,서울,강북구,공사업,전문,(주)건동엔지니어링,유경숙,1170,서울특별시 강북구 솔매로 124-6  (미아동) ,02-745-2056
162,서울,강북구,공사업,전문,보성전기산업(주),강명구,1058,서울특별시 강북구 한천로 1008  (번동) ,02-994-1345
163,서울,강북구,공사업,일반(전기),(주)와이제이일렉트릭,강희승,1055,"서울특별시 강북구 도봉로101길 19-13 , 1층(수유동)",02-6956-7890
164,서울,강북구,공사업,전문,(주)승환전력,김예영,1076,"서울특별시 강북구 삼각산로34길 62 , 2층(수유동)",02-987-1736
165,서울,강북구,공사업,전문,유신이엔지(주),유태열,1062,서울특별시 강북구 도봉로 328 18층 14호(번동),02-998-9003
166,서울,강북구,공사업,전문,유비소방건설(주),임희웅,1162,서울특별시 강북구 도봉로18길 122 1층(미아동),02-984-8119
167,서울,강북구,공사업,전문,주식회사 성민전기통신,홍종애,1031,"서울특별시 강북구 인수봉로 292-1 , 1층(수유동)",070-7759-2800
168,서울,강북구,공사업,전문,주식회사 한성기술개발,서창식,1041,"서울특별시 강북구 삼양로106길 6 , 2층(수유동)",02-902-1038
169,서울,강북구,공사업,전문,주식회사 이강소방아이앤씨,이강준,1164,"서울특별시 강북구 도봉로20가길 40 , 601호(미아동, 준타워)",02-945-1919
170,서울,강북구,공사업,전문,(주)정도기전,이재번,1050,"서울특별시 강북구 노해로35길 19-4 , 301호(수유동, 정도타운)",02-998-4375
171,서울,강북구,공사업,전문,주식회사 대흥엔씨티,박흥순,1114,"서울특별시 강북구 도봉로71가길 11 , 312호, 313호(수유동, 수유대림쇼핑상가)",02-988-2589
172,서울,강북구,공사업,전문,주식회사 시우이엔지,임광혁,1029,"서울특별시 강북구 삼양로 489 , 지하 1층(수유동)",02-907-5544
173,서울,강북구,공사업,일반(전기),주식회사 덕일이엔씨,하경미,1056,"서울특별시 강북구 도봉로 406 , 2층 201호(번동)",031-837-1178
174,서울,강북구,공사업,전문,큰샘방재 주식회사,김인태,1129,"서울특별시 강북구 덕릉로 114-1 , 202호(미아동)",02-6104-1190
175,서울,강북구,공사업,전문,주식회사 진성전력공사,임현택,1045,"서울특별시 강북구 한천로170길 56 , 1층 101호(수유동, 금강에뜨레)",02-928-1352
176,서울,강북구,공사업,전문,주식회사 윤성이지텍,김윤희,1062,"서울특별시 강북구 도봉로 328 , 1815호(번동, 가든타워)",02-3297-3832
177,서울,강북구,공사업,전문,주식회사 늘사랑이엔씨,김명수,1114,"서울특별시 강북구 도봉로73길 41 , 지층 제비01-2호(수유동, 유경와이케이빌)",02-980-9189
178,서울,강서구,공사업,전문,(주)디투엔지니어링,"김낙경,김평래",7794,서울특별시 강서구 마곡중앙8로5길 12 (마곡동),02-330-5009
179,서울,강서구,공사업,전문,프라임방재(주),김회택,7531,서울특별시 강서구 허준로 217 (가양동) 908호,02-2692-7119
180,서울,강서구,공사업,전문,백두전기통신(주),장철,7780,서울특별시 강서구 강서로5나길 133  (화곡동) ,02-869-0700
181,서울,강서구,공사업,전문,이수이 주식회사,권득윤,7504,서울특별시 강서구 개화동로17길 9 (개화동),02-6012-2160
182,서울,강서구,공사업,전문,(주)엘비케이,"변상훈,장진석",7645,서울특별시 강서구 방화대로8길 26  (공항동) 201호,02-3662-8500
183,서울,강서구,공사업,전문,성도프랜트(주),최승욱,7573,"서울특별시 강서구 강서로 466 , 2층 201-1호(등촌동, 우리벤처타운)",02-2633-8866
184,서울,강서구,공사업,전문,(주)금호방재,최일훈,7548,"서울특별시 강서구 화곡로68길 15 , 1004호(등촌동, 아벨테크노)",02-3661-6119
185,서울,강서구,공사업,전문,21세기건설 주식회사,이용욱,7802,"서울특별시 강서구 공항대로 219 , 제7층 제705호(마곡동, 센테니아)",02-3664-5552
186,서울,강서구,공사업,전문,(주)일신전업,김한경,7622,서울특별시 강서구 송정로 51  (공항동) 301호,02-2664-0911
187,서울,강서구,공사업,전문,지엘방재(주),이종대,7566,"서울특별시 강서구 화곡로68길 82  (등촌동, 강서아이티밸리) 610호",02-323-8209
188,서울,강서구,공사업,전문,(주)진현이엔지,김남진,7586,서울특별시 강서구 공항대로41길 65  (등촌동) 304호,02-2658-8212
189,서울,강서구,공사업,전문,(주)엘지씨엔에스,현신균,7795,서울특별시 강서구 마곡중앙8로 71 (마곡동),02-3773-1114
190,서울,강서구,공사업,전문,(주)상현엔지니어링,"이재권,성영미",7734,"서울특별시 강서구 등촌로 65 , 101동 지3층 B302호(등촌동, 동양하우징)",02-2604-5794
191,서울,강서구,공사업,전문,(주)완일이씨에스,김경창,7504,서울특별시 강서구 개화동로13길 12-5  (개화동) ,02-3664-3358
192,서울,강서구,공사업,전문,영웅개발(주),고준필,7791,서울특별시 강서구 마곡동로10길 23 1256호(마곡동),02-3275-1795
193,서울,강서구,공사업,전문,중앙설비(주),김지수,7532,"서울특별시 강서구 양천로 551-17 508호(가양동,한화비즈메트로1차)",02-871-6451
194,서울,강서구,공사업,전문,삼호전설(주),"이주성,이돈수",7663,서울특별시 강서구 화곡로 280  (화곡동) 4층,02-2699-8824
195,서울,강서구,공사업,일반(전기),(주)신광티앤이,이일환,7531,서울특별시 강서구 허준로 217  (가양동) 204호,02-464-4252
196,서울,강서구,공사업,전문,공항시설관리(주),임동만,7652,서울특별시 강서구 우장산로 21-5  (내발산동) 501,02-3665-1383
197,서울,강서구,공사업,전문,(주)재윤전기,정인환,7665,서울특별시 강서구 등촌로53길 64 (등촌동),02-3663-4224
198,서울,강서구,공사업,일반(전기),(주)공항엔지니어링,이소영,7604,"서울특별시 강서구 방화동로 126 204-3호(방화동,삼정코아)",02-2666-6644
199,서울,강서구,공사업,전문,거담방재,안흥진,7802,"서울특별시 강서구 공항대로 213 , 제12층 제1202호(마곡동, 보타닉파크타워2)",
200,서울,강서구,공사업,전문,(주)준원엔지니어링,김영준,7591,서울특별시 강서구 공항대로 291 성원상떼뷰오피스텔 405호,02-6377-9677
201,서울,강서구,공사업,전문,(주)흥창엔지니어링,박종선,7631,"서울특별시 강서구 마곡중앙로 56 ,909호(마곡동, 마곡사이언스타워2)",02-832-4611
202,서울,강서구,공사업,전문,(주)KBS비즈니스,박승규,7648,서울특별시 강서구 공항대로 376 (화곡동),02-6099-7874
203,서울,강서구,공사업,전문,익전건설(주),박경종,7602,서울특별시 강서구 양천로14길 24 (방화동),02-2666-8211
204,서울,강서구,공사업,전문,(주)대림소방방재,양현민,7548,"서울특별시 강서구 화곡로 416 , 432(등촌동, 가양 더스카이밸리5차 지식산업센터)",02-2676-6119
205,서울,강서구,공사업,전문,주식회사 지엘전력,정형선,7807,"서울특별시 강서구 마곡중앙1로 20 , 제8층 816호(마곡동, 마곡엠시그니처)",02-2606-0086
206,서울,강서구,공사업,전문,주식회사 일오기술,양종기,7693,"서울특별시 강서구 우장산로2길 57-27 , 1층(내발산동, 씨엘빌레)",02-6085-1192
207,서울,강서구,공사업,일반(전기),(주)대영소방이엔씨,한해동,7708,서울특별시 강서구 강서로39길 30 206호(화곡동),02-2604-2119
208,서울,강서구,공사업,일반(기계),주식회사 성우이지텍,황윤섭,7639,"서울특별시 강서구 강서로45나길 47 , 402호(내발산동)",02-943-2119
209,서울,강서구,공사업,전문,주식회사 에이플러스방재,홍성일,7631,"서울특별시 강서구 공항대로 190 , 801호(마곡동, 푸리마타워)",02-415-0218
210,서울,강서구,공사업,전문,주식회사 무극건설산업,정용은,7548,"서울특별시 강서구 공항대로45길 95 ,301동 1104호(등촌동, 강변샤르망3단지)",02-3493-7330
211,서울,강서구,공사업,전문,에쓰씨엔지니어링 주식회사,김건우,7649,"서울특별시 강서구 공항대로 396 , 7, 8층(화곡동)",02-2167-9090
212,서울,강서구,공사업,전문,디와이피엔에프(주),유병욱,7792,서울특별시 강서구 마곡중앙8로7길 39 (마곡동),02-2106-8025
213,서울,강서구,공사업,전문,주식회사 선진기계설비,김수진,7718,"서울특별시 강서구 화곡로18길 30-5 , 1층(화곡동)",02-2692-5553
214,서울,강서구,공사업,전문,프로전력 주식회사,나미숙,7569,"서울특별시 강서구 공항대로45길 44 , 714호(등촌동, 청림오피스텔)",02-2663-3424
215,서울,강서구,공사업,전문,대방산업개발 주식회사,윤대인,7805,"서울특별시 강서구 공항대로 248 , 11층(마곡동)",02-2181-4304
216,서울,강서구,공사업,전문,교원소방 주식회사,김정주,7511,"서울특별시 강서구 금낭화로 146 , 9층 908호(방화동, 오피앙)",02-6012-2998
217,서울,강서구,공사업,전문,주식회사 해주전설,구대원,7739,"서울특별시 강서구 등촌로13길 83 , 비01호(화곡동, 에이엔케슬)",02-2655-0114
218,서울,강서구,공사업,전문,주식회사 현대에프이씨,엄명순,7718,"서울특별시 강서구 화곡로18길 18-2 , 1층(화곡동)",02-2605-9377
219,서울,강서구,공사업,전문,부민통신(주),"박창욱,박재완",7562,"서울특별시 강서구 공항대로 535  (염창동, 대림자동차빌딩)",02-3663-4000
220,서울,강서구,공사업,일반(전기),코위버(주),황인환,7792,서울특별시 강서구 마곡중앙8로7길 45 (마곡동),02-3140-3300
221,서울,강서구,공사업,전문,주식회사 케이엠이엔아이,김문경,7807,"서울특별시 강서구 마곡중앙1로 20 , 9층 914호(마곡동, 엠시그니처)",02-2679-1800
222,서울,강서구,공사업,전문,(주)대명이십일,김명회,7556,"서울특별시 강서구 공항대로81길 35 14층(염창동, 염창투웨니퍼스트)",02-2608-7330
223,서울,강서구,공사업,일반(기계),주식회사 라임엔지니어링,이정현,7573,"서울특별시 강서구 강서로74길 3 , 301호(가양동)",02-2659-0100
224,서울,강서구,공사업,전문,주식회사 새진이엔씨,"이희영,장진영",7788,"서울특별시 강서구 마곡서로 158 , 914호(마곡동,마곡센트럴타워2차)",02-2658-2775
225,서울,강서구,공사업,전문,주식회사 청명이앤씨,신용상,7803,"서울특별시 강서구 공항대로 247 , 11층 1123호(마곡동, 퀸즈파크나인비동)",02-2698-3380
226,서울,강서구,공사업,전문,주식회사 에스에프소방,이태우,7516,"서울특별시 강서구 양천로1길 68 , 2층(방화동)",02-2663-9119
227,서울,강서구,공사업,전문,주식회사 동선소방,신동선,7619,"서울특별시 강서구 공항대로7길 27 , 2층 204호(공항동, 청성스카이)",02-6015-1190
228,서울,강서구,공사업,전문,와이에이치이앤지 주식회사,사영환,7740,"서울특별시 강서구 곰달래로53가길 3 , 3층(화곡동)",02-2653-2777
229,서울,강서구,공사업,전문,주식회사 유일에스씨,"황재영,문종옥",7528,"서울특별시 강서구 양천로 401 에이동406호(가양동, 강서한강자이타워)",02-333-4192
230,서울,강서구,공사업,전문,주식회사 자영이엔지,홍직표,7631,"서울특별시 강서구 마곡중앙로 56 , 10층 1011호, 1012호(마곡동, 마곡사이언스타워2)",
231,서울,강서구,공사업,전문,주식회사누수탐지엠제이씨(MJC)기업,"목진천,목창헌",7722,"서울특별시 강서구 초록마을로 36-11 , 1층 103호(화곡동)",02-2691-5432
232,서울,강서구,공사업,전문,도너개발 주식회사,최민경,7806,"서울특별시 강서구 마곡중앙2로 35 , 511호(마곡동, 이너매스마곡2)",070-8777-8207
233,서울,강서구,공사업,전문,주식회사 대창일렉스,송효양,7802,"서울특별시 강서구 공항대로 209 , 7층 715호(마곡동, 지엠지엘스타)",02-3664-6265
234,서울,강서구,공사업,전문,주식회사 동방엔지니어링,최진영,7548,"서울특별시 강서구 화곡로 416 , 14층 1411호(등촌동, 가양역더스카이밸리5차 지식산업센터)",02-6952-6823
235,서울,강서구,공사업,전문,주식회사 거담방재,안흥진,7802,"서울특별시 강서구 공항대로 213 , 1202호(마곡동, 보타닉파크타워2)",02-3661-0928
236,서울,강서구,공사업,전문,자이씨앤에이 주식회사,안채종,7789,서울특별시 강서구 마곡중앙로 150 (마곡동),02-6924-5939
237,서울,강서구,공사업,전문,(주)정원씨앤에스,박주일,7789,서울특별시 강서구 마곡중앙12로 35 (마곡동),02-6677-1119
238,서울,강서구,공사업,전문,신안전기 주식회사,오문용,7788,"서울특별시 강서구 마곡중앙로 161-17 , 814호(마곡동, 보타닉파크타워1)",02-2661-5974
239,서울,강서구,공사업,전문,(주)태건전설,나태균,7546,서울특별시 강서구 양천로65길 33  (염창동) 대원빌딩 201호,02-2063-3585
240,서울,강서구,공사업,전문,도연이엔지 주식회사,유경락,7714,"서울특별시 강서구 강서로33길 19 , 304호(화곡동, 강서포스텔)",02-2690-4151
241,서울,강서구,공사업,전문,주식회사 태양전기,홍석봉,7741,"서울특별시 강서구 곰달래로 245 , 3층(화곡동)",02-6339-9848
242,서울,강서구,공사업,전문,케이에이씨공항서비스 주식회사,조수행,7505,서울특별시 강서구 하늘길 70 (과해동),02-6325-1124
243,서울,강서구,공사업,전문,주식회사 윤빛,임상욱,7631,"서울특별시 강서구 공항대로 194 , 508호(마곡동, 퀸즈파크12)",02-2696-6766
244,서울,강서구,공사업,전문,주식회사 에스앤아이코퍼레이션,형원준,7789,서울특별시 강서구 마곡중앙로 150 (마곡동),02-6924-5138
245,서울,관악구,공사업,전문,주식회사 영은전력,정춘근,8837,서울특별시 관악구 신림로30길 9 (신림동),02-872-2311
246,서울,관악구,공사업,일반(전기),(주)백제이앤씨,손흥도,8757,서울특별시 관악구 봉천로 376-1  (봉천동) 3층,02-889-2021
247,서울,관악구,공사업,전문,(주)진명연합전설,엄재준,8790,서울특별시 관악구 낙성대로 16  (봉천동) ,02-871-7565
248,서울,관악구,공사업,전문,(주)광장이엠씨,황갑주,8785,서울특별시 관악구 쑥고개로 75  (봉천동) 8층,02-887-3700
249,서울,관악구,공사업,전문,수영산업(주),박수영,8771,"서울특별시 관악구 난곡로 287 , 2층(신림동, 한조빌)",02-2699-0816
250,서울,관악구,공사업,전문,대원엠이씨(주),이종원,8832,"서울특별시 관악구 쑥고개로 122 , 301호(봉천동, 대원빌딩)",02-874-9301
251,서울,관악구,공사업,전문,근호종합건설(주),김승호,8763,서울특별시 관악구 남부순환로 1547 (신림동),02-866-6677
252,서울,관악구,공사업,전문,광성피앤드씨(주),최종현,8786,서울특별시 관악구 관악로15길 39  (봉천동) ,02-875-6011
253,서울,관악구,공사업,전문,(주)국제방재서비스,이강호,8757,서울특별시 관악구 봉천로 360  (봉천동) ,02-889-1190
254,서울,관악구,공사업,전문,다린전력(주),오승한,8748,"서울특별시 관악구 봉천로 455 5층(봉천동,태영빌딩)",02-875-1601
255,서울,관악구,공사업,전문,대흥이앤지(주),"강성오,이관복",8748,서울특별시 관악구 봉천로41길 38  (봉천동) ,02-898-0451
256,서울,관악구,공사업,전문,(주)나경이엔씨,윤병유,8753,서울특별시 관악구 신림로 366  (신림동) 11층,02-888-0046
257,서울,관악구,공사업,전문,(주)현라엔지니어링,이화주,8767,서울특별시 관악구 남부순환로 1455 (신림동),02-866-4116
258,서울,관악구,공사업,전문,(주)승도이엔씨,신종성,8771,서울특별시 관악구 남부순환로 1464  (신림동) 4층,02-888-0224
259,서울,관악구,공사업,전문,(주)예성이엔지,김훈,8727,"서울특별시 관악구 관악로37길 15 , 1층 106호(봉천동, 동아타운21)",02-535-0795
260,서울,관악구,공사업,전문,대림방재산업,박철하,8769,서울특별시 관악구 조원중앙로 9 (신림동),02-851-0119
261,서울,관악구,공사업,전문,(주)한국소방이앤씨,심재석,8755,"서울특별시 관악구 남부순환로191길 11 , 102호(신림동, 대승빌딩)",02-871-4119
262,서울,관악구,공사업,전문,(주)유진설비,유공식,8837,서울특별시 관악구 신림로30길 23 (신림동),02-889-1125
263,서울,관악구,공사업,전문,(주)디이케이,김일심,8801,"서울특별시 관악구 솔밭로2길 16 ,제105,107호(봉천동,오스빌오피스텔)",02-3285-7321
264,서울,관악구,공사업,전문,더세이프 주식회사,김성한,8746,"서울특별시 관악구 양녕로6길 75 , 2층(봉천동, 삼부빌딩)",02-878-9110
265,서울,관악구,공사업,전문,태흥설비(주),김상수,8741,서울특별시 관악구 솔밭로 19-1 (봉천동),02-877-8255
266,서울,관악구,공사업,전문,(주)태양씨엠씨,박래월,8769,"서울특별시 관악구 시흥대로 558-1 , 404호(신림동, 지밸리마인드)",02-302-0052
267,서울,관악구,공사업,전문,국동전설 주식회사,이기원,8709,"서울특별시 관악구 보라매로 62 , 상가동 201-4호(봉천동, 보라매삼성아파트)",02-507-1110
268,서울,관악구,공사업,일반(전기),한유전기 주식회사,윤승희,8749,서울특별시 관악구 봉천로 339 2층 (봉천동),02-871-0447
269,서울,관악구,공사업,전문,인우이앤씨 주식회사,채윤주,8866,"서울특별시 관악구 미성길 122 , 201호(신림동, 쌍용상가)",02-838-1234
270,서울,관악구,공사업,전문,주식회사 하나소방이엔지,신상수,8772,"서울특별시 관악구 남부순환로 1496 , 2층 1호(신림동, 승현빌딩)",02-889-0000
271,서울,관악구,공사업,전문,주식회사 왕선전설,조정현,8844,"서울특별시 관악구 서원1길 8 , 101호(신림동)",02-877-6410
272,서울,관악구,공사업,일반(기계),주식회사 비젼이엔지,김필석,8780,"서울특별시 관악구 남부순환로198길 7 , 상가(신림동, 현대성우아파트)",02-872-4214
273,서울,관악구,공사업,전문,덕성이엔씨 주식회사,"김준석,송재운",8804,"서울특별시 관악구 남현2길 62 , 301호(남현동, 인성빌딩)",02-3487-0488
274,서울,관악구,공사업,전문,주식회사 문성이엔지,윤도성,8710,서울특별시 관악구 보라매로6길 40 (봉천동),02-888-0510
275,서울,관악구,공사업,전문,주식회사 안강,박성배,8745,"서울특별시 관악구 봉천로 463 , 2층(봉천동, 금강빌딩)",02-6406-3304
276,서울,관악구,공사업,일반(전기),주식회사 대광이엔씨,김용삼,8702,"서울특별시 관악구 신사로 132 , 302호(신림동)",02-862-5772
277,서울,관악구,공사업,일반(전기),베스트전력 주식회사,나종일,8772,"서울특별시 관악구 난곡로 270 지상 3층 4호(신림동, 승지빌딩)",02-851-3663
278,서울,광진구,공사업,전문,율림건설(주),"윤석율,이신행",4992,서울특별시 광진구 천호대로 676  (구의동) ,02-456-1671
279,서울,광진구,공사업,전문,주식회사 케이티엔지니어링,김봉균,4919,서울특별시 광진구 천호대로 549 (중곡동),02-2222-9800
280,서울,광진구,공사업,전문,진일전력(주),안승종,5032,"서울특별시 광진구 광나루로 532 , 2층 (구의동)",02-2201-9904
281,서울,광진구,공사업,전문,왕건전기(주),한미라,4968,"서울특별시 광진구 아차산로73길 10 , 1층(광장동)",02-452-3337
282,서울,광진구,공사업,전문,현대소방(주),안준모,5064,"서울특별시 광진구 자양번영로 56 , 3층(자양동)",02-468-1191
283,서울,광진구,공사업,전문,엠케이전력(주),김순남,4914,"서울특별시 광진구 긴고랑로14길 6 , 2층(중곡동)",02-407-1316
284,서울,광진구,공사업,전문,경우전기(주),"김한정,이영기",5033,서울특별시 광진구 광나루로44길 9 (구의동),02-447-2311
285,서울,광진구,공사업,전문,파크리오건설(주),정순심,5014,"서울특별시 광진구 아차산로21길 47 , 상가동 303호 (화양동,화양동현대아파트))",02-446-0425
286,서울,광진구,공사업,전문,주식회사 해인이티에프,오재근,4990,서울특별시 광진구 능동로24길 13 (능동) 102호,02-452-1635
287,서울,광진구,공사업,전문,(주)포레스트건설,이윤형,4920,"서울특별시 광진구 천호대로 511 , 4층(중곡동)",02-3443-4090
288,서울,광진구,공사업,전문,분천이엔지(주),강호준,4994,"서울특별시 광진구 천호대로102길 9 , 3층(군자동)",02-469-6520
289,서울,광진구,공사업,전문,주식회사 경동씨앤씨개발,조현서,5099,서울특별시 광진구 뚝섬로52길 26 202호(자양동),02-446-5780
290,서울,광진구,공사업,전문,한양산업개발 주식회사,이규용,5026,서울특별시 광진구 아차산로 355  405호(자양동) ,02-731-6000
291,서울,광진구,공사업,전문,(주)보람엔지니어링,서영덕,4929,서울특별시 광진구 능동로38길 28  (중곡동) ,02-3437-0901
292,서울,광진구,공사업,전문,(주)태건씨앤씨,김복수,5085,서울특별시 광진구 능동로3길 14 (자양동) 3층,02-2238-8503
293,서울,광진구,공사업,전문,동북전력 주식회사,이해권,4901,서울특별시 광진구 동일로80길 9 (중곡동),02-436-2697
294,서울,광진구,공사업,전문,삼성소방건설(주),최정철,5112,"서울특별시 광진구 뚝섬로 700 , 201호(자양동)",02-2042-0119
295,서울,광진구,공사업,전문,중원엔지니어링(주),"박정필,민영관",5116,"서울특별시 광진구 구의강변로 30 , 4층(구의동, 목림빌딩)",02-3436-0600
296,서울,광진구,공사업,전문,(주)동보기술단,최경열,4903,서울특별시 광진구 면목로 182  (중곡동) 3층,02-2242-7054
297,서울,광진구,공사업,전문,주식회사 바른전력,전태연,4941,서울특별시 광진구 용마산로 104 (중곡동),02-458-8582
298,서울,광진구,공사업,전문,주신공영(주),윤세휘,5035,서울특별시 광진구 아차산로 471  (구의동) ,02-3493-7600
299,서울,광진구,공사업,전문,(주)혜성이티에스,이상영,4927,서울특별시 광진구 천호대로109길 59 (중곡동),02-3437-8415
300,서울,광진구,공사업,전문,삼언전공(주),"공석복,장명헌",5047,서울특별시 광진구 아차산로 438  (구의동) ,02-455-7311
301,서울,광진구,공사업,전문,(주)동광지에스,이영숙,4967,서울특별시 광진구 아차산로 623  (광장동) 401호,02-3436-6411
302,서울,광진구,공사업,전문,(주)반석소방시스템,정규표,4915,"서울특별시 광진구 능동로43길 5 , 2층(중곡동)",02-402-2119
303,서울,광진구,공사업,전문,주식회사 유원이씨에스,유명종,4968,"서울특별시 광진구 아차산로73길 10 , 2층(광장동)",02-452-3337
304,서울,광진구,공사업,전문,주식회사 해산,"김두완,박해하",4947,서울특별시 광진구 긴고랑로 168-1 (중곡동),02-456-0479
305,서울,광진구,공사업,전문,(주)정현이앤지,김은정,4918,"서울특별시 광진구 긴고랑로14길 64 , 1층(중곡동)",02-354-7331
306,서울,광진구,공사업,전문,(주)대상엔지니어링,"김형복,박현관",4921,"서울특별시 광진구 능동로 356 , 2층 202호(중곡동)",02-2263-7644
307,서울,광진구,공사업,전문,주식회사 선진소방,김태철,5087,"서울특별시 광진구 능동로3길 45 , 202호(자양동, 극동상가)",02-461-0681
308,서울,광진구,공사업,전문,(주)서원에프앤이,문찬호,5090,서울특별시 광진구 뚝섬로36길 48 202호(자양동),02-419-1119
309,서울,광진구,공사업,전문,주식회사 세이프소방,방미란,4920,"서울특별시 광진구 천호대로101길 11 , 5층(중곡동, 영진빌딩)",02-456-1191
310,서울,광진구,공사업,전문,주식회사 중앙소방이엔지,정창원,4900,서울특별시 광진구 동일로 421 (중곡동),02-2245-5980
311,서울,광진구,공사업,전문,주식회사 조은엔지니어링그룹,김재상,4969,"서울특별시 광진구 아차산로78길 72 , 406호(광장동, 학산오피스텔)",02-585-0412
312,서울,광진구,공사업,전문,주식회사 금와이엔지,최진성,4930,"서울특별시 광진구 용마산로1길 64 , 1층(중곡동)",02-457-2279
313,서울,광진구,공사업,전문,세진소방기술(주),이의식,5038,"서울특별시 광진구 자양로 172-6 , 101호(구의동, 드림캐슬빌)",02-444-6119
314,서울,광진구,공사업,전문,주식회사 삼우이앤씨,홍성욱,4930,"서울특별시 광진구 용마산로1길 78 , 1동 지층 01,02호(중곡동, 대영아파트)",02-455-4546
315,서울,광진구,공사업,전문,온누리이엔지 주식회사,"전영선,김정기",4905,"서울특별시 광진구 동일로 426 , 2층(중곡동)",02-2201-2596
316,서울,광진구,공사업,전문,주식회사 새한이엔씨,곽호선,5003,"서울특별시 광진구 동일로 196 , 2층 2호(군자동, 메이저캐슬Ⅲ)",02-466-0122
317,서울,광진구,공사업,전문,주식회사 기영이엔씨,조용리,5044,"서울특별시 광진구 아차산로 375 ,4층 403호(구의동, 크레신타워 3차)",02-456-3007
318,서울,광진구,공사업,전문,경신소방,박성학,5022,"서울특별시 광진구 광나루로 450 , 1층 101호(화양동)",02-464-1119
319,서울,광진구,공사업,전문,(주)홍해이엔티,이경열,5038,"서울특별시 광진구 자양로30길 14 , 1층(구의동)",02-453-2200
320,서울,광진구,공사업,일반(전기),라인전력,라양주,5113,"서울특별시 광진구 뚝섬로62길 7 , 1층 102호(자양동)",02-456-4005
321,서울,광진구,공사업,전문,주식회사 지앤에스기술,"문창수,신봉식",5116,"서울특별시 광진구 강변역로4길 68 , 909호(구의동, 리젠트B/D)",02-458-1400
322,서울,광진구,공사업,전문,주식회사 한빛소방,최선건,4985,"서울특별시 광진구 천호대로 572 , 4층 402호(능동, 범천타워)",02-2201-1192
323,서울,광진구,공사업,전문,한국소방시스템,현승수,4938,"서울특별시 광진구 용마산로 162 , 1층(중곡동)",070-8118-2119
324,서울,구로구,공사업,전문,(주)주흥건영,김주문,8334,"서울특별시 구로구 개봉로6길 12-5 3층 305호(개봉동,주식회사케이티개봉빌딩)",02-3663-8653
325,서울,구로구,공사업,전문,에스엠파워텍 주식회사,신현칠,8377,"서울특별시 구로구 디지털로33길 50 , 제5층 제503호(구로동, 벽산디지털밸리7차)",070-4616-0000
326,서울,구로구,공사업,전문,태경이엘피(주),김평석,8389,서울특별시 구로구 디지털로26길 5  (구로동) 310호,02-837-4242
327,서울,구로구,공사업,전문,(주)초록이노텍,양광호,8378,서울특별시 구로구 디지털로34길 55  (구로동) 716호,02-850-3470
328,서울,구로구,공사업,전문,삼형기계설비(주),이만수,8212,서울특별시 구로구 경인로 579  (신도림동) A동 515호,02-2068-3930
329,서울,구로구,공사업,전문,한경기전(주),"정경윤,박태용",8212,서울특별시 구로구 경인로 579  (신도림동) 안성상가A 307,02-2633-3623
330,서울,구로구,공사업,전문,(주)도원디에스,이정우,8332,서울특별시 구로구 개봉로18길 29  (개봉동) ,02-2066-8950
331,서울,구로구,공사업,전문,엘케이테크넷(주),"이만형,이재현",8378,서울특별시 구로구 디지털로34길 55  (구로동) 701호,02-732-3456
332,서울,구로구,공사업,전문,한라인포넷(주),장경민,8290,서울특별시 구로구 공원로11길 33 (구로동),02-869-2632
333,서울,구로구,공사업,전문,태진정보통신(주),정태수,8290,서울특별시 구로구 공원로11길 33  (구로동) ,02-864-0600
334,서울,구로구,공사업,전문,(주)성강통신기술사사무소,안치영,8212,서울특별시 구로구 구로중앙로 218  (신도림동) 302호,02-2675-2471
335,서울,구로구,공사업,전문,(주)동원이엔씨,김찬수,8215,"서울특별시 구로구 경인로53길 90 , 16층 1601호(구로동, 에스티엑스 더블유 타워)",02-467-8200
336,서울,구로구,공사업,전문,(주)용상전기통신,권혁기,8227,"서울특별시 구로구 경인로 397 , 골든타워빌딩 705호 (고척동)",02-2613-5141
337,서울,구로구,공사업,일반(전기),(주)케이비씨이엔지,변영록,8375,서울특별시 구로구 디지털로31길 53  (구로동) 701호,02-6336-3140
338,서울,구로구,공사업,전문,케이티텔레캅(주),장지호,8298,서울특별시 구로구 가마산로 291  (구로동) ,02-818-8234
339,서울,구로구,공사업,전문,(주)유상전설,유경수,8228,"서울특별시 구로구 고척로54길 35 ,2층(고척동)",02-2685-4655
340,서울,구로구,공사업,전문,정수이엔지(주),신정수,8389,"서울특별시 구로구 디지털로26길 5 , 11층 1114호(구로동, 에이스하이엔드타워1차)",02-871-3057
341,서울,구로구,공사업,전문,성결산업개발 주식회사,이부성,8346,서울특별시 구로구 개봉로15길 36-27 (개봉동),02-2685-0468
342,서울,구로구,공사업,전문,(주)신창전기,홍성수,8255,"서울특별시 구로구 고척로1길 46 , 2층(오류동)",02-2633-5368
343,서울,구로구,공사업,전문,지에스네오텍(주),남기정,8213,서울특별시 구로구 경인로 576  8층 공공영업팀(구로동),02-2630-5219
344,서울,구로구,공사업,일반(전기),아이티케어(주),이영희,8381,서울특별시 구로구 디지털로 285 (구로동) 1102호,02-858-4141
345,서울,구로구,공사업,전문,(주)청봉건업,문정하,8363,서울특별시 구로구 오리로9길 44  (오류동) 청봉빌딩 2층,02-899-8135
346,서울,구로구,공사업,전문,현대인프라코어(주),강용주,8378,"서울특별시 구로구 디지털로34길 55 , 1015호(구로동, 코오롱싸이언스밸리2차)",02-462-2385
347,서울,구로구,공사업,전문,(주)무원이앤씨,손운성,8380,"서울특별시 구로구 디지털로31길 20 , 505호(구로동, 에이스테크노타워5차)",02-856-3976
348,서울,구로구,공사업,전문,(주)거람,이창우,8261,"서울특별시 구로구 부일로1길 50 , 2층(온수동)",02-2675-3479
349,서울,구로구,공사업,전문,주식회사 국제비엠에스,"김주택,윤도선",8381,"서울특별시 구로구 디지털로27길 36 , 312호(구로동, 이스페이스)",02-851-5700
350,서울,구로구,공사업,전문,(주)구미이엔지,김육규,8281,서울특별시 구로구 구로동로 209-1  원빌딩 4층 402호,02-6408-7512
351,서울,구로구,공사업,일반(전기),(주)배산엔지니어링,"이춘배,이기성",8381,서울특별시 구로구 디지털로29길 38 (구로동) 1007호,02-2109-5924
352,서울,구로구,공사업,전문,(주)화일이엔에프,박광섭,8295,"서울특별시 구로구 공원로 63 (구로동, 희훈타워빌) 402호, 404호",02-2692-0063
353,서울,구로구,공사업,전문,동광전력(주),유영근,8318,"서울특별시 구로구 구로동로15길 3 , 3층(구로동)",02-2675-5447
354,서울,구로구,공사업,전문,대현기건(주),"조홍구,조연행",8378,서울특별시 구로구 디지털로34길 55  (구로동) 907호,02-850-3990
355,서울,구로구,공사업,일반(전기),(주)한얼엔지니어링,조웅기,8393,"서울특별시 구로구 디지털로32가길 16 ,801호(구로동, 파트너스타워2차)",02-2028-3770
356,서울,구로구,공사업,전문,을지공영(주),서정호,8378,서울특별시 구로구 디지털로34길 55 (구로동) 817호,02-850-3119
357,서울,구로구,공사업,전문,(주)한영씨앤이,박대서,8381,서울특별시 구로구 디지털로31길 19  (구로동) 601호,02-832-5000
358,서울,구로구,공사업,전문,명인엠에스 주식회사,김기익,8304,"서울특별시 구로구 구로중앙로 30 , 201호(구로동, 강선빌딩)",02-3413-7800
359,서울,구로구,공사업,전문,(주)미광테크,손진식,8212,"서울특별시 구로구 경인로 579 , 301호(신도림동, 안성빌딩)",02-3273-3700
360,서울,구로구,공사업,전문,주식회사 제이이앤시,김종식,8294,"서울특별시 구로구 구로중앙로28길 35-2  601호(구로동,보성빌딩)",02-867-4612
361,서울,구로구,공사업,전문,대성산업씨엔에스(주),박태엽,8323,"서울특별시 구로구 구일로10길 93 404호(구로동,사모아쇼핑센터)",02-3281-5420
362,서울,구로구,공사업,일반(전기),두성건설(주),안성병,8212,"서울특별시 구로구 구로중앙로 198 ,디블럭 지하33호,46호(구로동,구로기계공구상가)",02-2636-8454
363,서울,구로구,공사업,전문,삼우방재(주),김은희,8278,서울특별시 구로구 경인로54길 4 B동 A4층 414호(구로동),02-3674-0119
364,서울,구로구,공사업,전문,(주)안국엔지니어링,"안병국,이성모",8389,"서울특별시 구로구 디지털로30길 28 마리오타워 1301호,1302호",02-854-9211
365,서울,구로구,공사업,전문,"주식회사 아코이엔씨 (AKO Engineering & Construction CO.,Ltd.)",백현기,8298,"서울특별시 구로구 공원로 3 , 911호(구로동, 선경오피스텔)",02-830-4756
366,서울,구로구,공사업,전문,(주)경일전공,정요진,8375,"서울특별시 구로구 디지털로31길 41 , 909호(구로동, 이앤씨벤처드림타워6차)",02-942-8737
367,서울,구로구,공사업,전문,고려소방 주식회사,김용하,8251,서울특별시 구로구 고척로21나길 48-14 2층(개봉동),02-2060-1190
368,서울,구로구,공사업,일반(전기),주식회사 파인솔라,이태동,8227,"서울특별시 구로구 중앙로3길 49 , 에이동 5-504호(고척동, 동국종합상가)",02-892-8999
369,서울,구로구,공사업,전문,주식회사 유성이엔씨,최용석,8227,"서울특별시 구로구 경인로 397 , 706호(고척동, 골든타워빌딩)",02-2618-5697
370,서울,구로구,공사업,전문,(주)희수개발,한민섭,8280,"서울특별시 구로구 구로중앙로 135-1 , 5층일부(구로동, 청자빌딩)",02-326-0851
371,서울,구로구,공사업,전문,(주)재연이엔씨,이성일,8332,"서울특별시 구로구 개봉로16길 27 (개봉동,1층)",070-7545-3632
372,서울,구로구,공사업,일반(전기),블루넷테크놀러지 주식회사,백홍배,8382,"서울특별시 구로구 디지털로 243 , 906호, 907호(구로동, 지하이시티)",02-866-0035
373,서울,구로구,공사업,전문,빛나소방안전 주식회사,이문기,8287,서울특별시 구로구 벚꽃로70길 32 (구로동),02-862-0119
374,서울,구로구,공사업,전문,(주)동원일렉콤,김영수,8257,"서울특별시 구로구 오리로17길 77-16 ,102호,103호(궁동)",02-2060-6581
375,서울,구로구,공사업,전문,유니엔스(주),이상구,8381,"서울특별시 구로구 디지털로 273 , 401호 (구로동)",02-859-2527
376,서울,구로구,공사업,전문,형성전기(주),오성구,8215,서울특별시 구로구 경인로55길 51 비동 312호(구로동),02-2633-3914
377,서울,구로구,공사업,전문,대신방재,김완주,8278,"서울특별시 구로구 경인로54길 4 , 씨동 J-806호(구로동, 구로유통상가)",
378,서울,구로구,공사업,일반(전기),(주)유스이앤씨,"최강호,박근덕",8389,"서울특별시 구로구 디지털로30길 28 , 5층 515호(구로동, 마리오타워)",02-830-7712
379,서울,구로구,공사업,전문,주식회사 아스타아이비에스,임만규,8298,서울특별시 구로구 공원로 3 (구로동),02-6735-2004
380,서울,구로구,공사업,전문,주식회사 대성이엔에프,정선희,8285,"서울특별시 구로구 구로동로 184 , 3층(구로동, 효진빌딩)",02-858-4255
381,서울,구로구,공사업,전문,주식회사 파트너스다온,안석준,8289,"서울특별시 구로구 새말로 102 , 11층 1119호(구로동, 신도림포스빌)",02-866-4547
382,서울,구로구,공사업,일반(전기),충무전기 주식회사,박노원,8381,"서울특별시 구로구 디지털로27길 36 ,B03호(구로동, 이스페이스)",02-2615-6101
383,서울,구로구,공사업,전문,서일소방산업 주식회사,최상열,8227,"서울특별시 구로구 중앙로3길 53 ,비동 106호(고척동, 동국종합상가)",02-6015-5119
384,서울,구로구,공사업,일반(기계),주식회사 지아이이,홍성민,8353,서울특별시 구로구 개봉로1가길 15 (개봉동),02-2611-4747
385,서울,구로구,공사업,전문,동국방재 주식회사,이범석,8390,"서울특별시 구로구 디지털로26길 111 , 1114호(구로동, 제이앤케이디지털타워)",02-875-0119
386,서울,구로구,공사업,전문,삼보종합이앤씨 주식회사,공갑배,8294,"서울특별시 구로구 구로중앙로28길 35-2 , 501호(구로동, 보성빌딩)",02-2060-6121
387,서울,구로구,공사업,전문,(주)삼우전력,강홍섭,8225,"서울특별시 구로구 중앙로3길 50 , 제가동 337호(고척동, 고척산업용품상가)",02-2684-8442
388,서울,구로구,공사업,전문,주식회사 플러스전력,이하일,8338,"서울특별시 구로구 개봉로17마길 28 1층 (개봉동, 그레이스빌)",02-2682-1487
389,서울,구로구,공사업,전문,주식회사 유진비엠에스,방향란(FANG XIANGLAN),8223,"서울특별시 구로구 경인로47길 95-1 , 601호 (고척동, 정형빌딩)",02-3666-2703
390,서울,구로구,공사업,전문,에이치유전기 주식회사,김진규,8227,"서울특별시 구로구 경인로43길 42 , 나동 사238호(고척동)",02-514-3244
391,서울,구로구,공사업,전문,힐탑 아이씨티,정강준,8376,"서울특별시 구로구 디지털로31길 62 , 9층 905호(구로동, 아티스포럼)",02-2224-0968
392,서울,구로구,공사업,전문,제이에이치종합방재 주식회사,이흥직,8294,"서울특별시 구로구 구로중앙로28길 35-2 , 2층 202호(구로동, 보성빌딩)",02-6409-9119
393,서울,구로구,공사업,일반(기계),주식회사 화우이엔지,최명철,8271,"서울특별시 구로구 경인로20나길 30 ,731호(오류동, 이좋은집)",02-2625-8500
394,서울,구로구,공사업,전문,주식회사 유신테크,김용근,8389,"서울특별시 구로구 디지털로 272 , 313호(구로동, 한신아이티타워)",02-587-2707
395,서울,구로구,공사업,전문,후지쯔코리아테크놀러지(주),백종도,8377,서울특별시 구로구 디지털로33길 12 (구로동),02-3283-6366
396,서울,구로구,공사업,전문,주식회사 미루이엔씨,홍영지,8255,"서울특별시 구로구 고척로1길 46 , 1층(오류동)",02-6012-5368
397,서울,구로구,공사업,전문,삼진공작 주식회사,"황선복,황주순",8212,"서울특별시 구로구 경인로 579 , 5층 507호(신도림동, 안성기계공구상가)",02-2636-0141
398,서울,금천구,공사업,전문,(주)신화방재,이명호,8511,"서울특별시 금천구 벚꽃로 254 , 509호(가산동, 월드메르디앙벤처센터)",02-2633-3211
399,서울,금천구,공사업,전문,(주)일광테크,"임기철,박기영",8588,"서울특별시 금천구 가산디지털2로 43-14 , 12층 1222호(가산동, 한화비즈메트로2차)",02-805-8858
400,서울,금천구,공사업,전문,리스크테크(주),이성찬,8505,"서울특별시 금천구 가산디지털2로 123 , 1308호(가산동, 월드메르디앙벤처센터2차)",02-525-7950
401,서울,금천구,공사업,전문,(주)새서울엔지니어링,송진모,8635,"서울특별시 금천구 시흥대로 193 , 606호, 607호(시흥동, 아람아이씨티타워)",02-864-8400
402,서울,금천구,공사업,전문,웅진기계설비(주),박정서,8599,서울특별시 금천구 한내로 56 (독산동) 3층,02-898-1566
403,서울,금천구,공사업,전문,에스더전자(주),김명화,8511,"서울특별시 금천구 벚꽃로 254  (가산동) 513,514호",02-2113-7600
404,서울,금천구,공사업,전문,(주)서우건설산업,이자영,8613,서울특별시 금천구 시흥대로63길 60 (시흥동),02-808-3983
405,서울,금천구,공사업,전문,(주)신아이엔지,"정영선,박일수",8635,"서울특별시 금천구 시흥대로 193 , 611호, 612호(시흥동, 아람아이씨티타워)",02-802-7001
406,서울,금천구,공사업,전문,광성이앤씨(주),"최병용,조용달",8592,"서울특별시 금천구 가산디지털2로 18  603-1호(가산동,대륭테크노타운1차)",02-6959-1980
407,서울,금천구,공사업,전문,(주)청풍이엔지,김유석,8506,"서울특별시 금천구 가산디지털2로 98 , 2동 1409호(가산동, 롯데아이티캐슬)",02-333-0903
408,서울,금천구,공사업,전문,(주)대원이엠,김형호,8639,"서울특별시 금천구 시흥대로 97 17동 121,221호(시흥동,시흥유통상가)",02-802-0580
409,서울,금천구,공사업,전문,(주)타임엔지니어링,손용식,8588,"서울특별시 금천구 가산디지털2로 67 비104호(가산동,에이스하이엔드타워7)",02-583-3720
410,서울,금천구,공사업,전문,(주)태경일렉트릭존,김경태,8638,"서울특별시 금천구 시흥대로 139 5층(시흥동,케이티금천지사)",02-804-7887
411,서울,금천구,공사업,전문,(주)지엔텔,이맹희,8511,서울특별시 금천구 벚꽃로 278  (가산동) 802-812 호,02-890-1239
412,서울,금천구,공사업,전문,진우에이티에스(주),"정진태,박봉섭",8592,"서울특별시 금천구 가산디지털2로 30 , 6층(가산동, 알에스엠타워)",02-868-0500
413,서울,금천구,공사업,전문,(주)조양테크,심연순,8588,"서울특별시 금천구 가산디지털2로 67 1301호(가산동,에이스하이엔드타워7차)",02-826-0033
414,서울,금천구,공사업,전문,(주)대유엠이씨,김홍택,8507,서울특별시 금천구 가산디지털1로 168  (가산동) C동 606호,02-3471-0390
415,서울,금천구,공사업,전문,유천전기(주),정진권,8537,"서울특별시 금천구 남부순환로124길 22 , 4층(독산동)",02-868-0662
416,서울,금천구,공사업,전문,(주)웨이브컴,채인석,8512,서울특별시 금천구 디지털로9길 56  (가산동) 1010호,02-852-2288
417,서울,금천구,공사업,전문,신한동력(주),오재근,8638,"서울특별시 금천구 시흥대로 143 , 302-1호(시흥동, 신라상가)",02-892-2920
418,서울,금천구,공사업,전문,(주)지에프이엔지,정종균,8504,서울특별시 금천구 가산디지털2로 165  (가산동) 13층 1305호,02-861-1720
419,서울,금천구,공사업,전문,(주)파코코리아인더스,송재혁,8584,"서울특별시 금천구 두산로 70 , 에이동 1008호,1009호,1010호,1011호,2510호,지1층엘104호(독산동, 현대지식산업센터)",02-2169-2500
420,서울,금천구,공사업,전문,(주)다솔이앤씨,김선경,8511,"서울특별시 금천구 벚꽃로 286 , 1102호(가산동, 삼성리더스타워)",02-534-2124
421,서울,금천구,공사업,전문,(주)송정이앤씨,김남규,8537,"서울특별시 금천구 남부순환로 1362 , 3층(독산동, 송정빌딩)",02-863-2929
422,서울,금천구,공사업,전문,(주)한양소방,서병열,8584,"서울특별시 금천구 두산로 70 비동 1610(독산동, 현대지식산업센터)",02-894-2119
423,서울,금천구,공사업,전문,(주)신영종합건설,이진수,8639,"서울특별시 금천구 시흥대로 97 , 9동 3층 311호(시흥동, 시흥유통상가)",02-891-7010
424,서울,금천구,공사업,전문,에스지신성건설(주),곽상철,8595,"서울특별시 금천구 범안로 1130 , 1511호(가산동, 디지털엠파이어빌딩)",02-3459-2062
425,서울,금천구,공사업,전문,(주)광성기전,김성원,8639,서울특별시 금천구 시흥대로 93-21  (시흥동) ,02-895-6721
426,서울,금천구,공사업,전문,(주)전방재엔지니어링,전홍재,8512,"서울특별시 금천구 디지털로9길 56 , 1003호(가산동, 코오롱테크노밸리)",02-868-9119
427,서울,금천구,공사업,전문,대일소방건설(주),임규영,8589,"서울특별시 금천구 가산디지털2로 46 , 606호(가산동, 에이스태세라타워)",070-5180-1793
428,서울,금천구,공사업,전문,(주)신성방재시스템,"신선균,신현욱",8594,"서울특별시 금천구 가산디지털1로 5 , 1804호(가산동, 대륭테크노타운20차)",02-2225-0051
429,서울,금천구,공사업,전문,대종엔지니어링(주),임호빈,8584,"서울특별시 금천구 두산로 70 에이동 20층 2003호(독산동,현대지식산업센터)",02-897-0946
430,서울,금천구,공사업,일반(전기),(주)신성지앤이,최호용,8595,서울특별시 금천구 범안로 1130  (가산동) 409호,02-3281-0582
431,서울,금천구,공사업,전문,대신소방산업,신경순,8639,"서울특별시 금천구 시흥대로 97 , 11동 112호(시흥동, 시흥산업용재유통센타)",02-871-9119
432,서울,금천구,공사업,전문,젠센휴즈코리아 주식회사,마이클현철정,8502,"서울특별시 금천구 가산디지털1로 226 ,1004호(가산동, 에이스하이엔드타워5차)",02-711-2441
433,서울,금천구,공사업,전문,대아이앤씨(주),"이경,김경수",8504,서울특별시 금천구 서부샛길 606 B동 30층(가산동),02-3461-8885
434,서울,금천구,공사업,전문,노불방재(주),오경택,8592,"서울특별시 금천구 가산디지털2로 18 203호(가산동,대륭테크노타운1차)",02-867-2026
435,서울,금천구,공사업,일반(전기),대광건설전력(주),정원영,8547,서울특별시 금천구 독산로108길 20  (독산동) ,02-3281-6666
436,서울,금천구,공사업,전문,오리엔트(주),"이경호,박우현",8592,"서울특별시 금천구 가산디지털2로 14 1005호,1006호(가산동,대륭테크노타운12차)",02-359-4838
437,서울,금천구,공사업,전문,성민전기(주),김미영,8553,서울특별시 금천구 독산로96길 16  (독산동) 1층,02-862-0183
438,서울,금천구,공사업,전문,주식회사 씨에이치피산업,김선미,8512,"서울특별시 금천구 디지털로9길 68 , 제비220-1호(가산동, 대륭포스타워5차)",070-8119-4318
439,서울,금천구,공사업,전문,진솔이앤에스(주),김정현,8501,"서울특별시 금천구 가산디지털1로 233 , 704호(가산동, 에이스하이엔드타워9차)",02-6116-6780
440,서울,금천구,공사업,일반(전기),(주)하예성엔지니어링,강옥구,8507,"서울특별시 금천구 가산디지털1로 168 , C동 502호(가산동, 우림라이온스밸리)",02-2026-5435
441,서울,금천구,공사업,일반(전기),신우이엔지(주),송세호,8511,서울특별시 금천구 벚꽃로 254 608호(가산동),02-2107-4000
442,서울,금천구,공사업,전문,주식회사 한빛안전기술단,조용선,8589,"서울특별시 금천구 가산디지털2로 70 , 1003호(가산동, 대륭테크노타운19차)",070-4895-1191
443,서울,금천구,공사업,전문,(주)유한이엔씨,신정식,8589,"서울특별시 금천구 가산디지털2로 70 , 308호(가산동, 대륭테크노타운19차)",02-2065-2211
444,서울,금천구,공사업,전문,주식회사 세종씨엠건축사사무소,"김주석,박기영",8588,"서울특별시 금천구 가산디지털2로 43-14 , 914호 (가산동, 한화비즈메트로2차)",02-2601-1153
445,서울,금천구,공사업,전문,젠센휴즈 주식회사,박승민,8502,"서울특별시 금천구 가산디지털1로 226 , 에이스하이엔드타워5차 802호,803호,804호(가산동)",02-6340-0825
446,서울,금천구,공사업,전문,주식회사 대호에프앤이,이태희,8517,"서울특별시 금천구 벚꽃로24길 26 , 324호(가산동)",02-586-9019
447,서울,금천구,공사업,전문,주식회사 씨티안전기술단,강장수,8639,"서울특별시 금천구 시흥대로 97 , 14동 306호(시흥동)",070-4127-8150
448,서울,금천구,공사업,전문,주식회사 진우이엔지,권미애,8513,"서울특별시 금천구 디지털로 178 , 비동 1314호(가산동, 현대가산퍼블릭)",02-2104-6530
449,서울,금천구,공사업,전문,주식회사 씨티소방이엔지,신기영,8639,"서울특별시 금천구 시흥대로 97 ,14동 119호(시흥동,시흥유통상가)",02-803-9119
450,서울,금천구,공사업,일반(기계),수봉산업(주),김선희,8504,"서울특별시 금천구 서부샛길 606 , 비동2308호(가산동, 대성디폴리스)",02-861-8971
451,서울,금천구,공사업,전문,엔텍월드(주),안병립,8502,"서울특별시 금천구 가산디지털1로 196 , 1201호,1209호,1210호(가산동, 에이스테크노타워10차)",02-6670-5230
452,서울,금천구,공사업,전문,주식회사 참좋은전기,김미경,8643,"서울특별시 금천구 금하로24길 8 , 205호(시흥동, 럭스타워)",02-892-0483
453,서울,금천구,공사업,일반(전기),주식회사 신후전력,강상순,8635,"서울특별시 금천구 시흥대로 189 , 1007호(시흥동, 인피니움타워)",02-846-1479
454,서울,금천구,공사업,전문,(주)백송이앤씨,백형식,8594,"서울특별시 금천구 가산디지털1로 1 , 709호(가산동, 더루벤스밸리)",02-877-7591
455,서울,금천구,공사업,전문,가가이엔지 주식회사,김동호,8588,"서울특별시 금천구 가산디지털2로 43-14 , 제17층 제1701호(가산동, 가산한화비즈메트로2차)",02-804-5119
456,서울,금천구,공사업,일반(전기),(주)유성스테이지,유길튼,8584,"서울특별시 금천구 두산로 70 , 에이동 905호(독산동, 현대지식산업센터)",02-2689-6489
457,서울,금천구,공사업,전문,주식회사 국민방재산업,박진형,8584,"서울특별시 금천구 두산로 70 ,비동 2204호 (독산동, 현대지식산업센터)",02-3472-1119
458,서울,금천구,공사업,전문,주식회사 대건일렉트릭,최미령,8501,"서울특별시 금천구 가마산로 96 , 505호 (가산동)",02-2614-2363
459,서울,금천구,공사업,전문,주식회사 라온에프에스,도대진,8591,"서울특별시 금천구 가산디지털1로 2 , 513호(가산동, 우림라이온스밸리2차)",02-894-9998
460,서울,금천구,공사업,전문,현대소방이앤지(주),전대엽,8535,"서울특별시 금천구 가산로 50-7 , 3층(독산동)",02-842-7278
461,서울,금천구,공사업,전문,주식회사 물꼬방재기술,최근주,8502,"서울특별시 금천구 가산디지털1로 226 , 1202호 (가산동,에이스하이엔드타워5차)",02-858-9110
462,서울,금천구,공사업,전문,(주)화이어캅스,이기배,8594,"서울특별시 금천구 가산디지털1로 5 , 1511호(가산동, 대륭테크노타운20차)",1544-5465
463,서울,금천구,공사업,전문,롯데이노베이트 주식회사,김경엽,8500,"서울특별시 금천구 가산디지털2로 179 (가산동, 롯데센터)",02-2626-4000
464,서울,금천구,공사업,전문,(주)윤영방재엔지니어링,김지영,8594,"서울특별시 금천구 가산디지털1로 5 , 15층 1505호(가산동, 대륭테크노타운20차)",02-522-0064
465,서울,금천구,공사업,전문,주식회사 제이에스전력,정연석,8592,"서울특별시 금천구 가산디지털1로 75-15 , 지하201호,604호,605호(가산동, 하우스디와이즈타워)",02-6397-5020
466,서울,금천구,공사업,전문,준영공영(주),"정종인,정재윤,조영숙",8608,"서울특별시 금천구 시흥대로 315 ,마르쉐도르960동 217호(독산동, 금천롯데캐슬골드파크4차)",02-868-7472
467,서울,금천구,공사업,전문,경일소방공사,김두성,8639,"서울특별시 금천구 시흥대로 97 , 22동 1층 105호(시흥동, 시흥유통상가)",02-896-1119
468,서울,금천구,공사업,일반(전기),케이에스소방,"박시훈,조경식",8654,"서울특별시 금천구 시흥대로 46 , 19동212호(시흥동, 중앙철재상가)",02-6279-4119
469,서울,금천구,공사업,전문,주식회사 다우티엔에스,"이수호,김문태",8504,"서울특별시 금천구 가산디지털2로 165 , 904호 (가산동, 백상스타타워2차)",02-855-6119
470,서울,금천구,공사업,일반(기계),주식회사 에스디오이엔지,박미종,8564,"서울특별시 금천구 독산로50가길 15 , 1층 1호(시흥동)",02-893-6308
471,서울,금천구,공사업,전문,주식회사 시공이엔씨,황호진,8501,"서울특별시 금천구 가산디지털1로 225 , 1213호(가산동, 에이스가산포휴)",02-3431-1064
472,서울,금천구,공사업,전문,필즈엔지니어링(주),나장훈,8502,"서울특별시 금천구 가산디지털1로 186 , 제이플라츠 904호,905호",070-4477-0808
473,서울,금천구,공사업,전문,주식회사 씨티기술,김수녀,8639,"서울특별시 금천구 시흥대로 97 , 14동 305호(시흥동)",02-805-8150
474,서울,금천구,공사업,전문,건탑씨엔씨(주),최재형,8589,"서울특별시 금천구 가산디지털2로 46 , 905호(가산동, 에이스태세라타워)",02-867-1489
475,서울,금천구,공사업,전문,주식회사 진성산전,이근영,8505,"서울특별시 금천구 가산디지털2로 101 , 지층 114호, 115호, 120호, 123호(가산동, 한라원앤원타워)",02-2617-7640
476,서울,금천구,공사업,전문,주식회사 이랜드서비스,박현준,8502,"서울특별시 금천구 가산디지털1로 212 , 14층 1401호(가산동, 코오롱 디지털타워 애스턴)",02-2029-3919
477,서울,금천구,공사업,전문,주식회사 일조이에스,박상권,8504,"서울특별시 금천구 가산디지털2로 169-23 , 공장동 1101-9호, 비202-19호(가산동, 가산모비우스타워)",02-2611-7681
478,서울,금천구,공사업,전문,주식회사 성화플러스,신현호,8517,"서울특별시 금천구 디지털로10길 78 , 810호(가산동)",02-440-0820
479,서울,금천구,공사업,일반(전기),주식회사 정안이엔지,김선만,8591,"서울특별시 금천구 가산디지털1로 30 , 16층 1602호(가산동, 에이스하이엔드타워10)",02-2088-3445
480,서울,금천구,공사업,전문,주식회사 대광사업단,박선희,8505,"서울특별시 금천구 가산디지털2로 101 , 비동 1509호(가산동,한라원앤원타워)",02-2689-0404
481,서울,금천구,공사업,전문,주식회사 태양소방기계설비,유진영,8501,"서울특별시 금천구 가산디지털1로 225 , 11층 1123-씨-29호(가산동, 에이스가산 포휴)",
482,서울,금천구,공사업,전문,엘앤에스(L&S) 테크,김공수,8639,"서울특별시 금천구 시흥대로 97 , 10동 216호(시흥동, 시흥산업용재유통센터)",02-862-2253
483,서울,금천구,공사업,일반(전기),(주)유인트,최우혁,8510,"서울특별시 금천구 벚꽃로 298 , 제지3층 제비304호(가산동, 대륭포스트타워6차)",02-855-1113
484,서울,금천구,공사업,일반(전기),주식회사 다올이엔씨,유칠상,8504,"서울특별시 금천구 가산디지털2로 135 , 304호(가산동, 가산어반워크1)",02-6953-6690
485,서울,금천구,공사업,전문,주식회사 거성파워이앤지,최원신,8639,서울특별시 금천구 시흥대로27길 22 (시흥동),02-807-0318
486,서울,금천구,공사업,전문,대화소방건설,최동아,8639,"서울특별시 금천구 시흥대로 97 , 20동 3층 308호(시흥동, 시흥유통상가)",
487,서울,금천구,공사업,전문,주식회사 드림소방,오세운,8639,"서울특별시 금천구 시흥대로 97 , 27동 202호(시흥동, 시흥산업용재유통센타)",
488,서울,금천구,공사업,전문,(주)한울종합전기,이미나,8526,"서울특별시 금천구 가산로3길 105 , 401호(독산동)",031-432-2114
489,서울,금천구,공사업,전문,경동이엔씨 주식회사,박성기,8517,"서울특별시 금천구 디지털로10길 78 , 517호(가산동)",02-832-8232
490,서울,금천구,공사업,전문,와이즈테크 주식회사,염성호,8588,"서울특별시 금천구 가산디지털2로 43-14 , 915호(가산동, 한화비즈메트로2차)",02-2632-1252
491,서울,금천구,공사업,일반(전기),(주)에이피이씨,백승남,8589,"서울특별시 금천구 가산디지털2로 46 , 609호, 610호(가산동, 에이스태세라타워)",02-571-7002
492,서울,금천구,공사업,전문,(주)에이씨알텍,"정수철,차문호",8589,"서울특별시 금천구 디지털로 130 , 1208호(가산동)",02-842-4890
493,서울,금천구,공사업,일반(전기),케이텍이엔씨 주식회사,박선봉,8591,"서울특별시 금천구 가산디지털1로 2 , 제10층 제1007호(가산동, 우림라이온스밸리2차)",02-867-6341
494,서울,노원구,공사업,전문,(주)엘에스이엔지,이규성,1860,"서울특별시 노원구 동일로173가길 19 , 1층(공릉동)",02-2216-0126
495,서울,노원구,공사업,전문,수림전력(주),민병삼,1790,서울특별시 노원구 한글비석로1길 61  (하계동) ,02-976-7853
496,서울,노원구,공사업,전문,(주)거산기연,"정영근,김남식",1604,"서울특별시 노원구 동일로 1701  (상계동, 희성오피앙) 308호",02-956-7811
497,서울,노원구,공사업,전문,(주)대영이앤에프,이상만,1843,"서울특별시 노원구 동일로186길 67-8 (공릉동, 주완 위즈빌2)",02-999-8735
498,서울,노원구,공사업,전문,(주)재우씨엔씨,윤용배,1750,서울특별시 노원구 노원로 246  (하계동) 903호,02-971-3156
499,서울,노원구,공사업,전문,경문이엔지(주),경병용,1860,"서울특별시 노원구 화랑로 419-15 , 3층(공릉동)",02-974-1894
500,서울,노원구,공사업,전문,(주)청신에프이,김순수,1839,서울특별시 노원구 동일로198길 36  (공릉동) 3층 4호,02-948-2292
501,서울,노원구,공사업,전문,(주)유하건설,양유철,1857,서울특별시 노원구 동일로183길 12-27  (공릉동) ,02-971-6157
502,서울,노원구,공사업,전문,(주)성원이엘피,"경혜경,이성철",1858,서울특별시 노원구 동일로177길 12-38 (공릉동),02-973-4804
503,서울,노원구,공사업,일반(기계),(주)우리공영설비,심혁세,1867,서울특별시 노원구 초안산로2라길 17 (월계동),02-912-5160
504,서울,노원구,공사업,전문,도온이엔지(주),김선우,1662,"서울특별시 노원구 한글비석로20길 61  3층(중계동, 예담1빌딩)",02-951-9111
505,서울,노원구,공사업,전문,(주)농은이앤씨,김귀진,1856,서울특별시 노원구 동일로173가길 123 (공릉동) 4층,02-974-8300
506,서울,노원구,공사업,전문,진호실업(주),김민모,1849,"서울특별시 노원구 화랑로 449-7 407호(공릉동, 로우폴리스)",02-743-5232
507,서울,노원구,공사업,전문,유한회사 에스티이엔씨,김성택,1886,"서울특별시 노원구 석계로 98-1 , 402호(월계동, 우남빌딩)",02-2088-5116
508,서울,노원구,공사업,전문,제이원스 주식회사,한은영,1689,"서울특별시 노원구 상계로 32 , 2004호(상계동, 보미더클래스)",02-878-6410
509,서울,노원구,공사업,전문,태극소방기술단(주),"최경호,정용한",1701,"서울특별시 노원구 덕릉로79길 35 , 상가동 3층 301호(중계동, 염광아파트 상가)",02-2038-8848
510,서울,노원구,공사업,전문,대창설비(주),민광호,1648,"서울특별시 노원구 덕릉로 738 , 5층(상계동)",02-902-4701
511,서울,노원구,공사업,전문,(주)진영이엔씨,조근호,1860,서울특별시 노원구 화랑로 419-13 2층 (공릉동),02-977-3515
512,서울,노원구,공사업,전문,주식회사 플러스소방산업,김경아,1856,"서울특별시 노원구 섬밭로 82 , 2층(공릉동)",02-6498-9119
513,서울,노원구,공사업,전문,(주)혁지방재,윤정상,1750,"서울특별시 노원구 노원로 248 , 701호(하계동, 삼정이오니아)",02-2242-0019
514,서울,노원구,공사업,전문,주식회사 테슬라엔지니어링,이승준,1626,"서울특별시 노원구 동일로246길 17-8 , B동(상계동)",02-6215-1055
515,서울,노원구,공사업,전문,(주)삼정이엔씨건축사사무소,용웅식,1750,"서울특별시 노원구 노원로 248 , 510호(하계동, 삼정 이오니아)",02-548-6116
516,서울,노원구,공사업,전문,주식회사 삼성소방기술,김종태,1841,"서울특별시 노원구 동일로192나길 26 , 101동 104호(공릉동, 신원아파트)",02-977-5119
517,서울,노원구,공사업,전문,(주)경원소방기술단,임권철,1861,"서울특별시 노원구 화랑로 421 , 비101호(공릉동, 한일휴니스빌)",02-948-1119
518,서울,노원구,공사업,전문,주식회사 진화방재이엔씨,김상희,1698,"서울특별시 노원구 상계로24길 13 , 1층 우측 점포(상계동)",02-932-0119
519,서울,노원구,공사업,전문,에이스이앤씨 주식회사,도연우,1861,"서울특별시 노원구 화랑로 421 , 지하1층 101호(공릉동, 한일휴니스빌)",070-8150-0119
520,서울,노원구,공사업,전문,주화ENG,서보근,1668,"서울특별시 노원구 한글비석로24다길 7 , 1층 101호(상계동)",02-935-0910
521,서울,노원구,공사업,전문,주식회사 대연이엔아이,김마리나,1857,"서울특별시 노원구 동일로173가길 124 , 5층(공릉동)",02-483-4701
522,서울,노원구,공사업,전문,더존클린룸 주식회사,이관우,1648,"서울특별시 노원구 덕릉로 730 , 302호(상계동, 불암대림상가)",02-935-1795
523,서울,노원구,공사업,전문,(주)일경엔지니어링,신희철,1885,"서울특별시 노원구 광운로22길 5 , 3층(월계동)",02-456-8049
524,서울,노원구,공사업,전문,이레소방산업 주식회사,김대현,1884,"서울특별시 노원구 월계로 264 , 201-2호(월계동)",02-913-1010
525,서울,노원구,공사업,전문,이안전기소방 주식회사,김현주,1658,"서울특별시 노원구 한글비석로44길 77 , 105호(상계동)",02-951-0707
526,서울,노원구,공사업,전문,주식회사 민이엔지,"전제호,최영식",1886,"서울특별시 노원구 석계로18길 10-9 , 3층(월계동)",02-916-6999
527,서울,노원구,공사업,일반(전기),제아소방산업,박승원,1803,"서울특별시 노원구 공릉로26길 42 , 3층 301호(공릉동)",02-977-4809
528,서울,도봉구,공사업,전문,(주)동훈전설,정준모,1323,"서울특별시 도봉구 마들로 772 , 601호(도봉동, 도우로펌타워)",02-904-9895
529,서울,도봉구,공사업,전문,(주)서광방재,이재붕,1332,"서울특별시 도봉구 마들로 657 , 2층 217호(방학동, 이에스에이아파트)",02-956-2121
530,서울,도봉구,공사업,일반(전기),(주)성현엔지니어링,최은석,1389,"서울특별시 도봉구 방학로7길 7 , 1층(방학동)",070-7573-1196
531,서울,도봉구,공사업,전문,영림건설 주식회사,"조순임,전성원",1428,"서울특별시 도봉구 도봉로126길 5 , 비1층, 1층(창동)",02-999-5105
532,서울,도봉구,공사업,전문,주식회사 서울이에프씨,서동현,1447,"서울특별시 도봉구 도봉로 461 지하103호(쌍문동,우림빌딩)",02-3295-1537
533,서울,도봉구,공사업,전문,동방박사,문영순,1328,"서울특별시 도봉구 마들로 695 ,103호(도봉동)",02-6314-1119
534,서울,도봉구,공사업,전문,(주)대한전력,김미경,1310,"서울특별시 도봉구 도봉로155길 47 , 1층 102호(도봉동, 동성골든빌)",070-7759-2800
535,서울,도봉구,공사업,전문,(주)경성이에스,김의중,1435,"서울특별시 도봉구 시루봉로2길 90 , 108호(쌍문동, 한양아파트상가)",02-991-0130
536,서울,도봉구,공사업,전문,주식회사 제일엠에스씨,김수호,1457,서울특별시 도봉구 도봉로108길 99 1층(창동),02-991-4118
537,서울,도봉구,공사업,일반(기계),주식회사 신현공조씨스템,이태형,1442,서울특별시 도봉구 노해로 208 (쌍문동),02-902-1800
538,서울,도봉구,공사업,전문,(주)한원엔지니어링,"김종운,정연한",1464,"서울특별시 도봉구 덕릉로63길 13 , 202호(창동, 한원힐트리움-에스)",02-999-2341
539,서울,도봉구,공사업,전문,주식회사 동일소방이엔지,"김위자,김정서",1378,"서울특별시 도봉구 우이천로34길 30 , 102호 (쌍문동, 일성빌라)",02-999-2876
540,서울,도봉구,공사업,전문,주식회사 극동이에프씨,심정보,1392,"서울특별시 도봉구 도봉로137길 16 , 5층(쌍문동)",02-954-0404
541,서울,도봉구,공사업,전문,주식회사 경당이앤씨,"민철배,이병옥",1389,"서울특별시 도봉구 방학로 143 , 5층(방학동)",02-934-7118
542,서울,도봉구,공사업,전문,주식회사 서울소방,손주성,1301,서울특별시 도봉구 도봉로191길 88-10 (도봉동),02-956-2776
543,서울,도봉구,공사업,전문,주식회사 원탑소방,황미연,1379,"서울특별시 도봉구 우이천로32길 65 , 5동 205호(쌍문동, 동익상가)",02-906-0119
544,서울,도봉구,공사업,전문,다율이앤씨 주식회사,신명철,1486,"서울특별시 도봉구 덕릉로63길 112 , 1층(창동)",
545,서울,도봉구,공사업,일반(기계),주식회사 도아예스,강석준,1456,서울특별시 도봉구 노해로62길 60 (창동),02-999-9000
546,서울,동대문구,공사업,전문,(주)신해전기건설,이세윤,2579,서울특별시 동대문구 한빛로 42  (신설동) ,02-923-0376
547,서울,동대문구,공사업,전문,종합전기(주),"김유훈,김종한",2628,서울특별시 동대문구 한천로14길 87  (장안동) ,02-2247-3311
548,서울,동대문구,공사업,전문,다남전기(주),이병근,2645,"서울특별시 동대문구 장한로2길 52  ,201(장안동, 일광빌딩)",02-2245-2363
549,서울,동대문구,공사업,전문,(주)한일소방설비,박진규,2622,서울특별시 동대문구 천호대로 313  (답십리동) ,02-2244-9037
550,서울,동대문구,공사업,전문,(주)대성파워텍,차의환,2503,서울특별시 동대문구 한천로49길 30 (휘경동),02-2215-5927
551,서울,동대문구,공사업,전문,세왕전력(주),안성호,2461,서울특별시 동대문구 이문로1길 28  (회기동) 2층,02-965-0213
552,서울,동대문구,공사업,전문,그린방재(주),장옥진,2423,"서울특별시 동대문구 한천로58길 47  207호(이문동,쌍용아파트상가동)",02-922-9603
553,서울,동대문구,공사업,전문,(주)용백전설,곽의영,2578,서울특별시 동대문구 무학로49길 26  (용두동) ,02-924-1757
554,서울,동대문구,공사업,전문,원앤원산업개발(주),배애순,2644,서울특별시 동대문구 장한로 18  (장안동) 2층,1670-1604
555,서울,동대문구,공사업,전문,삼일소방건설(주),"오승호,장세희",2644,"서울특별시 동대문구 천호대로85길 40 , 제마동호 1층(장안동)",02-2278-5119
556,서울,동대문구,공사업,전문,(주)도솔방재,강태균,2625,"서울특별시 동대문구 한천로24길 74-8 , 307호(장안동)",02-2212-3061
557,서울,동대문구,공사업,전문,이본건설(주),이준재,2577,"서울특별시 동대문구 왕산로 81 , 203호(용두동, 두산베어스타워)",02-2247-9390
558,서울,동대문구,공사업,전문,마성전설 주식회사,이민선,2587,서울특별시 동대문구 천호대로12길 19 (용두동),02-922-3214
559,서울,동대문구,공사업,전문,대영방재시스템(주),허혁,2570,"서울특별시 동대문구 약령중앙로10길 9 , 5층(제기동, 한성빌딩)",02-2233-0013
560,서울,동대문구,공사업,전문,삼삼설비(주),조태묵,2588,서울특별시 동대문구 천호대로 74 (용두동),02-929-3302
561,서울,동대문구,공사업,전문,(주)가나소방,추교봉,2509,"서울특별시 동대문구 한천로41길 6 , 2층(전농동)",02-3672-1119
562,서울,동대문구,공사업,전문,대성방재,김학수,2586,서울특별시 동대문구 신설동 114-91 번지 삼우빌딩1층,02-2236-2223
563,서울,동대문구,공사업,전문,대연소방공업사,이은성,2586,서울특별시 동대문구 난계로30길 77 (신설동) 삼화빌딩 1층,02-2233-6481
564,서울,동대문구,공사업,전문,(주)대연소방,박광봉,2582,서울특별시 동대문구 천호대로7길 37  (신설동) ,02-922-8227
565,서울,동대문구,공사업,전문,우성설비(주),정윤희,2578,서울특별시 동대문구 안암로16길 4 (용두동),02-928-5559
566,서울,동대문구,공사업,전문,(주)건창기술단,"김영규,이상호",2577,"서울특별시 동대문구 왕산로 81 , 707호(용두동,두산베어스타워)",02-925-3775
567,서울,동대문구,공사업,일반(전기),(주)남성이씨에스,남필우,2574,서울특별시 동대문구 무학로 192  (제기동) ,02-926-8521
568,서울,동대문구,공사업,전문,한보기공(주),임종희,2622,서울특별시 동대문구 천호대로 329  (답십리동) ,02-2214-6211
569,서울,동대문구,공사업,일반(기계),(주)대성공영,최성웅,2585,"서울특별시 동대문구 천호대로 83 , 407호(용두동, 동우빌딩)",02-2295-2080
570,서울,동대문구,공사업,전문,(주)엠비엠이엔지,김정곤,2582,"서울특별시 동대문구 천호대로 17 , 4층(신설동, 문정빌딩)",02-927-3081
571,서울,동대문구,공사업,전문,상명전기(주),정찬조,2636,서울특별시 동대문구 장한로 21  (장안동) 북한연구소B/D 503호,02-2248-9231
572,서울,동대문구,공사업,일반(기계),영신ENG,김성기,2578,"서울특별시 동대문구 안암로16길 4 , 1층 1호(용두동)",02-766-0979
573,서울,동대문구,공사업,전문,(주)선우방재,박영진,2588,서울특별시 동대문구 무학로26길 5 3층(용두동),02-923-5119
574,서울,동대문구,공사업,전문,시대전기(주),김정숙,2543,"서울특별시 동대문구 서울시립대로28나길 13-1 , (전농동)",02-2217-6231
575,서울,동대문구,공사업,전문,(주)한울이엔지,김희식,2577,"서울특별시 동대문구 왕산로 81 , 509호(용두동, 두산베어스타워)",02-943-3434
576,서울,동대문구,공사업,전문,주식회사 현준이엔씨,조현주,2636,"서울특별시 동대문구 장한로 21 , 408호(장안동, 북한연구소빌딩)",02-2246-3926
577,서울,동대문구,공사업,전문,주식회사 동양전설,김상필,2636,"서울특별시 동대문구 장한로 21 , 502호(장안동, 북한연구소빌딩)",02-2243-1251
578,서울,동대문구,공사업,전문,주식회사 글로벌이앤피,박재현,2468,서울특별시 동대문구 회기로8길 13 (제기동),02-2214-7613
579,서울,동대문구,공사업,전문,신해공영 주식회사,"이종범,이승훈",2579,"서울특별시 동대문구 한빛로 42 , 4층(신설동, 신일빌딩)",02-924-9020
580,서울,동대문구,공사업,전문,주식회사 세기공조시스템,김동성,2578,"서울특별시 동대문구 안암로 22 , 3층(용두동, 일소빌딩)",02-470-3215
581,서울,동대문구,공사업,일반(전기),우일정보기술(주),이오,2646,"서울특별시 동대문구 천호대로91길 12 , 301호(장안동, 태양빌딩)",02-922-1212
582,서울,동대문구,공사업,일반(전기),주식회사 우리이엔이,주남석,2525,서울특별시 동대문구 답십리로63길 113 (장안동),02-2244-7891
583,서울,동대문구,공사업,전문,고려전기소방관리 주식회사,이장락,2645,서울특별시 동대문구 천호대로 425 (장안동),02-2242-7203
584,서울,동대문구,공사업,전문,주식회사 참한소방,이대원,2611,"서울특별시 동대문구 한천로11길 6 , 6층 602호(답십리동)",02-2247-7119
585,서울,동대문구,공사업,일반(전기),동부방재산업 주식회사,최용환,2586,"서울특별시 동대문구 청계천로 433 , 제1층 101호(신설동)",02-2285-3119
586,서울,동대문구,공사업,전문,금성방재기술 주식회사,황선우,2586,"서울특별시 동대문구 난계로30길 65 , 202호(신설동, 세원빌딩)",02-2231-0119
587,서울,동대문구,공사업,전문,대한소방공사 주식회사,장지민,2633,"서울특별시 동대문구 천호대로 389 , 706호(장안동, 서울시새마을회관)",1544-5289
588,서울,동대문구,공사업,전문,주식회사 유진방재,김효남,2428,"서울특별시 동대문구 휘경로 71 , 2층(휘경동)",02-960-2226
589,서울,동대문구,공사업,전문,금성소방관리 주식회사,양승철,2586,"서울특별시 동대문구 청계천로 435 , 광림빌딩 301호 (신설동)",02-2232-1190
590,서울,동대문구,공사업,전문,주식회사 더존엔지니어링,정현석,2427,"서울특별시 동대문구 외대역동로 101 , 103호(이문동, 중앙하이츠상가)",02-962-3119
591,서울,동대문구,공사업,일반(기계),조은주비트산업(주),김현우,2559,"서울특별시 동대문구 왕산로 200 , 섹션오피스1202호,1203호(전농동, 청량리롯데캐슬스카이-엘65)",02-926-3501
592,서울,동대문구,공사업,일반(전기),(주)은하전력,한영수,2552,"서울특별시 동대문구 답십리로 77 , 2층(전농동)",02-2212-0616
593,서울,동대문구,공사업,전문,태화전기 주식회사,이윤정,2512,"서울특별시 동대문구 겸재로 24 , 상가2호(휘경동, 서울가든아파트)",02-2244-6490
594,서울,동대문구,공사업,전문,주식회사 도원전기전력,김도학,2532,"서울특별시 동대문구 사가정로 148 , 상가1동 101호(전농동, 전농에스케이아파트상가)",02-2217-9112
595,서울,동대문구,공사업,일반(기계),명성소방,최진영,2586,"서울특별시 동대문구 난계로26길 17 , 1층(신설동, 삼우빌딩)",02-2232-3580
596,서울,동작구,공사업,전문,장한전산(주),이상철,7013,서울특별시 동작구 동작대로23길 15  (사당동) ,02-586-2521
597,서울,동작구,공사업,전문,(주)엠이씨이엔지,"박근후,송지훈",6964,서울특별시 동작구 상도로 204  (상도동) 풍전빌딩 203호,02-821-4136
598,서울,동작구,공사업,전문,(주)대인정보통신,유재호,6969,서울특별시 동작구 양녕로 284  (상도1동) ,02-813-2220
599,서울,동작구,공사업,일반(전기),(주)화인이앤텍,"이왕주,김귀식",7055,서울특별시 동작구 여의대방로24가길 22 (대방동) 4층,02-822-7813
600,서울,동작구,공사업,전문,(주)디지털방재이엔지,천명환,6956,"서울특별시 동작구 상도로26길 18 ,5층 (상도동)",02-792-1192
601,서울,동작구,공사업,전문,부강설비기공(주),강선옥,7014,"서울특별시 동작구 사당로26길 61 , 1층(사당동)",02-592-2373
602,서울,동작구,공사업,전문,(주)세원이엔피디,이왕종,6953,서울특별시 동작구 상도로 69 (대방동),02-824-3989
603,서울,동작구,공사업,전문,대성방재(주),박운식,7004,"서울특별시 동작구 사당로 215 5층 505호(사당동,서림빌딩)",02-594-7979
604,서울,동작구,공사업,전문,(주)신지전설,황경옥,6947,"서울특별시 동작구 등용로 73 , 201호(대방동, 연훈빌딩)",02-815-4563
605,서울,동작구,공사업,전문,(주)덕산에너지,강복중,7047,서울특별시 동작구 장승배기로 23  (상도동) 101호,02-824-8030
606,서울,동작구,공사업,일반(전기),대진 E&G,정남길,6916,서울특별시 동작구 노량진로18길 30 (본동),02-812-6434
607,서울,동작구,공사업,전문,(주)서우시스템즈,김창근,6970,서울특별시 동작구 상도로45길 31  (상도1동) ,02-814-8241
608,서울,동작구,공사업,일반(전기),(주)우영전력,신희교,7030,서울특별시 동작구 사당로 174  (사당동) 2층,02-3471-5005
609,서울,동작구,공사업,전문,(주)대아티이씨,김종용,6971,서울특별시 동작구 상도로53길 45  (상도동) 3층,02-817-6773
610,서울,동작구,공사업,전문,금하개발(주),김명준,6904,서울특별시 동작구 현충로 153 (흑석동),02-812-0404
611,서울,동작구,공사업,전문,(주)제이티아이공조,이재관,7030,"서울특별시 동작구 사당로 164 , 4층 410호(사당동, 남성오피스텔)",02-3012-8844
612,서울,동작구,공사업,전문,(주)은성이앤지,간영석,6950,서울특별시 동작구 상도로 129 401호(상도동),02-812-6988
613,서울,동작구,공사업,전문,(주)경성씨이엔지,송재호,7014,"서울특별시 동작구 사당로30길 52 사당동,1층",02-584-0203
614,서울,동작구,공사업,전문,농심엔지니어링(주),우덕현,7057,서울특별시 동작구 여의대방로 112 (신대방동),02-827-2631
615,서울,동작구,공사업,일반(전기),초석전기(주),채일표,6950,서울특별시 동작구 상도로19길 7 202호(상도동),02-3280-2448
616,서울,동작구,공사업,일반(전기),주식회사 다우전설,동용찬,156-090,서울특별시 동작구 사당동 1047-33,02-583-7901
617,서울,동작구,공사업,전문,주식회사 누리앤소방전기안전,"이귀연,우외석",7030,"서울특별시 동작구 사당로 162 , 2층(사당동, 성일빌딩)",02-597-7119
618,서울,동작구,공사업,일반(전기),주식회사 베스트이엔지전기,"황의창,윤영희",6975,"서울특별시 동작구 서달로 91 , 상가동 지2층 비202호(흑석동, 흑석한강센트레빌2차)",02-813-6004
619,서울,동작구,공사업,전문,한신전기공사,이선욱,6939,"서울특별시 동작구 여의대방로46길 34-3 , 1층, 지하1층(대방동, 비젼빌)",02-813-7692
620,서울,동작구,공사업,전문,주식회사 서연이엔씨,이유순,6938,"서울특별시 동작구 여의대방로54길 27 , 지층(대방동)",02-813-4743
621,서울,동작구,공사업,전문,우림전력 주식회사,전재홍,6916,"서울특별시 동작구 노량진로22길 23 , 2층(본동)",02-826-0436
622,서울,마포구,공사업,전문,(주)거승이엔씨,"김주완,김재준",3965,서울특별시 마포구 성산로2길 47  (성산동) ,02-333-4411
623,서울,마포구,공사업,전문,세원전설(주),최영래,4162,서울특별시 마포구 마포대로1길 45  (용강동) ,02-718-6611
624,서울,마포구,공사업,전문,이화공영(주),"최종찬,최삼규",4038,서울특별시 마포구 양화로 104 (서교동),02-336-0041
625,서울,마포구,공사업,전문,삼원설비공업(주),최재유,3961,"서울특별시 마포구 방울내로 79 , 401호(망원동)",02-338-3767
626,서울,마포구,공사업,전문,성일기계(주),"오민환,오석환",4026,서울특별시 마포구 포은로 20-1  (합정동) ,02-3142-0038
627,서울,마포구,공사업,전문,(주)동산테크,박상순,3990,서울특별시 마포구 월드컵북로6길 83  (연남동) ,02-338-4611
628,서울,마포구,공사업,전문,(주)이엔티파워,장정수,4012,"서울특별시 마포구 월드컵로 87  603호(망원동,로얄프라자)",02-522-2646
629,서울,마포구,공사업,전문,한국하니웰(주),이재환,3922,서울특별시 마포구 월드컵북로 434  (상암동) ,02-799-6015
630,서울,마포구,공사업,전문,호곡종합건설(주),박성환,4073,"서울특별시 마포구 어울마당로3길 22 , 6층(합정동)",02-333-8818
631,서울,마포구,공사업,전문,백상건설(주),김중권,4158,"서울특별시 마포구 마포대로 49 16층(도화동,성우빌딩)",02-3270-7700
632,서울,마포구,공사업,전문,성산전설(주),조희성,3991,서울특별시 마포구 월드컵북로6길 31  (연남동) ,02-3142-3110
633,서울,마포구,공사업,전문,(주)제일씨엔디,김종식,3958,"서울특별시 마포구 망원로 19 (망원동, 참존아파트) 202호",02-3272-7991
634,서울,마포구,공사업,전문,(주)유신플랜테크,"홍성철,홍성우",4056,서울특별시 마포구 신촌로6길 24  (동교동) ,02-3143-0119
635,서울,마포구,공사업,전문,(주)화성이엔지,김택환,3978,서울특별시 마포구 성미산로11길 15 (성산동),02-2644-9166
636,서울,마포구,공사업,전문,건웅신호산전(주),박정현,4020,"서울특별시 마포구 희우정로 14 , 4층(합정동)",02-323-7813
637,서울,마포구,공사업,전문,(주)호재전력,윤재봉,3980,"서울특별시 마포구 성미산로29안길 19-13 ,지층(연남동)",02-337-3762
638,서울,마포구,공사업,일반(전기),(주)양지이엔지,김동수,3961,서울특별시 마포구 방울내로7길 14  (망원동) 3층,02-322-0722
639,서울,마포구,공사업,전문,신안건설산업(주),우정현,3972,서울특별시 마포구 월드컵북로 136 (성산동) 9층,02-320-9866
640,서울,마포구,공사업,전문,(주)창성소방,이창환,4185,서울특별시 마포구 효창목길 13 (공덕동),02-706-2648
641,서울,마포구,공사업,전문,(주)대진소방,문종오,4163,서울특별시 마포구 토정로32길 4 (용강동),02-718-0119
642,서울,마포구,공사업,전문,성우전기(주),성영식,4072,서울특별시 마포구 독막로2길 19  (합정동) 201호,02-3141-7654
643,서울,마포구,공사업,전문,백남기업(주),안광영,4152,"서울특별시 마포구 독막로 288  (대흥동, 대흥동세양아파트) 상가 103,104,121호",02-712-4507
644,서울,마포구,공사업,일반(기계),(주)웅남,"김정호,한상우",4071,"서울특별시 마포구 성지길 20  (합정동,웅남빌딩)",02-332-7711
645,서울,마포구,공사업,전문,대조전설(주),장철호,3999,"서울특별시 마포구 동교로19길 73 , 401호(서교동,대조빌딩)",02-325-7051
646,서울,마포구,공사업,전문,태지종합건설(주),박명호,4073,서울특별시 마포구 독막로8길 7 (합정동),02-333-5568
647,서울,마포구,공사업,전문,삼성전기산업(주),박소연,4073,서울특별시 마포구 독막로8길 7 (합정동),02-6378-0219
648,서울,마포구,공사업,전문,(주)신보,"정재문,송병규,이원표",4193,서울특별시 마포구 백범로 235  (신공덕동) 8층,02-710-0950
649,서울,마포구,공사업,일반(전기),(주)이웰파워테크,김영준,4087,"서울특별시 마포구 독막로 178-1 , 6층(구수동, 성보빌딩)",02-714-1263
650,서울,마포구,공사업,전문,유명전설(주),"이예구,이철규",3938,"서울특별시 마포구 월드컵로36길 18  209호(성산동,삼라마이다스) ",02-322-2024
651,서울,마포구,공사업,전문,삼원전기공사,박효석,4047,"서울특별시 마포구 독막로5길 16 , 2층(서교동)",02-336-3115
652,서울,마포구,공사업,전문,경원소방(주),최영훈,4098,서울특별시 마포구 창전로 66 3층(신수동),02-3273-0119
653,서울,마포구,공사업,전문,부원동력(주),이병의,4152,서울특별시 마포구 독막로 274  (대흥동) 2층,02-702-3693
654,서울,마포구,공사업,일반(전기),(주)덕우종합전기건설,박정호,3973,서울특별시 마포구 월드컵북로12길 61  (성산동) ,02-335-7960
655,서울,마포구,공사업,전문,(주)원일소방이엔지,"정필수,김미경",4022,"서울특별시 마포구 월드컵로7길 27-14 , 지층(합정동)",02-2601-1284
656,서울,마포구,공사업,전문,(주)호만엠이씨,이근호,4214,"서울특별시 마포구 만리재로 15 , 제5층 제509호(공덕동, 제일빌딩)",02-718-0069
657,서울,마포구,공사업,전문,미리방재(주),장필준,4018,"서울특별시 마포구 월드컵로 65 501호(망원동, 양경회관)",02-1661-3911
658,서울,마포구,공사업,전문,(주)현대화이어텍,"양유선,김영기",3966,서울특별시 마포구 월드컵북로 121 (성산동),02-3142-9112
659,서울,마포구,공사업,전문,(주)디아이테크인더스트리,남민희,3947,서울특별시 마포구 월드컵북로27길 48 (성산동),02-2233-0174
660,서울,마포구,공사업,전문,주식회사 백산전기,이강호,3986,서울특별시 마포구 동교로23길 116 (성산동),02-333-4456
661,서울,마포구,공사업,전문,무진소방 이엔지,표효종,4156,"서울특별시 마포구 독막로 331 , 17층 1703호(도화동, 마스터즈타워빌딩)",02-354-1194
662,서울,마포구,공사업,전문,주식회사 대륙전기,이경환,3957,"서울특별시 마포구 망원로1길 32 , 3층(망원동)",02-3141-8283
663,서울,마포구,공사업,전문,(유)대원엔지니어링,박윤규,3966,"서울특별시 마포구 성산로6길 20 ,2층(성산동.태경빌딩)",02-3141-3304
664,서울,마포구,공사업,일반(기계),주식회사 메트로씨앤씨,하명수,4088,"서울특별시 마포구 신수로 52 , 403호(신수동, 재해대책회관)",02-716-8401
665,서울,마포구,공사업,전문,(주)국보디자인,"황창연,김민기",4003,서울특별시 마포구 월드컵로10길 49 (서교동),02-6220-1833
666,서울,마포구,공사업,전문,디오이앤씨 주식회사,김재윤,3941,"서울특별시 마포구 월드컵북로 224 , 청화상가 303호(성산동)",02-304-6266
667,서울,마포구,공사업,전문,(주)극동파워테크,"배철한,한민희",4020,"서울특별시 마포구 포은로 29-1 , 2층(합정동)",02-3142-5113
668,서울,마포구,공사업,전문,(주)보령전설,조종호,3978,서울특별시 마포구 성미산로11길 15 (성산동),02-322-4074
669,서울,마포구,공사업,전문,주식회사 에스엠티티,김돈규,3973,"서울특별시 마포구 월드컵북로12안길 51 , 201호(성산동, 티와이빌)",02-303-0164
670,서울,마포구,공사업,전문,주식회사 대승이앤씨,한창미,3940,"서울특별시 마포구 새터산길 71 , 비02(성산동)",02-395-9351
671,서울,마포구,공사업,전문,주식회사 화성이엔에프,김선화,3978,서울특별시 마포구 성미산로11길 15 (성산동),02-2644-9166
672,서울,마포구,공사업,전문,주식회사 진성전력,김용일,3966,"서울특별시 마포구 성산로4길 59 , 302-에이호(성산동, 수흥빌딩)",02-338-8134
673,서울,마포구,공사업,전문,주식회사 아이온이엔지,성봉열,4164,"서울특별시 마포구 토정로32길 13 , 405호(토정동, 한강삼성아파트구매시설동)",02-718-1117
674,서울,마포구,공사업,전문,오성전기소방(주),"김인태,이남덕",3949,서울특별시 마포구 모래내로7길 28 (성산동),02-303-6830
675,서울,마포구,공사업,일반(전기),신안전력공사,임성호,3999,"서울특별시 마포구 월드컵북로9길 23 , 101호(성산동)",02-332-4458
676,서울,마포구,공사업,전문,"제일소방공사,자재",권찬수,4112,"서울특별시 마포구 숭문길 193-1 , 1층(대흥동)",02-2265-7292
677,서울,마포구,공사업,전문,케이씨코트렐 주식회사,박기서,3909,"서울특별시 마포구 상암산로 34 , 12층 (상암동, 디엠씨디지털큐브)",02-320-6255
678,서울,마포구,공사업,전문,대호건축 주식회사,이승호,4033,"서울특별시 마포구 양화로 115 , 4층(서교동, 천지빌딩)",02-6339-1230
679,서울,마포구,공사업,전문,삼주이앤씨 주식회사,이시형,4144,"서울특별시 마포구 마포대로 127 , 312호(공덕동, 404 풍림브이아이피텔)",02-713-0209
680,서울,마포구,공사업,전문,초성종합건설(주),유응열,3961,"서울특별시 마포구 방울내로 79 , 201호(망원동)",02-325-9800
681,서울,마포구,공사업,전문,(주)에이원이엔티,박광석,4073,"서울특별시 마포구 독막로8길 9 , 3층(합정동)",02-334-5966
682,서울,마포구,공사업,전문,주식회사 서영엘티디,박수미,3997,서울특별시 마포구 월드컵로16길 60 (서교동),02-3143-3149
683,서울,마포구,공사업,전문,주식회사 세아네트웍스,이근홍,4036,"서울특별시 마포구 양화로 45 , (서교동, 세아타워3층)",02-6970-1533
684,서울,마포구,공사업,전문,도경종합건설 주식회사,이중모,4000,서울특별시 마포구 월드컵북로5길 12 (서교동),02-325-1974
685,서울,마포구,공사업,전문,조양종합건설(주),구정아,4038,"서울특별시 마포구 양화로 100-10 , 4층(서교동, 다내리빌딩)",02-332-0091
686,서울,서대문구,공사업,전문,동아건설산업(주),임동복,3765,"서울특별시 서대문구 신촌역로 30 , 2층(신촌동)",02-6420-3700
687,서울,서대문구,공사업,전문,에스엠상선(주),"성낙원,강호준",3765,"서울특별시 서대문구 신촌역로 30 , 2층 (신촌동)",02-6940-9553
688,서울,서대문구,공사업,전문,(주)동승기업,임준빈,3680,"서울특별시 서대문구 불광천길 100  (북가좌동, 동승빌딩) ",02-393-8942
689,서울,서대문구,공사업,전문,(주)헤스티아이앤씨,최호정,3664,서울특별시 서대문구 증가로6길 34-43  (홍은동) 1층,02-308-1977
690,서울,서대문구,공사업,전문,(주)태경전업,정우용,3642,서울특별시 서대문구 홍제내길 36  (홍제동) ,02-395-0084
691,서울,서대문구,공사업,전문,(주)일성이엔지,이영희,3713,서울특별시 서대문구 거북골로23길 58-3 (북가좌동),02-335-0459
692,서울,서대문구,공사업,전문,늘푸른공간(주),김옥관,3712,"서울특별시 서대문구 가재울미래로 15 , 에이동 502호 (남가좌동)",02-2661-0526
693,서울,서대문구,공사업,전문,세창소방설비공사,박철수,3766,서울특별시 서대문구 신촌역로 22-6 (대현동) 9층,02-362-7710
694,서울,서대문구,공사업,전문,두복산전(주),이영두,3733,"서울특별시 서대문구 독립문공원길 13 , 202호(현저동, 독립문극동프라자)",02-335-0181
695,서울,서대문구,공사업,전문,광원전설(주),김영선,3680,서울특별시 서대문구 거북골로22길 55  (북가좌동) ,02-375-7478
696,서울,서대문구,공사업,전문,삼환기업(주),유창훈,3765,"서울특별시 서대문구 신촌역로 30 , 2층(신촌동)",02-740-2142
697,서울,서대문구,공사업,전문,이화소방이엔지(주),강선미,3650,"서울특별시 서대문구 연희로41길 71 , 1층(홍은동)",02-336-7777
698,서울,서대문구,공사업,일반(기계),(주)삼보이엔지,안병진,3646,"서울특별시 서대문구 통일로35길 40  (홍제동, 아름채아파트) ",02-443-9732
699,서울,서대문구,공사업,전문,(주)유일에프에스이,김시권,3714,"서울특별시 서대문구 수색로 144 , 2층(북가좌동, 국제빌딩)",02-307-1190
700,서울,서대문구,공사업,전문,광천이앤씨 주식회사,동영탁,3685,"서울특별시 서대문구 증가로21길 16 , 101호(북가좌동, 광천타운)",02-372-2909
701,서울,서대문구,공사업,전문,(주)농협네트웍스,김유경,3739,"서울특별시 서대문구 통일로 81 , 서관 9층 10층(미근동, 엔에이치농협생명빌딩)",02-2140-5079
702,서울,서대문구,공사업,일반(전기),주원이앤씨(주),주명원,3706,서울특별시 서대문구 성산로9길 5-4 (연희동),02-325-7900
703,서울,서대문구,공사업,전문,아택이앤씨 주식회사,김용대,3611,"서울특별시 서대문구 홍은중앙로 35 , 4층(홍은동)",02-582-7510
704,서울,서대문구,공사업,전문,주식회사 대아기계설비,조병준,3601,"서울특별시 서대문구 홍은중앙로 142 , 102호(홍은동)",02-3144-4729
705,서울,서대문구,공사업,전문,주식회사 씨이앤아이,박근출,3762,서울특별시 서대문구 북아현로 61 2층 (북아현동),02-312-7725
706,서울,서대문구,공사업,전문,주식회사 우주이엔씨,남우람,3659,"서울특별시 서대문구 가좌로 60 , 301호(홍은동, 풍하빌딩)",02-337-7805
707,서울,서초구,공사업,전문,(주)중선아이티씨,"김방희,김학선",6512,"서울특별시 서초구 신반포로 195 5동 2층 12~21호, 37~42호(잠원동,반포쇼핑타운)",02-552-0768
708,서울,서초구,공사업,전문,(주)진화이앤씨,"박종원,박양원",6690,서울특별시 서초구 도구로1길 50 (방배동),02-588-4251
709,서울,서초구,공사업,전문,삼호건영(주),"이재현,우왕제",6627,서울특별시 서초구 사임당로 180  (서초동) ,02-3473-9590
710,서울,서초구,공사업,전문,(주)호반건설,"박철희,변부섭",6768,"서울특별시 서초구 양재대로2길 18 (우면동, 호반파크2관)",02-6177-0542
711,서울,서초구,공사업,전문,(주)무한개발,"김규현,김은실",6664,서울특별시 서초구 서초대로26길 24  (방배동) 5층,02-3486-9119
712,서울,서초구,공사업,전문,(주)오성엔지니어링,권태정,6664,"서울특별시 서초구 서초대로26길 3 402호(방배동,경수빌딩)",02-567-0827
713,서울,서초구,공사업,전문,구보공영(주),"유대동,이상영",6746,서울특별시 서초구 논현로 133  (양재동) ,02-3444-0411
714,서울,서초구,공사업,전문,(주)크레스터이엔지,고외환,6681,서울특별시 서초구 효령로25길 75  (방배동) 201호,02-521-4930
715,서울,서초구,공사업,전문,주식회사 아라랏,황지홍,6785,"서울특별시 서초구 강남대로8길 39-13 , 3층(양재동, 유정빌딩)",02-514-9001
716,서울,서초구,공사업,전문,(주)남양계전,민강기,6572,서울특별시 서초구 방배로 189 (방배동 836-12),02-752-4174
717,서울,서초구,공사업,일반(전기),대일전기통신(주),김종엽,6652,서울특별시 서초구 효령로53길 67  (서초동) 3층,02-586-5090
718,서울,서초구,공사업,전문,(주)우진아이엔에스,홍경모,6588,서울특별시 서초구 방배로 166  (방배동) ,02-535-7050
719,서울,서초구,공사업,전문,주식회사 근우,김재진,6649,"서울특별시 서초구 사임당로 11 (서초동, 근우빌딩)",02-583-7188
720,서울,서초구,공사업,전문,대선이엔씨(주),"최준재,김용욱,최승재",6576,서울특별시 서초구 사평대로22길 55  (반포동) 동신빌딩,02-3406-1400
721,서울,서초구,공사업,전문,경원산전(주),배종근,6694,"서울특별시 서초구 도구로1길 45 ,1층(방배동,유니빌딩)",02-522-8176
722,서울,서초구,공사업,전문,(주)두리이에프씨,김남진,6752,서울특별시 서초구 바우뫼로27길 7-31  (양재동) 예원빌딩 7층,02-573-8201
723,서울,서초구,공사업,전문,롯데건설(주),박현철,6515,서울특별시 서초구 잠원로14길 29 (잠원동),02-3480-4087
724,서울,서초구,공사업,전문,주식회사 선전력시스템,임철학,6729,"서울특별시 서초구 효령로 430 401호(서초동,젤죤빌딩)",02-583-0961
725,서울,서초구,공사업,전문,(주)상신프렌트,이종숙,6789,서울특별시 서초구 강남대로2길 53 (양재동),02-572-0902
726,서울,서초구,공사업,전문,강우기업(주),이준목,6634,서울특별시 서초구 서초대로52길 37  (서초동) ,02-521-9933
727,서울,서초구,공사업,전문,한국화재안전시스템(주),김금남,6741,"서울특별시 서초구 강남대로30길 65 5층(양재동,청호빌딩)",02-6403-3119
728,서울,서초구,공사업,전문,(주)태원전기,김응식,6671,"서울특별시 서초구 효령로 229 408호(서초동,서울빌딩)",02-585-3767
729,서울,서초구,공사업,전문,(주)홍익소방,왕준호,6691,"서울특별시 서초구 청두곶길 41 1층(방배동,대륙빌딩)",02-1577-5313
730,서울,서초구,공사업,전문,(주)코렘시스,"홍명희,김철근",6525,서울특별시 서초구 강남대로101안길 42 (잠원동),070-7731-5265
731,서울,서초구,공사업,전문,이수건설(주),장주익,6575,서울특별시 서초구 사평대로 84 (반포동),02-590-6500
732,서울,서초구,공사업,전문,주식회사 탈레스,정치훈,6680,서울특별시 서초구 방배로23길 31-3 201호 (방배동),02-895-0192
733,서울,서초구,공사업,전문,(주)서울방재전문기술단,김배관,6636,서울특별시 서초구 서초대로64길 110  (서초동) 3층,02-587-0119
734,서울,서초구,공사업,전문,(주)케이이에스전기공사,강성진,6791,"서울특별시 서초구 논현로1길 52 , 3층(양재동)",02-529-4611
735,서울,서초구,공사업,전문,금송전기(주),박종국,6727,서울특별시 서초구 서운로9길 14  (서초동) 6층,02-581-0630
736,서울,서초구,공사업,전문,(주)재원피앤드티,채규명,6726,서울특별시 서초구 서운로11길 73 (서초동) 2층,02-585-1140
737,서울,서초구,공사업,전문,인우공영 주식회사,이두형,6671,"서울특별시 서초구 효령로 229 , 512호(서초동)",02-588-5530
738,서울,서초구,공사업,전문,우민전기(주),이학표,6668,"서울특별시 서초구 명달로22길 4 , 2층,3층(서초동, 동해빌딩)",02-3471-0901
739,서울,서초구,공사업,전문,원화이엔지(주),김의규,6775,"서울특별시 서초구 논현로 87  비동 1703호(양재동,삼호물산빌딩)",02-576-3739
740,서울,서초구,공사업,전문,에이치디씨랩스(주),김성은,6722,서울특별시 서초구 효령로 346 (서초동),1899-1909
741,서울,서초구,공사업,전문,(주)건영,"이형수,김종은",6661,"서울특별시 서초구 서초대로34가길 6 (방배동, 현빌딩)",02-6900-5422
742,서울,서초구,공사업,전문,(주)광진설비,송영익,6536,서울특별시 서초구 사평대로55길 60  (반포동) 203호,02-547-4259
743,서울,서초구,공사업,전문,우양기건(주),"강세명,강석대",6754,"서울특별시 서초구 바우뫼로 126 (양재동,동연빌딩 4층)",02-579-8694
744,서울,서초구,공사업,전문,(주)엑신건업,김재선,6565,"서울특별시 서초구 동광로10길 27-7 , 3층(방배동, 동산빌딩)",02-584-6617
745,서울,서초구,공사업,일반(전기),(주)강남전기공사,나중안,6783,서울특별시 서초구 논현로7길 21 (양재동),02-2058-1717
746,서울,서초구,공사업,전문,(주)아이엔지소방,김상태,6785,서울특별시 서초구 동산로 30  (양재동) 401호,02-2057-7119
747,서울,서초구,공사업,전문,성원종합설비(주),이창수,6732,서울특별시 서초구 서운로 19  (서초동) 612호,02-6289-5001
748,서울,서초구,공사업,전문,(주)삼건이엔씨,김대웅,6642,서울특별시 서초구 사임당로 108  (서초동) 이화빌딩 2층,02-598-6646
749,서울,서초구,공사업,전문,(주)보성티엔씨,박종태,6637,"서울특별시 서초구 사임당로 87 , 서원빌딩 5층 (서초동)",02-2057-5992
750,서울,서초구,공사업,전문,(주)에이텍코리아,전민권,6743,서울특별시 서초구 남부순환로350길 68  (양재동) ,02-577-9161
751,서울,서초구,공사업,전문,(주)삼성감리엔지니어링,한정희,6646,서울특별시 서초구 반포대로22길 65 (서초동),02-585-6422
752,서울,서초구,공사업,전문,우광기전(주),이기진,6748,"서울특별시 서초구 양재천로21길 37 , 4층(양재동, 우광빌딩)",02-577-3273
753,서울,서초구,공사업,전문,(주)크리스,홍석용,6640,서울특별시 서초구 사임당로12길 12  (서초동),02-582-8119
754,서울,서초구,공사업,전문,근영이엔지(주),김중기,6762,"서울특별시 서초구 바우뫼로 23 , 401호, 402호(우면동, 선일빌딩)",02-838-1193
755,서울,서초구,공사업,전문,장한전건(주),김장희,6722,서울특별시 서초구 효령로66길 2  (서초동) 301호,02-522-6900
756,서울,서초구,공사업,전문,(주)일신이앤드씨,홍영남,6648,서울특별시 서초구 반포대로 98 (서초동),02-3488-3500
757,서울,서초구,공사업,전문,경림전기(주),김인형,6542,"서울특별시 서초구 강남대로79길 38 , 3층(반포동, 효석빌딩)",02-562-0967
758,서울,서초구,공사업,전문,화성엔지니어링 주식회사,"류성목,김도형",6727,"서울특별시 서초구 서운로11길 14 (서초동, 상원빌딩)",02-585-8632
759,서울,서초구,공사업,전문,금동기업(주),김재경,6564,서울특별시 서초구 방배천로 146  (방배동) 2층,02-597-3837
760,서울,서초구,공사업,전문,(주)삼영기업,"금동흠,이상준",6542,서울특별시 서초구 강남대로79길 31  (반포동) ,02-2023-0414
761,서울,서초구,공사업,전문,도원이엔아이(주),"최기동,임우연",6748,서울특별시 서초구 양재천로21길 15  (양재동) 202호,02-3463-7214
762,서울,서초구,공사업,전문,(주)흥국이엔지,"박종우,조융경",6654,"서울특별시 서초구 서초중앙로5길 10-8 5층 509호(서초동, 쁘띠오피스텔)",02-536-4116
763,서울,서초구,공사업,전문,강남건영(주),신승호,6733,서울특별시 서초구 서운로1길 12 (서초동),070-7096-3537
764,서울,서초구,공사업,전문,(주)서해종합건설,"박정배,김영춘",6606,"서울특별시 서초구 서초대로 301 , 6층 (서초동, 동익성봉빌딩)",070-5005-7340
765,서울,서초구,공사업,전문,유석산업(주),최현호,6722,서울특별시 서초구 효령로66길 10  (서초동) 3층,02-3471-0667
766,서울,서초구,공사업,전문,(주)성보엔지니어링,김형철,6771,서울특별시 서초구 매헌로 16  (양재동) 하이브랜드리빙관 1403~1405호,02-2155-1450
767,서울,서초구,공사업,전문,삼양건설산업(주),"이종성,이종훈",6779,서울특별시 서초구 동산로 23  (양재동) ,02-579-1155
768,서울,서초구,공사업,전문,(주)케이씨씨건설,"심광주,정몽열",6526,서울특별시 서초구 강남대로 587 (잠원동),02-513-5547
769,서울,서초구,공사업,전문,(주)두형엔지니어링,"서승옥,서영석",6801,서울특별시 서초구 능안말2길 16 (내곡동),02-574-0051
770,서울,서초구,공사업,전문,에스지씨이앤씨 주식회사,"이창모,이우성",6792,서울특별시 서초구 양재대로 246 (염곡동),02-489-8473
771,서울,서초구,공사업,전문,(주)미동이엔씨,"이우희,이익효,이정호",6699,서울특별시 서초구 남부순환로 2161  (방배동) ,02-587-6015
772,서울,서초구,공사업,전문,(주)세보엠이씨,"김우영,이원하",6643,서울특별시 서초구 효령로 341 (서초동),02-2046-7922
773,서울,서초구,공사업,전문,(주)유일엔지니어링,송수길,6731,서울특별시 서초구 남부순환로347길 35  (서초동) ,02-2047-5800
774,서울,서초구,공사업,전문,지엠방재산업(주),김태형,6554,"서울특별시 서초구 방배중앙로27길 38 , 2층(방배동)",02-1800-7861
775,서울,서초구,공사업,전문,희상건설(주),이경범,6691,"서울특별시 서초구 방배천로 36 4층(방배동,삼남빌딩)",02-567-0488
776,서울,서초구,공사업,전문,세현이앤티(주),곽승용,6649,서울특별시 서초구 사임당로1길 7 (서초동),02-3471-1199
777,서울,서초구,공사업,전문,우리소방안전(주),우성호,6707,"서울특별시 서초구 명달로9길 5 , 3층 302호(방배동, 정호빌딩)",02-525-1190
778,서울,서초구,공사업,전문,주식회사 대한방재산업,박정열,6791,"서울특별시 서초구 논현로 7 , 2층(양재동, 윤남빌딩)",02-576-6119
779,서울,서초구,공사업,전문,(주)평화종합건설,이재수,6716,"서울특별시 서초구 반포대로 22 (서초동,서초평화빌딩)",02-2258-8821
780,서울,서초구,공사업,전문,(주)더블유엘이앤씨,박윤백,6730,"서울특별시 서초구 강남대로39길 6-22 , 3층(서초동)",02-597-2651
781,서울,서초구,공사업,전문,동건이앤씨 주식회사,이정순,6680,"서울특별시 서초구 방배로23길 31-3 , 202호(방배동, 제일빌딩)",02-2038-4687
782,서울,서초구,공사업,전문,(주)남양엠이씨,홍승구,6568,"서울특별시 서초구 서초대로 3-4 , 1106호(방배동, 방배디오슈페리움1)",02-591-0176
783,서울,서초구,공사업,전문,주식회사 네패스이앤씨,"이상태,이세희",6719,서울특별시 서초구 남부순환로 2415 (서초동),02-3470-2833
784,서울,서초구,공사업,전문,주식회사 부성전공,오채근,6526,서울특별시 서초구 나루터로 70 (잠원동),02-516-0739
785,서울,서초구,공사업,일반(기계),(주)금강아이엠,전재현,6802,"서울특별시 서초구 청계산로 189 , 제3층 제302호(신원동)",02-3461-4510
786,서울,서초구,공사업,전문,주식회사 명성에스앤에프,조희정,6693,"서울특별시 서초구 방배천로 8 , 302호(방배동)",02-522-9119
787,서울,서초구,공사업,전문,주식회사 이든엔지니어링,최희숙,6775,"서울특별시 서초구 논현로 87 , 비동 1304호(양재동,삼호물산빌딩)",02-3453-9993
788,서울,서초구,공사업,전문,(주)코젠,"윤영근,윤성훈",6740,서울특별시 서초구 바우뫼로43길 56 (양재동),02-529-3200
789,서울,서초구,공사업,전문,(주)미래전설,손승기,6784,"서울특별시 서초구 동산로 66 , 202호(양재동)",02-571-7347
790,서울,서초구,공사업,전문,주식회사 휴먼엔지니어링,김미혜,6691,"서울특별시 서초구 방배천로4안길 45 ,2층202호(방배동)",02-598-4434
791,서울,서초구,공사업,전문,(주)청운기공,"천용환,천세영",6634,"서울특별시 서초구 사임당로17길 65 , 3층(서초동, 예크빌딩)",02-523-3923
792,서울,서초구,공사업,전문,주식회사 메가시스템,김대석,6626,"서울특별시 서초구 서초대로78길 50 , 7층(서초동, 우영빌딩)",02-3779-7789
793,서울,서초구,공사업,전문,주식회사 가델,김정민,6796,서울특별시 서초구 신흥말길 99 (내곡동),02-525-7722
794,서울,서초구,공사업,전문,해음전기(주),김년봉,6525,"서울특별시 서초구 나루터로 75 , 705호(잠원동)",02-514-3244
795,서울,서초구,공사업,전문,주식회사 일양방재,전강식,6777,"서울특별시 서초구 마방로4길 15-72 , 3층(양재동, 송암빌딩)",02-3462-0119
796,서울,서초구,공사업,전문,주식회사 대호소방,김진태,6761,"서울특별시 서초구 전원말길 11 , 비1호(방배동)",02-584-9019
797,서울,서초구,공사업,전문,주식회사 마노건설,정봉휘,6671,"서울특별시 서초구 반포대로13길 33 (서초동, 마노빌딩2)",02-3472-2850
798,서울,서초구,공사업,전문,주식회사 한창소방안전관리,노윤희,6555,"서울특별시 서초구 방배중앙로27길 17 , 1층 64호 ,69호(방배동)",02-596-0119
799,서울,서초구,공사업,전문,거성일렉콤(주),박성래,6664,"서울특별시 서초구 서초대로26길 14 ,2층(방배동, 진빌딩)",02-581-0408
800,서울,서초구,공사업,전문,주식회사 삼일이앤이,윤영삼,6788,"서울특별시 서초구 강남대로6길 28-3 , 201호(양재동)",02-877-1397
801,서울,서초구,공사업,전문,주식회사 성온이엔지,김성목,6781,"서울특별시 서초구 동산로15길 20 , 1층 102호(양재동, 태양빌딩)",070-4006-3791
802,서울,서초구,공사업,일반(전기),용천엔지니어링 주식회사,현정주,6569,"서울특별시 서초구 도구로 123-2 , 205호(방배동)",02-2065-0834
803,서울,서초구,공사업,전문,주식회사 매트릭스,박희연,6552,"서울특별시 서초구 방배중앙로 198 , 제7층 708호(방배동)",02-927-9100
804,서울,성동구,공사업,전문,문화전기(주),조창일,4790,"서울특별시 성동구 성수일로11길 15 (성수동1가) 313호,뚝섬리버빌",02-457-4094
805,서울,성동구,공사업,전문,(주)금봉설비,허광현,4793,서울특별시 성동구 성수일로10길 32 (성수동2가),02-467-1144
806,서울,성동구,공사업,전문,남양기계설비(주),이해창,4778,"서울특별시 성동구 뚝섬로1길 25 , 404호(성수동1가, 서울숲한라에코밸리)",02-464-6301
807,서울,성동구,공사업,전문,대진공무(주),박종옥,4756,서울특별시 성동구 마장로39길 36  (마장동) ,02-2292-4945
808,서울,성동구,공사업,전문,(주)선진이앤에스,허동현,4780,"서울특별시 성동구 성수이로7길 27 805(성수동2가,코오롱디지털타워2차)",02-2057-2961
809,서울,성동구,공사업,전문,태성전기통신(주),"이덕우,박근서",4794,서울특별시 성동구 아차산로 103 (성수동2가) 607호,02-2278-2200
810,서울,성동구,공사업,전문,(주)코원이앤씨,조창규,4808,서울특별시 성동구 자동차시장1길 18  (용답동) ,02-2217-1561
811,서울,성동구,공사업,전문,(주)투윈스컴,박성하,4796,서울특별시 성동구 아차산로11길 27  (성수동2가) ,02-3409-0811
812,서울,성동구,공사업,전문,(주)성진전업,장미화,4705,서울특별시 성동구 청계천로12길 31 (마장동),02-434-8461
813,서울,성동구,공사업,전문,(주)성지이앤씨,김진환,4788,"서울특별시 성동구 광나루로 130 8층 807호(성수동1가,서울숲아이티캐슬)",02-2201-5601
814,서울,성동구,공사업,전문,(주)상부사종합건설,이상만,4795,"서울특별시 성동구 아차산로7나길 18 , 501호(성수동2가)",02-3295-0562
815,서울,성동구,공사업,전문,(주)대승이엔지,서영민,4756,"서울특별시 성동구 마장로39길 36 , 203호(마장동, 안민빌딩)",02-2216-5001
816,서울,성동구,공사업,전문,(주)신한개발,이종순,4793,"서울특별시 성동구 성수일로10길 26 , 701호, 702호(성수동2가, 하우스디세종타워)",02-323-5330
817,서울,성동구,공사업,전문,(주)건국이엔아이,박정렬,4800,서울특별시 성동구 동일로 261 (송정동) 건국빌딩,02-499-5400
818,서울,성동구,공사업,전문,(주)한양티이씨,조형국,4787,서울특별시 성동구 성수이로18길 31 (성수동2가) 8층,070-7734-0800
819,서울,성동구,공사업,전문,(주)경인토건,이명호,4793,"서울특별시 성동구 성수일로10길 26 , 본동 808호(성수동2가, 하우스디세종타워)",02-3499-4588
820,서울,성동구,공사업,전문,(주)현신,김갑년,4745,서울특별시 성동구 왕십리로 271 (행당동),02-957-6448
821,서울,성동구,공사업,전문,(주)경원전력,최경택,4705,서울특별시 성동구 청계천로12길 31 (마장동),02-434-8461
822,서울,성동구,공사업,전문,(주)창하엔지니어링,김기성,4798,서울특별시 성동구 성수이로24길 38  (성수동2가) 305호,02-456-8700
823,서울,성동구,공사업,전문,세기소방(주),박정규,4794,"서울특별시 성동구 성수일로8길 42 , 2층(성수동2가)",02-469-1199
824,서울,성동구,공사업,일반(전기),(주)동남종합중전기,장남수,4797,서울특별시 성동구 아차산로11길 11  (성수동2가) 202호,02-466-6161
825,서울,성동구,공사업,전문,별내 주식회사,김명수,4799,"서울특별시 성동구 아차산로17길 49 , 1115호(성수동2가, 더블유센터 데시앙플렉스)",02-3296-0540
826,서울,성동구,공사업,전문,광명종합건설(주),장경래,4768,서울특별시 성동구 서울숲길 54  (성수동1가) ,02-466-7776
827,서울,성동구,공사업,전문,금광전설(주),박종갑,4758,"서울특별시 성동구 마조로16길 29 , 3층(마장동)",02-594-2291
828,서울,성동구,공사업,전문,(주)동부전기,형남길,4795,"서울특별시 성동구 성수이로 147 , 1401호(성수동2가, 성수아이에스비즈타워)",02-463-1606
829,서울,성동구,공사업,전문,(주)대영,양숙희,4804,"서울특별시 성동구 용답중앙길 43 , 1층 101호, 102호 (용답동)",02-3409-5658
830,서울,성동구,공사업,전문,금성방재산업(주),황선욱,4700,"서울특별시 성동구 청계천로 426 , 107호(상왕십리동, 오정빌딩)",02-2265-7788
831,서울,성동구,공사업,전문,상지이앤씨(주),노현상,4780,"서울특별시 성동구 성수이로7길 27  (성수동2가) 206,207호",02-409-9144
832,서울,성동구,공사업,전문,(주)한국에너지시스템,최석관,4790,"서울특별시 성동구 성수일로 99 , 909호(성수동1가, 서울의숲 에이케이밸리)",02-2243-1830
833,서울,성동구,공사업,전문,(주)주한이엔씨,송혜숙,4808,"서울특별시 성동구 자동차시장1길 85 , 702호(용답동, 제이에스빌딩)",02-2068-5344
834,서울,성동구,공사업,전문,(주)유지전기공사,유용태,4775,서울특별시 성동구 성덕정15길 13-1 (성수동2가),02-462-0901
835,서울,성동구,공사업,일반(전기),(주)일민전력,김순기,4791,서울특별시 성동구 상원길 66 2층,02-467-3344
836,서울,성동구,공사업,전문,(주)신화티앤에스,이용철,4794,서울특별시 성동구 성수이로 119 (성수동2가),02-499-4835
837,서울,성동구,공사업,전문,한광전기공업 주식회사,유기현,4783,"서울특별시 성동구 아차산로 144 , 402호(성수동2가, 우영테크노센터)",02-462-3731
838,서울,성동구,공사업,전문,(주)석영전력,표영석,4705,"서울특별시 성동구 청계천로12다길 4 , 1층(마장동)",02-2294-6755
839,서울,성동구,공사업,전문,주식회사 삼민테크,민병규,4780,서울특별시 성동구 성수일로 10 (성수동1가) 서울숲itct 지식산업센터 B213호,02-919-9041
840,서울,성동구,공사업,전문,주식회사 등전이엔지,김영승,4708,"서울특별시 성동구 무학로8길 35 , 1층 (홍익동)",02-2299-3111
841,서울,성동구,공사업,전문,금문테크(주),최민성,4718,"서울특별시 성동구 금호로 70 , 지엔지 빌딩(금호동1가)",02-543-8115
842,서울,성동구,공사업,전문,주식회사 윈피앤에스,이문석,4798,"서울특별시 성동구 아차산로15길 19 (성수동2가,우리W타워)",02-460-3065
843,서울,성동구,공사업,전문,이소이엔씨 주식회사,강지수,4709,"서울특별시 성동구 고산자로 269 , 815호(도선동, 신한넥스텔)",02-2299-0777
844,서울,성동구,공사업,전문,이레비앤디 주식회사,"김옥화,권정문",4799,"서울특별시 성동구 아차산로17길 49 , 1708호(성수동2가, 성수더블유센터 데시앙플렉스)",02-588-9097
845,서울,성동구,공사업,전문,(주)이레에너지테크,강래원,4781,"서울특별시 성동구 성수이로 51 , 606호(성수동2가, 서울숲한라시그마밸리)",02-407-2332
846,서울,성동구,공사업,전문,FDT엔지니어링(주),경규황,4707,서울특별시 성동구 무학로8길 15 (홍익동),070-4415-2545
847,서울,성동구,공사업,일반(전기),주식회사 라인전기,이호동,4795,"서울특별시 성동구 광나루로 238 , 3층(성수동2가, 예광빌딩)",02-6462-0080
848,서울,성동구,공사업,전문,(주)기장엔지니어링,윤태식,4756,"서울특별시 성동구 마장로 331 , 5층(마장동, 태상빌딩)",02-467-2555
849,서울,성동구,공사업,전문,(주)동행안전,"조보연,조완교",4801,"서울특별시 성동구 동일로 191 , 402호(송정동, 동창빌딩)",02-3432-3800
850,서울,성동구,공사업,전문,(주)성수전기이엔씨,조관영,4797,"서울특별시 성동구 성수이로 118 , 9층 923호(성수동2가, 성수아카데미타워)",02-558-1386
851,서울,성동구,공사업,전문,주식회사 두레소방,강순희,4759,"서울특별시 성동구 마조로 71 , 1층(마장동)",02-499-4119
852,서울,성동구,공사업,전문,(주)코세프,이수정,4797,"서울특별시 성동구 성수이로 118 , 1323호(성수동2가, 성수아카데미타워)",02-2039-1190
853,서울,성동구,공사업,전문,엘에스씨 주식회사,"변경목,강훈",4799,"서울특별시 성동구 아차산로17길 48 , 15층 1512호, 1513호, 1514호(성수동2가, 성수에스케이브이원센터1)",02-462-7141
854,서울,성동구,공사업,전문,(주)임광기전,김건화,4708,서울특별시 성동구 무학로8길 21 (홍익동),02-2296-3111
855,서울,성동구,공사업,전문,(주)한빛파워,선봉수,4780,"서울특별시 성동구 성수이로7길 27 , 601호(성수동2가, 서울숲코오롱디지털타워2차)",02-2117-0150
856,서울,성동구,공사업,전문,주식회사 코너스,김동오,4779,"서울특별시 성동구 상원1길 26 , 806호(성수동1가)",02-518-1047
857,서울,성북구,공사업,전문,건양전기(주),홍순문,2857,서울특별시 성북구 안암동4가 41-11 호,02-926-1720
858,서울,성북구,공사업,전문,(주)상지일렉스,정원상,2769,"서울특별시 성북구 화랑로19길 77-8 , 2층(장위동)",02-2277-8923
859,서울,성북구,공사업,전문,(주)장수플랜트,한병용,2791,"서울특별시 성북구 화랑로 186 , 5층(석관동, 수정빌딩)",02-957-8805
860,서울,성북구,공사업,전문,(주)한진트래픽,정호택,2711,서울특별시 성북구 보국문로20길 23  (정릉동) 2층,02-906-8730
861,서울,성북구,공사업,전문,(주)주암전기통신,오용철,2790,"서울특별시 성북구 화랑로24길 9-11 , (석관동, 338-626)",02-963-1192
862,서울,성북구,공사업,전문,(주)지정이앤씨,박동진,2803,"서울특별시 성북구 종암로21길 81 , 성은빌딩 4층(종암동)",02-403-0336
863,서울,성북구,공사업,전문,(주)피스코이엔씨,조기현,2800,"서울특별시 성북구 월곡로 7 , 2층 (종암동)",02-922-9404
864,서울,성북구,공사업,전문,(주)동방에스앤에스,정재훈,2880,서울특별시 성북구 성북로7길 8  (성북동1가) ,02-743-4554
865,서울,성북구,공사업,전문,(주)통광,박용준,2852,서울특별시 성북구 보문로 82-3  (보문동4가) ,02-929-6031
866,서울,성북구,공사업,전문,한설건업(주),이찬희,2782,"서울특별시 성북구 한천로76길 56 , 4층(석관동)",02-2633-7216
867,서울,성북구,공사업,일반(기계),진성엔지니어링,조준열,2785,서울특별시 성북구 돌곶이로8길 51  (석관동) 2층,02-967-3357
868,서울,성북구,공사업,전문,(주)중부전기건설,조중건,2788,"서울특별시 성북구 돌곶이로9길 14 , 1층 104호(석관동)",02-757-7704
869,서울,성북구,공사업,전문,(주)고덕종합건설,"김진영,나기선",2829,서울특별시 성북구 동소문로 125  (동선동4가) 14층,02-766-0576
870,서울,성북구,공사업,전문,오성방재공영(주),이충희,2747,서울특별시 성북구 장월로 49  (장위동) ,02-909-5182
871,서울,성북구,공사업,전문,육일전력(주),박봉기,2872,서울특별시 성북구 지봉로24길 12  (보문동2가) ,02-926-8804
872,서울,성북구,공사업,전문,주식회사 보미건설,김종배,2830,서울특별시 성북구 동소문로 89 (동소문동6가),02-2657-4400
873,서울,성북구,공사업,전문,거산공영개발 주식회사,엄재룡,2796,"서울특별시 성북구 종암로 18 (종암동,거산프라자)",02-941-1235
874,서울,성북구,공사업,전문,일성설비(주),김형기,2800,서울특별시 성북구 월곡로 27 (종암동),02-913-5954
875,서울,성북구,공사업,일반(전기),한국전기개발공사,이승호,2758,"서울특별시 성북구 한천로101길 59 (장위동, 1층에이-8)",
876,서울,성북구,공사업,전문,주식회사 뉴타운전력,박형우,2716,"서울특별시 성북구 서경로9가길 9 , B02호 (정릉동, 스마트하우스)",02-923-5434
877,서울,성북구,공사업,일반(기계),주식회사 도우이엔지,송성호,2830,"서울특별시 성북구 아리랑로 25 , 201호(동소문동6가)",02-921-9221
878,서울,성북구,공사업,전문,주식회사 디씨엠전력,강승우,2701,"서울특별시 성북구 보국문로30길 12 , 주건축물 제2동 101호(정릉동)",02-908-8737
879,서울,성북구,공사업,전문,주식회사 경일시스템,장종운,2791,서울특별시 성북구 화랑로18길 25-25 (상월곡동),02-969-7191
880,서울,성북구,공사업,전문,주식회사 정현씨앤이,박종범,2759,"서울특별시 성북구 장월로41길 61 , 2층(장위동)",02-941-6282
881,서울,성북구,공사업,전문,세빈테크(주),박재영,2711,"서울특별시 성북구 보국문로20길 23 , 2층(정릉동)",02-822-4381
882,서울,성북구,공사업,전문,주식회사 의성테크,정정길,2827,"서울특별시 성북구 아리랑로6가길 17 , 2층(동선동5가, 수호빌딩)",02-929-3336
883,서울,성북구,공사업,일반(전기),주식회사 디에이치파워텍,김대흥,2752,"서울특별시 성북구 화랑로15가길 29 , 지하1층(상월곡동)",02-943-7942
884,서울,송파구,공사업,일반(전기),동원전력(주),임철호,5809,서울특별시 송파구 송이로36길 56  (문정동) ,02-454-5519
885,서울,송파구,공사업,전문,(주)로고스인더스트리어,이영석,5694,"서울특별시 송파구 가락로 20 , 401호(석촌동)",02-425-3413
886,서울,송파구,공사업,전문,(주)한국소방,이종은,5578,"서울특별시 송파구 백제고분로20길 1-14 , 301호(잠실동)",02-539-2119
887,서울,송파구,공사업,전문,(주)미주전통,장원식,5638,"서울특별시 송파구 위례성대로18길 9 , 201호(방이동)",02-413-4101
888,서울,송파구,공사업,전문,(주)경성엠이씨,박용표,5836,"서울특별시 송파구 법원로11길 11 ,비동 301호(문정동, 문정현대지식산업센터1)",02-3400-0415
889,서울,송파구,공사업,전문,(주)세양전기,김형재,5702,"서울특별시 송파구 중대로23길 15  201호(가락동,영진빌딩)",02-409-2480
890,서울,송파구,공사업,전문,삼중테크(주),최종완,5854,"서울특별시 송파구 법원로 128 , 에이동 15층(문정동, 에스케이메트로시티)",02-3468-2355
891,서울,송파구,공사업,전문,(주)화인메컨,"허용주,백문길",5854,"서울특별시 송파구 법원로 114 ,에이동 901호(문정동,엠스테이트)",02-547-4471
892,서울,송파구,공사업,전문,주식회사 정도,"이상일,이상천",5574,서울특별시 송파구 도곡로 454  (잠실동) ,02-2143-4200
893,서울,송파구,공사업,전문,세종엔지니어링(주),"김평용,김중동",5623,"서울특별시 송파구 석촌호수로 268 , 4층 409호(송파동, 경남레이크파크)",02-422-7813
894,서울,송파구,공사업,전문,주식회사 시스텍이앤씨,"전진우,김희준,임남현",5547,서울특별시 송파구 올림픽로32길 21-9  (방이동) ,02-419-1474
895,서울,송파구,공사업,전문,(주)불꽃,김재윤,5663,서울특별시 송파구 가락로31길 30  (송파동) 라온채 201호,02-478-3874
896,서울,송파구,공사업,전문,윤창기공(주),"김경규,백정준",5622,서울특별시 송파구 백제고분로41길 30 (송파동),02-2215-9971
897,서울,송파구,공사업,전문,(주)건국방재엔지니어링,임완재,5839,서울특별시 송파구 충민로 52  (문정동) B동 502호,02-461-6900
898,서울,송파구,공사업,전문,(주)영풍전력설비,심문수,5836,"서울특별시 송파구 법원로 127 , 920호(문정동, 문정대명벨리온)",02-574-5654
899,서울,송파구,공사업,전문,(주)통해,전용일,5854,"서울특별시 송파구 법원로 128 , 씨동 911호(문정동, 문정에스케이브이1 지엘메트로시티)",02-2043-8111
900,서울,송파구,공사업,전문,주식회사 드림이앤에프,박완종,5646,서울특별시 송파구 오금로29길 12  (방이동) ,02-420-1114
901,서울,송파구,공사업,전문,유니넷텍(주),김한호,5854,"서울특별시 송파구 송파대로 201 , 제에이동 제6층 제에이-616호,617호(문정동, 송파테라타워2)",02-881-5200
902,서울,송파구,공사업,전문,서종이앤티(주),한영도,5634,"서울특별시 송파구 오금로27길 47 , 101호(방이동, 130-17)",02-418-5534
903,서울,송파구,공사업,전문,삼보건축설비(주),"박관희,박행섭",5839,"서울특별시 송파구 충민로 52 , 4층 에스407호(문정동, 가든파이브웍스)",02-421-6651
904,서울,송파구,공사업,전문,대호방재(주),이순규,5724,서울특별시 송파구 중대로38길 12  (오금동) 301호,02-409-5401
905,서울,송파구,공사업,전문,서전엔지니어링(주),유경하,5854,"서울특별시 송파구 법원로 128 , A동 1206, 1207호(문정동, SK V1 GL 메트로시티)",02-557-0793
906,서울,송파구,공사업,전문,선학건설(주),임선희,5629,"서울특별시 송파구 위례성대로8길 21  (방이동, 파크하우스2) B 01호",02-424-4551
907,서울,송파구,공사업,일반(기계),(주)유창기연,마남현,5604,서울특별시 송파구 백제고분로27길 6  (삼전동) 3층,02-414-6633
908,서울,송파구,공사업,전문,(주)비앤에이치테크피아,변형오,5702,서울특별시 송파구 송이로17길 54-28  (가락동) 2층,02-402-7991
909,서울,송파구,공사업,전문,(주)아세아방재,나판주,5531,"서울특별시 송파구 풍성로26길 33 , 2층(풍납동, 신화빌딩)",02-422-1191
910,서울,송파구,공사업,전문,승림이앤씨(주),"박기철,서권형",5586,"서울특별시 송파구 삼학사로11길 7 201호(삼전동, 광진빌딩)",02-406-3380
911,서울,송파구,공사업,전문,(주)한국전설엔지니어링,허만일,5668,"서울특별시 송파구 가락로21길 11 , 201호(송파동, 한일빌딩)",02-2202-4457
912,서울,송파구,공사업,전문,진양에프엔에스(주),홍순선,5672,"서울특별시 송파구 송이로 23 , 2층 (송파동, 효재빌딩)",02-431-0730
913,서울,송파구,공사업,전문,(주)성림전설,박상동,5837,"서울특별시 송파구 송파대로 111 , 201동 1520호(문정동, 파크하비오)",02-400-4688
914,서울,송파구,공사업,전문,(주)명신화이어이엔지,김일규,5803,서울특별시 송파구 동남로4길 35  (문정동) ,02-406-3119
915,서울,송파구,공사업,전문,(주)태경씨앤씨,남기봉,5822,서울특별시 송파구 중대로 188  (가락동) 302호,02-3401-9765
916,서울,송파구,공사업,전문,(주)세기티엔씨,박종일,5836,"서울특별시 송파구 법원로9길 26 , 디동 1510호(문정동, 에이치비지니스파크)",02-556-6815
917,서울,송파구,공사업,전문,우선이엔씨(주),김광수,5561,"서울특별시 송파구 백제고분로 75 301,302호(잠실동,올림피아빌딩)",02-419-8104
918,서울,송파구,공사업,전문,세세건설(주),윤현규,5838,"서울특별시 송파구 충민로 66 , 엘-8128호(문정동, 가든파이브라이프)",02-400-2360
919,서울,송파구,공사업,전문,하우텍씨엔알건설(주),하동규,5653,"서울특별시 송파구 위례성대로22길 16 , 3층(오금동)",02-3446-4851
920,서울,송파구,공사업,전문,대원전력(주),조현수,5610,서울특별시 송파구 석촌호수로20길 10  (석촌동) ,02-423-8600
921,서울,송파구,공사업,전문,(주)신영에프씨,김남호,5840,"서울특별시 송파구 충민로 10 , 툴동 2층 에이28호(문정동, 가든파이브)",02-430-3624
922,서울,송파구,공사업,전문,(주)정웅기업,심중경,5610,"서울특별시 송파구 석촌호수로18길 7 , 201, 202호(석촌동, 수정빌딩)",02-933-4376
923,서울,송파구,공사업,전문,(주)선진콘트롤엔엑세스,"신종수,유기홍",5840,"서울특별시 송파구 충민로 10 , 9층 S-28, 29호(문정동)",02-408-8778
924,서울,송파구,공사업,전문,(주)동성이앤씨원,김철술,5692,"서울특별시 송파구 삼학사로 30 ,5층 (석촌동,크레송빌딩)",02-423-8927
925,서울,송파구,공사업,일반(전기),(주)녹천전기,유인춘,5692,서울특별시 송파구 삼학사로 26  (석촌동) 3층,02-2203-4672
926,서울,송파구,공사업,전문,(주)티에이치전력,이종수,5802,서울특별시 송파구 새말로 153  (문정동) 502호,02-430-9707
927,서울,송파구,공사업,전문,원전종합건설(주),"김창기,김남균",5829,서울특별시 송파구 중대로 130 (가락동),02-3401-5333
928,서울,송파구,공사업,전문,경도이엔지 주식회사,김홍열,5600,"서울특별시 송파구 삼전로12길 10 , 402호(삼전동)",02-425-4455
929,서울,송파구,공사업,전문,신신이앤씨 주식회사,"하상청,하대청",5855,"서울특별시 송파구 송파대로 167 , 에이동 516호(문정동, 테라타워)",02-479-1241
930,서울,송파구,공사업,전문,(주)연일전력,최희성,5621,서울특별시 송파구 백제고분로41길 12-11  (송파동) 1층,02-3432-2451
931,서울,송파구,공사업,전문,(주)원우기계설비,국삼배,5517,서울특별시 송파구 풍성로15길 42  (풍납동) 1층,02-470-6401
932,서울,송파구,공사업,전문,대영이앤디(주),박준철,5854,"서울특별시 송파구 법원로 114 , 비동 905호, 906호(문정동, 엠스테이트)",02-553-8900
933,서울,송파구,공사업,전문,성보건설산업(주),"피영길,피정운",5854,"서울특별시 송파구 법원로 114 , 에이동 15층(문정동, 엠스테이트)",02-539-1501
934,서울,송파구,공사업,전문,(주)리더스방재,김진학,5520,서울특별시 송파구 풍성로 75  (풍납동) 2층,02-2202-7119
935,서울,송파구,공사업,전문,(주)한양강업,조태봉,5831,서울특별시 송파구 중대로10길 40-25 (가락동),02-443-8507
936,서울,송파구,공사업,전문,보고건설(주),이순재,5566,"서울특별시 송파구 백제고분로19길 26-29 , 지하1층 101호(잠실동)",02-424-1477
937,서울,송파구,공사업,전문,(주)나래기전,박민종,5854,"서울특별시 송파구 송파대로 201 B동 822호(문정동 , 테라타워2)",02-484-0172
938,서울,송파구,공사업,전문,알티엘산업(주),이근태,5719,"서울특별시 송파구 송파대로 260 , 716호(가락동, 제일오피스텔)",02-401-2260
939,서울,송파구,공사업,전문,(주)명신기공,"박수학,방기복",5838,"서울특별시 송파구 충민로 66 , 7091호, 7092호, 7093호, 7073호(문정동, 가든파이브라이프 테크노관)",02-421-1392
940,서울,송파구,공사업,전문,(주)명신소방건설,김효진,5625,서울특별시 송파구 백제고분로41길 25 (송파동) 3층,02-425-0119
941,서울,송파구,공사업,전문,(주)진우방재,박진선,5838,"서울특별시 송파구 충민로 66 ,영관 8071호(문정동,가든파이브라이프)",02-566-2700
942,서울,송파구,공사업,전문,쌍용건설(주),김인수,5510,서울특별시 송파구 올림픽로 299  (신천동) ,02-3433-7318
943,서울,송파구,공사업,전문,(주)세영이앤지,박영균,5836,"서울특별시 송파구 법원로9길 26 , 씨-607,608호(문정동)",02-425-7071
944,서울,송파구,공사업,전문,세일기계설비(주),"김성식,김정석",5719,"서울특별시 송파구 중대로 105 , 703호(가락동, 가락아이디타워)",02-455-6101
945,서울,송파구,공사업,전문,에이치엘디앤아이한라 주식회사,홍석화,5510,서울특별시 송파구 올림픽로 289 (신천동),02-3434-5470
946,서울,송파구,공사업,전문,천우기술(주),이영인,5639,서울특별시 송파구 위례성대로16길 25  (방이동) 와조빌딩 5층,02-425-2393
947,서울,송파구,공사업,전문,(주)대용와트스,남상태,5855,"서울특별시 송파구 송파대로 167 ,에이동 408호(문정동,문정역테라타워)",02-867-1500
948,서울,송파구,공사업,전문,대원일렉콘(주),박윤섭,5694,"서울특별시 송파구 가락로 20 (석촌동,2층)",02-420-6464
949,서울,송파구,공사업,전문,(주)휴텍엔지니어링,유경종,5798,"서울특별시 송파구 송이로31길 4-9 , 2층(문정동)",02-443-2448
950,서울,송파구,공사업,전문,유엔아이건설(주),이성환,5855,"서울특별시 송파구 법원로6길 7 , 407호(문정동, 송파유탑테크밸리)",02-902-0805
951,서울,송파구,공사업,전문,(주)한국화재안전기술,권순평,5708,서울특별시 송파구 송이로14길 22 (가락동) 4층,02-452-8119
952,서울,송파구,공사업,일반(전기),금화소방기술단,"김현확,윤혜진",5806,"서울특별시 송파구 문정로 19 , 2층 202호(문정동, 프라도빌딩)",02-6925-1099
953,서울,송파구,공사업,전문,주식회사 에스에이치한성소방,이승헌,5543,"서울특별시 송파구 올림픽로 362 , 6층 603호(방이동)",02-431-3833
954,서울,송파구,공사업,전문,주식회사 파이런텍,이병길,5854,"서울특별시 송파구 송파대로 201 , 비동 13층 1301호(문정동, 송파테라타워2)",02-407-3488
955,서울,송파구,공사업,전문,주식회사 한빛이엔지,이근태,5756,"서울특별시 송파구 마천로45길 7 , 2층 202호(마천동, 안진빌딩)",070-8889-2651
956,서울,송파구,공사업,전문,(주)엠브이피소방,진형주,5840,"서울특별시 송파구 충민로 10 , 툴관동 3층 씨-19,20,29,30호(문정동,가든파이브툴)",02-407-4119
957,서울,송파구,공사업,전문,주식회사 다온이앤씨,"김영철,김진향",5578,"서울특별시 송파구 삼전로 37 , 401호(잠실동)",02-418-2700
958,서울,송파구,공사업,전문,주식회사 대신공영,김양기,5726,"서울특별시 송파구 동남로23길 49-1 , 3층(오금동, 에테르눔빌딩)",02-402-4088
959,서울,송파구,공사업,전문,(주)진인프라,김성용,5697,"서울특별시 송파구 가락로16길 3-20 , 진인프라빌딩(석촌동)",02-330-3900
960,서울,송파구,공사업,전문,한국전기안전써비스 주식회사,"이병재,고임석",5706,서울특별시 송파구 오금로36길 60 (가락동),02-449-0771
961,서울,송파구,공사업,전문,(주)수방재시스템,이승훈,5597,"서울특별시 송파구 삼학사로1길 26-1 , 202호(삼전동)",02-418-1190
962,서울,송파구,공사업,전문,(주)한백에프앤씨,박종아,5782,서울특별시 송파구 동남로20길 32 (가락동),02-404-4119
963,서울,송파구,공사업,전문,(주)범강기연,김영기,5634,"서울특별시 송파구 가락로 252 , 4층(방이동, 한교빌딩)",02-423-0982
964,서울,송파구,공사업,전문,(주)에이이엠이앤지,정재용,5854,"서울특별시 송파구 법원로 128 , 에스케이 브이원 지엘메트로시티 에이동 1302호(문정동)",02-3402-0090
965,서울,송파구,공사업,전문,(주)유셀네트웍스,김구동,5854,"서울특별시 송파구 송파대로 201 , 비동 1705호, 1706호(문정동, 송파테라타워2)",02-3412-6200
966,서울,송파구,공사업,전문,주식회사 유경전기,류난희,5836,"서울특별시 송파구 법원로11길 7 , 814호 (문정동)",02-415-2600
967,서울,송파구,공사업,일반(전기),(주)이루미나,박민서,5703,"서울특별시 송파구 중대로 205 , 201호(가락동, 현성빌딩)",02-408-0482
968,서울,송파구,공사업,전문,주식회사 신성전자통신,"전용한,전용인",5854,"서울특별시 송파구 송파대로 201 , 에이동 1206호(문정동, 송파테라타워2)",02-2272-2222
969,서울,송파구,공사업,전문,주식회사 미미엔지니어링,김진희,5601,"서울특별시 송파구 백제고분로29길 29 , 102호(삼전동)",02-587-7948
970,서울,송파구,공사업,전문,주식회사 마글론이에프씨,김광석,5855,"서울특별시 송파구 법원로 90 , 705호(문정동)",02-3662-0911
971,서울,송파구,공사업,전문,(주)일일구마스터방재,선영희,5800,"서울특별시 송파구 새말로 171 ,2층 205호(문정동, 동양빌딩)",02-414-9110
972,서울,송파구,공사업,전문,주식회사 삼원방재산업,이민호,5839,"서울특별시 송파구 충민로 52 , 에이207호(문정동, 가든파이브웍스)",02-2057-4119
973,서울,송파구,공사업,전문,(주)오에스엘이엔지,한수진,5836,"서울특별시 송파구 법원로11길 11 , 비동 404호,405호,406호(문정동, 현대지식산업센터1-1)",02-2148-6800
974,서울,송파구,공사업,전문,(주)세방테크,"강치성,박계석",5854,"서울특별시 송파구 법원로 128 , 에이동 1201, 1202, 1203호(문정동, 에스케이브이원지엘메트로시티)",02-579-5551
975,서울,송파구,공사업,전문,주식회사 제이디엠테크,이우형,5679,"서울특별시 송파구 삼학사로 42 , 3층(석촌동)",02-529-0977
976,서울,송파구,공사업,전문,(주)정림,정욱성,5616,"서울특별시 송파구 백제고분로39길 8 , 2층 201호(석촌동)",02-3431-8987
977,서울,송파구,공사업,전문,주식회사 모빌텍,"오세좌,오진숙",5833,"서울특별시 송파구 송파대로27길 26 , 4층(문정동, 문정동부교회)",02-414-1110
978,서울,송파구,공사업,전문,주식회사 주원이에프아이,김종일,5702,"서울특별시 송파구 중대로 215 , 402호(가락동)",02-401-5504
979,서울,송파구,공사업,전문,한길소방이엔씨,임영모,5722,"서울특별시 송파구 마천로 165 , 3층(오금동)",02-401-5119
980,서울,송파구,공사업,전문,홍문종합건설 주식회사,"진성동,김장수,신형철",5702,"서울특별시 송파구 오금로36길 15 , 2층(가락동, 신영빌딩)",02-322-4440
981,서울,송파구,공사업,전문,주식회사 케이비이앤씨,고병길,5822,"서울특별시 송파구 중대로 188 , 305호(가락동, 인성빌딩)",02-3401-9707
982,서울,송파구,공사업,전문,주식회사 광우엔지니어링,홍석호,5836,"서울특별시 송파구 법원로11길 7 , 씨동 908호(문정동, 문정현대지식산업센터1)",02-408-6877
983,서울,송파구,공사업,전문,(주)동일인테리어,정종희,5586,"서울특별시 송파구 삼학사로 35 , 3,4,5,6,7층(삼전동, 디아이빌딩)",02-547-4081
984,서울,송파구,공사업,전문,주식회사 엠에이치이엔지,이미란,5835,"서울특별시 송파구 정의로7길 13 , 1322호(문정동, 힐스테이트에코송파오피스)",02-449-5250
985,서울,송파구,공사업,일반(전기),주식회사 기산텔레콤,박병기,5548,"서울특별시 송파구 오금로 111 (방이동, 세기빌딩)",02-3433-8200
986,서울,송파구,공사업,전문,재암산업 주식회사,오태영,5510,"서울특별시 송파구 올림픽로35가길 10 , 에이동 502호(신천동, 잠실더샵스타파크)",02-3431-0146
987,서울,송파구,공사업,전문,주식회사 아람이앤에스,권기환,5854,"서울특별시 송파구 송파대로 201 , 비동 1624호(문정동, 테라타워2)",02-3448-0045
988,서울,송파구,공사업,일반(전기),주식회사 대운전력개발,"장호운,김수미",5738,"서울특별시 송파구 마천로 206 , 302호-비(오금동)",02-400-9131
989,서울,송파구,공사업,전문,주식회사 케이방재,나주현,5723,서울특별시 송파구 마천로 149 (오금동),02-449-0119
990,서울,송파구,공사업,일반(기계),에이치플러스에코(주),허자홍,5610,"서울특별시 송파구 석촌호수로 222 , 6층(석촌동, 제이타워)",1600-5072
991,서울,송파구,공사업,전문,(주)정안디엔씨,이학용,5855,"서울특별시 송파구 송파대로 167 , A동 14층 A1415호(문정동, 문정역테라타워)",02-557-3161
992,서울,송파구,공사업,전문,주식회사 가경코스모,조문희,5814,"서울특별시 송파구 위례순환로 478 , 201호-206호(장지동, 센트라포레)",02-430-1301
993,서울,송파구,공사업,전문,유니슨이앤씨 주식회사,최경호,5636,"서울특별시 송파구 가락로42길 15-31 , 지층2호(방이동)",02-416-5266
994,서울,송파구,공사업,전문,(주)남일기업,이범석,5719,"서울특별시 송파구 송파대로30길 16 , 306호(가락동, 송파가락두산위브센티움)",02-430-1676
995,서울,송파구,공사업,전문,주식회사 아이피이시,박진수,5839,"서울특별시 송파구 충민로 52 , 가든파이브웍스 비동 701호(문정동)",02-402-3888
996,서울,송파구,공사업,전문,(주)진명파워택,이명규,5827,"서울특별시 송파구 송이로27길 5 , 1층 104호(가락동)",02-454-7700
997,서울,송파구,공사업,전문,(주)덕우이앤씨,김영순,5751,"서울특별시 송파구 마천로51길 23 , 6층(마천동)",02-423-2378
998,서울,송파구,공사업,전문,건담종합건설 주식회사,김미자,5854,"서울특별시 송파구 법원로 128 , 에이동 1411호(문정동, 문정에스케이브이원지엘메트로시티)",02-401-2088
999,서울,양천구,공사업,전문,풍성건설(주),임명환,8003,서울특별시 양천구 목동서로 250 (목동),02-2647-9001
1000,서울,양천구,공사업,전문,동승엔지니어링(주),송창훈,8019,서울특별시 양천구 중앙로 312  (신정동) ,02-2696-2107
1001,서울,양천구,공사업,일반(전기),일무이앤지 주식회사,김성경,8022,서울특별시 양천구 목동로19길 13  (신정동) ,02-2695-9912
1002,서울,양천구,공사업,전문,(주)신흥이엔지,채종근,7939,"서울특별시 양천구 신정중앙로 11 , 1층 1호(신정동)",02-2601-5158
1003,서울,양천구,공사업,전문,(주)삼영이엔씨,이은우,8028,서울특별시 양천구 월정로 22  (신월동) 302호,02-2607-0315
1004,서울,양천구,공사업,전문,(주)원진건설산업,이철선,8023,서울특별시 양천구 목동로9길 3  (신정동) 원진빌딩,02-333-1678
1005,서울,양천구,공사업,전문,류동전력(주),류동희,8030,"서울특별시 양천구 남부순환로75길 38 201호(신월동,엘리시안)",02-2692-9035
1006,서울,양천구,공사업,전문,서울전력(주),송학종,7900,서울특별시 양천구 화곡로 41  (신월동) 303호,02-2604-6686
1007,서울,양천구,공사업,전문,(주)유강이엔씨,조천식,8015,서울특별시 양천구 신목로 58-10  (신정동) 3층,02-2643-2007
1008,서울,양천구,공사업,전문,유일티엔에스(주),김인주,8032,서울특별시 양천구 신월로 147  (신월동) 3층,02-2699-3119
1009,서울,양천구,공사업,전문,대현소방건설(주),최진호,8032,서울특별시 양천구 남부순환로 571  (신월동) 영남타운 507호,02-2601-6461
1010,서울,양천구,공사업,전문,(주)동우이에프씨,이동술,8023,서울특별시 양천구 목동로11길 6 3층(신정동 1004-7),02-2602-8983
1011,서울,양천구,공사업,전문,에이원엠엔씨(주),김성규,7938,서울특별시 양천구 신정중앙로 73 (신정동)2층,02-2698-6348
1012,서울,양천구,공사업,전문,한강소방 주식회사,석병곤,8025,서울특별시 양천구 중앙로46길 47 (신정동 959-20),02-2606-1214
1013,서울,양천구,공사업,일반(기계),메인테크플랜트(주),송달순,7997,"서울특별시 양천구 목동동로 293 2801호(목동,현대41타워)",02-2168-3341
1014,서울,양천구,공사업,전문,(주)호성기건,김만섭,8085,서울특별시 양천구 중앙로36길 42 (신정동),02-2655-2525
1015,서울,양천구,공사업,전문,청목이앤아이(주),"김석후,김희경",7958,"서울특별시 양천구 목동중앙남로5길 16 , 2층(목동)",02-833-6789
1016,서울,양천구,공사업,전문,(주)장복이엔씨,정연복,7971,"서울특별시 양천구 목동중앙북로18길 30 , 101호(목동, 장복힐하우스)",02-2652-0986
1017,서울,양천구,공사업,전문,주식회사 지평방재,박경원,8052,"서울특별시 양천구 신정로11길 63 , 상가동 203호(신정동, 푸른마을3단지아파트)",02-2681-3119
1018,서울,양천구,공사업,전문,주식회사 고려방재,하균홍,8086,"서울특별시 양천구 은행정로 5 , 208호(신정동)",02-2635-2119
1019,서울,양천구,공사업,전문,유림기계설비 주식회사,정수원,7925,서울특별시 양천구 곰달래로14길 15 (신월동),02-2690-8570
1020,서울,양천구,공사업,전문,유원방재 주식회사,박찬희,7975,"서울특별시 양천구 목동중앙본로18길 14 , 지층(목동, 선진타워)",02-2648-8065
1021,서울,양천구,공사업,전문,(주)지엘플랜트,한동희,8044,"서울특별시 양천구 신월로 111 , 302호(신월동, 현대빌딩)",02-2698-5515
1022,서울,양천구,공사업,전문,(주)엑사파이어,박경희,8026,"서울특별시 양천구 오목로32길 20 ,201호(신정동, 금덕빌딩)",02-2039-5583
1023,서울,양천구,공사업,일반(전기),주식회사 평산이엔지,최문옥,7967,"서울특별시 양천구 목동중앙서로8길 23 , 2층(목동)",02-841-5504
1024,서울,양천구,공사업,일반(기계),태광,최미경,7955,서울특별시 양천구 목동중앙남로14길 11 (목동),02-2653-7080
1025,서울,양천구,공사업,전문,주식회사 태석이엔씨,엄재용,8034,"서울특별시 양천구 지양로 86 , 106호(신월동)",02-2065-3140
1026,서울,양천구,공사업,전문,(주)세이프방재,황경선,7946,"서울특별시 양천구 등촌로 220 , 4층 418호(목동)",070-8287-2320
1027,서울,양천구,공사업,전문,씨제이설비(주),김재용,7933,"서울특별시 양천구 중앙로51길 6 , 2층(신월동)",02-6213-3152
1028,서울,양천구,공사업,전문,주식회사 반석기술안전,이영진,8041,"서울특별시 양천구 남부순환로74길 2 , 301호(신월동)",02-2699-7119
1029,서울,양천구,공사업,전문,주식회사 로터스전력,전우식,7975,"서울특별시 양천구 목동중앙본로 60 , 비1호(목동)",02-2643-1448
1030,서울,영등포구,공사업,전문,(주)대한진호산업,최창호,7252,서울특별시 영등포구 영등포로53길 11-1  (영등포동2가) 덕영빌딩 401호,02-2068-4119
1031,서울,영등포구,공사업,전문,양우건설(주),"고문철,고광정",7251,서울특별시 영등포구 영등포로35길 10  (영등포동6가) ,02-2679-5200
1032,서울,영등포구,공사업,전문,(주)주광전기,이승훈,7299,서울특별시 영등포구 경인로 775  (문래동3가) 2-1104,02-3439-2800
1033,서울,영등포구,공사업,전문,진화전기(주),문충모,7270,서울특별시 영등포구 양산로 43  (양평동3가) 11층 1107호,02-2164-9003
1034,서울,영등포구,공사업,전문,(주)내일에너지,백중철,7295,서울특별시 영등포구 문래로 98  (문래동3가) ,02-2633-7010
1035,서울,영등포구,공사업,전문,(주)동아종합전력,민정기,7238,"서울특별시 영등포구 국회대로72길 5 , 401(여의도동, 여의도플렉시움)",02-563-9688
1036,서울,영등포구,공사업,전문,동남아전설(주),박형규,7295,서울특별시 영등포구 문래로 98  (문래동3가) 304호,02-2633-0257
1037,서울,영등포구,공사업,전문,(주)윤익계전,안용준,7266,서울특별시 영등포구 당산로10길 12  (당산동1가) ,02-2636-9230
1038,서울,영등포구,공사업,전문,(주)효산이엔지,서영종,7217,서울특별시 영등포구 당산로 171  (당산동4가) 503호,02-736-5367
1039,서울,영등포구,공사업,전문,(주)한화63시티,조현호,7345,서울특별시 영등포구 63로 50  (여의도동) ,02-789-6516
1040,서울,영등포구,공사업,전문,(주)나노전설,김관섭,7401,"서울특별시 영등포구 대림로 198 , 203호(대림동, 대경빌딩)",02-835-3113
1041,서울,영등포구,공사업,전문,동문건설(주),"이상주,경주선",7333,서울특별시 영등포구 의사당대로1길 25 (여의도동),02-2239-1075
1042,서울,영등포구,공사업,전문,남성기전(주),최전남,7333,서울특별시 영등포구 여의대방로69길 7  (여의도동) ,02-784-3881
1043,서울,영등포구,공사업,전문,(주)노하우전기통신,임창배,7271,"서울특별시 영등포구 양산로 53 , 408호(양평동3가, 월드메르디앙비즈센터)",02-701-6290
1044,서울,영등포구,공사업,전문,한솔방재(주),박경환,7413,"서울특별시 영등포구 대림로 179 (대림동, 대림빌딩 3층 303호)",02-884-9110
1045,서울,영등포구,공사업,일반(전기),(주)넥선,박민호,7238,"서울특별시 영등포구 국회대로72길 22 802호 (여의도동, 가든빌딩)",02-785-8707
1046,서울,영등포구,공사업,전문,보경방재,"서성원,서동윤",7262,"서울특별시 영등포구 선유로24길 2 , 지층, 3층(양평동1가)",
1047,서울,영등포구,공사업,전문,(주)우리텍유앤알,백학열,7275,"서울특별시 영등포구 영등포로 33 , 5층 503호(양평동2가, 목동비즈타워)",02-2637-7707
1048,서울,영등포구,공사업,전문,우현전기(주),채광식,7299,"서울특별시 영등포구 경인로 775 3동 409호(문래동 3가,에이스하이테크시티)",02-2215-4211
1049,서울,영등포구,공사업,전문,(주)태흥플랜트,권영춘,7201,서울특별시 영등포구 양평로30나길 6 (양평동6가),02-2631-8774
1050,서울,영등포구,공사업,전문,(주)동화이엔씨,이재원,7222,서울특별시 영등포구 당산로 237  (당산동6가) 1107호,02-817-7733
1051,서울,영등포구,공사업,전문,(주)동양,정진학,7325,서울특별시 영등포구 국제금융로2길 24 (여의도동),02-6150-7355
1052,서울,영등포구,공사업,전문,만성소방엔지니어링(주),이수지,7207,"서울특별시 영등포구 양평로 157 , 903호(양평동5가, 투웨니퍼스트밸리)",02-2636-9117
1053,서울,영등포구,공사업,전문,와이피이앤에스(주),최영수,7401,서울특별시 영등포구 가마산로 356-1 (대림동),02-841-1114
1054,서울,영등포구,공사업,일반(전기),중앙하이텔(주),윤석래,7270,"서울특별시 영등포구 양산로 43  406호(양평동3가,양평동우림이비지센터)",02-2164-8114
1055,서울,영등포구,공사업,전문,(주)경동하우징,"양승원,송득종,양신석",7214,"서울특별시 영등포구 양평로 5 , 6층, 7층(당산동5가)",02-356-7871
1056,서울,영등포구,공사업,일반(전기),서영기업,김용남,7352,서울특별시 영등포구 영등포로80길 6  (신길동) ,02-842-4545
1057,서울,영등포구,공사업,전문,(주)시스템하나,임양석,7255,"서울특별시 영등포구 선유로 130 , 6층 602호(양평동3가, 에이스 하이테크시티3)",02-6297-7700
1058,서울,영등포구,공사업,전문,청계소방공사,"김천수,고삼심",7391,서울특별시 영등포구 여의대방로 165  (신길동) ,02-848-1992
1059,서울,영등포구,공사업,전문,에이스건설(주),원경환,7299,"서울특별시 영등포구 경인로 775 , 비142호(문래동3가, 에이스하이테크시티)",02-6309-6022
1060,서울,영등포구,공사업,전문,(주)신화에프이원,오석열,7220,"서울특별시 영등포구 당산로 168 , 7층(당산동4가)",02-2635-8119
1061,서울,영등포구,공사업,전문,오씨에스엔지니어링(주),이판열,7327,"서울특별시 영등포구 여의나루로 71 , 6층 606호, 607호(여의도동, 동화빌딩)",02-558-3003
1062,서울,영등포구,공사업,일반(전기),(주)금강전력,오영선,7371,서울특별시 영등포구 경인로82길 3-4  (문래동1가) 713호,02-2164-2240
1063,서울,영등포구,공사업,전문,대월기전(주),김승연,7255,서울특별시 영등포구 선유로 146  (양평동3가) 714호,02-2679-1550
1064,서울,영등포구,공사업,전문,동도건설(주),황영식,7327,서울특별시 영등포구 여의나루로 67  (여의도동) 신송빌딩 906호,02-782-6939
1065,서울,영등포구,공사업,전문,에스엠이엔지(주),"조정옥,이관휴",7207,"서울특별시 영등포구 양평로21길 26 905호(양평동5가,아이에스비즈타워)",02-597-9110
1066,서울,영등포구,공사업,전문,(주)가나다산업,박성민,7222,서울특별시 영등포구 선유로54길 3  (양평동4가) ,02-2634-0119
1067,서울,영등포구,공사업,전문,(주)원진엔지니어링,백승열,7282,"서울특별시 영등포구 선유로13길 25 314호(문래동6가, 에이스하이테크시티2)",02-2633-2133
1068,서울,영등포구,공사업,일반(전기),상원전기(주),박윤규,7266,서울특별시 영등포구 당산로 82  (당산동1가) 5층,02-2631-3372
1069,서울,영등포구,공사업,전문,(주)리더스신화,박영민,7431,"서울특별시 영등포구 신풍로 90 , 201호(신길동)",02-2677-9119
1070,서울,영등포구,공사업,전문,해광이엔씨(주),"조인호,박시영",7255,"서울특별시 영등포구 선유로 146 , 809호(양평동3가, 이앤씨드림타워)",02-3667-6800
1071,서울,영등포구,공사업,전문,대현산업기술(주),윤영근,7217,"서울특별시 영등포구 당산로41길 11  이동 1611호(당산동4가,에스케이브이원 센터)",02-6121-8885
1072,서울,영등포구,공사업,전문,홍선산업(주),임영관,7316,서울특별시 영등포구 도신로 223-6 (신길동),02-849-6290
1073,서울,영등포구,공사업,전문,(주)포트텍,안상수,7299,서울특별시 영등포구 경인로 775 (문래동3가) 3동 401호,02-2636-0911
1074,서울,영등포구,공사업,전문,케이에스엔시(주),송상헌,7228,"서울특별시 영등포구 영신로 220 1804호(영등포동8가,케이앤케이디지털타워)",02-590-7575
1075,서울,영등포구,공사업,전문,(주)현대엠이씨,나종식,7380,서울특별시 영등포구 도림로 313  건영상가 304호,02-337-2119
1076,서울,영등포구,공사업,전문,신우건설산업(주),이석돈,7333,서울특별시 영등포구 국제금융로 78  (여의도동) ,02-780-3388
1077,서울,영등포구,공사업,전문,(주)영재전력,최권영,7369,서울특별시 영등포구 도림로112길 28-1 (도림동),02-847-1826
1078,서울,영등포구,공사업,전문,(주)마스테코,오주환,7238,"서울특별시 영등포구 국회대로 800 , 4층 430호(여의도동,진미파라곤)",02-785-1301
1079,서울,영등포구,공사업,전문,(주)한길소방,소순양,7285,"서울특별시 영등포구 선유로 27 ,303호(문래동5가,대륭오피스텔)",02-2634-1191
1080,서울,영등포구,공사업,전문,(주)대림이엔티,조봉규,7264,"서울특별시 영등포구 영등포로 109 , 6층 47호(당산동2가, 영등포유통상가)",02-3667-5119
1081,서울,영등포구,공사업,전문,에스케이오앤에스 주식회사,허근만,7208,"서울특별시 영등포구 선유로49길 23 9층 (양평동4가, 선유도역2차아이에스비즈타워)",02-6123-2200
1082,서울,영등포구,공사업,전문,한국플랜트서비스(주),강기석,7320,"서울특별시 영등포구 여의대로 24 , 34층(여의도동, 전국경제인연합회회관)",02-799-6475
1083,서울,영등포구,공사업,전문,(주)이레소방이엔지,이영신,7211,"서울특별시 영등포구 선유로 201 202호(양평동3가, 양평동 6차현대아파트 상가동)",02-2638-0119
1084,서울,영등포구,공사업,전문,(주)삼천리이에스,"차봉근,이성욱",7328,서울특별시 영등포구 국제금융로6길 42  (여의도동) ,02-368-3418
1085,서울,영등포구,공사업,전문,(주)우수방재,이서영,7292,"서울특별시 영등포구 영등포로28길 5 (당산동1가, 당산동 코오롱 주상복합아파트) 2층 165~166호",02-2637-1119
1086,서울,영등포구,공사업,전문,(주)한창이엔지,이충교,7411,"서울특별시 영등포구 가마산로 324 (대림동,1층)",02-848-4722
1087,서울,영등포구,공사업,전문,세현건설 주식회사,이성종,7333,"서울특별시 영등포구 여의대방로69길 7 , 407호(여의도동, 충무빌딩)",02-782-5549
1088,서울,영등포구,공사업,전문,영난이엔지(주),"유인찬,유명열",7205,서울특별시 영등포구 양평로22나길 11 (양평동5가) 3층 (어반빌리지),02-6449-2201
1089,서울,영등포구,공사업,전문,(주)디에스이앤티,양종만,7285,"서울특별시 영등포구 선유로 27 ,1006호(문래동5가, 대륭)",02-2283-3400
1090,서울,영등포구,공사업,전문,주식회사 참존건설,이동한,7248,"서울특별시 영등포구 버드나루로8길 7 , 3층,4층(영등포동7가)",02-2633-5053
1091,서울,영등포구,공사업,일반(기계),동양파이프라이닝(주),김종우,7229,"서울특별시 영등포구 영중로 134-1 , 502호(영등포동8가)",02-2672-2581
1092,서울,영등포구,공사업,전문,비티엠써비스 주식회사,"박상앙,박규준",7299,서울특별시 영등포구 경인로 775 1동 821호 (문래동3가),02-3483-2000
1093,서울,영등포구,공사업,전문,더좋은이엔지 주식회사,김종덕,7348,서울특별시 영등포구 도신로 216 (신길동),02-832-6439
1094,서울,영등포구,공사업,전문,동인종합건설 주식회사,백종서,7412,서울특별시 영등포구 가마산로 336 (대림동),02-844-0599
1095,서울,영등포구,공사업,전문,진화방재 주식회사,김선화,7248,"서울특별시 영등포구 버드나루로 64 , 304호(영등포동7가, 동성빌딩)",02-2633-5402
1096,서울,영등포구,공사업,전문,블랙썬 주식회사,이희부,7207,"서울특별시 영등포구 양평로 157 , 1608호(양평동5가, 투웨니퍼스트밸리)",
1097,서울,영등포구,공사업,전문,주식회사  드림엔지니어링,오진택,7307,서울특별시 영등포구 영신로20길 12 (영등포동),02-831-7890
1098,서울,영등포구,공사업,전문,옵티멀에너지서비스 주식회사,이형주,7320,"서울특별시 영등포구 여의대로 24 , 34층(여의도동)",02-786-3274
1099,서울,영등포구,공사업,전문,(주)대도소방이엔지,이승수,7213,"서울특별시 영등포구 당산로41길 18 , 2층(당산동5가)",02-2635-5507
1100,서울,영등포구,공사업,전문,하나로씨앤에스 주식회사,박재덕,7345,"서울특별시 영등포구 63로 40 , 802호(여의도동, 라이프오피스텔)",02-786-9202
1101,서울,영등포구,공사업,전문,주식회사 광명전력,황의철,7383,서울특별시 영등포구 가마산로61나길 13 (신길동),02-852-6733
1102,서울,영등포구,공사업,전문,주식회사 에스엠엠이씨,장수만,7217,"서울특별시 영등포구 당산로41길 11 , 1001호(당산동4가, 당산에스케이브이원센터)",02-786-3736
1103,서울,영등포구,공사업,전문,대하이앤씨,이승국,7252,"서울특별시 영등포구 영중로14길 50 , 2층(영등포동2가)",02-2675-0857
1104,서울,영등포구,공사업,전문,주식회사 고암,김강열,7222,서울특별시 영등포구 당산로47길 19 (당산동6가),02-2168-7194
1105,서울,영등포구,공사업,전문,미성엠프로 주식회사,"이영일,송순영",7259,"서울특별시 영등포구 당산로 118 , 102호, 702호(당산동3가, 대흥빌딩)",02-3660-6806
1106,서울,영등포구,공사업,전문,(주)세진에프에스,이원구,7332,"서울특별시 영등포구 국제금융로8길 27-9 , 905호(여의도동, 동북빌딩)",02-782-2119
1107,서울,영등포구,공사업,일반(전기),(주)세림이엔피,이기동,7259,"서울특별시 영등포구 당산로28길 15 , 2층(당산동3가)",02-2676-5716
1108,서울,영등포구,공사업,전문,주식회사 파르이앤씨,김종훈,7378,"서울특별시 영등포구 가마산로 333 , 2층(대림동, 유현빌딩)",02-849-8204
1109,서울,영등포구,공사업,전문,주식회사 경동티에스,"손연호,손흥락",7238,서울특별시 영등포구 국회대로76길 22 (여의도동),02-559-8358
1110,서울,영등포구,공사업,전문,주식회사 엘엔케이이엔지,이광현,7293,"서울특별시 영등포구 문래북로 116 , 902호(문래동3가)",02-2675-0983
1111,서울,영등포구,공사업,전문,주식회사 종로소방,강기현,7307,서울특별시 영등포구 영신로10길 14-1 (영등포동),02-861-4119
1112,서울,영등포구,공사업,전문,명승파워넷 주식회사,공건식,7382,"서울특별시 영등포구 도신로 98 , 202호,203호(신길동, 우성아파트상가)",02-2636-9695
1113,서울,영등포구,공사업,일반(전기),주식회사 우리전설,이동원,7203,서울특별시 영등포구 양평로24길 30 2층 (양평동5가),02-2632-0742
1114,서울,영등포구,공사업,전문,한결아이씨티 주식회사,이해경,7333,"서울특별시 영등포구 여의대방로67길 10 , 4층(여의도동, 외교빌딩)",02-780-7622
1115,서울,영등포구,공사업,전문,주식회사 더원소방기술,원종찬,7247,"서울특별시 영등포구 국회대로 664 , 502호(영등포동7가)",02-2675-7119
1116,서울,영등포구,공사업,전문,주식회사 엔지니어링삼마,"이혜린,임재성",7264,"서울특별시 영등포구 영등포로 109 , 5층 18호(당산동2가)",02-866-0119
1117,서울,영등포구,공사업,전문,주식회사 비에스파워,정병섭,7267,"서울특별시 영등포구 양산로 156-1 (당산동1가, 203신우빌딩 4층)",02-2636-3950
1118,서울,영등포구,공사업,전문,동해정보통신 주식회사,이창원,7415,서울특별시 영등포구 대림로29길 43 (대림동),02-840-3800
1119,서울,영등포구,공사업,전문,주식회사 그린에프디피,박지원,7286,"서울특별시 영등포구 경인로71길 70 , 5층 에이-506호(문래동5가, 벽산디지털밸리)",02-598-8119
1120,서울,영등포구,공사업,전문,에이스디엔시 주식회사,원지환,7299,"서울특별시 영등포구 경인로 775 , 3동 701호(문래동3가, 에이스하이테크시티)",02-6309-4000
1121,서울,영등포구,공사업,전문,주식회사 케이에스이앤지,김은정,7281,"서울특별시 영등포구 선유로9길 10 , 제8층 817,818호(문래동6가, 문래에스케이브이원센터)",02-761-6901
1122,서울,용산구,공사업,전문,코스믹전기통신(주),이규선,4320,서울특별시 용산구 한강대로 341  (갈월동) ,02-719-6765
1123,서울,용산구,공사업,전문,(주)인성이엔씨,김규만,4304,서울특별시 용산구 청파로73길 3  (서계동) ,02-706-1620
1124,서울,용산구,공사업,전문,대일전기산업(주),임태원,4312,"서울특별시 용산구 효창원로70길 5 , 4층(효창동, 신화빌딩)",02-714-2909
1125,서울,용산구,공사업,전문,주식회사 케이에스메이트,박이근,4382,"서울특별시 용산구 한강대로62나길 17 , 2층(용산동3가, 인월빌딩)",02-704-3001
1126,서울,용산구,공사업,전문,진명이엔씨(주),박창호,4317,"서울특별시 용산구 효창원로66길 7-6 , 4층 401호(효창동, 삼일빌딩)",02-706-0111
1127,서울,용산구,공사업,전문,(주)대한종합산전,"이건순,이섭",4384,"서울특별시 용산구 서빙고로51길 15 , 3층(서빙고동, 영진빌딩)",02-516-1441
1128,서울,용산구,공사업,전문,유니테크전설(주),"최미숙,김진희",4300,"서울특별시 용산구 청파로89길 4-12 , 2층 2호(서계동)",02-3273-0404
1129,서울,용산구,공사업,전문,장학건설(주),정세학,4418,"서울특별시 용산구 한남대로 98 , 1층(한남동, 일신빌딩)",02-790-7600
1130,서울,용산구,공사업,전문,주식회사 뿌리메로소방,강진구,4352,"서울특별시 용산구 한강대로 254 , 지층 102호(남영동)",02-792-2230
1131,서울,용산구,공사업,전문,(주)송하이엔씨,박영홍,4346,서울특별시 용산구 회나무로28가길 7 (이태원동),02-2088-4560
1132,서울,용산구,공사업,전문,(주)용산에프비이엔지,윤도경,4398,"서울특별시 용산구 서빙고로 291 201(동비고동,비동2층)",02-793-3512
1133,서울,용산구,공사업,전문,(주)해성이엔지,박권서,4355,"서울특별시 용산구 백범로 284-5 , 2층(효창동)",02-3275-2340
1134,서울,용산구,공사업,전문,(주)에이디파워,양승선,4316,"서울특별시 용산구 원효로89길 3-4 , 지하1층(원효로1가, 석선빌딩)",02-3273-2011
1135,서울,용산구,공사업,전문,씨제이올리브네트웍스 주식회사,유인상,4323,"서울특별시 용산구 한강대로 366 ,10층(동자동,트윈시티)",02-6252-0000
1136,서울,용산구,공사업,전문,에이치디씨현대산업개발 주식회사,"최익훈,김회언,조태제",4377,"서울특별시 용산구 한강대로23길 55 , 9층(한강로3가)",02-2008-9114
1137,서울,용산구,공사업,전문,주식회사 고도기술,고동현,4362,"서울특별시 용산구 원효로19길 52 , 3층(원효로4가, 미광빌딩)",02-702-2971
1138,서울,용산구,공사업,전문,동부엔텍 주식회사,홍문기,4322,서울특별시 용산구 한강대로71길 4 (갈월동),02-3484-8650
1139,서울,용산구,공사업,전문,창득설비(주),송주창,4345,"서울특별시 용산구 회나무로6길 5 , 5층 502호(이태원동, 혜광빌딩)",02-793-5078
1140,서울,용산구,공사업,전문,주식회사 예토,최규영,4356,"서울특별시 용산구 새창로 108 , 2층(용문동)",02-356-6576
1141,서울,용산구,공사업,일반(기계),주식회사 파나링크이에스,김관유,4359,"서울특별시 용산구 삼개로 60 , 상가동 2층(청암동, 천년명가 청암자이)",02-713-1416
1142,서울,용산구,공사업,전문,주식회사 데스카,조혜연,4386,"서울특별시 용산구 한강대로30길 25 , 11층 11-06호(한강로2가, 아스테리움 용산)",02-956-9887
1143,서울,은평구,공사업,일반(전기),(주)태주공영,우종수,3384,"서울특별시 은평구 녹번로 6-29 , 202호(녹번동, 송학파크팰리스)",02-356-4442
1144,서울,은평구,공사업,전문,(주)에스엠전력,김동율,3415,"서울특별시 은평구 연서로9길 23 , 2층(역촌동)",02-336-4322
1145,서울,은평구,공사업,일반(전기),주식회사 다보파워코리아,강희철,3402,서울특별시 은평구 진흥로1길 45 203호(역촌동),02-385-2973
1146,서울,은평구,공사업,전문,신원전설(주),"심한섭,신인호",3384,서울특별시 은평구 녹번로 4  (녹번동) 봉암빌딩 4층,02-372-4031
1147,서울,은평구,공사업,전문,병민전기(주),이옥화,3311,"서울특별시 은평구 통일로 1022 , 512호(진관동, 은평헤스티아2차)",02-372-0841
1148,서울,은평구,공사업,전문,(주)에스에이치전기,김성태,3467,"서울특별시 은평구 응암로 214-10 , 201호(응암동, 아임캐슬)",02-373-6330
1149,서울,은평구,공사업,전문,(주)신호파워텍,장영옥,3471,서울특별시 은평구 은평로16길 22 (응암동),02-354-9972
1150,서울,은평구,공사업,전문,(주)명심씨엔씨,정희환,3460,"서울특별시 은평구 은평로13길 11-13  (응암동, 선정하우징) 1층",02-308-0563
1151,서울,은평구,공사업,전문,(주)경기소방이앤씨,김성민,3401,서울특별시 은평구 역말로 67 (역촌동) 1층,02-388-7777
1152,서울,은평구,공사업,전문,(주)태영이엔티,이태구,3379,"서울특별시 은평구 서오릉로4길 7 , 3층(녹번동)",02-372-8551
1153,서울,은평구,공사업,전문,(주)오노프산전,나명열,3447,"서울특별시 은평구 증산로15길 25 ,2층(신사동)",02-356-2391
1154,서울,은평구,공사업,전문,(주)삼부종합전력,박규상,3499,서울특별시 은평구 증산로7길 14-1 4층(증산동),02-305-7800
1155,서울,은평구,공사업,전문,(주)무진에프이앤씨,서종희,3404,"서울특별시 은평구 진흥로 91 , 2층 (역촌동)",02-352-9116
1156,서울,은평구,공사업,일반(전기),(주)삼호전기산업,김칠복,3493,서울특별시 은평구 증산서길 71-1 (증산동),02-306-2220
1157,서울,은평구,공사업,전문,(주)드림방재,유승연,3457,서울특별시 은평구 응암로21길 21  (응암동) 2층,02-376-3765
1158,서울,은평구,공사업,전문,한양이이씨(주),문주환,3467,"서울특별시 은평구 응암로 214-10 , 301호(응암동, 아임캐슬)",02-386-9212
1159,서울,은평구,공사업,전문,(주)이화소방,"이혁준,유은지",3497,"서울특별시 은평구 증산로 327 , 1층(증산동, 이룸스페이스)",02-383-0119
1160,서울,은평구,공사업,전문,(주)유림방재,안덕현,3424,"서울특별시 은평구 서오릉로 271 ,2층(구산동, 청마빌딩)",02-1544-3409
1161,서울,은평구,공사업,전문,동진전력(주),백승석,3407,"서울특별시 은평구 연서로 24 , 4층(역촌동, 선홍빌딩)",02-417-5949
1162,서울,은평구,공사업,전문,주식회사 석현,이재석,3451,"서울특별시 은평구 증산로21길 15 , 2층(신사동)",02-3152-8407
1163,서울,은평구,공사업,전문,키움건설 주식회사,김재우,3421,"서울특별시 은평구 연서로 29 , 10층 (역촌동, 실크텔)",02-387-0076
1164,서울,은평구,공사업,전문,주식회사 풍산기업,선형칠,3404,"서울특별시 은평구 진흥로9길 2 , 102-1호(역촌동)",
1165,서울,은평구,공사업,일반(전기),주식회사 선진전력,"전병선,김성진",3467,"서울특별시 은평구 응암로 214-10 , 201호(응암동, 아임캐슬)",02-6013-3642
1166,서울,은평구,공사업,전문,(주)자유전설,김상중,3459,"서울특별시 은평구 은평로11길 11-2 , 6층(녹번동)",02-355-1700
1167,서울,은평구,공사업,전문,(주)현명이앤에프,김재현,3302,"서울특별시 은평구 진관3로 32 (진관동, 은평뉴타운 파크앤타워 비동 9층 911호)",02-6958-7119
1168,서울,은평구,공사업,전문,주식회사 창성테크,공창식,3335,"서울특별시 은평구 갈현로 182 , 501호(갈현동, 대원빌딩)",02-358-2351
1169,서울,은평구,공사업,전문,다빛이엔지 주식회사,이경수,3328,"서울특별시 은평구 통일로89길 7 , 1층(갈현동)",02-383-7055
1170,서울,은평구,공사업,전문,주식회사 승천이엔지,안만숙,3325,"서울특별시 은평구 갈현로23길 23 , 지1층 지01호(갈현동, 베라힐)",02-3295-0562
1171,서울,은평구,공사업,전문,주식회사 거성종합설비,박노준,3351,서울특별시 은평구 통일로78길 12-9 (불광동),02-382-3386
1172,서울,은평구,공사업,전문,(주)에프엠코리아일일구,최광례,3302,"서울특별시 은평구 진관3로 32 , 제4층 402호(진관동, 은평뉴타운파크앤타워)",02-543-0119
1173,서울,은평구,공사업,전문,주식회사 컴포텔소방전기,정우석,3460,"서울특별시 은평구 은평로13길 10 , 4층(응암동, 신풍빌딩)",02-352-6119
1174,서울,은평구,공사업,전문,주식회사 세환전기,김종원,3429,"서울특별시 은평구 갈현로17나길 37 , 지하층(구산동)",02-384-2356
1175,서울,종로구,공사업,전문,서경전기(주),이종환,3030,서울특별시 종로구 통일로16길 5  (무악동) 시온빌딩 3층,02-720-7734
1176,서울,종로구,공사업,전문,(주)전우사,김한재,3077,서울특별시 종로구 창경궁로 258-15  (명륜2가) ,02-762-0114
1177,서울,종로구,공사업,전문,지멘스(주),정하중,3155,서울특별시 종로구 종로3길 17 (청진동),02-3450-1026
1178,서울,종로구,공사업,전문,씨제이대한통운(주),"민영학,신영수",3157,"서울특별시 종로구 종로5길 7 (청진동, 타워8)",02-2017-1142
1179,서울,종로구,공사업,전문,(주)아람플러스,신민재,3114,서울특별시 종로구 종로56길 20-1  (숭인동) ,02-2237-4311
1180,서울,종로구,공사업,전문,주식회사 큐방재전력,한성필,3182,"서울특별시 종로구 새문안로3길 12 , 지하1층 36-에이호(신문로1가, 신문로빌딩)",02-2261-4119
1181,서울,종로구,공사업,전문,서광종합개발(주),이정익,3175,서울특별시 종로구 경희궁길 28 (신문로2가),02-3702-5510
1182,서울,종로구,공사업,전문,에스케이에코플랜트(주),"장동현,김형근",3143,서울특별시 종로구 율곡로2길 19 (수송동),02-3700-7308
1183,서울,종로구,공사업,전문,지에스건설(주),"허윤홍,허창수",3159,서울특별시 종로구 종로 33 (청진동),02-2154-1064
1184,서울,종로구,공사업,전문,서전방재설비(주),박만기,3192,"서울특별시 종로구 수표로18가길 24 가동4호 다201호(관수동,원당상가)",02-2276-0281
1185,서울,종로구,공사업,전문,미동방재컨설팅(주),공봉신,3025,"서울특별시 종로구 통일로 246-10  (무악동, 무악현대아파트) 현대아파트상가 3층 309호",02-739-5119
1186,서울,종로구,공사업,전문,현대엔지니어링(주),김상현,3058,서울특별시 종로구 율곡로 75 (계동),02-2134-1964
1187,서울,종로구,공사업,전문,현대건설(주),김도형,3058,서울특별시 종로구 율곡로 75  (계동) ,02-746-4011
1188,서울,종로구,공사업,일반(전기),(주)청천전설,김태중,3131,"서울특별시 종로구 율곡로 84 , 1202호 (운니동, 가든타워)",02-736-9514
1189,서울,종로구,공사업,전문,(주)씨앤에스자산관리,이선욱,3170,"서울특별시 종로구 사직로 130 907호(적선동, 적선현대제1빌딩)",02-3210-6045
1190,서울,종로구,공사업,전문,에스케이 주식회사,"장용호,최태원",3188,서울특별시 종로구 종로 26 (서린동),02-6400-0114
1191,서울,종로구,공사업,일반(전기),경덕전기 주식회사,"김준영,김주학",3136,서울특별시 종로구 동순라길 60-1 (인의동),02-741-6753
1192,서울,종로구,공사업,전문,에스케이티엔에스 주식회사,이응준,3149,서울특별시 종로구 인사동7길 32 (관훈동),02-6012-7050
1193,서울,종로구,공사업,전문,대성소방산업 주식회사,신영태,3192,서울특별시 종로구 청계천로 111 (관수동),02-2279-7118
1194,서울,종로구,공사업,전문,(주)대림,배원복,3181,"서울특별시 종로구 통일로 134 (평동, 디타워(돈의문))",02-3704-8400
1195,서울,종로구,공사업,일반(전기),아시아나아이디티 주식회사,김응철,3161,"서울특별시 종로구 우정국로 26 , 에이동 21층,22층(표시층 23층,25층)(센트로폴리스)(공평동)",02-6303-3000
1196,서울,종로구,공사업,전문,디엘이앤씨 주식회사,박상신,3181,서울특별시 종로구 통일로 134 (평동),02-2011-7114
1197,서울,종로구,공사업,전문,대영소방 주식회사,"신두수,윤광옥",3192,서울특별시 종로구 청계천로 121 원당상가 11호(관수동),02-2273-7628
1198,서울,종로구,공사업,전문,동강이엔씨 주식회사,김석두,3047,"서울특별시 종로구 자하문로 106-3 , 1층(청운동)",02-720-2981
1199,서울,종로구,공사업,전문,주식회사 나노이에프,"김주영,이재호",3111,서울특별시 종로구 숭인동길 34 (숭인동),02-922-0881
1200,서울,종로구,공사업,전문,현대무벡스 주식회사,도익한,3127,서울특별시 종로구 율곡로 194 (연지동),02-2072-6100
1201,서울,종로구,공사업,일반(전기),(주)지에스아이티엠,변재철,3059,"서울특별시 종로구 계동길 31 (재동, 보헌빌딩)",02-2189-6700
1202,서울,종로구,공사업,전문,에스케이에코엔지니어링 주식회사,송영규,3142,"서울특별시 종로구 율곡로 6 ,비동(중학동)",02-6324-5130
1203,서울,종로구,공사업,일반(전기),럭키전력건설 주식회사,이철호,3125,"서울특별시 종로구 종로41나길 6 (종로6가, 럭키빌딩)",02-765-0404
1204,서울,종로구,공사업,전문,주식회사 태영종합건설,김태영,3100,"서울특별시 종로구 율곡로 217 ,3층(이화동, 제이제이빌딩)",02-742-8522
1205,서울,종로구,공사업,전문,더빛남 주식회사,김현태,3067,"서울특별시 종로구 혜화로8길 6-3 ,지1층(혜화동)",02-763-6178
1206,서울,중구,공사업,전문,존슨콘트롤즈인터내셔널코리아 주식회사,김한준,4555,"서울특별시 중구 마른내로 34 (초동, 케이티앤지 을지로타워)",02-2240-6000
1207,서울,중구,공사업,전문,(주)대금이앤아이,"김종우,김찬배",4549,서울특별시 중구 을지로 148  (을지로3가) ,02-2268-2566
1208,서울,중구,공사업,일반(전기),중구전력공사,장종만,4546,서울특별시 중구 을지로27길 32-32 (주교동),02-2268-0944
1209,서울,중구,공사업,전문,(주)대우건설,김보현,4548,서울특별시 중구 을지로 170 (을지로4가),02-2288-3860
1210,서울,중구,공사업,전문,한전산업개발(주),함흥규,4515,서울특별시 중구 서소문로 115 (서소문동),02-2250-2808
1211,서울,중구,공사업,일반(전기),(주)성온전설,김종권,4617,"서울특별시 중구 동호로30길 30 , 3층(장충동2가)",02-2266-3824
1212,서울,중구,공사업,전문,원진전력(주),이희동,4627,서울특별시 중구 퇴계로32길 24 (예장동),02-2268-5182
1213,서울,중구,공사업,일반(전기),태광전력공사,김광태,4585,"서울특별시 중구 퇴계로80길 30  (신당동, 하이 아파트) 104호",02-2233-6653
1214,서울,중구,공사업,전문,(주)혁신전공사,"김희웅,김영신,오세화",4623,서울특별시 중구 서애로3길 19  (필동3가) ,02-2272-6531
1215,서울,중구,공사업,전문,삼대전기(주),"이정범,박엄순",4558,서울특별시 중구 마른내로 72  (인현동2가) ,02-2272-9876
1216,서울,중구,공사업,전문,대륭중공건설(주),박임우,4585,"서울특별시 중구 다산로 240  (신당동) 5층511호,6층607호",02-2234-1134
1217,서울,중구,공사업,전문,(주)후지타(영업소),남종국,4527,서울특별시 중구 세종대로 30 (남대문로5가),02-756-7173
1218,서울,중구,공사업,전문,(주)에스원,"남궁범,하나오카 타쿠로",4511,서울특별시 중구 세종대로7길 25  (순화동) ,02-2131-8674
1219,서울,중구,공사업,전문,주식회사 포스코와이드,양원준,4514,"서울특별시 중구 세종대로 73 , 22층(서소문동, 태평로빌딩)",02-3467-6931
1220,서울,중구,공사업,전문,신세계건설(주),허병훈,4527,"서울특별시 중구 소월로 10 , 21층, 22층, 24층, 25층(남대문로5가, 단암빌딩)",02-3406-6757
1221,서울,중구,공사업,전문,태승디엔씨(주),양낙승,4597,"서울특별시 중구 다산로 56 (신당동, 남산정은스카이아파트) 2동 112호",02-3452-0937
1222,서울,중구,공사업,전문,동우공영(주),이광수,4510,서울특별시 중구 청파로 450  (중림동) ,02-6366-2550
1223,서울,중구,공사업,전문,삼부토건(주),신규철,4529,"서울특별시 중구 퇴계로 67 , 9층-14층(회현동1가, 에이케이타워)",02-2036-6343
1224,서울,중구,공사업,전문,합자회사 한손전력설비,이현상,4590,서울특별시 중구 다산로14길 6 (신당동),02-2253-1646
1225,서울,중구,공사업,전문,샘코씨앤디 주식회사,김용훈,4522,"서울특별시 중구 남대문로 113 , 12층(다동, 동부다동빌딩)",02-3775-7468
1226,서울,중구,공사업,전문,디앤이(주),채상훈,4586,서울특별시 중구 다산로 212 (신당동),02-2232-8866
1227,서울,중구,공사업,전문,(주)부영주택,"최양환,김한욱,서재갑,이중근",4513,서울특별시 중구 세종대로9길 42 (서소문동),02-3774-5629
1228,서울,중구,공사업,전문,(주)신일이엘티,"김재락,최보순",4594,"서울특별시 중구 동호로8길 18 (신당동, 약수스카이빌)",02-2252-5425
1229,서울,중구,공사업,전문,중구종합건설(주),김인수,4575,"서울특별시 중구 난계로13길 17 , 1층(황학동, 중구리버빌아파트)",02-2231-8731
1230,서울,중구,공사업,전문,주식회사 티시스,"유태호,이재석",4616,"서울특별시 중구 동호로 310 , 별관7층(장충동2가)",070-8189-0113
1231,서울,중구,공사업,전문,주식회사 한화,"김승모,김동관,양기원",4541,서울특별시 중구 청계천로 86 (장교동),02-729-2342
1232,서울,중구,공사업,전문,가인전력(주),김윤수,4570,"서울특별시 중구 다산로46길 17 , 2층 203호(흥인동)",02-562-9814
1233,서울,중구,공사업,전문,주식회사 에스엠코어,"최영상,서화성",4637,"서울특별시 중구 후암로 110 , 20층(남대문로5가, 서울시티타워)",02-2090-9200
1234,서울,중구,공사업,전문,자이에스앤디(주),엄관석,4554,"서울특별시 중구 퇴계로 173 , 10층(충무로3가, 남산스퀘어빌딩)",02-6910-7034
1235,서울,중구,공사업,전문,효성중공업 주식회사,우태희,4529,"서울특별시 중구 퇴계로 67 (회현동1가, 에이케이타워)",02-707-4468
1236,서울,중구,공사업,전문,라이트소방전기,장영일,4543,"서울특별시 중구 청계천로 118-2 , 1층(수표동, 한국볼트빌딩)",02-2269-9798
1237,서울,중구,공사업,일반(기계),주식회사 에이치비이엔지,양해범,4532,"서울특별시 중구 남대문로7길 29 , 7층 702호(소공동, 복창빌딩)",02-318-8412
1238,서울,중구,공사업,전문,한솔제지 주식회사,한철규,4551,서울특별시 중구 을지로 100 (을지로2가),031-778-5415
1239,서울,중구,공사업,전문,한화호텔앤드리조트(주),김형조,4525,서울특별시 중구 소공로 119 (태평로2가),02-789-6363
1240,서울,중랑구,공사업,전문,(주)대윤기술공영,정광일,2050,서울특별시 중랑구 동일로138길 9  (중화동) 3층,02-322-1558
1241,서울,중랑구,공사업,전문,세림전기(주),안재영,2215,서울특별시 중랑구 동일로96길 13  (면목동) ,02-2208-7701
1242,서울,중랑구,공사업,전문,주식회사 광문정보통신,서정만,2035,서울특별시 중랑구 공릉로2다길 38  (묵동) ,02-973-2501
1243,서울,중랑구,공사업,전문,(주)동방에프앤아이,최정대,2248,서울특별시 중랑구 동일로 477  (면목동) 101호,02-438-2119
1244,서울,중랑구,공사업,전문,(주)근영이엔씨,이성영,2139,"서울특별시 중랑구 봉우재로 69 , 3층(상봉동)",02-494-5552
1245,서울,중랑구,공사업,전문,우일계전공업(주),"백노현,윤희흔",2053,"서울특별시 중랑구 신내로16길 80 , 2층(신내동)",02-988-4615
1246,서울,중랑구,공사업,전문,태양이엔에스(주),최광석,2117,"서울특별시 중랑구 망우로 231-8 102호(중화동,미영리치타운103동)",02-439-8888
1247,서울,중랑구,공사업,전문,영일소방(주),이재현,2058,"서울특별시 중랑구 용마산로 616 109-2호(신내동,상가동)",02-470-1191
1248,서울,중랑구,공사업,전문,(주)국제씨앤에프,신재민,2086,서울특별시 중랑구 망우로 371  (상봉동) ,02-492-5119
1249,서울,중랑구,공사업,전문,(주)천우안전,김용훈,2094,"서울특별시 중랑구 동일로130길 50 , 2층(중화동)",02-493-4600
1250,서울,중랑구,공사업,일반(전기),(주)한빛전설,김서연,2126,"서울특별시 중랑구 중랑천로 58 , 3층(면목동, 리더스빌딩)",02-435-8676
1251,서울,중랑구,공사업,전문,(주)마니세이프티,김평곤,2118,"서울특별시 중랑구 망우로 166-11 , 5층 501호(상봉동, 성력빌딩)",02-491-7119
1252,서울,중랑구,공사업,전문,동방소방안전,송근익,2246,"서울특별시 중랑구 답십리로75길 22 , 1층 101호(면목동)",02-434-3119
1253,서울,중랑구,공사업,전문,에바다일렉컴 주식회사,손형관,2176,"서울특별시 중랑구 용마산로112가길 13 , 1층(망우동)",02-6053-7500
1254,서울,중랑구,공사업,전문,천하전문건설 주식회사,하부기,2015,"서울특별시 중랑구 동일로139길 68 ,1층(중화동)",02-493-3045
1255,서울,중랑구,공사업,전문,원흥이엔씨 주식회사,최재혁,2057,서울특별시 중랑구 양원역로16길 103-75 (망우동),02-433-9933
1256,서울,중랑구,공사업,일반(전기),(주)부건전력,윤경희,2147,"서울특별시 중랑구 겸재로27가길 9 제1층 101호(면목동, 동화시티빌)",02-479-0404
1257,서울,중랑구,공사업,전문,(주)와이투씨엔에프,김상록,2055,"서울특별시 중랑구 신내역로3길 40-36 , 에이-712호(신내동, 신내데시앙플렉스지식산업센터)",02-6268-1771
1258,서울,중랑구,공사업,일반(전기),명진전기건설 주식회사,강명호,2144,서울특별시 중랑구 면목천로 179 (면목동),02-491-1707
1259,서울,중랑구,공사업,전문,주식회사 현대전력개발공사,김상희,2003,"서울특별시 중랑구 중랑천로 332 (묵동, 묵동한국아파트)",02-432-0648
1260,서울,중랑구,공사업,전문,주식회사 솔마이엔씨,조경선,2081,서울특별시 중랑구 상봉중앙로8나길 38-17 (상봉동),02-6013-1060
1261,서울,중랑구,공사업,전문,한일소방설비,곽양현,2052,"서울특별시 중랑구 용마산로139다길 15-13 , 1층 101호(신내동, 영예빌라)",02-3295-3119
1262,서울,중랑구,공사업,전문,주식회사 재연이앤씨,박재완,2026,"서울특별시 중랑구 신내로 135 , 상가1동 203호 (신내동)",02-3421-8852
1263,서울,중랑구,공사업,전문,솔로몬방재엔지니어링(주),김용옥,2055,"서울특별시 중랑구 신내역로3길 40-36 , 비동 811호,812호,813호(신내동, 신내데시앙플렉스지식산업센터)",02-949-0056
1264,서울,중랑구,공사업,일반(전기),주식회사 초이,한영진,2134,"서울특별시 중랑구 겸재로3길 30 , 5층(면목동)",02-2281-7171
1265,서울,중랑구,공사업,전문,주식회사 디앤에이펙토리,이혜원,2262,"서울특별시 중랑구 신내역로 111 , 1234호(신내동)",02-6215-2575
1266,서울,중랑구,공사업,일반(기계),원일소방(주),조중일,2174,서울특별시 중랑구 겸재로61길 51 (망우동),
1267,서울,중랑구,공사업,전문,고려소방산업,배기원,2189,서울특별시 중랑구 용마산로 436 (면목동),02-2244-4044
1268,서울,중랑구,공사업,전문,주식회사 리진산업,임혜경,2004,서울특별시 중랑구 중랑천로 314 (묵동),02-6229-6446
1269,서울,중랑구,공사업,전문,에스 에이치 (SH) 소방 엔지니어링,김정휘,2086,"서울특별시 중랑구 신내로 9 , 1층(신내동)",02-491-9028
1270,부산,강서구,공사업,전문,(주)세성엔지니어링,이병규,46705,부산광역시 강서구 낙동북로21번길 26 (강동동),051-343-4264
1271,부산,강서구,공사업,전문,(주)정호시스템,김정남,46704,부산광역시 강서구 평강로211번길 34-12  (대저1동),051-864-3836
1272,부산,강서구,공사업,전문,동국중전기(주),오명공,46751,부산광역시 강서구 녹산산단46로 21  (송정동) .,051-831-7135
1273,부산,강서구,공사업,전문,심우계전,심강문,46747,부산광역시 강서구 미음국제6로 46 (미음동) .,051-831-6850
1274,부산,강서구,공사업,전문,(주)성오이앤에스,김병철,46721,"부산광역시 강서구 유통단지1로 76 , 6동 201호(대저2동)",051-631-7000
1275,부산,강서구,공사업,전문,(주)대웅전기,"노지훈,노철수",46700,부산광역시 강서구 대저로 92  (대저1동) .,051-971-2300
1276,부산,강서구,공사업,전문,(주)엔케이,천남주,46743,부산광역시 강서구 과학산단로 194-11 (지사동) .,051-200-0742
1277,부산,강서구,공사업,전문,주식회사 대선전설,하정숙,46720,부산광역시 강서구 공항앞길85번길 112 (대저2동),051-325-6980
1278,부산,강서구,공사업,일반(전기),쌍용전력(주),강건우,46748,부산광역시 강서구 미음산단2로 50 (구랑동),051-831-9195
1279,부산,강서구,공사업,전문,(주)부형이엔디,안부훈,46700,부산광역시 강서구 대저로89번다길 124  (대저1동) .,051-941-0084
1280,부산,강서구,공사업,전문,동하기전(주),이은주,46728,부산광역시 강서구 낙동남로533번길 99 (녹산동) .,051-263-1540
1281,부산,강서구,공사업,전문,(주)용원토탈솔루션,"정재욱,최정호",46725,부산광역시 강서구 낙동남로 1024 (명지동) .,02-6925-4901
1282,부산,강서구,공사업,전문,(주)부공전력,박진숙,618-810,부산광역시 강서구 맥도길377번길 28-1 (대저2동),051-261-6504
1283,부산,강서구,공사업,전문,삼선전기(주),권주영,46759,부산광역시 강서구 신호산단4로64번가길 92  (신호동) .,051-291-0172
1284,부산,강서구,공사업,전문,(주)부성이엠씨,한단기,46702,부산광역시 강서구 대저로 199 (대저1동) .,051-895-3580
1285,부산,강서구,공사업,전문,(주)창세전력,김인현,46701,부산광역시 강서구 대저중앙로309번길 24 (대저1동) .,051-244-7255
1286,부산,강서구,공사업,일반(전기),주식회사 혜능전설,국영희,46721,"부산광역시 강서구 유통단지1로 41 (대저2동,부산티플렉스) 129동 217호",051-796-0232
1287,부산,강서구,공사업,전문,(주)국민소방,장세훈,46700,부산광역시 강서구 대저로 143 (대저1동),051-334-0119
1288,부산,강서구,공사업,전문,반도소방기술(주),김상만,46704,부산광역시 강서구 낙동북로 202-1 (대저1동) 2층,051-332-8119
1289,부산,강서구,공사업,전문,주식회사 해주전력,조규태,46720,부산광역시 강서구 공항앞길85번길 112 (대저2동),051-317-8839
1290,부산,강서구,공사업,전문,(주)대일전력공사,박종갑,46708,부산광역시 강서구 호계로145번길 2 (죽동동),051-941-2466
1291,부산,강서구,공사업,전문,(주)대영소방이엔지,김종상,46704,"부산광역시 강서구 평강로 313 ,2층(대저1동)",070-8819-1119
1292,부산,강서구,공사업,전문,(주)종합방재,고선향,46706,부산광역시 강서구 낙동북로108번길 22 (강동동),051-314-1190
1293,부산,강서구,공사업,전문,가온기업(주),이재학,46721,부산광역시 강서구 유통단지1로 41 (대저2동) 126동 219호 부산티플렉스,051-796-0448
1294,부산,강서구,공사업,전문,주식회사 월드테크이엔지,성진환,46700,부산광역시 강서구 대저로135번길 41-5 (대저1동),051-941-3082
1295,부산,강서구,공사업,전문,(주)가온소방,우희주,46722,"부산광역시 강서구 금호순서길282번나길 37-16 (대저2동, 3468-1) .",051-911-3119
1296,부산,강서구,공사업,전문,(주)대원씨앤씨,길승현,46759,부산광역시 강서구 신호산단4로 52 (신호동) 2층,051-796-1914
1297,부산,강서구,공사업,전문,아성글로벌주식회사,김창범,46708,부산광역시 강서구 죽동길405번길 24-19 (죽동동) .,051-636-5585
1298,부산,강서구,공사업,전문,(주)정석엔지니어링,고대영,46700,부산광역시 강서구 대저로135번길 41 (대저1동),051-971-7119
1299,부산,강서구,공사업,전문,주식회사 이레전기안전,구미정,46701,부산광역시 강서구 대저중앙로357번길 44-2 (대저1동),051-331-2488
1300,부산,강서구,공사업,전문,주식회사 정우이앤씨,정윤헌,46703,부산광역시 강서구 체육공원로52번길 74-2 (대저1동) 1층,051-337-6586
1301,부산,강서구,공사업,전문,(주)정우이엔씨,"양호석,김민기",46728,부산광역시 강서구 낙동남로 667 (녹산동) .,051-831-7483
1302,부산,강서구,공사업,전문,엠엠케이(주),이순덕,46703,부산광역시 강서구 공항로 1105-3 (대저1동),051-256-5161
1303,부산,강서구,공사업,전문,주식회사 성진이엔시,조찬우,46720,부산광역시 강서구 공항앞길85번길 112 (대저2동) .,051-325-6980
1304,부산,강서구,공사업,전문,부산도시철도운영서비스 주식회사,박용선,46702,부산광역시 강서구 낙동북로 485 (대저1동) 도시철도 3호선 강서구청역 4층,051-941-0925
1305,부산,강서구,공사업,전문,(주)이케이이엔지,김봉수,46702,부산광역시 강서구 대저로 181 (대저1동),051-831-8385
1306,부산,강서구,공사업,전문,주식회사 가온방재,김정화,46721,"부산광역시 강서구 유통단지1로49번길 16 , 1층 111호(대저2동)",051-911-5119
1307,부산,강서구,공사업,전문,주식회사 해민전력,최경섭,46721,"부산광역시 강서구 유통단지1로 41 , 130동 205호(대저2동, 부산티플렉스)",051-961-0404
1308,부산,강서구,공사업,전문,주식회사 인프라,김정현,46704,"부산광역시 강서구 낙동북로 168 , 201호(대저1동)",051-341-4153
1309,부산,강서구,공사업,전문,주식회사 가온테크놀러지,문승호,46757,부산광역시 강서구 녹산산단262로60번길 22 (송정동),051-715-6989
1310,부산,강서구,공사업,전문,주식회사 유림전설,조주연,46720,부산광역시 강서구 공항앞길85번길 112 (대저2동),051-325-6980
1311,부산,강서구,공사업,전문,건수정보통신 주식회사,"김기용,이미향",46701,부산광역시 강서구 대저중앙로 403 (대저1동),051-972-2300
1312,부산,강서구,공사업,전문,윌로펌프 주식회사,전일승,46730,부산광역시 강서구 미음산단1로 46 (구랑동),051-950-8223
1313,부산,강서구,공사업,전문,주식회사 대림전설,정현석,46720,부산광역시 강서구 공항앞길85번길 112 (대저2동),051-325-6980
1314,부산,강서구,공사업,전문,주식회사 정호이엔씨,"김정남,김대정",46704,"부산광역시 강서구 평강로211번길 34-8 , 1층(대저1동)",051-971-3835
1315,부산,강서구,공사업,전문,주식회사 씨케이일렉트론,강창권,46700,부산광역시 강서구 대저로109번길 65 (대저1동),051-909-4206
1316,부산,강서구,공사업,전문,행우소방(주),배성찬,46721,"부산광역시 강서구 유통단지1로 50 , 207동 114호(대저2동 부산티플렉스)",051-796-2119
1317,부산,금정구,공사업,전문,(주)그린이엔지,권진의,46334,부산광역시 금정구 중군진로 23 (금사동) 3층,051-507-5829
1318,부산,금정구,공사업,전문,(주)이레텍,박광식,46235,부산광역시 금정구 금샘로 331-2 (구서동),051-502-3942
1319,부산,금정구,공사업,전문,성림종합건설(주),"안덕현,안상진",46273,부산광역시 금정구 금정로 251  (구서동) .,051-515-1811
1320,부산,금정구,공사업,전문,(주)세건엔지니어링,박경흠,46269,부산광역시 금정구 동부곡로5번길 114 (부곡동) .,051-646-7200
1321,부산,금정구,공사업,전문,(주)유니스디,서광설,46274,"부산광역시 금정구 중앙대로1763번길 20 (부곡동, 부곡동 프리미엄 안단테 아파트) 3층",051-505-2883
1322,부산,금정구,공사업,전문,(주)다산기업,권춘오,46334,부산광역시 금정구 삼어로 224 (금사동) 1층,051-853-1190
1323,부산,금정구,공사업,전문,(주)조양전력,배범석,46331,"부산광역시 금정구 공단동로29번길 42 ,2층 (금사동)",051-717-3322
1324,부산,금정구,공사업,전문,(주)우신플랜트,김상민,46269,"부산광역시 금정구 기찰로 42-1 , 3층(부곡동)",051-507-3558
1325,부산,금정구,공사업,전문,(주)서림소방,임광식,46226,부산광역시 금정구 두실로 52  (남산동) .,051-515-0119
1326,부산,금정구,공사업,전문,(주)태양이엔지,신맹균,46266,부산광역시 금정구 무학송로 66-1 (부곡동) .,051-517-1255
1327,부산,금정구,공사업,전문,(주)기원설비,김정태,46204,부산광역시 금정구 고분로 123 (노포동) 206호,051-513-5804
1328,부산,금정구,공사업,전문,(주)광일테크,성기찬,46229,부산광역시 금정구 금강로578번길 32 (구서동),051-784-9422
1329,부산,금정구,공사업,전문,(주)현대방재,이동필,46249,부산광역시 금정구 안뜰로20번길 5  (구서동) .,051-524-1179
1330,부산,금정구,공사업,전문,(주)성원산업,이재형,46244,"부산광역시 금정구 금정로 227 , 201호(구서동, 구서그린빌아파트)",051-634-1195
1331,부산,금정구,공사업,전문,(주)홍영건설,김희주,46253,"부산광역시 금정구 무학송로 147 5층 501호(부곡동, 한국센터빌딩)",051-515-4895
1332,부산,금정구,공사업,전문,(주)두인방재산업,홍길문,46214,부산광역시 금정구 중앙대로 2074-1 (남산동) 1층,051-581-0024
1333,부산,금정구,공사업,전문,(주)국제플랜트,최진영,46299,부산광역시 금정구 금강로 179  (장전동) .,051-583-0111
1334,부산,금정구,공사업,전문,(주)정진설비,김종배,46202,부산광역시 금정구 중앙대로 2339 (노포동),051-515-8851
1335,부산,금정구,공사업,전문,(주)유천소방,김종부,46201,"부산광역시 금정구 청룡예전로 74 103동 906호(청룡동, 경동아파트)",051-508-6446
1336,부산,금정구,공사업,전문,(주)세종방재,김은경,46227,부산광역시 금정구 중앙대로1985번길 11-2  (남산동) .,051-517-3196
1337,부산,금정구,공사업,전문,(주)미래,박기수,46311,"부산광역시 금정구 동현로16번길 83 , 4층(부곡동, 미래빌딩)",051-555-7218
1338,부산,금정구,공사업,전문,(주)대운방재,박성동,46217,부산광역시 금정구 금샘로566번길 38-1 1층(남산동),051-323-1193
1339,부산,금정구,공사업,전문,(주)아성엔지니어링,박대수,46216,부산광역시 금정구 중앙대로 2020 (남산동) 효산벨루스 1층,051-556-5119
1340,부산,금정구,공사업,전문,(주)은하,천상포,46206,부산광역시 금정구 체육공원로 655 (두구동),051-583-0851
1341,부산,금정구,공사업,전문,(주)세창건설,김재춘,46251,부산광역시 금정구 체육공원로 47 (구서동) 3층,051-503-6927
1342,부산,금정구,공사업,전문,주식회사 케이디기공,최낙경,46206,부산광역시 금정구 대두로19번길 23-4 (두구동) .,051-627-4393
1343,부산,금정구,공사업,전문,(주)동신설비,설동진,46217,부산광역시 금정구 청룡로 65 (남산동) .,051-583-5271
1344,부산,금정구,공사업,전문,이루소(주),이루소,46285,"부산광역시 금정구 금정로 93 ,2층(장전동)",051-758-5505
1345,부산,금정구,공사업,전문,주식회사 경종,고진순,46264,부산광역시 금정구 서금로86번길 12-1 (금사동),051-532-1119
1346,부산,금정구,공사업,전문,(주)엘에스엔지니어링,이종영,46218,부산광역시 금정구 금강로754번길 13 제2층 201호 (청룡동),051-711-8916
1347,부산,금정구,공사업,전문,주식회사 영신기전,이문규,46215,"부산광역시 금정구 금단로 113-7 2층 (남산동, 우남상가)",051-517-0427
1348,부산,금정구,공사업,전문,(주)금정소방,조진호,46229,부산광역시 금정구 금강로 568 (구서동) 2층,051-514-0119
1349,부산,금정구,공사업,전문,주식회사 벽진엔지니어링,송유나,46206,부산광역시 금정구 대두로42번길 22 (두구동),051-756-5504
1350,부산,금정구,공사업,전문,(주)현산이엔지,여재숙,46299,부산광역시 금정구 식물원로 61-1 (장전동) 4층,051-505-0021
1351,부산,금정구,공사업,전문,(주)스마트 이엔지,전상희,46301,"부산광역시 금정구 식물원로9번길 15 (장전동, 장전삼정그린코아더베스트) 101동 705호",051-791-1197
1352,부산,금정구,공사업,전문,주식회사 영진기건,정순주,46253,"부산광역시 금정구 오륜대로 31 , 2층 (부곡동)",051-515-0480
1353,부산,금정구,공사업,전문,주식회사 해울소방기술,전효은,46206,부산광역시 금정구 체육공원로 539 (두구동) 1층,051-945-1119
1354,부산,금정구,공사업,전문,정진소방,홍순천,46206,부산광역시 금정구 두구로51번길 124  (두구동) ,051-921-1246
1355,부산,금정구,공사업,전문,(주)옥수기건,김정덕,46206,부산광역시 금정구 체육공원로 553-1 (두구동),051-862-9994
1356,부산,금정구,공사업,전문,에스에이치전력 주식회사,권기호,46215,"부산광역시 금정구 금단로 160 , 2층 205호(남산동)",051-583-9600
1357,부산,금정구,공사업,일반(전기),(주)케이방재,김창윤,46310,"부산광역시 금정구 부곡로42번길 36 , 201호(부곡동)",051-583-4692
1358,부산,금정구,공사업,전문,(주)다래이앤씨,이은자,46306,"부산광역시 금정구 오시게로54번길 12 , 상가동 301호(부곡동, 경보온천타워)",051-583-8400
1359,부산,금정구,공사업,전문,주식회사 이도소방,박성진,46214,"부산광역시 금정구 금단로 202 ,2층(남산동, 한남빌딩)",051-714-3193
1360,부산,금정구,공사업,전문,주식회사 송신전력,송태곤,46328,부산광역시 금정구 서동로194번길 80 (서동),051-758-8133
1361,부산,금정구,공사업,전문,주식회사 대영소방엔지니어링,김종상,46334,"부산광역시 금정구 삼어로 224 , 2층(금사동)",070-8822-6119
1362,부산,기장군,공사업,전문,용화전기(주),임정식,46056,부산광역시 기장군 기장읍 차성로412번길 32 .,051-724-3095
1363,부산,기장군,공사업,전문,천광전업(주),천광명,46033,부산광역시 기장군 좌천5길 9 .,051-727-9055
1364,부산,기장군,공사업,전문,(주)금강이엔에프,임정혁,46046,"부산광역시 기장군 일광읍 화용길 172 , 1층",051-727-3961
1365,부산,기장군,공사업,전문,삼일전설(주),"김종인,김성준",46044,부산광역시 기장군 일광면 삼성2길 6 (삼양빌라 301호),051-722-3104
1366,부산,기장군,공사업,전문,(주)한성전기,신한운,46058,부산광역시 기장군 기장읍 배산로 26 .,051-722-5860
1367,부산,기장군,공사업,전문,금영전기(주),김석자,46033,부산광역시 기장군 장안읍 좌천1길 34 (),051-727-5804
1368,부산,기장군,공사업,전문,대경기술(주),임영하,46080,부산광역시 기장군 청강로85번길 16 (),051-722-0855
1369,부산,기장군,공사업,전문,(주)고신전기,손상림,46047,부산광역시 기장군 일광면 화용길 49 .,051-722-5862
1370,부산,기장군,공사업,전문,(주)가인이엔지,김태웅,46032,"부산광역시 기장군 장안읍 장안로 8 , 4층",051-861-7919
1371,부산,기장군,공사업,일반(전기),성보전기공업(주),배영호,46020,부산광역시 기장군 정관읍 정관로 929-9 .,051-529-0001
1372,부산,기장군,공사업,전문,(주)수원전기,이남희,46047,부산광역시 기장군 일광면 화용길 49  .,051-722-5860
1373,부산,기장군,공사업,전문,(주)정관소방,이향숙,46024,부산광역시 기장군 정관읍 달산2길 2 1층,051-727-4119
1374,부산,기장군,공사업,전문,대지전설 주식회사,이주숙,46040,부산광역시 기장군 일광읍 일광로 549-67 .,051-724-3096
1375,부산,기장군,공사업,전문,부성ENG,이지용,46069,부산광역시 기장군 기장읍 차성로253번길 30 2층,051-918-7988
1376,부산,기장군,공사업,전문,주식회사 금강이앤지,강기용,46056,부산광역시 기장군 기장읍 차성로418번길 39 .,051-554-6119
1377,부산,기장군,공사업,전문,이성씨엔아이 주식회사,"박기선,이명춘",46038,부산광역시 기장군 장안읍 의과학2로 78 .,051-724-8031
1378,부산,기장군,공사업,전문,주식회사 세종이엔지,박대수,46056,부산광역시 기장군 기장읍 차성로404번길 57 .,051-631-0750
1379,부산,기장군,공사업,전문,(주)동진소방,설형례,46058,부산광역시 기장군 기장읍 배산로8번길 48 에이동,051-722-8953
1380,부산,기장군,공사업,전문,주식회사 남일소방,박인화,46073,부산광역시 기장군 기장읍 차성로190번길 25 .,051-758-1119
1381,부산,기장군,공사업,전문,주식회사 케이에프한국소방,정현,46068,"부산광역시 기장군 기장읍 차성남로 8-9 , 에이동(기장읍)",051-724-6118
1382,부산,기장군,공사업,전문,주식회사 지광,박행제,46036,"부산광역시 기장군 장안읍 길천2길 10-1 , 2층",051-758-0407
1383,부산,남구,공사업,전문,주식회사 유경엔지니어링,"김광환,김성운",48533,부산광역시 남구 유엔평화로76번길 38 (대연동) .,051-628-0047
1384,부산,남구,공사업,전문,(주)대한이엔지,"박대지,조성진",48403,부산광역시 남구 황령대로74번길 72  (문현동) .,051-633-2119
1385,부산,남구,공사업,전문,(주)현대엔지니어링,김민재,48403,"부산광역시 남구 황령대로74번길 72 ,4층(문현동, 대한빌딩)",051-638-0222
1386,부산,남구,공사업,전문,성창이엔지(주),권영달,48510,부산광역시 남구 황령대로492번길 66  .,051-624-0114
1387,부산,남구,공사업,전문,(주)동우소방,여연덕,48578,부산광역시 남구 용호로109번길 32 (용호동) 2층,051-627-6119
1388,부산,남구,공사업,전문,종로전기(주),"박동천,박진우",48429,부산광역시 남구 못골번영로 41  (대연동) .,051-611-2233
1389,부산,남구,공사업,전문,(주)한국소방,허보혜,48531,"부산광역시 남구 유엔평화로 165 ,303호(용당동, 광덕빌딩)",051-644-9119
1390,부산,남구,공사업,전문,광진개발(주),최재호,48429,부산광역시 남구 못골번영로 41 102호(대연동),051-744-2564
1391,부산,남구,공사업,전문,(주)대산,"김곡지,최종규",48437,부산광역시 남구 진남로 50 .,051-611-5004
1392,부산,남구,공사업,전문,(주)골드이엔지,현규섭,48494,"부산광역시 남구 유엔로 127-2 (대연동,대성맨션) 상가동 110호",051-818-7341
1393,부산,남구,공사업,전문,(주)성창산업설비,이창봉,48403,부산광역시 남구 황령대로74번길 58  (문현동) .,051-632-3142
1394,부산,남구,공사업,전문,극동건설(주),박용득,48434,"부산광역시 남구 수영로 295 , 세웅빌딩501호(대연동)",02-2280-6232
1395,부산,남구,공사업,전문,(주)티이씨,박병기,48412,부산광역시 남구 전포대로 46-2  (문현동) .,051-635-0482
1396,부산,남구,공사업,전문,유경산업,김봉주,48522,부산 남구 용호1동 40-25 번지,051-627-5881
1397,부산,남구,공사업,전문,(주)삼희종합건설,김기영,48475,부산광역시 남구 자성로 152 (문현동 815 한일O/T 1115),051-989-2551
1398,부산,남구,공사업,전문,(주)영인소방,권영광,48457,"부산광역시 남구 동제당로 4  2층,(문현동) ",051-638-0119
1399,부산,남구,공사업,전문,엘티삼보 주식회사,이상덕,48475,"부산광역시 남구 자성로 152 (문현동, 한일오피스텔) 715호",051-646-8600
1400,부산,남구,공사업,전문,(주)덕민전기,최영료,48476,부산광역시 남구 우암로374번길 9 (문현동),051-644-6400
1401,부산,남구,공사업,전문,주식회사 한성소방이엔지,정재중,48549,"부산광역시 남구 양지골로 152 (감만동, 유창그린아파트) 5동 1-1호",051-865-7119
1402,부산,남구,공사업,전문,(주)연합전설,박찬주,48456,"부산광역시 남구 수영로 18-8 (문현동, 삼한 사랑채) 501호",051-626-9629
1403,부산,남구,공사업,전문,주식회사 진창이앤씨,이점환,48426,부산광역시 남구 황령대로319번가길 190-6 상가동306호(대연동),051-624-1403
1404,부산,남구,공사업,전문,(주)동광소방,김기용,48410,부산광역시 남구 고동골로59번길 52-10 (문현동),051-553-3119
1405,부산,남구,공사업,전문,(주)태림개발,강남규,48465,"부산광역시 남구 지게골로 52-15 (문현동, 벽산한성기린아파트) 상가동 2101호",051-633-3775
1406,부산,남구,공사업,전문,(주)효산개발,박철우,48403,"부산광역시 남구 황령대로74번길 72 , 3층(문현동)",051-638-0225
1407,부산,남구,공사업,전문,주식회사 효산엔지니어링,박대지,48403,"부산광역시 남구 황령대로74번길 72 , 2층(문현동)",051-638-0222
1408,부산,남구,공사업,전문,(주)창조소방,박민호,48413,"부산광역시 남구 고동골로59번길 76 , 1층(문현동)",051-784-0119
1409,부산,남구,공사업,전문,(주)세원엔지니어링,배미연,48482,"부산광역시 남구 우암로154번길 57 (우암동,25 우암자유아파트) 제상가동 제2층 제202호",051-501-7696
1410,부산,남구,공사업,전문,성우소방이엔지 주식회사,심창조,48401,"부산광역시 남구 전포대로 71 , 401호(문현동, 호암빌딩)",051-634-1190
1411,부산,남구,공사업,전문,주식회사 진아이엔지,박대지,48403,"부산광역시 남구 황령대로74번길 72 , 6층(문현동)",051-638-0225
1412,부산,남구,공사업,전문,주식회사 윤성,한호진,48557,"부산광역시 남구 무민사로 13 , 1009호(감만동, 판테라오피스텔)",051-639-5119
1413,부산,남구,공사업,전문,주식회사 현산테크,옥동민,48557,"부산광역시 남구 무민사로 13 , 17층 1707호(감만동, 판테라오피스텔)",051-633-8335
1414,부산,남구,공사업,전문,주식회사 금성전력,최헌욱,48429,부산광역시 남구 못골번영로 57 (대연동),051-907-7891
1415,부산,동구,공사업,전문,(주)유경기업,"이재근,이재진",48791,"부산광역시 동구 고관로 90 , 베스안오션뷰302호(수정동)",051-895-1700
1416,부산,동구,공사업,전문,(주)참조은이엔지,강낙관,48730,부산광역시 동구 중앙대로296번길 3-2  (초량동) 경교빌딩 2층,051-467-8119
1417,부산,동구,공사업,전문,효한전기(주),홍순선,48792,부산광역시 동구 중앙대로 287  (초량동) 3층,051-468-0937
1418,부산,동구,공사업,전문,(주)에이스이엔지,"이동관,황순한",48742,"부산광역시 동구 자성로141번길 11 (범일동, 삼환오피스텔)1501호",051-867-4739
1419,부산,동구,공사업,전문,(주)삼원이엔씨,박동일,48739,부산광역시 동구 자성로133번길 45-1  (범일동) 301호,051-647-5396
1420,부산,동구,공사업,전문,우신종합건설(주),한준우,48738,부산광역시 동구 조방로 27  (범일동) .,051-647-6361
1421,부산,동구,공사업,전문,(주)보명전력,김광현,48702,부산광역시 동구 망양로875번길 13  (범일동) .,051-638-1336
1422,부산,동구,공사업,전문,(주)삼정시스템,이이식,48729,부산광역시 동구 중앙대로320번길 7-8 (초량동) 대양빌딩 202호,051-525-1841
1423,부산,동구,공사업,전문,범양건영(주),강병주,48795,"부산광역시 동구 초량중로 114 (초량동, 범양레우스 센트럴베이) 105동 비102호, 비104호",051-711-7555
1424,부산,동구,공사업,전문,(주)아주소방,전유준,48770,부산광역시 동구 진성로 64 (좌천동) 101호,051-631-3500
1425,부산,동구,공사업,전문,(주)명성이엔씨,정경태,48739,"부산광역시 동구 자유평화로 32 , 3층(범일동, 화신빌딩)",051-644-9134
1426,부산,동구,공사업,전문,에이치씨디 주식회사,허채도,48821,"부산광역시 동구 중앙대로180번길 13 (초량동,오피스텔프레지던트) 104호",051-266-7167
1427,부산,동구,공사업,전문,주식회사 에스엠씨,문성배,48782,"부산광역시 동구 수정중로11번길 29 , 2층(수정동)",051-461-0388
1428,부산,동구,공사업,전문,(주)이도이엔지,강선호,48742,"부산광역시 동구 자성로133번길 6 , 104동 2층 3202호 (범일동, 진흥 마제스타워)",051-912-1551
1429,부산,동래구,공사업,전문,(주)남양기술,김철규,47755,부산광역시 동래구 충렬대로321번길 7-2 (안락동),051-524-1190
1430,부산,동래구,공사업,전문,(주)경원소방,문성환,47825,부산광역시 동래구 미남로116번길 86 (온천동),051-343-2072
1431,부산,동래구,공사업,전문,(합)동아소방설비공사,김태용,47905,부산광역시 동래구 연안로52번길 99-3 (안락동),051-527-2119
1432,부산,동래구,공사업,전문,(주)티엠에스,이동진,47884,부산광역시 동래구 수안로8번길 1  (수안동) .,051-555-9600
1433,부산,동래구,공사업,전문,합자회사 기전사,성환규,47838,부산광역시 동래구 여고북로33번길 35 (온천동) .,051-504-4600
1434,부산,동래구,공사업,전문,(주)영남전력,장병찬,47847,부산광역시 동래구 쇠미로 196-1  (온천동) .,051-554-9505
1435,부산,동래구,공사업,전문,주식회사 수우,박철수,47718,부산광역시 동래구 쇠미로217번길 22 (온천동) (),051-504-3558
1436,부산,동래구,공사업,전문,희성전력(주),송재윤,47733,부산광역시 동래구 충렬대로125번길 24  (온천동) .,051-557-7177
1437,부산,동래구,공사업,전문,(주)일신기전,이성복,47809,부산광역시 동래구 동래로 112 (명륜동),051-558-5455
1438,부산,동래구,공사업,전문,(주)윤호건설,윤용근,47846,부산광역시 동래구 아시아드대로255번가길 8-8 (온천동) 한사랑아파트상가 301호,051-502-8918
1439,부산,동래구,공사업,전문,(주)효승이엔지,김재정,47879,부산광역시 동래구 낙민로 8-5 (낙민동),051-555-7050
1440,부산,동래구,공사업,전문,(주)국제소방,장태규,607-100,부산광역시 동래구 안락동 494-6,051-522-5119
1441,부산,동래구,공사업,전문,(주)신양종합전기,임선국,47889,부산광역시 동래구 안연로102번길 3  (안락동) ,051-506-4290
1442,부산,동래구,공사업,전문,(주)동아이엔지,김학희,47830,부산광역시 동래구 여고북로 144 2층(사직동),051-723-0139
1443,부산,동래구,공사업,전문,(주)동천산업,곽기융,47900,부산광역시 동래구 온천천로471번가길 18-3 (안락동) 2층,051-532-6119
1444,부산,동래구,공사업,전문,(주)진화소방,김판범,47718,"부산광역시 동래구 쇠미로221번길 13 , 상가동1층101호(온천동, 삼협아파트)",051-516-0119
1445,부산,동래구,공사업,전문,(주)가야소방,김병진,47857,부산광역시 동래구 석사북로 31-1  (사직동) .,051-504-0950
1446,부산,동래구,공사업,전문,장안기업(주),장동명,47841,부산광역시 동래구 여고북로 66  (사직동) .,051-817-5253
1447,부산,동래구,공사업,전문,(주)박전사,신세하,47742,부산광역시 동래구 명륜로 195-1  (명륜동) .,051-554-9929
1448,부산,동래구,공사업,전문,(주)동경이엔지,권영훈,47891,부산광역시 동래구 충렬대로428번가길 30-4  (안락동) .,051-523-6901
1449,부산,동래구,공사업,전문,(주)에이스방재,강민성,47889,"부산광역시 동래구 안연로110번길 32 , (안락동)",051-558-2119
1450,부산,동래구,공사업,전문,(주)삼협엔지니어링,이영석,47706,"부산광역시 동래구 금강로 69  (온천동, 온천프라자) 309호",051-554-8119
1451,부산,동래구,공사업,전문,(주)정우소방,최수용,47817,부산광역시 동래구 충렬대로202번가길 3 (수안동) 1층,051-975-8119
1452,부산,동래구,공사업,전문,(주)삼정기업,박정오,47718,부산광역시 동래구 쇠미로 222-13 (온천동),051-580-4791
1453,부산,동래구,공사업,전문,(주)덕성건업,권상현,47832,"부산광역시 동래구 중앙대로1285번길 32 , 3층(사직동)",051-558-0982
1454,부산,동래구,공사업,전문,(주)대가산업개발,오우식,47826,부산광역시 동래구 충렬대로100번길 62-2  2층,051-502-9300
1455,부산,동래구,공사업,전문,(주)스마트이앤텍,이재화,47864,"부산광역시 동래구 사직북로 29-4 , 2층(사직동)",051-506-3629
1456,부산,동래구,공사업,전문,태영설비공영(주),정수선,47901,부산광역시 동래구 온천천로431번길 21-2 (안락동),051-714-1899
1457,부산,동래구,공사업,전문,주식회사 대정이엔지,권종학,47772,부산광역시 동래구 명장로20번길 40 (명장동) 2층,051-524-0119
1458,부산,동래구,공사업,전문,(주)희승이엔지,곽계정,47712,"부산광역시 동래구 금강로106번길 26 , 102동 401호(온천동, 온천동 한진스카이뷰)",051-818-7341
1459,부산,동래구,공사업,전문,주식회사 힘찬기업,윤희경,47787,부산광역시 동래구 충렬대로 365 (안락동) 403호,051-524-5575
1460,부산,동래구,공사업,전문,금영전기통신주식회사,김명준,47728,부산광역시 동래구 중앙대로1367번길 40 (온천동) 4층,051-722-9400
1461,부산,동래구,공사업,전문,주식회사 우정기술단,이해원,47754,부산광역시 동래구 충렬사로 36 (안락동) .,051-911-7119
1462,부산,동래구,공사업,전문,(주)금화소방,정왕헌,47889,부산광역시 동래구 안연로110번길 41 (안락동),051-441-1192
1463,부산,동래구,공사업,전문,(주)태승이앤지,임태강,47738,"부산광역시 동래구 삼성대길 16 , 203호(명륜동, 명륜소도베르크)",051-818-5090
1464,부산,동래구,공사업,전문,주식회사 제이아이이앤지,한재우,47826,부산광역시 동래구 충렬대로108번길 42 (온천동),051-305-2119
1465,부산,동래구,공사업,전문,(주)동상전력이엔지,이상한,47854,부산광역시 동래구 쇠미로 126 (사직동) 2층,051-552-9986
1466,부산,동래구,공사업,전문,(주)금샘방재,류희석,47784,"부산광역시 동래구 안락로 81 , 3층(안락동)",051-818-3333
1467,부산,동래구,공사업,전문,태현방재(주),권현미,47854,부산광역시 동래구 사직북로48번길 109 (온천동),051-808-5671
1468,부산,동래구,공사업,전문,(주)진성이앤지,김재환,47794,"부산광역시 동래구 명안로26번길 128 , 102호(안락동, 영광빌라아파트)",051-911-5205
1469,부산,동래구,공사업,전문,주식회사 세진기공,이창준,47742,부산광역시 동래구 동래로57번길 30-11 (명륜동),051-806-6442
1470,부산,동래구,공사업,전문,(주)미성건설,이강우,47832,"부산광역시 동래구 중앙대로1285번길 32 , 3층(사직동)",051-558-0983
1471,부산,동래구,공사업,전문,삼정건설 주식회사,고광현,47718,부산광역시 동래구 쇠미로 222-13 4층(온천동),051-580-4729
1472,부산,동래구,공사업,전문,주식회사 화신전력,김은아,47712,"부산광역시 동래구 온천장로65번길 9 , 108동 603호(온천동, 동래3차에스케이뷰)",051-757-8888
1473,부산,동래구,공사업,전문,주식회사 센텀전기,김하진,47847,부산광역시 동래구 석사북로95번길 60-3 (온천동),051-305-7656
1474,부산,동래구,공사업,전문,주식회사 성도이엔지,박판수,47750,"부산광역시 동래구 충렬사로 57 , 1층(명장동)",051-703-1599
1475,부산,동래구,공사업,전문,(주)더베스트이앤씨,박병진,47887,"부산광역시 동래구 온천천로337번길 25 , 3층(수안동, 해성퓨리즈빌딩)",051-557-4245
1476,부산,부산진구,공사업,전문,금사랑전력(주),이상윤,47126,부산광역시 부산진구 성지로93번길 21 (초읍동),051-803-7587
1477,부산,부산진구,공사업,전문,금용이엔지(주),박금용,47123,부산광역시 부산진구 동평로275번길 30  (연지동) .,051-818-3119
1478,부산,부산진구,공사업,전문,(주)유성종합설비,제환모,47306,부산광역시 부산진구 전포대로 174 3층(전포동),051-818-7980
1479,부산,부산진구,공사업,전문,남흥건설(주),문태경,47292,부산광역시 부산진구 중앙대로702번길 43  (부전동) .,051-818-1870
1480,부산,부산진구,공사업,전문,(주)부산진소방산업,진홍석,47211,부산광역시 부산진구 거제대로72번길 5  (양정동) .,051-852-1222
1481,부산,부산진구,공사업,전문,(주)성진설비,송안식,47362,부산광역시 부산진구 중앙번영로20번길 19 (범천동) 2층,051-622-2460
1482,부산,부산진구,공사업,전문,(주)대한소방이앤지,김성수,47161,부산광역시 부산진구 동평로39번길 17 (당감동) .,051-893-9119
1483,부산,부산진구,공사업,전문,(주)지정소방,김창호,47259,부산광역시 부산진구 개금온정로17번길 77 (개금동),051-312-4119
1484,부산,부산진구,공사업,전문,동부산엘리텍(주),정태영,47216,부산광역시 부산진구 중앙대로 964 (양정동),051-864-5225
1485,부산,부산진구,공사업,전문,(주)수성방재,윤재식,47127,"부산광역시 부산진구 성지로153번길 122 (초읍동, 대신빌라)",051-642-6119
1486,부산,부산진구,공사업,전문,(주)동해테크,조성욱,47339,부산광역시 부산진구 엄광로178번길 9 (가야동) .,051-525-5119
1487,부산,부산진구,공사업,전문,(주)가가이엔지,"김호협,장광회",47127,부산광역시 부산진구 새싹로210번길 6-16 (초읍동) .,051-643-6119
1488,부산,부산진구,공사업,전문,(주)온라이프건설,정근,47257,"부산광역시 부산진구 가야대로 767 ,11층(부전동, 정근안과병원빌딩)",051-583-0360
1489,부산,부산진구,공사업,전문,(주)동인,박수관,47125,"부산광역시 부산진구 성지로137번길 91 , 2층(초읍동)",051-507-5300
1490,부산,부산진구,공사업,전문,(주)동일,김달수,47353,부산광역시 부산진구 중앙대로621번길 624  (범천동) .,051-645-3994
1491,부산,부산진구,공사업,전문,(주)정엔지니어링,박정철,47101,부산광역시 부산진구 성지곡로51번길 27 (초읍동),051-507-0119
1492,부산,부산진구,공사업,전문,(주)한국유닉스,강혜숙,47282,"부산광역시 부산진구 신천대로 122 (부전동, 네오스포2층)",051-555-1195
1493,부산,부산진구,공사업,전문,(주)신우방재,김미선,47210,부산광역시 부산진구 거제천로18번길 32 2층(양정동),051-817-3119
1494,부산,부산진구,공사업,전문,신우플랜트(주),김성완,47334,"부산광역시 부산진구 엄광로 286 , 103동 지하1층 비-202호(가야동, 가야삼한사랑채아파트)",051-327-7091
1495,부산,부산진구,공사업,전문,(주)욱동방재,정정애,47287,"부산광역시 부산진구 부전로 56-1 , 비101호(부전동, 탑패밀리)",051-808-6906
1496,부산,부산진구,공사업,전문,제이에스이엔지(주),오석환,47289,"부산광역시 부산진구 서면로 10 , 2115호(부전동, 서면데시앙스튜디오오피스텔)",051-631-0658
1497,부산,부산진구,공사업,전문,진성설비(주),"우용길,박혁순",47330,"부산광역시 부산진구 가야대로588번길 17 3층(가야동, 소연빌딩)",051-806-0119
1498,부산,부산진구,공사업,전문,(주)알에이오엔,정현우,47138,"부산광역시 부산진구 동평로127번길 97 , 1층 101호(부암동)",051-942-6061
1499,부산,부산진구,공사업,전문,(주)유림E&C,손형관,47299,"부산광역시 부산진구 신천대로 7 (전포동, 서면더블루에스) 지하1층 101호",051-717-2100
1500,부산,부산진구,공사업,전문,(주)동부토건,손창옥,47284,"부산광역시 부산진구 가야대로 754 (부전동, 한솔폴라리스) 301호",051-867-8177
1501,부산,부산진구,공사업,전문,(주)신화이엔씨,심재식,47293,"부산광역시 부산진구 전포대로223번길 19 , 413호(전포동)",051-911-2117
1502,부산,부산진구,공사업,전문,(주)세정이엔지,윤정기,47369,부산광역시 부산진구 만리산로 14-1 (범천동),051-714-5566
1503,부산,부산진구,공사업,전문,(주)태양소방,김병재,47104,부산광역시 부산진구 새싹로 245 (초읍동) 2층,051-809-1190
1504,부산,부산진구,공사업,전문,(주)광진소방이엔씨,이광훈,47217,"부산광역시 부산진구 연수로 57 104호(양정동, 양정센텀)",051-531-1190
1505,부산,부산진구,공사업,전문,주식회사 우리전설,김남식,47284,"부산광역시 부산진구 부전로 43 , 1720호(부전동, 서면베르빌)",051-796-1914
1506,부산,부산진구,공사업,전문,주식회사 모던소방,박선영,47231,"부산광역시 부산진구 진남로356번길 86 (전포동, 화신아파트상가) 109호",051-804-0700
1507,부산,부산진구,공사업,전문,(주)우창소방,김은숙,47136,부산광역시 부산진구 당감로 98 (부암동),051-808-1195
1508,부산,부산진구,공사업,전문,(주)대명설비,김학원,47248,"부산광역시 부산진구 부전로 193 , 206호(부전동, 허브팰리스 서면)",051-804-3310
1509,부산,부산진구,공사업,전문,(주)화승이엔씨,진종규,47209,"부산광역시 부산진구 중앙대로979번길 6 (양정동, 뉴하이웰오피스텔) 203호",051-526-8202
1510,부산,부산진구,공사업,전문,(주)지호이엔지,박문영,47320,부산광역시 부산진구 복지로8번길 49 (개금동) 1층2호,051-894-7296
1511,부산,부산진구,공사업,일반(전기),선우전기,하순선,47211,부산광역시 부산진구 거제대로72번길 16 (양정동) .,051-866-5876
1512,부산,부산진구,공사업,전문,(주)이정이앤씨,박해복,47362,"부산광역시 부산진구 자유평화로37번길 67 (범천동, 두산위브센티움) 3층 301호",051-441-9070
1513,부산,부산진구,공사업,전문,(주)기산소방,김득현,47274,"부산광역시 부산진구 가야대로679번길 134 (당감동,당감동태화현대2차아파트) 제생활편익시설동 401호",051-895-2119
1514,부산,부산진구,공사업,전문,(주)동선,정두환,47284,"부산광역시 부산진구 부전로 43 1220호(부전동, 서면베르빌오피스텔)",051-464-9284
1515,부산,부산진구,공사업,전문,(주)부원이엔지,이승원,47259,부산광역시 부산진구 개금온정로34번길 13 (개금동) .,051-636-6774
1516,부산,부산진구,공사업,전문,창성전기 주식회사,허미숙,47264,부산광역시 부산진구 개금온정로26번가길 5 (개금동) .,051-898-9560
1517,부산,부산진구,공사업,전문,주식회사 디알종합건설,황의순,47355,"부산광역시 부산진구 황령대로30번길 68 401호 (범천동, 대동레미안센트럴시티)",051-631-2828
1518,부산,부산진구,공사업,전문,(주)시온방재,최종환,47110,"부산광역시 부산진구 초연로 11 (연지동, 연지자이2차) 218동 203호",051-995-0117
1519,부산,부산진구,공사업,전문,이앤에프 주식회사,박기완,47210,부산광역시 부산진구 거제천로18번길 32 (양정동) 3층,051-817-3119
1520,부산,부산진구,공사업,전문,주식회사 대진이엠씨,이정주,47193,"부산광역시 부산진구 서면문화로 59 (부암동, 스테빌리움) 203호",051-507-7335
1521,부산,부산진구,공사업,전문,주식회사 가야산업개발,김혜주,47272,부산광역시 부산진구 가야대로587번길 16 (가야동) .,051-894-3100
1522,부산,부산진구,공사업,전문,제일소방 주식회사,김미현,47319,"부산광역시 부산진구 가야대로408번길 24 , 2층(개금동)",051-711-2119
1523,부산,부산진구,공사업,일반(기계),(주)성일소방설비,조용방,47175,"부산광역시 부산진구 백양대로300번길 19 (개금동, 신개금엘지아파트) 101동 1803호",070-7576-4700
1524,부산,부산진구,공사업,전문,주식회사 이호이앤씨,황종규,47299,"부산광역시 부산진구 동천로 4 (전포동, 지오플레이스) 4층 제4020호",051-923-2504
1525,부산,부산진구,공사업,전문,주식회사 노노,장문석,47209,"부산광역시 부산진구 중앙대로 981 , 629호(양정동, 시청센트빌)",070-5118-4494
1526,부산,부산진구,공사업,일반(전기),주식회사 호진이엔지,김상규,47272,"부산광역시 부산진구 가야대로679번길 144 , 4층 (당감동)",051-314-0393
1527,부산,부산진구,공사업,전문,주식회사 동일스위트,박성배,47353,부산광역시 부산진구 중앙대로621번길 624 (범천동),051-669-9061
1528,부산,부산진구,공사업,전문,유성에프에스,배상철,47309,"부산광역시 부산진구 동성로 36 , 1층(전포동)",051-808-0183
1529,부산,부산진구,공사업,전문,(주)경남소방공사,서병만,47163,"부산광역시 부산진구 백양관문로 105-32 , 상가1동 상가104호(당감동, 당감동일스위트)",051-867-4302
1530,부산,부산진구,공사업,전문,대신산업설비(주),"김재업,우용길",47330,"부산광역시 부산진구 가야대로588번길 17 2층(가야동, 소연빌딩)",051-818-0119
1531,부산,부산진구,공사업,전문,(주)유현이엔지,유재갑,47343,"부산광역시 부산진구 신암로 78-5 , 2층(범천동)",051-633-8163
1532,부산,북구,공사업,전문,주식회사 와이에스이엔지,정연춘,46571,"부산광역시 북구 만덕3로48번나길 26 , 2층(만덕동)",051-337-4560
1533,부산,북구,공사업,전문,(주)대한미래소방,박동숙,46638,"부산광역시 북구 낙동북로 736  제상가동 203호(구포동, 유림노르웨이숲)",051-335-5815
1534,부산,북구,공사업,전문,(주)풍원기공,변성준,46506,부산광역시 북구 효열로219번길 31 (금곡동) .,051-322-1901
1535,부산,북구,공사업,전문,(주)한맥소방,김상희,46542,부산광역시 북구 학사로17번가길 10  (화명동) 5층,051-364-5911
1536,부산,북구,공사업,전문,주식회사 고려,"이선빈,이정학",46626,부산광역시 북구 시랑로175번길 9 (구포동),051-327-8119
1537,부산,북구,공사업,전문,(주)아키젠,김선택,46553,부산광역시 북구 기찰로 181-15  (만덕동) .,051-507-0019
1538,부산,북구,공사업,전문,(주)대한소방공사,신명수,46539,"부산광역시 북구 금곡대로 180 501호 (화명동,해창빌딩)",051-362-5119
1539,부산,북구,공사업,전문,(주)극동전업사,박봉재,46504,부산광역시 북구 사상로 577 (구포동),051-303-0441
1540,부산,북구,공사업,전문,부산소방 주식회사,신봉기,46504,부산광역시 북구 낙동대로1570번길 3 (구포동),
1541,부산,북구,공사업,전문,(주)한창전기공사,정순홍,46527,부산광역시 북구 화명대로12번길 87 (화명동) 3층,051-361-1064
1542,부산,북구,공사업,전문,길연소방(주),김경지,46520,부산광역시 북구 화명신도시로 230 (금곡동) 2층,051-921-1119
1543,부산,북구,공사업,전문,광동전력(주),성광화,46599,부산광역시 북구 모분재로 12 (구포동) .,051-343-5588
1544,부산,북구,공사업,전문,(주)동양전력,전인철,46556,부산광역시 북구 만덕1로104번가길 47 (만덕동) 107동211호,051-714-3842
1545,부산,북구,공사업,전문,주식회사 성광소방,김봉섭,46640,부산광역시 북구 낙동북로772번길 24 (구포동),051-529-0119
1546,부산,북구,공사업,전문,(주)한주소방,문성환,46565,"부산광역시 북구 덕천로259번길 30 108동 202호(만덕동, 대성종합상가)",051-338-0116
1547,부산,북구,공사업,전문,(주)한국미래안전,송호승,46638,"부산광역시 북구 낙동북로 736 , 204호(구포동, 유림노르웨이숲 상가)",051-621-1116
1548,부산,북구,공사업,전문,주식회사 제이엠이엔지,김진모,46518,"부산광역시 북구 금곡대로 408 13동 201호(화명동, 벽산강변타운)",051-362-6672
1549,부산,북구,공사업,전문,(주)동영기건,조호준,46652,부산광역시 북구 사상로558번가길 90 (구포동),051-747-4540
1550,부산,북구,공사업,전문,(주)광명일렉,박해완,46504,"부산광역시 북구 낙동대로 1584 , 3층(구포동)",051-302-0223
1551,부산,사상구,공사업,전문,(주)에이치케이이엔지,황연하,46921,부산광역시 사상구 모덕로67번길 154 (모라동) .,051-311-3671
1552,부산,사상구,공사업,전문,(주)동부소방,강수성,46927,부산광역시 사상구 백양대로934번길 80  (모라동) 모라벽산아파트상가 116-102호,051-969-1119
1553,부산,사상구,공사업,전문,(주)한창이엔지,문만수,46976,부산광역시 사상구 광장로56번길 67  (괘법동) 407호,051-321-0041
1554,부산,사상구,공사업,전문,(주)근우이앤지,정영훈,47017,부산광역시 사상구 주례로 147 (주례동),051-893-7119
1555,부산,사상구,공사업,전문,(주)세광전력,한덕찬,46997,부산광역시 사상구 백양대로 324-3 (주례동) .,051-808-0598
1556,부산,사상구,공사업,전문,(합)명신건설,"손동우,손동준,손형호",617-020,부산광역시 사상구 학장동 276-14,051-311-1191
1557,부산,사상구,공사업,전문,화성소방,채성수,46982,부산광역시 사상구 새벽로194번길 49 (감전동) .,051-313-2119
1558,부산,사상구,공사업,전문,(주)유일소방기술,이정태,46959,"부산광역시 사상구 백양대로 667  (괘법동, 카멜롯레드) 1층 102호",051-311-3119
1559,부산,사상구,공사업,전문,(주)세풍전기,전종열,46979,부산광역시 사상구 새벽로167번길 92 (감정동),051-314-0201
1560,부산,사상구,공사업,전문,세명전력(주),우상국,46912,부산광역시 사상구 낙동대로1264번길 26 (삼락동),051-311-3600
1561,부산,사상구,공사업,전문,(주)대한화재소방공사,이덕기,46930,"부산광역시 사상구 백양대로 887-31  (모라동, 모라동원타운) 상가9-301호",051-301-9119
1562,부산,사상구,공사업,전문,(주)창진,조영래,46945,"부산광역시 사상구 삼덕로89번길 19 , 2층, 3층, 4층(덕포동)",051-517-7117
1563,부산,사상구,공사업,전문,(주)삼진공영,박춘삼,46990,부산광역시 사상구 가야대로 3-1  (감전동) .,051-328-0110
1564,부산,사상구,공사업,전문,(주)남경이엔지,김경숙,47016,"부산광역시 사상구 동주로 6-7 (주례동, 남경빌딩) .",051-317-3119
1565,부산,사상구,공사업,전문,선명기전,신환규,46916,부산광역시 사상구 모라로37번길 42 (모라동) .,051-302-3340
1566,부산,사상구,공사업,전문,(주)대한소방기술,김종주,46985,부산광역시 사상구 학감대로 238-32 (감전동) 2층,051-317-7119
1567,부산,사상구,공사업,전문,(주)동원소방설비,김호현,46949,부산광역시 사상구 삼덕로74번길 10-8  (덕포동) .,051-301-2119
1568,부산,사상구,공사업,전문,주식회사 에이치엘전기소방,허상희,46901,"부산광역시 사상구 낙동대로 1524-1 , 1층(삼락동)",051-303-8806
1569,부산,사상구,공사업,전문,주호E&C,오방덕,46981,"부산광역시 사상구 대동로 303 , 8층 813호(감전동, 부산디지털밸리아파트형공장)",051-891-8155
1570,부산,사상구,공사업,일반(전기),(주)한국소방기술,민윤식,46981,부산광역시 사상구 대동로 303 (감전동) 804호,051-322-2119
1571,부산,사상구,공사업,전문,(주)김스소방안전,김희관,46982,"부산광역시 사상구 사상로 135 (감전동,삼보빌딩) 2층 2호",051-932-2119
1572,부산,사상구,공사업,전문,(주)태양전력,안병우,46959,부산광역시 사상구 백양대로646번길 59 (괘법동),051-292-7889
1573,부산,사상구,공사업,전문,(주)한국소방설비,강승훈,46963,"부산광역시 사상구 광장로37번길 66 , 1301호(괘법동, 파밀리아 괘법2차)",051-244-2119
1574,부산,사상구,공사업,전문,주식회사 태진소방,이용주,46909,부산광역시 사상구 모덕로 48 (삼락동) 2층,051-301-1190
1575,부산,사상구,공사업,전문,주식회사 무성종합이엔지,홍채황,46938,"부산광역시 사상구 백양대로804번길 13 (덕포동, 부원파크타운) 부원상가 111동 301호",051-303-8492
1576,부산,사상구,공사업,전문,엘에스방재(주),성현채,46921,부산광역시 사상구 사상로455번길 20 (모라동),051-304-0206
1577,부산,사상구,공사업,전문,(주)종합전력,류원선,46946,부산광역시 사상구 삼덕로45번길 90 (덕포동),051-337-7934
1578,부산,사상구,공사업,전문,주식회사 창덕전력,박대복,46977,"부산광역시 사상구 괘감로 37 24동 211호 (괘법동, 산업유통단지)",051-319-1340
1579,부산,사상구,공사업,전문,천운소방(주),조부건,46982,부산광역시 사상구 괘감로 117 (감전동) .,051-321-1190
1580,부산,사상구,공사업,전문,주식회사 가온이엔씨,"윤인구,강두금",47017,"부산광역시 사상구 주례로 101 , 상가1동 3층 305호(주례동, 현대무지개타운)",051-710-7237
1581,부산,사상구,공사업,전문,주식회사 파이어텍,"김소슬,황영서",46921,부산광역시 사상구 모덕로67번길 154 (모라동),051-301-3671
1582,부산,사상구,공사업,전문,주식회사 동해전력,이동규,47004,부산광역시 사상구 주감로 220 (주례동),051-317-6070
1583,부산,사하구,공사업,전문,경성이엔씨(주),이제경,604-815,"부산광역시 사하구 승학로233번길 50  (괴정동, 괴정자유2차아파트) 상가 101호",051-231-0482
1584,부산,사하구,공사업,전문,디엘이(주),김우섭,49418,부산광역시 사하구 장평로 311 (신평동),051-201-4524
1585,부산,사하구,공사업,전문,(주)경진이앤지,변길자,49409,부산광역시 사하구 낙동대로457번길 29 (하단동) .,051-293-7214
1586,부산,사하구,공사업,전문,유림공영(주),강신승,49416,부산광역시 사하구 다대로 22  (당리동) 2층,051-208-3600
1587,부산,사하구,공사업,전문,경산엔지니어링(주),손윤화,49379,"부산광역시 사하구 장평로450번길 12 , 1동 101호(괴정동, 신동양아파트)",051-292-2022
1588,부산,사하구,공사업,전문,(주)케이아이에프,허남동,49425,부산광역시 사하구 낙동남로 1356-1 2층(하단동),051-852-7986
1589,부산,사하구,공사업,전문,유림기계설비(주),정다운,49431,부산광역시 사하구 하신번영로163번길 50 (신평동),051-202-6265
1590,부산,사하구,공사업,전문,유일전기(주),이응구,49426,"부산광역시 사하구 낙동남로1390번길 5  (하단동, 나산리버빌) 201호",051-204-5116
1591,부산,사하구,공사업,전문,영승방재(주),오경록,49427,"부산광역시 사하구 하신중앙로 337  (하단동, 충우드림라이프) 402호",051-206-8829
1592,부산,사하구,공사업,전문,(주)유성전력,김동환,49383,부산광역시 사하구 괴정로 275 1층(괴정동),051-203-9815
1593,부산,사하구,공사업,전문,(주)우진건업,황기덕,49310,"부산광역시 사하구 낙동대로 501 (하단동,하구언3차 301호)",051-206-8421
1594,부산,사하구,공사업,전문,(주)디알시스템,오창훈,49418,부산광역시 사하구 신산북로67번길 15 (신평동),051-293-5035
1595,부산,사하구,공사업,전문,주식회사 한국기업이엔지,김정수,49466,부산광역시 사하구 다대로 254 (장림동) 3층,051-266-1195
1596,부산,사하구,공사업,전문,주식회사 엠케이소방,정호영,49493,부산광역시 사하구 다대로530번길 31 (다대동) .,051-959-1119
1597,부산,사하구,공사업,전문,주식회사 엘제이 이앤에스,이은석,49487,부산광역시 사하구 다산로175번길 51 (다대동) .,051-711-0188
1598,부산,사하구,공사업,전문,지원건설 주식회사,박영호,49325,"부산광역시 사하구 낙동대로 500 (하단동,씨티파크오피스텔) 3층",051-271-1140
1599,부산,사하구,공사업,전문,유원이엔씨(주),김도형,49316,부산광역시 사하구 승학로 45-1 (당리동) 3층,051-294-9171
1600,부산,사하구,공사업,전문,(주)시민소방,고병수,49483,부산광역시 사하구 장평로 107 (장림동) 3층,051-266-1119
1601,부산,사하구,공사업,전문,(주)신성전력,김기진,49524,"부산광역시 사하구 다대동로29번길 23 , 1001호(다대동, 다대에코하임)",051-204-4070
1602,부산,사하구,공사업,전문,유일에너지산업(주),이경아,49426,"부산광역시 사하구 낙동남로1390번길 5 , 201호(하단동, 나산리버빌)",051-204-5118
1603,부산,사하구,공사업,전문,(주)아진소방,김준수,49409,"부산광역시 사하구 낙동대로451번안길 25 , 1층(하단동)",051-205-7119
1604,부산,사하구,공사업,전문,주식회사 제이원기술,이영규,49393,"부산광역시 사하구 다대로83번길 50 , 7층 701호(신평동, 샹트패밀리타운)",051-751-0795
1605,부산,사하구,공사업,전문,주식회사 신성전기공사,박주형,49429,"부산광역시 사하구 동매로 14-1 , 4층(하단동)",051-925-2468
1606,부산,사하구,공사업,전문,주식회사 이티텍,김수민,49347,"부산광역시 사하구 낙동대로 129 , 2층(괴정동)",051-202-9333
1607,부산,서구,공사업,전문,대명전력(주),"백철승,백창욱",49233,부산광역시 서구 부용로 28  (부용동2가) .,051-243-1228
1608,부산,서구,공사업,전문,고려화공(주),조영준,49254,부산광역시 서구 충무대로 264  (충무동1가) .,051-256-1771
1609,부산,서구,공사업,전문,듀오라이프,이숙임,49211,"부산광역시 서구 구덕로346번길 20 , 201호(동대신동3가, 블레스하우스)",051-248-9270
1610,부산,서구,공사업,전문,주식회사 미동전설,박장미,49235,"부산광역시 서구 구덕로285번길 23 , 703호(서대신동1가, 엘렌시아)",
1611,부산,수영구,공사업,전문,(주)일오삼산전,이찬식,48243,부산광역시 수영구 광서로10번길 51  (광안동) .,051-751-9471
1612,부산,수영구,공사업,전문,(주)동남기술단,홍말윤,48240,부산광역시 수영구 연수로348번길 5 (광안동) .,051-625-2365
1613,부산,수영구,공사업,전문,(주)동원개발,"장복만,이성휘",48272,"부산광역시 수영구 수영로 754 상가동9층(민락동, 센텀비스타동원1차)",051-645-3113
1614,부산,수영구,공사업,전문,(주)하나전설,정경구,48265,부산광역시 수영구 황령산로 12-1  (남천동) .,051-809-6388
1615,부산,수영구,공사업,전문,원전전기(주),문정현,48214,부산광역시 수영구 좌수영로 161-20 (망미동) .,051-558-1334
1616,부산,수영구,공사업,전문,(주)중앙기술단,이상욱,48226,부산광역시 수영구 구락로 25 (수영동) 2층,051-759-5442
1617,부산,수영구,공사업,전문,(주)영동,"김동균,강호영",48308,부산광역시 수영구 수영로 410-1  (남천동),051-628-1444
1618,부산,수영구,공사업,전문,(주)에이원파워텍,이상호,48211,"부산광역시 수영구 과정로 25 , 3층(망미동, 성공빌딩)",051-805-6252
1619,부산,수영구,공사업,전문,(주)신화종합건설,문성원,48303,"부산광역시 수영구 광남로 80 , 501-1호(광안동, 신화빌딩)",051-807-2000
1620,부산,수영구,공사업,전문,(주)동민엔지니어링,한동석,48251,부산광역시 수영구 장대골로 62-1 (광안동),051-903-9331
1621,부산,수영구,공사업,전문,(주)길운설비소방,김생길,48236,부산광역시 수영구 망미로7번길 5-2  (망미동) .,051-756-2526
1622,부산,수영구,공사업,전문,(주)제이티이엔지,한상훈,48244,부산광역시 수영구 연수로416번길 68 (광안동),051-759-2160
1623,부산,수영구,공사업,전문,(주)방주전기,오민택,48231,부산광역시 수영구 연수로379번길 27 (수영동),051-754-3207
1624,부산,수영구,공사업,전문,(주)세아방재,이중엽,48216,부산광역시 수영구 수미로25번길 4 201호(망미동) .,051-505-7911
1625,부산,수영구,공사업,전문,(주)지앤종합건설,박홍재,48314,"부산광역시 수영구 수영로 452-14 402호(남천동, 남천마르빌)",051-612-3811
1626,부산,수영구,공사업,전문,경인이엔지(주),김영옥,48209,부산광역시 수영구 망미배산로30번길 15 (망미동) 2층,051-759-1479
1627,부산,수영구,공사업,전문,(주)창대이엔지,이현정,48233,부산광역시 수영구 연수로252번길 25 (망미동),051-542-5119
1628,부산,수영구,공사업,전문,(주)현우소방,이현우,48236,부산광역시 수영구 연수로324번길 29-1 (망미동),051-754-3119
1629,부산,수영구,공사업,전문,(주)더유케이,도진욱,48276,부산광역시 수영구 광남로223번길 9 (민락동),051-325-1091
1630,부산,수영구,공사업,전문,주식회사 지엘테크,김영자,48243,"부산광역시 수영구 광서로10번길 51 , 2층(광안동)",051-529-9471
1631,부산,수영구,공사업,전문,(주)경림이엔지,윤재걸,48248,"부산광역시 수영구 광서로 23 , 3층(광안동)",051-755-3036
1632,부산,수영구,공사업,전문,유정소방(주),우홍기,48283,"부산광역시 수영구 민락수변로17번길 36 ,6층 633호(민락동)",051-714-4678
1633,부산,수영구,공사업,전문,(주)신화건설산업,문선배,48303,"부산광역시 수영구 광남로 80 , 1001호(광안동, 신화빌딩)",051-804-7135
1634,부산,수영구,공사업,전문,(주)에스비소방이엔씨,박현진,48267,"부산광역시 수영구 수영로 668 , 1305호(광안동, 화목오피스텔)",051-502-1190
1635,부산,연제구,공사업,전문,대일소방산업(주),"김연중,김태진",47561,부산광역시 연제구 과정로 314 (연산동) 4층,051-868-2001
1636,부산,연제구,공사업,전문,(주)명원기공,강윤근,47519,부산광역시 연제구 거제천로230번길 9  (연산동) .,051-867-4141
1637,부산,연제구,공사업,전문,경동건설주식회사,박재석,47608,부산광역시 연제구 황령산로 599  (연산동) .,051-865-1010
1638,부산,연제구,공사업,전문,(주)일신기술단,이영애,47601,부산광역시 연제구 중앙천로37번가길 18 (연산동),051-868-1911
1639,부산,연제구,공사업,전문,(주)태원이앤씨,이창대,47548,부산광역시 연제구 거제대로74번길 61 (거제동) 2층,051-502-6444
1640,부산,연제구,공사업,전문,주식회사 고산지에스,하성호,47517,부산광역시 연제구 거제천로255번가길 52 (거제동),051-863-0077
1641,부산,연제구,공사업,전문,(주)골드개발,박재현,47511,"부산광역시 연제구 법원로 20 1005호 (거제동, 로제스티빌딩)",051-504-6302
1642,부산,연제구,공사업,전문,(주)세화전설,"조승원,조승만",47581,"부산광역시 연제구 월드컵대로 62 702호 (연산동, 선빌딩)",051-412-5555
1643,부산,연제구,공사업,전문,(주)황토종합건설,이창우,47543,부산광역시 연제구 거제대로 166 4층 (거제동),051-866-1296
1644,부산,연제구,공사업,전문,(주)조은방재기술단,장재명,47544,"부산광역시 연제구 거제시장로22번길 5  비 101호, 비 102호(거제동, 희망센트럴뷰)",051-852-1190
1645,부산,연제구,공사업,전문,경원기공(주),조규읍,47554,부산광역시 연제구 쌍미천로152번길 8  (연산동) .,051-865-6714
1646,부산,연제구,공사업,전문,(주)하나설비,장부식,47603,"부산광역시 연제구 중앙천로14번길 17 , 2층(연산동)",051-507-7536
1647,부산,연제구,공사업,전문,(주)거정,한종관,47539,부산광역시 연제구 거제천로146번길 7 (연산동),051-506-3320
1648,부산,연제구,공사업,전문,(주)아림소방,이상오,47531,부산광역시 연제구 해맞이로113번길 12 2층 (거제동),051-804-4119
1649,부산,연제구,공사업,전문,광명이엔씨 주식회사,이혜영,47594,"부산광역시 연제구 쌍미천로16번길 17 , 상가동 2호(연산동, 남정해바라기맨션)",051-754-2909
1650,부산,연제구,공사업,전문,(주)프로테크이앤지,한상우,47543,부산광역시 연제구 거제대로178번길 25  (거제동) 1층,051-324-9119
1651,부산,연제구,공사업,전문,남경설비(주),"이원득,이재우",47603,부산광역시 연제구 중앙천로4번길 8  (연산동) .,051-866-6777
1652,부산,연제구,공사업,전문,(주)호성EC,손일한,47600,부산광역시 연제구 중앙천로25번길 82  (연산동) .,051-866-2915
1653,부산,연제구,공사업,전문,(주)세광,엄세현,47595,부산광역시 연제구 배산북로 38-1 (연산동) .,051-556-1730
1654,부산,연제구,공사업,전문,(주)삼우공영,박상욱,47569,부산광역시 연제구 고분로 255  (연산동) .,051-754-7171
1655,부산,연제구,공사업,전문,능가전력(주),유병문,47552,부산광역시 연제구 쌍미천로 194 (연산동),051-853-8900
1656,부산,연제구,공사업,일반(전기),(주)태광이엔지,이환태,47544,부산광역시 연제구 거제시장로 27-1 (거제동) .,051-819-2821
1657,부산,연제구,공사업,전문,(주)아이팀,임오환,47501,"부산광역시 연제구 월드컵대로 282 (거제동, 청목파르테논) 505호",051-503-1722
1658,부산,연제구,공사업,전문,세이프엔지니어링(주),정철민,47579,부산광역시 연제구 고분로 58 (연산동) .,051-714-6119
1659,부산,연제구,공사업,전문,(주)성림코리아,류영철,47593,부산광역시 연제구 쌍미천로7번가길 22 (연산동) .,051-756-1950
1660,부산,연제구,공사업,전문,에이스엔지니어링(주),양윤석,47525,"부산광역시 연제구 월드컵대로243번길 19 , 702호(거제동, 거제동원타워)",051-506-1750
1661,부산,연제구,공사업,전문,주식회사 신태양건설,"안정홍,양천식",47511,"부산광역시 연제구 법원로 20 1001호(거제동, 로제스티빌딩)",051-504-6698
1662,부산,연제구,공사업,전문,주식회사 에프이피,옥주현,47558,"부산광역시 연제구 과정로 223-2 , 2층(연산동)",051-865-1195
1663,부산,연제구,공사업,전문,(주)범진,김재정,47594,부산광역시 연제구 쌍미천로8번길 5 (연산동) .,051-863-8030
1664,부산,연제구,공사업,전문,주식회사 서호이엔지,양창현,47567,부산광역시 연제구 과정로208번길 14 (연산동) 2층,051-851-0638
1665,부산,연제구,공사업,전문,(주)장산기술,남경우,47556,부산광역시 연제구 과정로 267 (연산동),051-868-1194
1666,부산,연제구,공사업,전문,새부산소방이엔지(주),배미정,47544,"부산광역시 연제구 거제시장로22번길 5 (거제동, 희망센트럴뷰) 비 101호",051-205-2966
1667,부산,연제구,공사업,전문,성무건설 주식회사,"권정수,박재업",47511,"부산광역시 연제구 법원남로 12 , 10층(거제동)",051-862-0411
1668,부산,연제구,공사업,전문,주식회사 대성문,채창호,47606,"부산광역시 연제구 연제로 7 (연산동, 시청역퀸즈더블유) 2층",051-293-1624
1669,부산,연제구,공사업,전문,코스포서비스 주식회사,김종대,47520,"부산광역시 연제구 중앙대로 1130 5층 502호(연산동, 연산동 SK VIEW (2단지))",051-469-9360
1670,부산,연제구,공사업,전문,(주)회광전기,강민경,47581,"부산광역시 연제구 월드컵대로 62 , 703호(연산동, 선빌딩)",051-715-3688
1671,부산,연제구,공사업,전문,주식회사 광원전설,박건일,47548,부산광역시 연제구 거제대로96번길 5-17 (거제동) .,051-862-2642
1672,부산,연제구,공사업,전문,(주)보국엔지니어링,김영길,47547,"부산광역시 연제구 거제대로108번길 29 , 2층(거제동)",051-808-6676
1673,부산,연제구,공사업,전문,(주)우리이엔씨,전병호,47556,"부산광역시 연제구 과정로265번길 18 , 1층(연산동)",051-926-2394
1674,부산,연제구,공사업,전문,금조소방 주식회사,박배조,47599,부산광역시 연제구 연제로8번길 85 (연산동) 2층,051-927-5119
1675,부산,연제구,공사업,전문,(주)세움기술단,도연희,47540,"부산광역시 연제구 거제천로152번길 34 (연산동, 연산역 휴그린) 202호",051-852-2119
1676,부산,연제구,공사업,전문,(주)원경이엔지,백윤석,47603,"부산광역시 연제구 중앙천로4번길 6 ,1층(연산동)",051-866-0150
1677,부산,연제구,공사업,전문,(주)수수이앤씨,이태성,47569,"부산광역시 연제구 과정로164번길 6 (연산동, 금덕상가빌라) 401호",051-715-1190
1678,부산,연제구,공사업,전문,강산설비(주),양기립,47525,"부산광역시 연제구 월드컵대로243번길 19 , 702호(거제동, 거제동원타워)",051-711-1750
1679,부산,연제구,공사업,전문,주식회사 동성소방,김종희,47565,부산광역시 연제구 온천천남로92번길 53 (연산동) 2층,051-755-9111
1680,부산,연제구,공사업,전문,(주)미래방재,박수현,47606,"부산광역시 연제구 중앙대로990번길 24 , 2층(연산동)",051-852-7119
1681,부산,영도구,공사업,전문,(주)에이치제이중공업,"김완석,유상철",49001,부산광역시 영도구 태종로 233 (봉래동5가),02-450-8503
1682,부산,영도구,공사업,일반(기계),주식회사 씨에프이엔지,"김가령,김윤환",49126,"부산광역시 영도구 감지길91번길 8-2 , 1층 (동삼동)",
1683,부산,영도구,공사업,전문,더대교소방 유한회사,노규열,49061,"부산광역시 영도구 하나길 559 , 1층(신선동2가)",051-442-1250
1684,부산,중구,공사업,전문,주식회사 우리씨앤씨,김병국,48924,부산광역시 중구 중앙대로 137 (대창동2가) 3층(동오빌딩),051-243-7004
1685,부산,중구,공사업,전문,주식회사 광진전기,강판성,48910,부산광역시 중구 대영로 215 (영주동) 3층,051-203-6115
1686,부산,중구,공사업,전문,(주)남강산업설비,강영환,48982,부산광역시 중구 자갈치로15번길 4 (남포동6가),051-247-1336
1687,부산,해운대구,공사업,전문,(주)삼아에코빌,"박종갑,박민준",48059,부산광역시 해운대구 센텀동로 99  (재송동) 708호,051-628-5590
1688,부산,해운대구,공사업,전문,(주)대정기업,김형락,48101,부산광역시 해운대구 해운대해변로 371  (중동) 302호,051-817-8617
1689,부산,해운대구,공사업,전문,반도산전(주),서보석,48059,"부산광역시 해운대구 센텀중앙로 78 1308 (우동,센텀그린타워)",051-808-8556
1690,부산,해운대구,공사업,전문,(주)동신,구자무,48087,부산광역시 해운대구 우동1로20번길 27-10 (우동) .,051-862-0311
1691,부산,해운대구,공사업,전문,(주)태성엔지니어링,김현주,48055,부산광역시 해운대구 해운대로123번길 36 (재송동),051-751-4717
1692,부산,해운대구,공사업,전문,(주)영웅에프앤티,손양인,48033,부산광역시 해운대구 선수촌로 226-16 (반여동),051-867-1109
1693,부산,해운대구,공사업,전문,(주)두원이엔씨,김기수,48059,"부산광역시 해운대구 센텀중앙로 78 ,1704호(우동)",051-521-4551
1694,부산,해운대구,공사업,전문,남광전기(주),남기찬,48038,"부산광역시 해운대구 수영강변대로 504 , 6층(반여동, 세림빌딩)",051-248-7755
1695,부산,해운대구,공사업,전문,(주)현대이엔티,윤문숙,48059,"부산광역시 해운대구 센텀중앙로 90 본동 1704호(재송동,큐비이센텀)",051-529-1025
1696,부산,해운대구,공사업,전문,한국산전(주),이현곤,48002,부산광역시 해운대구 반송로525번길 53 (석대동),051-523-9411
1697,부산,해운대구,공사업,전문,(주)린텍,김한지,48073,"부산광역시 해운대구 송정광어골로 82 , 4층(송정동)",051-646-1599
1698,부산,해운대구,공사업,전문,(주)시아이디건설,하재승,48104,부산광역시 해운대구 해운대로774번길 30  2층(중동),051-731-6702
1699,부산,해운대구,공사업,전문,동선전기(주),이동화,48005,부산광역시 해운대구 윗반송로35번길 184 (반송동),051-544-4326
1700,부산,해운대구,공사업,전문,(주)청현엔지니어링,오천곤,48057,"부산광역시 해운대구 재반로30번길 50 (재송동, 욱성아트빌라) 지하2층 1호",051-783-5607
1701,부산,해운대구,공사업,전문,(주)미래지앤씨,양동훈,48059,"부산광역시 해운대구 센텀북대로 60 (재송동,센텀아이에스타워) 613호",051-747-5604
1702,부산,해운대구,공사업,전문,(주)고려소방,김명수,48051,부산광역시 해운대구 해운대로61번길 32 (재송동) .,051-782-7119
1703,부산,해운대구,공사업,전문,(주)삼성그린에너지,박장수,48059,"부산광역시 해운대구 센텀북대로 60 (재송동, 센텀아이에스타워) 1403호",051-714-0577
1704,부산,해운대구,공사업,전문,제이에스케이방재(주),박홍철,48000,부산광역시 해운대구 운봉길 65 (반송동),051-543-5410
1705,부산,해운대구,공사업,전문,(주)우일엔지니어링,양덕경,48045,부산광역시 해운대구 삼어로133번나길 14 (반여동),051-913-2000
1706,부산,해운대구,공사업,전문,바른전기,조양현,48001,부산광역시 해운대구 반송로 621 (석대동) .,051-721-8782
1707,부산,해운대구,공사업,전문,(주)대주전기,조진화,48033,부산광역시 해운대구 선수촌로208번길 97 (반여동),051-623-0445
1708,부산,해운대구,공사업,전문,정운기업 주식회사,이욱태,48044,부산광역시 해운대구 삼어로147번길 23 (반여동) 2층,051-525-0119
1709,부산,해운대구,공사업,전문,(주)정익엔지니어링,정용봉,48004,부산광역시 해운대구 반송로916번길 41 2층(반송동),051-853-8555
1710,부산,해운대구,공사업,전문,주식회사 하진,김보경,48033,"부산광역시 해운대구 선수촌로 226-16 , 1층(반여동)",051-123-1234
1711,부산,해운대구,공사업,전문,(주)엠지엘건설,"고상혁,최성준",48059,"부산광역시 해운대구 센텀북대로 60 , 1201호(재송동, 센텀아이에스타워)",051-710-0200
1712,부산,해운대구,공사업,전문,동영기업(주),정금자,48002,부산광역시 해운대구 반송로513번길 66-33 (석대동),051-320-0500
1713,부산,해운대구,공사업,전문,(주)정원씨앤에스,김재운,48018,부산광역시 해운대구 반송로790번길 16-1 (반송동),051-902-9119
1714,대구,남구,공사업,전문,보선건설(주),전창용,42419,대구광역시 남구 현충로 146 (대명동),053-656-3000
1715,대구,남구,공사업,전문,경인전력(주),권선열,42508,대구광역시 남구 삼정4길 110 (봉덕동),053-627-6174
1716,대구,남구,공사업,전문,한성엔지니어링(주),장광훈,42450,"대구광역시 남구 자유1길 11  (대명동, 1층) ",053-631-9177
1717,대구,남구,공사업,전문,미주건업(주),고광석,42499,대구광역시 남구 대명남로 16  (대명동) ,053-624-2849
1718,대구,남구,공사업,전문,(주)무계소방,조동수,42463,"대구광역시 남구 대경길 209 ,1층(대명동)",053-621-4015
1719,대구,남구,공사업,전문,금호소방산업(주),이기현,42497,대구광역시 남구 대명남로 29-1  (대명동) ,053-627-6119
1720,대구,남구,공사업,전문,(주)부송,윤덕기,42413,"대구광역시 남구 현충로 206 ,701호(대명동,신화빌딩)",053-629-9501
1721,대구,남구,공사업,전문,(주)영남종합방재,최정환,42452,대구광역시 남구 큰골길 119-1 (대명동),053-564-2119
1722,대구,남구,공사업,전문,(주)서호이엔지,문경석,42425,대구광역시 남구 중앙대로 160  (봉덕동) ,053-475-7018
1723,대구,남구,공사업,전문,(주)한영기업,송인섭,42468,대구광역시 남구 두류공원로16길 80  (대명동) ,053-624-3508
1724,대구,남구,공사업,전문,(주)보성설비,강혁,42480,"대구광역시 남구 대명로 65 , 6층 (대명동, 세아타워)",053-585-3737
1725,대구,남구,공사업,전문,(주)서림기공,김수희,42430,"대구광역시 남구 봉덕로9길 47  (봉덕동, 301호)",053-653-0106
1726,대구,남구,공사업,전문,(주)금상소방방재,임용규,42428,"대구광역시 남구 이천로19길 51-2 , 2층(대명동)",053-283-3119
1727,대구,남구,공사업,전문,주식회사 엠에이치소방방재,박민환,42400,대구광역시 남구 성당로60길 3 (대명동),053-623-2119
1728,대구,남구,공사업,전문,대창테크 주식회사,김광수,42498,대구광역시 남구 대명남로 9 (대명동) 1층,053-559-1199
1729,대구,남구,공사업,전문,(주)성화이아이,오차근,42508,대구광역시 남구 삼정4길 110 (봉덕동),053-253-1100
1730,대구,남구,공사업,일반(기계),주식회사 노수테크,박배성,42453,대구광역시 남구 앞산순환로 561 (대명동),053-627-3088
1731,대구,남구,공사업,전문,(주)세진전기,이광희,42422,"대구광역시 남구 명덕로 236 , 107동2층1호(이천동, 보성상아맨션)",053-474-9988
1732,대구,남구,공사업,전문,주식회사 여산종합건설,이승일,42430,"대구광역시 남구 중앙대로32길 100 , 4층(봉덕동)",053-475-7730
1733,대구,남구,공사업,전문,주식회사 남선전기,"심명보,심재길",42431,대구광역시 남구 이천로28길 49 (이천동),053-476-0404
1734,대구,달서구,공사업,전문,(주)대구종합방재,"김민욱,전상배,김기섭",42632,"대구광역시 달서구 와룡로45길 83  (용산동, 1층)",053-561-0303
1735,대구,달서구,공사업,전문,(주)유명이앤씨,김계진,42721,대구광역시 달서구 성서공단남로36길 23 (월암동),053-583-2052
1736,대구,달서구,공사업,전문,미강기업(주),이한수,42644,대구광역시 달서구 당산로 163  (감삼동) ,053-566-7242
1737,대구,달서구,공사업,전문,(주)삼부전력,이진우,42839,대구광역시 달서구 상화로62길 35 (도원동),053-639-6071
1738,대구,달서구,공사업,전문,보명기업(주),장은율,42623,"대구광역시 달서구 달구벌대로 1391 , 303호(용산동)",053-745-6767
1739,대구,달서구,공사업,전문,한국소방산업,김희은,42661,대구광역시 달서구 밤골길 3  (두류동) ,053-651-1119
1740,대구,달서구,공사업,전문,(주)세림소방,곽홍민,42636,대구광역시 달서구 달구벌대로 1429-3  (장기동) ,053-428-3119
1741,대구,달서구,공사업,전문,(주)대산전력,채홍철,42719,대구광역시 달서구 성서서로 80 비동 3호(월암동),053-525-7278
1742,대구,달서구,공사업,전문,맥엔지니어링(주),김상길,42660,대구광역시 달서구 야외음악당로57길 6  (두류동) ,053-626-0811
1743,대구,달서구,공사업,전문,태흥개발(주),김성수,42654,대구광역시 달서구 당산로24길 36  (성당동),053-557-3226
1744,대구,달서구,공사업,전문,(주)영동설비,장지성,42660,"대구광역시 달서구 파도고개로 207 , 3층(두류동)",053-656-3319
1745,대구,달서구,공사업,전문,(주)문명에이스,"문기웅,이준범",42721,대구광역시 달서구 성서공단남로36길 7  (월암동) ,053-712-0120
1746,대구,달서구,공사업,전문,(주)도경이엔지,김종삼,42612,"대구광역시 달서구 이곡서로 25 , 120호(이곡동)",053-794-4277
1747,대구,달서구,공사업,전문,득원전력 주식회사,탁수용,42614,대구광역시 달서구 서당로3길 83 (신당동),053-586-7816
1748,대구,달서구,공사업,전문,(주)유성설비,홍길제,42755,"대구광역시 달서구 월암로4길 8 , 솔타워 301호(월성동, 1878)",053-552-1781
1749,대구,달서구,공사업,전문,한영전기 주식회사,추홍선,42640,대구광역시 달서구 달구벌대로323길 82 (감삼동),053-557-6451
1750,대구,달서구,공사업,전문,(주)덕진엔지니어링,이정영,42698,대구광역시 달서구 문화회관1길 32 (장기동),053-586-3204
1751,대구,달서구,공사업,전문,(주)대성이엔씨,방현규,42679,대구광역시 달서구 야외음악당로4길 26-10  (성당동) ,053-624-1929
1752,대구,달서구,공사업,전문,공덕설비(주),이규만,42819,대구광역시 달서구 중흥로 52  (송현동) ,053-628-8096
1753,대구,달서구,공사업,전문,(주)동원전기통신,이동규,42806,대구광역시 달서구 상인로 88  (상인동) ,053-354-3180
1754,대구,달서구,공사업,전문,(주)경남소방,김허욱,42638,대구광역시 달서구 와룡로 278 (죽전동),053-559-2119
1755,대구,달서구,공사업,전문,(주)금탑기연,이장희,42728,대구광역시 달서구 구마로14남길 76 (본동) B동 5층,053-524-6280
1756,대구,달서구,공사업,전문,(주)갑산전기,이현자,42705,대구광역시 달서구 성서서로 139 (갈산동),053-585-6691
1757,대구,달서구,공사업,전문,(주)동방소방,전재완,42636,대구광역시 달서구 달구벌대로 1429-3 (장기동),053-522-1256
1758,대구,달서구,공사업,전문,백석기업 주식회사,사공정애,42743,대구광역시 달서구 월배로73길 47 (송현동),053-655-2782
1759,대구,달서구,공사업,전문,대구광역시 학교안전공제회,정희준,42651,대구광역시 달서구 당산로 121 (감삼동),053-231-0922
1760,대구,달서구,공사업,전문,주식회사 영남전기공사,김영주,42703,"대구광역시 달서구 성서서로48길 24 , 2층(갈산동)",053-591-0404
1761,대구,달서구,공사업,전문,신세계소방 주식회사,윤희진,42631,"대구광역시 달서구 와룡로49길 50 , 1층(죽전동)",053-571-1119
1762,대구,달서구,공사업,전문,주식회사 에스엠일렉트릭,김창우,42704,"대구광역시 달서구 성서공단북로 262 (갈산동, 지하층1호)",053-216-9461
1763,대구,달서구,공사업,일반(전기),(주)한국소방,박인학,42695,"대구광역시 달서구 대명천로51길 70 (본리동, 영생아파트 108호)",053-568-1193
1764,대구,달서구,공사업,전문,(주)우리소방,김민기,42627,대구광역시 달서구 와룡로57길 70 (죽전동),053-563-1119
1765,대구,달서구,공사업,일반(전기),(주)광덕전기,유문식,42774,대구광역시 달서구 상화로21길 30 (진천동),053-636-2789
1766,대구,달서구,공사업,전문,(주)대진소방,황병대,42641,"대구광역시 달서구 당산로45길 13 , 1층(감삼동)",053-584-3119
1767,대구,달서구,공사업,전문,(주)경원엔지니어링,김경열,42695,대구광역시 달서구 구마로9길 49 (본리동),053-554-0059
1768,대구,달서구,공사업,전문,주식회사 모던이엔지,정대성,42603,대구광역시 달서구 선원로15안길 62 (신당동) 지하1층,053-588-0375
1769,대구,달서구,공사업,전문,주식회사 신진알앤씨,김종현,42733,"대구광역시 달서구 와룡로 18 , 3층(본동)",053-582-7114
1770,대구,달서구,공사업,전문,주식회사 명성전력,이소원,42726,"대구광역시 달서구 월성로 42 ,207호(월성동)",053-556-3560
1771,대구,달서구,공사업,전문,주식회사 건창산업,권준수,42817,대구광역시 달서구 중흥로 79 (송현동),053-654-9645
1772,대구,달서구,공사업,전문,주식회사 대류전력,이현덕,42678,"대구광역시 달서구 야외음악당로 45 (성당동, 성당테마타운)",053-625-9247
1773,대구,달서구,공사업,전문,주식회사 다인이엔지,황진수,42799,대구광역시 달서구 상화로35길 35 (진천동) 1층,053-633-8030
1774,대구,달서구,공사업,전문,주식회사 현대소방이엔지,정현호,42713,"대구광역시 달서구 성서공단로11길 90-15 ,301호(호산동,서전건축빌딩)",053-591-8119
1775,대구,달서구,공사업,전문,대구금정소방방재(주),전금정,42709,대구광역시 달서구 달서대로 559 이앤씨이노비즈타워 지하105호,053-600-8978
1776,대구,달서구,공사업,일반(전기),주식회사 씨앤티,박기환,42702,"대구광역시 달서구 성서공단북로 235 , 대구드림파크 사무동 202호(신당동)",053-341-1103
1777,대구,달서구,공사업,전문,(주)대영소방,이상은,42696,"대구광역시 달서구 달구벌대로262길 15 , 2층(이곡동)",053-627-0119
1778,대구,달서구,공사업,전문,주식회사 태경이엔씨,전삼식,42721,"대구광역시 달서구 성서공단로50길 21 , 2층(월암동)",053-642-0404
1779,대구,달서구,공사업,전문,주식회사 금정기술단,전효대,42709,"대구광역시 달서구 달서대로 559 , 609호(신당동, 이앤씨이노비즈타워)",053-600-8977
1780,대구,달서구,공사업,전문,진영전설 주식회사,전영철,42627,"대구광역시 달서구 와룡로 275 , 204호(죽전동, 홍성빌딩)",053-563-0424
1781,대구,달서구,공사업,전문,주식회사 비전소방,김지희,42763,"대구광역시 달서구 월배로11길 9-15 , 201동 201호(유천동, 진천역 화성파크 리젠시 1단지)",053-635-1192
1782,대구,달서구,공사업,전문,주식회사 웅비,이현주,42698,"대구광역시 달서구 성서동로 320 , 4층(장기동)",053-721-6790
1783,대구,달서구,공사업,전문,(주)대구소방,김영환,42696,대구광역시 달서구 성서로76길 31 (이곡동),053-582-3119
1784,대구,달서구,공사업,전문,주식회사 백년전설,손창욱,42709,"대구광역시 달서구 달서대로 555 , 3층 305호(신당동, 일신테크노밸리)",053-525-5191
1785,대구,달서구,공사업,전문,주식회사 연합전기,김영대,42736,"대구광역시 달서구 구마로52안길 64 , 1층(송현동)",053-623-5777
1786,대구,달서구,공사업,전문,미래전기,이봉수,42608,대구광역시 달서구 서당로15길 6 (신당동),053-584-2885
1787,대구,달서구,공사업,전문,주식회사 수성전력,정도영,42631,대구광역시 달서구 와룡로49길 112-6 (용산동),053-264-2355
1788,대구,달서구,공사업,전문,주식회사 대진소방이엔씨,임종국,42681,"대구광역시 달서구 대명천로 67 , 상가동 마호(성당동, 삼호아파트)",053-628-1119
1789,대구,달서구,공사업,전문,주식회사 포유전력,박윤복,42638,대구광역시 달서구 와룡로58길 41 (죽전동),053-593-1663
1790,대구,달서구,공사업,전문,주식회사 태림전력,서준희,42815,대구광역시 달서구 상인로9안길 1 (상인동),053-643-1600
1791,대구,달성군,공사업,전문,(유)대보이엔씨,전정욱,42970,대구광역시 달성군 옥포읍 본리로 58 .,053-752-2299
1792,대구,달성군,공사업,전문,주식회사 신우이앤씨,현관수,42969,대구광역시 달성군 옥포읍 신당1길 14 .,053-638-8684
1793,대구,달성군,공사업,전문,합자회사 천내전력,김미외,42962,대구광역시 달성군 명천로 156-1 (화원읍),053-632-2068
1794,대구,달성군,공사업,전문,일진전력(주),이전민,42966,대구광역시 달성군 화원읍 명천로17길 32 (천내리),053-625-3239
1795,대구,달성군,공사업,전문,(주)남북이앤에프,김진수,42923,대구광역시 달성군 다사읍 서재본3길 7 (서재리),053-583-6686
1796,대구,달성군,공사업,전문,다윤월드(주),하상호,42956,대구광역시 달성군 명천로 196 (화원읍),053-626-4715
1797,대구,달성군,공사업,전문,(주)금성방재,김동희,42964,대구광역시 달성군 화원읍 비슬로530길 45-15 .,053-352-6119
1798,대구,달성군,공사업,전문,(주)경성소방방재,공윤종,42956,대구광역시 달성군 화원읍 비슬로504길 12 .,053-763-2119
1799,대구,달성군,공사업,일반(기계),하나엔지니어링 주식회사,"김태영,이석열",42922,"대구광역시 달성군 다사읍 세천북로8길 13-10 ,",053-292-6321
1800,대구,달성군,공사업,전문,묘력전기(주),신용탁,42921,대구광역시 달성군 다사읍 세천로3길 28 (세천리),053-762-0071
1801,대구,달성군,공사업,전문,유창전설(주),"진성한,윤영근",42972,대구광역시 달성군 옥포면 비슬로455길 72-1 (간경리),053-593-4567
1802,대구,달성군,공사업,전문,주식회사 우진이앤씨,최진섭,42952,"대구광역시 달성군 화원읍 비슬로 2703 (구라리, 3층)",053-254-4600
1803,대구,달성군,공사업,전문,주식회사 가람전기,김은영,42922,대구광역시 달성군 다사읍 세천북로9길 21 .,053-585-1213
1804,대구,달성군,공사업,전문,주식회사 삼호이앤씨,신기섭,42922,대구광역시 달성군 다사읍 세천로9길 21 (세천리),053-264-0516
1805,대구,달성군,공사업,전문,삼해인더스트리(주),이종복,42972,대구광역시 달성군 옥포면 비슬로458길 34-3 (기세리),053-581-4722
1806,대구,달성군,공사업,전문,(주)엠제이이앤씨,이환철,42922,대구광역시 달성군 다사읍 세천로11길 15 .,053-524-3008
1807,대구,달성군,공사업,전문,주식회사 엠에이치테크,문성주,42974,대구광역시 달성군 논공읍 금강로10길 6-13 .,053-614-8707
1808,대구,달성군,공사업,전문,(주)송암전설,권현정,42918,"대구광역시 달성군 다사읍 죽곡1길 9 ,5층",053-587-7455
1809,대구,달성군,공사업,전문,나라소방방재(주),손현규,42936,"대구광역시 달성군 가창면 가창로 1047 , 2층",053-784-0119
1810,대구,달성군,공사업,전문,주식회사 다성이엔지,정호,42922,"대구광역시 달성군 다사읍 세천로9길 6 , 1층(세천리)",053-582-1382
1811,대구,달성군,공사업,전문,영성전력 주식회사,원은주,42969,"대구광역시 달성군 옥포읍 이팝나무길 78 ,2층",053-784-4225
1812,대구,달성군,공사업,전문,진원소방(주),탁종태,42947,대구광역시 달성군 화원읍 비슬로 2545 (화원이진캐스빌) 상가3층 313호,053-633-0911
1813,대구,달성군,공사업,전문,주식회사 다인이엔씨,이미옥,711-841,대구광역시 달성군 옥포면 간경길 28,053-625-2779
1814,대구,달성군,공사업,전문,주식회사 신전력,신정순,43024,대구광역시 달성군 유가읍 테크노중앙대로1길 34-17 .,053-657-1325
1815,대구,달성군,공사업,전문,큰빛설비 주식회사,이지영,42934,대구광역시 달성군 가창면 가창로216길 1 .,053-384-7080
1816,대구,동구,공사업,전문,(주)일신소방,김대진,41085,대구광역시 동구 동호로2길 13-2 (동호동) 1층,053-745-3119
1817,대구,동구,공사업,전문,한국방재(주),오창헌,41251,"대구광역시 동구 동부로26길 62  (신천동, 덕성빌딩 2층) ",053-754-6119
1818,대구,동구,공사업,전문,(자)대한소방,김홍주,41201,대구광역시 동구 송라로 149  (신암동) ,053-424-5031
1819,대구,동구,공사업,전문,(주)우일방재,장우상,41245,"대구광역시 동구 효신로 69  (신천동, 3층) ",053-759-5535
1820,대구,동구,공사업,전문,(주)한성플랜트,김진호,41003,대구광역시 동구 동화천로70길 17 (지묘동),053-326-8001
1821,대구,동구,공사업,전문,(주)대한이엔지,이상현,41038,"대구광역시 동구 팔공로 115 (불로동, 2층)",053-383-8806
1822,대구,동구,공사업,전문,(주)동도이엔지,박종윤,41066,대구광역시 동구 과학로4길 12-2 (각산동),053-753-0472
1823,대구,동구,공사업,전문,(주)대경하이테크,이효녕,41032,대구광역시 동구 도평로 99 (도동),053-985-8300
1824,대구,동구,공사업,전문,(주)대연기술단,이진열,41171,"대구광역시 동구 효동로 72-1 (효목동, 2층)",053-944-3119
1825,대구,동구,공사업,전문,청구개발(주),윤찬운,41268,대구광역시 동구 송라로3길 19  (신천동) ,053-421-1009
1826,대구,동구,공사업,전문,(주)도이전기,원경연,41132,대구광역시 동구 신평로16길 33-1 (신평동),053-951-0751
1827,대구,동구,공사업,전문,세원전설(주),김용두,41174,대구광역시 동구 효목로19길 126  (효목동) ,053-941-2544
1828,대구,동구,공사업,전문,태흥산업(주),조덕호,41085,대구광역시 동구 동호로2길 21-7 (동호동),053-981-0036
1829,대구,동구,공사업,일반(전기),지오이엔씨,"고영근,오상봉",41067,"대구광역시 동구 이노밸리로46길 3-8 ,1층 102호(각산동)",053-764-7771
1830,대구,동구,공사업,전문,(주)대전사,신명계,41238,대구광역시 동구 화랑로 95 (효목동) 5층,053-742-1920
1831,대구,동구,공사업,전문,(주)아이엔티건설,이경국,41242,"대구광역시 동구 동부로22길 34  (신천동, 3층)",053-422-5858
1832,대구,동구,공사업,전문,(주)아석전기,정지영,41176,대구광역시 동구 효동로 59-16 (효목동),053-744-1411
1833,대구,동구,공사업,전문,(주)일진산업건설,이정진,41266,대구광역시 동구 국채보상로155길 54 (신천동),053-426-6147
1834,대구,동구,공사업,전문,(주)다윗,류기영,41030,대구광역시 동구 팔공로34길 27-2 (불로동),053-985-1150
1835,대구,동구,공사업,전문,청우방재,최영진,41262,대구광역시 동구 국채보상로171길 26 (신천동),053-428-2119
1836,대구,동구,공사업,전문,(주)에프엠119,주덕호,41068,"대구광역시 동구 이노밸리로54길 11-6 , 1층",053-474-7118
1837,대구,동구,공사업,전문,(주)아인이엔지,성기홍,41113,"대구광역시 동구 경안로107길 43 , 금홍빌딩301호(서호동)",053-766-2255
1838,대구,동구,공사업,전문,주식회사 연수이앤지,정종만,41255,"대구광역시 동구 장등로 83 ,302호(신천동)",053-752-0031
1839,대구,동구,공사업,전문,주식회사 이수종합전기,김형철,41242,"대구광역시 동구 동부로22길 14 ,104호(신천동)",053-756-2927
1840,대구,동구,공사업,전문,주식회사 대성소방,최창수,41138,대구광역시 동구 방촌로11길 10-14 (검사동),053-985-1090
1841,대구,동구,공사업,전문,(주)유신이앤씨,류춘열,41126,대구광역시 동구 반야월북로27길 17 (각산동),053-961-3513
1842,대구,동구,공사업,전문,주식회사 초이,남혜숙,41059,"대구광역시 동구 매여로1길 6 , 이동(상매동)",053-965-1272
1843,대구,동구,공사업,전문,(주)상보소방,조유진,41017,대구광역시 동구 도평로51길 19 (도동),053-985-0951
1844,대구,동구,공사업,전문,세이프소방방재 주식회사,정 훈,41269,대구광역시 동구 송라로 45-20 (신천동),053-741-8849
1845,대구,동구,공사업,전문,주식회사 신우,홍성만,41183,대구광역시 동구 동북로81길 42 (신암동),053-254-5898
1846,대구,동구,공사업,전문,주식회사 에스앤티엔지니어링,이동락,41113,"대구광역시 동구 경안로107길 37 , 4층(서호동)",053-791-9838
1847,대구,동구,공사업,전문,주식회사 건호기업,도용진,41129,"대구광역시 동구 반야월로6길 20 , 201동 202호 (용계동, 용계삼산타운)",053-963-2540
1848,대구,동구,공사업,전문,주식회사 민이엔씨,전홍열,41140,대구광역시 동구 입석로1길 80-4 (입석동),053-766-9794
1849,대구,동구,공사업,전문,주식회사 상원소방,장재혁,41124,"대구광역시 동구 신덕로 211 , (율암동)",053-768-3119
1850,대구,동구,공사업,전문,주식회사 해누리이엔씨,윤창근,41129,"대구광역시 동구 반야월로 26 (용계동, 용계보라아파트) 104동 201호",053-965-1360
1851,대구,동구,공사업,전문,주식회사 이원전력,이연우,41142,대구광역시 동구 동촌로5길 9 (입석동),053-635-1681
1852,대구,동구,공사업,전문,주식회사 대오이엔지,류주현,41075,대구광역시 동구 반야월북로55길 9 (신서동),053-965-3839
1853,대구,동구,공사업,전문,주식회사 마스원,심재경,41017,대구광역시 동구 도평로38길 25 (도동),053-710-5541
1854,대구,동구,공사업,전문,한국티엔이 주식회사,손한국,41171,대구광역시 동구 효동로 78-8 (효목동),053-943-7223
1855,대구,동구,공사업,전문,주식회사 세정건업,김대호,41171,"대구광역시 동구 효동로 70 , 2층(효목동)",053-965-5073
1856,대구,동구,공사업,전문,주식회사 풍림소방,권성은,41155,"대구광역시 동구 동촌로 62 , 2층(검사동)",053-939-6119
1857,대구,동구,공사업,전문,주식회사 대부전력,이병채,41065,"대구광역시 동구 이노밸리로26길 14 , 3층 302에이호(각산동, 주성타워)",053-218-0500
1858,대구,동구,공사업,전문,코가스서비스얼라이언스 주식회사,정철수,41065,"대구광역시 동구 이노밸리로 140 , 3층 304호 305호(각산동, 영우빌딩)",053-961-9082
1859,대구,동구,공사업,전문,초이소방 주식회사,박기대,41059,"대구광역시 동구 매여로1길 6 , 이동(상매동)",055-345-1500
1860,대구,북구,공사업,전문,(주)안국방재,서구식,41441,대구광역시 북구 관음중앙로28길 36-8  (관음동) ,053-324-4119
1861,대구,북구,공사업,전문,(주)태백종합건설,나헌표,41502,"대구광역시 북구 동북로 35  (산격동, 동광빌딩 2층) ",053-384-0424
1862,대구,북구,공사업,전문,주식회사 부강,이전우,41498,대구광역시 북구 3공단로10길 9 (노원동3가),053-637-4464
1863,대구,북구,공사업,전문,(주)진명일렉스,강태열,41412,대구광역시 북구 동변로20길 30 (동변동),053-951-7722
1864,대구,북구,공사업,전문,(주)에너지소방,차창열,41412,대구광역시 북구 동변로 106-24 (동변동),053-355-6119
1865,대구,북구,공사업,전문,(주)영진기공,현정규,41513,"대구광역시 북구 검단로 135 104동 120호(검단동, 검단팩토리밸리)",053-384-7233
1866,대구,북구,공사업,전문,성한이엔지 유한회사,"윤한용,배성호",41474,대구광역시 북구 호국로57길 30-18 (서변동),053-254-3907
1867,대구,북구,공사업,전문,(주)신흥건설,김범준,41476,"대구광역시 북구 호국로 209  (서변동, 명덕빌딩 4층) ",053-951-2800
1868,대구,북구,공사업,전문,(자)세기전력,이상석,41496,대구광역시 북구 노원로9길 34  (노원동3가) ,053-357-9797
1869,대구,북구,공사업,전문,(주)에스제이에스일렉트릭,김현돈,41495,"대구광역시 북구 노원로25길 51-6 , 같은곳 3공단로 181-10(노원동3가)",053-354-0040
1870,대구,북구,공사업,전문,세명엔지니어링,하태정,41413,"대구광역시 북구 동변로 83 , 5층",053-353-5119
1871,대구,북구,공사업,전문,(주)화성개발,"박종수,이홍중",41590,"대구광역시 북구 원대로 130 (침산동, 파크드림 갤러리)",053-715-3049
1872,대구,북구,공사업,전문,통일소방,박영진,41445,"대구광역시 북구 칠곡중앙대로95길 49  (관음동, 1층) ",053-326-1193
1873,대구,북구,공사업,전문,(주)광덕전력,이복희,41511,대구광역시 북구 검단로41길 8  (검단동),053-421-4442
1874,대구,북구,공사업,전문,(주)우방,이진욱,41590,대구광역시 북구 원대로 128  (침산동),053-607-9000
1875,대구,북구,공사업,일반(전기),(주)천우전기,김주덕,41502,대구광역시 북구 동북로 9  (산격동) ,053-383-2651
1876,대구,북구,공사업,전문,(주)대경소방,장병호,41594,대구광역시 북구 칠성남로 43  (고성동2가) ,053-353-0353
1877,대구,북구,공사업,전문,(주)영신전기,김주호,41485,대구광역시 북구 매천로동17길 52  (매천동) ,053-311-6170
1878,대구,북구,공사업,전문,(주)태환,정재영,41547,대구광역시 북구 성북로5길 75-2 (침산동),053-355-7001
1879,대구,북구,공사업,전문,(주)금강방재,신승철,41424,"대구광역시 북구 구암로65길 52  (구암동, 상호빌딩4층) ",053-327-1119
1880,대구,북구,공사업,전문,(주)서경엔지니어링,김진한,41518,"대구광역시 북구 유통단지로 16 , 지원동 4층 5-6호(산격동, 유통단지산업용재관)",053-287-2103
1881,대구,북구,공사업,전문,대영소방기술(주),권성호,41477,"대구광역시 북구 망월길 20-1 (서변동,2층)",053-951-2597
1882,대구,북구,공사업,전문,(주)만길엔지니어링,"이용만,이용희",41518,"대구광역시 북구 유통단지로 16 14동 2층 23호(산격동,산업용재관)",053-604-2368
1883,대구,북구,공사업,전문,(주)태광전력,이병철,41412,대구광역시 북구 동변로24길 32-45 (동변동),053-311-1110
1884,대구,북구,공사업,전문,주식회사 영산전기,허진천,41473,대구광역시 북구 학정로42길 22-25 (구암동),053-324-4651
1885,대구,북구,공사업,전문,신선파워 주식회사,김태현,41535,"대구광역시 북구 대동로1길 34 , 다동 144호(산격동, 산격종합시장아파트)",053-955-3304
1886,대구,북구,공사업,전문,다온이엔지,장순규,41518,"대구광역시 북구 유통단지로 16 (산격동, 9동 2층 21호)",053-383-7335
1887,대구,북구,공사업,전문,팔도건설 주식회사,김채원,41518,"대구광역시 북구 유통단지로 16 ,상가28동 15호(산격동,산업용재관)",053-782-2095
1888,대구,북구,공사업,전문,(주)일성이엔지,손주달,41504,"대구광역시 북구 유통단지로 103 ,28호(산격동,복합건축자재관)",053-621-0404
1889,대구,북구,공사업,전문,주식회사 명인이앤씨,김근혜,41518,"대구광역시 북구 유통단지로 16 , 26동 2층 25호(산격동, 산업용재관)",053-604-2540
1890,대구,북구,공사업,전문,(주)동인전력,김형식,41438,"대구광역시 북구 구암로15길 38  (읍내동, 목련아파트) 상가2층",053-943-0104
1891,대구,북구,공사업,전문,경원전설 주식회사,도양환,41580,대구광역시 북구 칠성남로35길 26-10 (칠성동2가),053-944-0472
1892,대구,북구,공사업,전문,(주)엠소방엔지니어링,추병수,41472,대구광역시 북구 구암로54길 3-5 (구암동),053-324-6119
1893,대구,북구,공사업,전문,(주)연세소방,김영근,41502,"대구광역시 북구 연암로42길 10-1 ,비-01호(산격동)",053-355-4119
1894,대구,북구,공사업,전문,경상북도 학교안전공제회,박창한,41542,대구광역시 북구 연암로 40 (산격동),053-957-0191
1895,대구,북구,공사업,전문,재현전력(주),정탁현,41477,대구광역시 북구 환성정길 40 (서변동),053-951-4417
1896,대구,북구,공사업,전문,주식회사 대일이에프씨,최미숙,41548,"대구광역시 북구 침산로48길 9-1 , 2층(침산동)",053-955-0603
1897,대구,북구,공사업,전문,(주)선우이앤씨,최용호,41503,"대구광역시 북구 유통단지로13길 38 ,2층(산격동)",053-352-6559
1898,대구,북구,공사업,전문,주식회사 재원기술,손남규,41465,"대구광역시 북구 태암로18길 20-1 , 1층(구암동)",053-324-6334
1899,대구,북구,공사업,전문,주식회사 기건소방,김기수,41502,대구광역시 북구 호국로 25 (산격동),053-959-1588
1900,대구,북구,공사업,전문,신천전설 주식회사,전재동,41511,"대구광역시 북구 검단로41길 8 , 비동(검단동)",053-252-4447
1901,대구,북구,공사업,전문,대산이엔지,이정은,41568,"대구광역시 북구 대현로 71 , 2층(대현동)",053-721-6977
1902,대구,북구,공사업,전문,(주)합동이엔씨,송인립,41518,"대구광역시 북구 유통단지로 16 ,2층 (산격동, 산업용재관 23동 2층 7호)",053-604-0799
1903,대구,북구,공사업,전문,주식회사 무건전기통신,염성희,41502,대구광역시 북구 연암로42길 19 (산격동),053-382-4673
1904,대구,북구,공사업,전문,(주)예성전기통신,"최홍철,최용재",41515,대구광역시 북구 유통단지로24길 11 (산격동),053-384-3700
1905,대구,북구,공사업,전문,(주)에스와이이앤지,김헌규,41494,대구광역시 북구 노원로1길 194 (노원동3가),053-384-8918
1906,대구,북구,공사업,전문,주식회사 다원에프이,신길수,41511,"대구광역시 북구 검단동로 28 ,1층 (검단동)",053-381-1662
1907,대구,북구,공사업,전문,(주)한양아이엔디,박범용,41413,"대구광역시 북구 동변로13길 6 (동변동), 2층",053-311-9845
1908,대구,북구,공사업,전문,(주)신우이엔씨,이진하,41407,"대구광역시 북구 동호길 60 ,201호 (동호동)",
1909,대구,북구,공사업,전문,흥산소방산업 주식회사,이명훈,41515,"대구광역시 북구 유통단지로8길 121-3 , 1층 102호(산격동)",053-431-8898
1910,대구,북구,공사업,전문,(주)에이치에스청명,"강인환,김주연",41518,"대구광역시 북구 유통단지로 16 ,업무지원동 6층 1호(산격동)",053-252-9191
1911,대구,북구,공사업,전문,미성전력 주식회사,박성호,41477,대구광역시 북구 환성정길 12-11 (서변동),053-762-4740
1912,대구,북구,공사업,전문,(주)한성이엔지,서광희,41513,"대구광역시 북구 검단로 135 , 검단팩토리밸리 102동 121호, 210호, 211호",053-384-4027
1913,대구,북구,공사업,전문,주식회사 광진건설,이은주,41401,대구광역시 북구 칠곡중앙대로128길 9 (읍내동),053-311-8465
1914,대구,북구,공사업,전문,주식회사 강북전설,신지영,41439,대구광역시 북구 칠곡중앙대로 553 (읍내동),053-326-6363
1915,대구,북구,공사업,전문,주식회사 화인이앤에프,진명훈,41484,"대구광역시 북구 칠곡중앙대로 180 , 5층 504호(태전동, 경운대학교 창조융합센터)",
1916,대구,북구,공사업,전문,라온소방ENG,임종범,41506,"대구광역시 북구 유통단지로3길 68-19 ,1층 (산격동)",053-951-0999
1917,대구,북구,공사업,일반(전기),주식회사 보훈소방,정금희,41534,대구광역시 북구 연암공원로14길 31-3 (산격동),053-939-9110
1918,대구,북구,공사업,전문,주식회사 아승이엔지,채승규,41598,"대구광역시 북구 한강로8길 13-17 , 1층 102호(금호동)",053-710-5046
1919,대구,서구,공사업,전문,(주)합동소방설비,김봉원,41772,대구광역시 서구 문화로 249-1  (평리동) ,053-558-9232
1920,대구,서구,공사업,전문,(주)청구소방,김형근,41870,대구광역시 서구 달서로5길 3 (내당동),053-254-7264
1921,대구,서구,공사업,전문,(주)종보전기,박보석,41756,대구광역시 서구 와룡로65길 6  (중리동) ,053-556-0054
1922,대구,서구,공사업,전문,(자)근화기업,강상욱,41759,대구광역시 서구 와룡로90길 64  (이현동),053-557-6300
1923,대구,서구,공사업,전문,(주)명전사,김학목,41759,대구광역시 서구 문화로14길 14  (이현동) ,053-559-3413
1924,대구,서구,공사업,전문,(주)영진건업,문필재,41750,대구광역시 서구 가르뱅이로 72  (상리동) ,053-588-5710
1925,대구,서구,공사업,전문,오무전력 합자회사,김성호,41759,대구광역시 서구 문화로14길 16  (이현동) ,053-567-2376
1926,대구,서구,공사업,전문,(주)우현소방,"정우현,이명숙",41851,대구광역시 서구 서대구로7길 8-16 (내당동),053-563-9119
1927,대구,서구,공사업,전문,(주)남진테크,남지원,41750,대구광역시 서구 가르뱅이로21길 21  (상리동) ,053-572-3387
1928,대구,서구,공사업,전문,(주)한국소방기구제작소,정수현,41845,대구광역시 서구 평리로29길 33  (중리동) ,053-564-2201
1929,대구,서구,공사업,전문,(주)태성전력,유선종,41754,대구광역시 서구 국채보상로3길 23 (이현동),053-565-8477
1930,대구,서구,공사업,전문,동명건설 주식회사,이민균,41751,"대구광역시 서구 새방로27길 12-2 ,1층 (상리동)",053-593-0350
1931,대구,서구,공사업,전문,(주)태성소방,박진수,41749,대구광역시 서구 북비산로33길 9-8 (평리동),053-551-1191
1932,대구,서구,공사업,전문,가람소방방재 주식회사,김정희,41756,"대구광역시 서구 와룡로 307 , 711호(중리동, 디센터1976지식산업센터)",053-288-3260
1933,대구,서구,공사업,전문,주식회사 세인전력,최종식,41749,대구광역시 서구 북비산로37길 10-20 (평리동),053-521-2573
1934,대구,서구,공사업,전문,(주)신동양기업,"박태은,박종하",41702,"대구광역시 서구 팔달로 34 ,301호(비산동)",053-352-6711
1935,대구,서구,공사업,전문,다다이앤씨(주),장원석,41724,대구광역시 서구 달서천로 203-1 (비산동) .,053-341-9331
1936,대구,서구,공사업,전문,주식회사 동남소방,"김동수,김성원,백남수",41847,"대구광역시 서구 당산로 241 , 2층(내당동)",053-561-3119
1937,대구,서구,공사업,전문,(주)대광엔지니어링,이영우,41754,대구광역시 서구 국채보상로5길 25-1 (이현동),053-521-7614
1938,대구,서구,공사업,전문,(주)선택,"노병선,정응호",41756,대구광역시 서구 와룡로 307 (중리동) 디센터 415호,053-523-4400
1939,대구,서구,공사업,전문,주식회사 무적소방,서상덕,41750,"대구광역시 서구 가르뱅이로16길 2 , 1층 (상리동)",053-557-2119
1940,대구,서구,공사업,전문,주식회사 에이스,백민기,41757,대구광역시 서구 북비산로 112-19 (이현동),053-381-5810
1941,대구,서구,공사업,전문,주식회사 기원전력,김근형,41870,대구광역시 서구 달구벌대로375길 27-220 (내당동),053-567-3537
1942,대구,서구,공사업,전문,주식회사 대현소방,"황정성,송영철",41786,대구광역시 서구 문화로61길 19 (평리동),053-561-8119
1943,대구,서구,공사업,일반(전기),(주)동광전기,최원길,41787,대구광역시 서구 통학로 150 (평리동),053-555-0404
1944,대구,서구,공사업,전문,주식회사 덕삼,신재준,41817,대구광역시 서구 달서로15길 7-1 (비산동),053-525-3634
1945,대구,서구,공사업,전문,주식회사 태은소방방재,강성욱,41853,"대구광역시 서구 서대구로7길 25 , 2층 (내당동)",053-557-9400
1946,대구,수성구,공사업,전문,에이치에스화성 주식회사,"이종원,최진엽",42149,대구광역시 수성구 동대구로 111  (황금동) ,053-760-3731
1947,대구,수성구,공사업,전문,(주)경일소방,이승민,42159,대구광역시 수성구 상화로 33-1  (상동),053-759-7119
1948,대구,수성구,공사업,전문,(주)라산전공,손성모,42288,대구광역시 수성구 유니버시아드로 322-1 (욱수동),053-793-8440
1949,대구,수성구,공사업,전문,(주)용천,정지덕,42173,대구광역시 수성구 무학로21길 103  (두산동) ,053-756-5753
1950,대구,수성구,공사업,일반(기계),삼익설비(주),정동익,42174,대구광역시 수성구 들안로2안길 22  (두산동) ,053-763-0961
1951,대구,수성구,공사업,전문,(주)흥신건설,임채길,42000,"대구광역시 수성구 들안로 413 , 3층(범어동)",053-428-4535
1952,대구,수성구,공사업,전문,(주)세종공영,성기석,42216,"대구광역시 수성구 용학로25안길 9  (두산동, 3층) ",053-762-7171
1953,대구,수성구,공사업,전문,(주)동우이엔지,차재열,42054,대구광역시 수성구 세진로 65-1  (만촌동) ,053-746-1485
1954,대구,수성구,공사업,전문,(주)백산이엔씨,"김주환,김호관",42168,대구광역시 수성구 무학로11길 36  (상동) ,053-765-6666
1955,대구,수성구,공사업,전문,우일기업(주),김종성,42055,대구광역시 수성구 세진로 50  (만촌동) ,053-751-0765
1956,대구,수성구,공사업,전문,(주)제일소방방재,김국일,42200,"대구광역시 수성구 범안로 93 , 103호(범물동)",053-292-9119
1957,대구,수성구,공사업,전문,(주)프로에프에스,제성옥,42148,대구광역시 수성구 들안로 160 (황금동),053-426-8119
1958,대구,수성구,공사업,전문,(주)동위,송창선,42260,대구광역시 수성구 고모로39길 22 (고모동),053-341-7783
1959,대구,수성구,공사업,전문,(주)세신엔지니어링,강일만,42156,대구광역시 수성구 청수로 10-1  (중동) ,053-764-6633
1960,대구,수성구,공사업,전문,(주)대양전기,김병진,42036,대구광역시 수성구 만촌로 126  (만촌동) ,053-744-6618
1961,대구,수성구,공사업,전문,주식회사 삼덕,김재익,42189,대구광역시 수성구 지산로11길 14-11  (지산동),053-783-0285
1962,대구,수성구,공사업,전문,(주)수성방재,배성근,42151,대구광역시 수성구 들안로 181  (중동) ,053-762-9119
1963,대구,수성구,공사업,전문,삼화건업(주),변화곤,42014,대구광역시 수성구 상록로 53  (범어동) ,053-764-0114
1964,대구,수성구,공사업,전문,(주)삼진씨앤씨,이석우,42175,대구광역시 수성구 동대구로 37  (두산동) ,053-761-4620
1965,대구,수성구,공사업,전문,성광방재(주),김성호,42132,"대구광역시 수성구 수성로58길 35-4 (수성동2가,1층)",053-761-6119
1966,대구,수성구,공사업,전문,경덕전력(주),"정화식,백흠도",42184,대구광역시 수성구 무학로37안길 28-29 (지산동),053-764-8606
1967,대구,수성구,공사업,전문,(주)강동이앤씨,정일영,42256,"대구광역시 수성구 노변공원로 7 ,2층(시지동)",053-746-1017
1968,대구,수성구,공사업,전문,(주)한양텍,이수삼,42184,대구광역시 수성구 무학로31길 92  (지산동) ,053-472-3119
1969,대구,수성구,공사업,전문,비전이앤씨(주),서향경,42045,대구광역시 수성구 만촌로24길 32 (만촌동),053-753-7885
1970,대구,수성구,공사업,전문,(주)팔공소방,김민호,42055,"대구광역시 수성구 세진로 42 , 1층 (만촌동)",053-744-8849
1971,대구,수성구,공사업,전문,다앤 주식회사,허상구,42048,대구광역시 수성구 동원로12길 41 (만촌동),053-745-2356
1972,대구,수성구,공사업,전문,영진개발(주),류종길,42044,대구광역시 수성구 만촌로 118  (만촌동) ,053-753-4832
1973,대구,수성구,공사업,전문,(주)임하엔지니어링,정의권,42260,대구광역시 수성구 고모로28길 12 (가천동),053-744-2613
1974,대구,수성구,공사업,전문,(주)유신전력,권기진,42166,대구광역시 수성구 신천동로 71  (상동) ,053-766-0090
1975,대구,수성구,공사업,전문,동우종합건설 주식회사,"조만현,권진혁",42021,"대구광역시 수성구 국채보상로186길 5 , 1층(범어동)",054-338-0784
1976,대구,수성구,공사업,전문,혜성전력(주),김헌재,42134,대구광역시 수성구 수성로50길 15-9  (중동) ,053-765-3070
1977,대구,수성구,공사업,전문,(주)서한,"조종수,정우필",42125,"대구광역시 수성구 명덕로 415 (수성동2가, 서한빌딩)",053-741-9980
1978,대구,수성구,공사업,전문,(합자)세명소방,"장용호,정연주",42267,대구광역시 수성구 천을로 105-5  (매호동) ,053-755-7779
1979,대구,수성구,공사업,전문,주식회사 남영전설,이경용,42187,"대구광역시 수성구 지범로17길 85 상가301동 201호(지산동, 지산 화성 파크드림)",053-759-1881
1980,대구,수성구,공사업,전문,(주)삼두이엔씨,최병천,42052,대구광역시 수성구 충의로 36-1 (만촌동),053-768-5583
1981,대구,수성구,공사업,전문,(주)유인엔지니어링,류훈희,42145,대구광역시 수성구 들안로28길 74 (황금동),053-767-7471
1982,대구,수성구,공사업,전문,(주)부창방재,최윤정,42187,대구광역시 수성구 지범로 11 3층(두산동),053-763-6663
1983,대구,수성구,공사업,전문,(주)그린에코,김홍제,42262,대구광역시 수성구 달구벌대로 3103 (시지동),070-8716-3337
1984,대구,수성구,공사업,전문,(주)다원이앤씨,전진길,42132,대구광역시 수성구 수성로58길 33 (수성동2가),053-422-7023
1985,대구,수성구,공사업,전문,동명테크윈(주),심인철,42251,"대구광역시 수성구 알파시티1로27길 9 ,2층(대흥동)",053-593-0353
1986,대구,수성구,공사업,전문,(주)대원기업,허명준,42260,대구광역시 수성구 고모로39길 22 (고모동),053-742-5037
1987,대구,수성구,공사업,전문,(주)영신방재엔지니어링,배규범,42170,대구광역시 수성구 청수로24길 23 (두산동),053-766-1195
1988,대구,수성구,공사업,전문,주식회사 대유기전공사,권오종,42185,대구광역시 수성구 무학로27길 48 (지산동),053-764-8123
1989,대구,수성구,공사업,전문,(주)에프엠방재,박기명,42134,"대구광역시 수성구 들안로 199 (중동, 2층)",053-763-1191
1990,대구,수성구,공사업,전문,주식회사 보문씨앤씨,김영준,42024,대구광역시 수성구 세진로3길 16 (범어동),053-746-7808
1991,대구,수성구,공사업,전문,주식회사 태경소방,"조태철,강경희",42181,"대구광역시 수성구 청호로46길 7 , 3층 (황금동)",053-745-0119
1992,대구,수성구,공사업,전문,주식회사 영성전설,김경태,42241,대구광역시 수성구 지범로47길 3-12 (범물동),053-248-4008
1993,대구,수성구,공사업,전문,주식회사 새빛전기,김미화,42288,"대구광역시 수성구 유니버시아드로 322-1 ,3층(욱수동)",053-793-8858
1994,대구,수성구,공사업,일반(기계),주식회사 이성,이영희,42196,"대구광역시 수성구 지범로23길 22 , 2층(지산동)",053-784-0480
1995,대구,수성구,공사업,전문,주식회사 해인플랜트,박철흠,42142,대구광역시 수성구 들안로46길 36 (황금동),053-768-3811
1996,대구,수성구,공사업,전문,천일전기(주),신정안,42147,대구광역시 수성구 동대구로29길 28-1  (황금동),053-763-7001
1997,대구,수성구,공사업,전문,(주)조은소방방재,윤창규,42156,"대구광역시 수성구 신천동로 168 (중동), 3층",053-295-1119
1998,대구,수성구,공사업,전문,국민소방방재,박준호,42133,"대구광역시 수성구 수성로52길 15-10 , 2층(중동)",053-781-3119
1999,대구,수성구,공사업,전문,(주)한라공영,최동욱,42013,"대구광역시 수성구 상록로 52 , 505호(범어동, 로뎀빌딩)",053-753-1557
2000,대구,수성구,공사업,전문,주식회사 정덕이앤씨,김호중,42164,"대구광역시 수성구 수성로12길 86 , 2층 (상동)",053-767-0868
2001,대구,수성구,공사업,전문,유진종합건설(주),"도형윤,도재덕",42175,대구광역시 수성구 무학로 117 (두산동),053-764-9929
2002,대구,수성구,공사업,전문,주식회사 삼우종합건설,윤종호,42251,"대구광역시 수성구 알파시티1로 105 , 3층 304호(대흥동, 더스마트타워)",053-761-3376
2003,대구,수성구,공사업,일반(기계),주식회사 가야산업개발,손기철,42046,대구광역시 수성구 공경로 12 (만촌동),053-751-0426
2004,대구,수성구,공사업,전문,주식회사 이응,이윤성,42251,"대구광역시 수성구 알파시티2로 81-6 , 1층 101호(노변동)",053-759-0030
2005,대구,수성구,공사업,전문,주식회사 동진종합건설,이기동,42250,"대구광역시 수성구 알파시티1로42길 17 , 502호(대흥동, 이니셜타운)",053-636-8763
2006,대구,수성구,공사업,전문,다움에프엠씨 주식회사,홍재준,42246,"대구광역시 수성구 지범로46길 5 , 2층(범물동)",053-782-0119
2007,대구,중구,공사업,전문,(주)동서개발,이승현,41930,대구광역시 중구 달구벌대로 1929  (대신동) ,053-253-4404
2008,대구,중구,공사업,전문,(주)경일종합설비,허천수,41946,대구광역시 중구 국채보상로150길 38  (동인동4가) ,053-423-0227
2009,대구,중구,공사업,전문,삼아건설(주),"배청,윤동환",41954,대구광역시 중구 동덕로 61 (대봉동),053-424-1552
2010,대구,중구,공사업,전문,(주)진영소방,문영철,41931,대구광역시 중구 서성로 5  (동산동) ,053-256-8127
2011,대구,중구,공사업,전문,(주)영인이엔씨,우종국,41905,대구광역시 중구 태평로 286 (동인동3가) 5층,053-428-0001
2012,대구,중구,공사업,전문,삼광전력(주),류석종,41919,대구광역시 중구 경상감영길 27-18  (서내동) ,053-422-8090
2013,대구,중구,공사업,전문,(주)선우이엔지,류태한,41904,대구광역시 중구 태평로 267-40  (동인동3가) ,053-762-1192
2014,대구,중구,공사업,일반(전기),(주)한신엔지니어링,정현석,41911,대구광역시 중구 국채보상로131길 32  (동인동1가) ,053-424-2113
2015,대구,중구,공사업,전문,정원전설 주식회사,정안식,41905,대구광역시 중구 동덕로40길 58 (동인동3가),053-428-1122
2016,대구,중구,공사업,전문,(자)신진기업,이진모,41965,대구광역시 중구 명륜로12길 54  (남산동) ,053-255-3055
2017,대구,중구,공사업,전문,(주)로타리소방,김재일,41905,대구광역시 중구 동덕로 198-14 (동인동1가),053-422-5119
2018,대구,중구,공사업,전문,아이엔지텍(주),손병욱,41940,"대구광역시 중구 동덕로 115 ,1907호 (삼덕동2가,  진석타워즈)",053-429-7588
2019,대구,중구,공사업,전문,(주)태왕이앤씨,"노기원,김수경",41935,"대구광역시 중구 중앙대로 403 , 6,7,8,9층 (남일동)",053-430-7000
2020,대구,중구,공사업,전문,(주)동화주택,김민태,41907,대구광역시 중구 국채보상로 729 (동인동4가),053-430-5555
2021,인천,강화군,공사업,전문,(주)남부이.엔.지,김아연,23045,인천광역시 강화군 불은면 불은북로 189 .,032-937-7688
2022,인천,강화군,공사업,전문,동신전기사(주),박용일,23025,인천광역시 강화군 강화읍 강화대로 286 (갑곳리),032-933-1737
2023,인천,강화군,공사업,전문,(주)대평전기,박순애,23048,인천광역시 강화군 길상면 강화동로 161 (길직리),032-504-3211
2024,인천,강화군,공사업,전문,(주)민용종합건설,윤을순,23044,"인천광역시 강화군 선원면 냉정길 48 , 103호",032-818-4199
2025,인천,강화군,공사업,전문,(주)광문전력,석갑열,23052,"인천광역시 강화군 길상면 해안남로117번길 47 , 214호",032-471-8301
2026,인천,강화군,공사업,전문,(주)신한전력,김정배,23028,인천광역시 강화군 강화읍 당골길 46 (국화리),032-435-0404
2027,인천,강화군,공사업,전문,화성전기건설(주),김찬일,23048,인천광역시 강화군 길상면 강화동로 161 (길직리),032-427-0211
2028,인천,강화군,공사업,전문,(주)대동기전,"정창일,정현식",23021,인천광역시 강화군 강화읍 강화산단로 84 .,032-816-7800
2029,인천,강화군,공사업,전문,(주)태영이엔씨,조성문,23049,"인천광역시 강화군 초지로 148 206(길상면,2층)",032-937-8464
2030,인천,강화군,공사업,전문,주식회사 옴니테크,임미정,23052,인천광역시 강화군 길상면 해안남로 9 .,032-937-8314
2031,인천,강화군,공사업,전문,중앙건설(주),"김윤하,박영광",23023,"인천광역시 강화군 강화읍 해안북로 157-3 , 101호",032-934-0404
2032,인천,강화군,공사업,전문,한양소방안전 주식회사,이영진,23052,"인천광역시 강화군 길상면 해안남로 13-12 , 2층 2214호,2215호",032-934-1198
2033,인천,강화군,공사업,전문,주식회사 썬파워텍,이삼화,23037,인천광역시 강화군 강화읍 남문로 33 (),032-588-0479
2034,인천,강화군,공사업,전문,주식회사 안전소방공사,홍영선,23051,인천광역시 강화군 길상면 마니산로 241 .,032-429-1191
2035,인천,강화군,공사업,전문,완성전기조명,심완섭,23036,인천광역시 강화군 강화읍 강화대로352번길 3 (),032-934-2157
2036,인천,강화군,공사업,전문,주식회사 시아,이성주,23038,"인천광역시 강화군 불은면 중앙로 508 , 204호(삼성리)",032-813-9503
2037,인천,강화군,공사업,전문,주식회사 시우,봉미덕,23038,"인천광역시 강화군 불은면 중앙로 508 , 204호(삼성리)",032-813-9503
2038,인천,강화군,공사업,전문,(주)대덕전력,신민제,23038,"인천광역시 강화군 불은면 중앙로 508 , 203호 (삼성리)",032-813-9503
2039,인천,강화군,공사업,전문,씨엔씨엔지니어링 주식회사,채수영,23052,인천광역시 강화군 길상면 해안남로 118-19 .,032-511-8829
2040,인천,계양구,공사업,전문,(주)명성소방,윤진원,21043,"인천광역시 계양구 계산로 30 , 3층(계산동)",032-261-9118
2041,인천,계양구,공사업,전문,(주)청우공영,장용석,21004,인천광역시 계양구 황어로 123 완풍빌딩 4층,032-549-7007
2042,인천,계양구,공사업,전문,(주)비티엑스엔펌,이은영,21065,"인천광역시 계양구 계산새로87번길 6 401호(용종동, 레드몰2차)",032-544-3019
2043,인천,계양구,공사업,전문,(주)나라기술,박연,21077,"인천광역시 계양구 아나지로 524 , 3층 302호(서운동, 대창빌딩)",032-556-5111
2044,인천,계양구,공사업,전문,(주)파이로텍,김강옥,21104,"인천광역시 계양구 마장로 549 , 503호(효성동, 영진빌딩)",032-821-4119
2045,인천,계양구,공사업,전문,(주)신화전기,김수,21021,인천광역시 계양구 장제로977번길 15  (방축동),032-555-5055
2046,인천,계양구,공사업,일반(기계),(주)씨에이엔지니어링,서형호,21077,인천광역시 계양구 아나지로 546 (서운동),032-552-8800
2047,인천,계양구,공사업,전문,한길플랜트(주),김재일,21103,인천광역시 계양구 봉오대로512번길 11  (효성동),032-584-9937
2048,인천,계양구,공사업,전문,성백산업개발(주),박창서,21120,인천광역시 계양구 효서로 260 (작전동) 광진빌딩 2층,02-417-4425
2049,인천,계양구,공사업,전문,(주)근성,박춘수,21072,"인천광역시 계양구 살라리로 9 ,401호(서운동, 서운빌딩)",032-541-1195
2050,인천,계양구,공사업,전문,(주)성일시스템,오기철,21037,인천광역시 계양구 경명대로1017번길 31 (계산동),032-546-0672
2051,인천,계양구,공사업,전문,주식회사 선경기전,양부석,21040,"인천광역시 계양구 경명대로 1067 ,2층 204호(계산동, 삼환2빌딩)",032-548-8992
2052,인천,계양구,공사업,전문,(주)신화전기소방,김두환,21056,"인천광역시 계양구 경명대로 1124 2층 201-2호(계산동, 명인1프라자)",032-545-3771
2053,인천,계양구,공사업,전문,(주)도솔방재,전형도,21069,"인천광역시 계양구 오조산로45번길 7-1 1010(계산동,대우마이빌1차)",1577-9147
2054,인천,계양구,공사업,전문,(주)정평이앤씨,김경진,21031,"인천광역시 계양구 장제로 851 , 5층(임학동)",032-547-7119
2055,인천,계양구,공사업,전문,(주)부원전기,조애경,21098,"인천광역시 계양구 봉오대로531번길 6-2 , 2층 (효성동)",032-513-6643
2056,인천,계양구,공사업,전문,주식회사 올바른소방,정두석,21091,"인천광역시 계양구 계양대로 82 314호 (작전동, 덕영빌딩)",032-721-3911
2057,인천,계양구,공사업,전문,주식회사 두힘,황병우,21060,"인천광역시 계양구 계산새로65번길 15 ,4층 401호(계산동, 서협빌딩)",032-584-1119
2058,인천,계양구,공사업,전문,주식회사 한국설비공사,박형원,21119,"인천광역시 계양구 효서로 300 (작전동, 삼호프라자) 204호",032-555-0147
2059,인천,계양구,공사업,전문,주식회사 메가텔,전광찬,21075,인천광역시 계양구 서운산업로47번길 17-1 (서운동) .,032-511-5000
2060,인천,계양구,공사업,전문,(주)미추홀소방,이상,21105,"인천광역시 계양구 효서로112번길 2 , 402호(효성동)",032-543-1190
2061,인천,계양구,공사업,전문,주식회사 그레이스전력,양영모,21059,"인천광역시 계양구 주부토로 512 ,  201호(계산동)",032-551-0105
2062,인천,계양구,공사업,전문,에이치이티엔(주),박승현,21091,"인천광역시 계양구 계양대로 82 , 2층 209호(작전동)",
2063,인천,계양구,공사업,전문,주식회사 동화이앤씨,"심우원,심관식",21089,"인천광역시 계양구 봉오대로677번길 29 , 5층(작전동)",032-556-1451
2064,인천,계양구,공사업,전문,주식회사 동진전력,김유인,21122,"인천광역시 계양구 아나지로 332 , 201동 212-1호(작전동, 계양 우림카이저팰리스)",070-7393-3429
2065,인천,계양구,공사업,전문,(주)재원텔레콤,이화정,21126,"인천광역시 계양구 까치말로6번길 7 (작전동, 201호)",032-551-5000
2066,인천,계양구,공사업,전문,씨에스건설(주),최한준,21060,"인천광역시 계양구 계산새로 71 , 씨동 805-2호(계산동, 하이베라스)",032-545-6630
2067,인천,계양구,공사업,전문,주식회사 원이로이엔지,전금재,21075,"인천광역시 계양구 서운산업로 53-20 , 104호(서운동)",032-613-1736
2068,인천,계양구,공사업,전문,(주)한마루이엔씨(E&C),김광욱,21003,인천광역시 계양구 이화북로31번길 6 (이화동),032-523-8116
2069,인천,계양구,공사업,일반(전기),신한파워 주식회사,정광숙,21068,"인천광역시 계양구 장제로756번길 5 , 303호(계산동, 한별프라자)",032-547-8833
2070,인천,계양구,공사업,전문,주식회사 에스앤피이엔지,김희주,21089,"인천광역시 계양구 작전시장로 23 , 102호(작전동)",032-502-9440
2071,인천,계양구,공사업,전문,(주)나은엔지니어링,김철호,21108,"인천광역시 계양구 아나지로2번길 17 , 2층(효성동)",032-547-4052
2072,인천,계양구,공사업,전문,(주)다올산업,손순옥,21039,"인천광역시 계양구 하느재로9번길 5 , 2층(계산동)",032-524-7288
2073,인천,남동구,공사업,전문,태영이앤씨(주),정우영,21632,"인천광역시 남동구 남동대로239번길 68 (논현동,후생시설303호)",032-816-9490
2074,인천,남동구,공사업,전문,고려소방건설(주),정동환,21551,인천광역시 남동구 구월로137번길 40  (간석동),032-469-0316
2075,인천,남동구,공사업,전문,(주)인천방재,최정식,21588,"인천광역시 남동구 호구포로 746  (구월동,승희빌딩)5층",032-461-2271
2076,인천,남동구,공사업,전문,(주)오성씨스템,정남영,21699,"인천광역시 남동구 능허대로 583 ,1동 5층 506호(고잔동, 금호오션타워)",032-469-5252
2077,인천,남동구,공사업,전문,대한열관리(주),지재용,21532,인천광역시 남동구 장자로5번길 10-5  (장수동)1층,032-438-8519
2078,인천,남동구,공사업,전문,(주)오성전기,오두석,21677,인천광역시 남동구 논현고잔로88번길 18  (고잔동),032-446-7000
2079,인천,남동구,공사업,전문,신화비엠씨(주),임춘심,21610,"인천광역시 남동구 서창남순환로 6 401호(서창동, 신화빌딩)",032-361-9119
2080,인천,남동구,공사업,전문,케이에프이(주),김명규,21588,"인천광역시 남동구 경신로 57-11 , 201호(수산동)",032-505-0111
2081,인천,남동구,공사업,전문,(주)반석기건,임윤철,21537,"인천광역시 남동구 인주대로 795  (구월동,반석빌딩)4층",032-468-4266
2082,인천,남동구,공사업,전문,신원제이에스(JS) 엔지니어링,권점희,21506,"인천광역시 남동구 석산로9번길 46 , 지층(간석동)",032-466-8288
2083,인천,남동구,공사업,전문,(주)리오트,최석민,21655,"인천광역시 남동구 호구포로 220 701호 (논현동, 명진프라자)",032-462-0528
2084,인천,남동구,공사업,전문,(주)성두이엔씨,유정호,21532,"인천광역시 남동구 장자북로43번길 27 , 1층(장수동)",032-863-0203
2085,인천,남동구,공사업,전문,(주)성지기공,이호석,21582,"인천광역시 남동구 선수촌공원로17번길 1 ,에이동 307호(구월동, 테크노빌딩)",032-812-4310
2086,인천,남동구,공사업,전문,(주)우진이엔씨,김성호,21689,"인천광역시 남동구 아암대로 1223 , 310호(고잔동, 성강지식산업센터)",032-441-7534
2087,인천,남동구,공사업,전문,(주)인우이앤지,방인석,21510,"인천광역시 남동구 백범로 376 ,5층 501호(간석동, 도시타워)",032-571-3555
2088,인천,남동구,공사업,전문,(주)유진인프라코어,주경선,21629,"인천광역시 남동구 함박뫼로347번길 162 , 404호(남촌동)",032-361-9001
2089,인천,남동구,공사업,전문,신라파이어(주),이정규,21631,인천광역시 남동구 은봉로75번길 20 (논현동)22B-8L,032-817-8119
2090,인천,남동구,공사업,전문,주식회사 페이지이앤피,"박희열,유동길",21695,인천광역시 남동구 남동서로113번길 31 (고잔동),032-421-8204
2091,인천,남동구,공사업,전문,(주)제일이엔티,유경순,21687,인천광역시 남동구 앵고개로621번길 35 (고잔동) .,032-822-1177
2092,인천,남동구,공사업,전문,(주)신승이엔지,김승곤,21538,"인천광역시 남동구 복개동로 8-5 , 401호(만수동)",032-469-6624
2093,인천,남동구,공사업,전문,(주)삼창이엔지,정석수,21698,"인천광역시 남동구 남동서로53번길 38  (고잔동,남동우리타운)씨동 212호",032-813-1470
2094,인천,남동구,공사업,전문,(주)나이스이엔씨,유우준,21588,인천광역시 남동구 인주대로 756  (구월동),032-472-0988
2095,인천,남동구,공사업,전문,(주)부영에너텍,김상규,21688,"인천광역시 남동구 호구포로 50 607호(고잔동, 엘아이지식산업센터 )",032-437-1830
2096,인천,남동구,공사업,전문,(주)상우전기,박응두,21564,인천광역시 남동구 구월남로 216  304호,032-465-0030
2097,인천,남동구,공사업,전문,(주)삼주이엔씨,"유득수,이영미",21629,"인천광역시 남동구 함박뫼로347번길 158 (남촌동,남동공단7블럭8롯트)",032-421-1119
2098,인천,남동구,공사업,전문,(주)녹산시스템,이정운,21559,인천광역시 남동구 인주대로 541 (구월동 삼원빌딩 4층),032-427-8210
2099,인천,남동구,공사업,전문,(주)대동전력,전준혁,21539,인천광역시 남동구 하촌로 67  (만수동)4층2호,032-435-8212
2100,인천,남동구,공사업,전문,(주)엡스엔지니어링,도윤선,21679,"인천광역시 남동구 논고개로 77 , 903호(논현동)",032-435-3027
2101,인천,남동구,공사업,전문,서해소방공사,황귀남,21632,인천광역시 남동구 남동서로 226  (논현동)2층 218호,032-428-6525
2102,인천,남동구,공사업,전문,대림소방공사,최석영,21633,인천광역시 남동구 은청로 18 비-02(고잔동),032-719-2129
2103,인천,남동구,공사업,전문,(주)경기방재설비,이혜숙,21563,인천광역시 남동구 인주대로 717 (구월동),032-466-0147
2104,인천,남동구,공사업,전문,중양산업건설(주),나양종,21688,"인천광역시 남동구 호구포로 50 , 515-1,2호(고잔동, 엘아이센타)",032-819-9420
2105,인천,남동구,공사업,전문,(주)선민엔지니어링,이용숙,21556,"인천광역시 남동구 구월남로 148  (구월동,타워플러스빌딩)1102호",032-431-8556
2106,인천,남동구,공사업,일반(전기),진양소방공사,김수환,21563,인천 남동구 구월동 1223-17 번지,032-466-6964
2107,인천,남동구,공사업,전문,(주)한백엔지니어링,이건수,21633,"인천광역시 남동구 남동대로 217  (고잔동,산업단지공단)304호",032-811-7301
2108,인천,남동구,공사업,전문,연합소방주식회사,최준영,21641,"인천광역시 남동구 호구포로 221 902호(논현동,남동메디칼센터)",032-469-9119
2109,인천,남동구,공사업,전문,(주)푸른소방컨설팅,최성욱,21579,인천광역시 남동구 인주대로 688  (구월동)201호,032-464-1194
2110,인천,남동구,공사업,전문,디엘건설 주식회사,강윤호,21556,인천광역시 남동구 미래로 14 (구월동),02-2170-5903
2111,인천,남동구,공사업,전문,(주)건화티에스,이건우,21602,"인천광역시 남동구 장아산로 130  (서창동,한성프라자)3층",032-427-0231
2112,인천,남동구,공사업,전문,(주)한양,최인호,21556,인천광역시 남동구 미래로 14 일류빌딩 (구월동),02-721-8199
2113,인천,남동구,공사업,전문,(주)신광전력,유명환,21546,인천광역시 남동구 석산로 219  (간석동),032-428-5150
2114,인천,남동구,공사업,전문,(주)유승건설,"옥성열,민광옥",21655,"인천광역시 남동구 논현로46번길 51 (논현동,유승테라폴리스7층)",032-717-1343
2115,인천,남동구,공사업,일반(전기),명호전기(주),손월호,21572,인천광역시 남동구 남동대로 707  (구월동),032-435-1254
2116,인천,남동구,공사업,전문,(주)동서전기통신,이찬용,21579,인천광역시 남동구 호구포로739번길 13  (구월동),032-463-3377
2117,인천,남동구,공사업,전문,(주)현대전력,최종렬,21572,인천광역시 남동구 성말로53번길 55-2  (구월동),032-434-4101
2118,인천,남동구,공사업,전문,가람소방,서흥원,21633,"인천광역시 남동구 은청로 4-19  (고잔동,A동)B108호",032-575-0023
2119,인천,남동구,공사업,전문,원기산업(주),김석규,21575,인천광역시 남동구 성말로32번길 10  (구월동),032-421-5577
2120,인천,남동구,공사업,전문,다원소방,김수복,21633,인천광역시 남동구 은청로 26-1 102호(고잔동),032-819-2119
2121,인천,남동구,공사업,전문,부루 주식회사,오선기,21633,"인천광역시 남동구 은청로 4-19 , 에이동 218호(고잔동)",032-818-9745
2122,인천,남동구,공사업,전문,(주)나래이엔지,윤달수,21644,"인천광역시 남동구 호구포로 189 ,906호(고잔동,남동테크노타워지식산업센터)",032-859-5001
2123,인천,남동구,공사업,전문,(주)우소,이원선,21632,"인천광역시 남동구 은봉로 52 , 비110호(논현동, 엔아이씨지식산업센터)",
2124,인천,남동구,공사업,전문,(주)대환테크,이용화,21532,인천광역시 남동구 장수로 20 (장수동),032-464-7795
2125,인천,남동구,공사업,전문,(주)대경기전,함문상,21552,"인천광역시 남동구 간석동 749-9, 3층",032-571-3377
2126,인천,남동구,공사업,전문,다원엠테크(주),강명훈,21626,인천광역시 남동구 남촌동로 51 성애빌딩 402호(남촌동),032-471-0401
2127,인천,남동구,공사업,전문,(주)엘리트소방이엔지,김철묵,21596,"인천광역시 남동구 담방로 39 , 201호(만수동, 로얄프라자)",032-468-3119
2128,인천,남동구,공사업,전문,(주)와이엘테크,유한종,21532,"인천광역시 남동구 장자로 10-1 (장수동,YL빌딩2-3층)",032-463-8700
2129,인천,남동구,공사업,전문,(주)금봉기업,이민화,21604,"인천광역시 남동구 매소홀로 1108 ,206호(서창동, 서창프라자)",032-472-4238
2130,인천,남동구,공사업,전문,은승엔지니어링 주식회사,이춘남,21600,인천광역시 남동구 걸재천로39번길 26 (서창동),032-881-0357
2131,인천,남동구,공사업,전문,송언이엔지(주),신윤교,21645,"인천광역시 남동구 도림로31번길 15-5 , 2층(도림동)",032-442-1190
2132,인천,남동구,공사업,전문,유한회사 거성이엔씨,서영희,21588,인천광역시 남동구 호구포로740번길 6-3 (구월동),032-579-8119
2133,인천,남동구,공사업,전문,신영소방공사,김광겸,21520,"인천광역시 남동구 만수서로11번길 4-1 , 102호(만수동, 정석맨션)",032-472-9119
2134,인천,남동구,공사업,전문,주식회사 이노이엔씨,김태홍,21617,"인천광역시 남동구 서창남순환로216번길 46 , 702호(서창동, 엠에스프라자)",032-472-3454
2135,인천,남동구,공사업,전문,한국종합안전(주),박영호,21575,"인천광역시 남동구 성말로44번길 11-13 , 3층(구월동, 상상빌딩)",032-434-8119
2136,인천,남동구,공사업,전문,(주)연화방재설비,김용미,21564,"인천광역시 남동구 용천로3번길 10 , 지하층 (구월동)",032-465-9209
2137,인천,남동구,공사업,전문,(주)바이텍,권호원,21678,인천광역시 남동구 고잔로21번길 20-4 (고잔동),032-822-0184
2138,인천,남동구,공사업,전문,(주)가람이엔씨,유인상,21689,"인천광역시 남동구 아암대로 1223 , 609호 (고잔동)",032-229-1440
2139,인천,남동구,공사업,전문,(주)가현소방,강인학,21588,인천광역시 남동구 호구포로 746 3층(구월동),032-543-0119
2140,인천,남동구,공사업,일반(전기),한누리소방ENG,심교명,21564,"인천광역시 남동구 용천로11번길 1 , 2층 202호 (201호 일부)(구월동)",032-472-4119
2141,인천,남동구,공사업,전문,주식회사 마석엔지니어링,김승우,21614,"인천광역시 남동구 서창남순환로 223 ,에이동 504호(서창동)",032-246-7014
2142,인천,남동구,공사업,전문,(주)제이에이치에너지,유정희,21628,"인천광역시 남동구 비류대로 622 , 13층 1309호,1310호,1311호,1312호,1313호,1314호,1315호,1316호,1317호(남촌동, 남동산단케이원지식산업센터)",032-573-5570
2143,인천,남동구,공사업,전문,(주)우솔방재,엄병영,21540,"인천광역시 남동구 하촌로 34 ,4층 402호(만수동,청송빌딩)",032-467-7119
2144,인천,남동구,공사업,전문,주식회사 중앙씨엠아이,박고규,21630,인천광역시 남동구 함박뫼로 311 (남촌동),032-816-8111
2145,인천,남동구,공사업,전문,신성티오피(주),동아리,21610,"인천광역시 남동구 서창남순환로 6 ,402호(서창동, 신화빌딩)",032-527-6119
2146,인천,남동구,공사업,전문,창조전기 주식회사,허강무,21560,인천광역시 남동구 인주대로503번길 8 (구월동),032-435-6813
2147,인천,남동구,공사업,전문,(주)청화이엔지,이준호,21504,"인천광역시 남동구 벽돌말로31번길 50 ,2층(간석동)",032-422-3758
2148,인천,남동구,공사업,전문,미래이앤에프(주),이기중,21514,"인천광역시 남동구 경인로 722 ,302호(간석동)",032-330-5119
2149,인천,남동구,공사업,전문,인천광역시학교안전공제회,이재규,21563,"인천광역시 남동구 구월남로232번길 31 , 1층(구월동)",032-437-7900
2150,인천,남동구,공사업,전문,주식회사 다온이엔지,김진현,21614,"인천광역시 남동구 서창남순환로215번길 48 (서창동, 스카이플러스2) 606호",032-428-2396
2151,인천,남동구,공사업,전문,(주)광역전기소방,노수련,21503,"인천광역시 남동구 석정로 563 , 202호 (간석동)",032-424-7806
2152,인천,남동구,공사업,전문,주식회사 디에스전력,김윤화,21686,"인천광역시 남동구 논현고잔로109번길 70-7 ,112호, 113호(고잔동)",032-865-7864
2153,인천,남동구,공사업,전문,유니온건설산업(주),안현민,21690,"인천광역시 남동구 남동대로 150 ,606호(고잔동, 형제전기지식산업센터)",032-833-9110
2154,인천,남동구,공사업,전문,광운전기소방(주),박효근,21566,인천광역시 남동구 인주대로522번길 59-28 (구월동) .,032-426-0451
2155,인천,남동구,공사업,전문,(주)한독전력,윤상철,21593,"인천광역시 남동구 장승남로69번길 24-4 ,3층(만수동)",032-888-5883
2156,인천,남동구,공사업,전문,(주)금원이앤씨,박상엽,21614,"인천광역시 남동구 서창남로 77 , 306호(서창동, 메인프라자)",032-471-0911
2157,인천,남동구,공사업,전문,주식회사 디에이건설,"윤무진,오용헌",21673,"인천광역시 남동구 앵고개로 928 ,604호(논현동,디에이프라자)",032-872-0472
2158,인천,남동구,공사업,전문,(주)유승종합건설,민광옥,21655,"인천광역시 남동구 논현로46번길 51 (논현동,유승테라폴리스)",032-717-1343
2159,인천,남동구,공사업,전문,현해건설(주),윤춘모,21559,"인천광역시 남동구 문화로 147 ,6층(구월동)",032-425-7171
2160,인천,남동구,공사업,전문,태호이엔지 주식회사,박교진,21582,"인천광역시 남동구 선수촌공원로17번길 12 , 705호(구월동, 두용프라자)",032-467-7017
2161,인천,남동구,공사업,전문,(주)현일이엔지,김기옥,21582,"인천광역시 남동구 선수촌공원로17번길 1 ,에이동 906호(구월동,구월테크노밸리)",032-519-1119
2162,인천,남동구,공사업,전문,(주)세이프텍,차성호,21582,"인천광역시 남동구 선수촌공원로23번길 11 ,  604호(구월동, 네이쳐프라자)",032-212-0637
2163,인천,남동구,공사업,전문,주식회사 동일소방,정일훈,21596,"인천광역시 남동구 담방로 29 , 상가동 306호(만수동)",032-472-8119
2164,인천,남동구,공사업,전문,주식회사 아모코,이교설,21633,"인천광역시 남동구 은청로 4-19 ,  에이동 325호(고잔동)",032-425-7035
2165,인천,남동구,공사업,전문,주식회사 협주,전해청,21536,인천광역시 남동구 구월말로3번길 88 (구월동),032-463-1191
2166,인천,남동구,공사업,일반(기계),주식회사 제이비엔지니어링,진기오,21582,"인천광역시 남동구 선수촌공원로 9 , 비동 506호 (구월동, 구월테크노밸리)",032-217-2733
2167,인천,남동구,공사업,전문,주식회사 세원에프이,정동욱,21689,"인천광역시 남동구 아암대로 1223 (고잔동) 316호, 317호(성강지식산업센터)",032-662-0119
2168,인천,남동구,공사업,전문,주식회사 이태광전기,이병구,21564,"인천광역시 남동구 용천로5번길 11 , 2층(구월동)",032-471-8812
2169,인천,남동구,공사업,전문,주식회사 가람공영,박종성,21577,"인천광역시 남동구 남동대로 710 , 1층 104호(구월동)",032-471-2696
2170,인천,남동구,공사업,전문,태풍소방,김태경,21588,"인천광역시 남동구 인주대로 740 , 201호(구월동)",
2171,인천,남동구,공사업,전문,주식회사 대선이엔지,김종우,21506,"인천광역시 남동구 주안로247번길 6 ,1층(간석동)",032-435-1785
2172,인천,남동구,공사업,전문,선광공업(주),김진구,21632,"인천광역시 남동구 남동대로239번길 78 , 3층(논현동, 성강빌딩)",032-817-7343
2173,인천,남동구,공사업,전문,지에스인텍 주식회사,이금성,21695,인천광역시 남동구 남동서로143번길 45 (고잔동),032-814-7119
2174,인천,남동구,공사업,전문,우진기전,이홍우,21695,"인천광역시 남동구 남동서로113번길 32 , 81동 11호(고잔동, 남동공단)",032-816-0011
2175,인천,남동구,공사업,일반(전기),다드림방재,이영수,21655,"인천광역시 남동구 논현로46번길 14 , 405-1호(논현동, 리더스프라자)",032-425-7119
2176,인천,남동구,공사업,전문,제이이엔지 주식회사,정은숙,21507,"인천광역시 남동구 백범로 417 , 5층 501호 (간석동)",032-429-9541
2177,인천,남동구,공사업,전문,대은전력소방 주식회사,김은주,21627,"인천광역시 남동구 남촌로 73 , 가동(남촌동)",032-428-6812
2178,인천,남동구,공사업,전문,(주)원창설비,주영민,21633,"인천광역시 남동구 은청로 16 , 4층 405호 (고잔동)",032-277-3612
2179,인천,남동구,공사업,전문,주식회사 주현이엔지,김대중,21515,"인천광역시 남동구 만월북로 13 , 2층 (간석동)",
2180,인천,남동구,공사업,전문,(주)서전종합전기,정정심,21691,"인천광역시 남동구 호구포로 139 , 8층 803호(고잔동, 청류지산 지식산업센터)",032-266-0106
2181,인천,남동구,공사업,전문,인우건설(주),김인구,21617,"인천광역시 남동구 서창남순환로216번길 20 , 503호(서창동, 승연프라자)",032-466-7712
2182,인천,남동구,공사업,일반(기계),세웅소방기술 주식회사,유억식,21698,인천광역시 남동구 남동서로53번길 102 (고잔동),032-812-0114
2183,인천,동구,공사업,전문,(주)한울네트웍,박종주,22530,"인천광역시 동구 방축로83번길 23 , 16동 235호(송림동, 산업유통센타)",032-508-9600
2184,인천,동구,공사업,전문,(주)진양씨스템이앤지,하윤규,22530,"인천광역시 동구 방축로 105 , 23동 333호(송림동, 인천산업용품유통단지))",032-290-6119
2185,인천,동구,공사업,전문,무진전기(주),김민주,22530,"인천광역시 동구 방축로 105 ,씨동301호(송림동,인천산업용품단지편익상가)",032-565-0069
2186,인천,동구,공사업,전문,(주)벧엘이엔지,차진구,22530,"인천광역시 동구 방축로83번길 23 , 28동 309-1호(송림동)",032-881-3213
2187,인천,동구,공사업,전문,(주)정밀기공,김일중,22530,"인천광역시 동구 방축로37번길 30  (송현동,편익상가)A동 310호",032-589-3450
2188,인천,동구,공사업,전문,서강기업(주),김상진,22530,인천광역시 동구 방축로37번길 30  (송현동) 6동 312호,032-589-6266
2189,인천,동구,공사업,전문,(주)청한이티엔,김종교,22534,인천광역시 동구 염전로 50 (송림동),070-8897-3906
2190,인천,동구,공사업,전문,가야엔지니어링,박종남,22530,"인천광역시 동구 방축로83번길 23 , 29동 325호(송림동)",032-588-3421
2191,인천,동구,공사업,전문,(주)번개이엔지,유순훈,22530,"인천광역시 동구 방축로37번길 30 6동 224호(송현동,인천산업용품유통단지)",032-589-1193
2192,인천,동구,공사업,전문,진시스템,이형진,22530,"인천광역시 동구 방축로 105 , 18동 332호(송림동, 산업용품유통센타)",032-265-1195
2193,인천,동구,공사업,전문,(주)예스소방,최예관,22530,"인천광역시 동구 방축로 105 21동 206호(송림동,산업용품유통단지)",032-588-0179
2194,인천,동구,공사업,전문,(주)대동소방,이상숙,22530,"인천광역시 동구 방축로83번길 23 9동 313호 (송림동,인천산업용품유통단지)",032-819-6582
2195,인천,동구,공사업,전문,(주)대산파워텍,조기영,22530,"인천광역시 동구 방축로37번길 30 A동 B19호(송현동,산업유통센타 편익상가)",032-589-1802
2196,인천,동구,공사업,전문,(주)단경,"김미경,소병양",22556,인천광역시 동구 샛골로 143 (송림동),032-881-7077
2197,인천,동구,공사업,전문,현대방재기술 주식회사,이상환,22530,"인천광역시 동구 방축로83번길 23 30동 137호, 237호(송림동, 산업용품유통센터)",032-588-1190
2198,인천,동구,공사업,전문,서봉기업(주),김영태,22530,인천광역시 동구 방축로83번길 23 산업유통센터편익상가 B-503호 (송림동 294),032-588-2747
2199,인천,동구,공사업,전문,(주)강성티이씨,이기양,22530,"인천광역시 동구 방축로83번길 23 , 16동 324호(송림동, 인천산업용품유통단지)",032-361-4214
2200,인천,동구,공사업,전문,우리전력 주식회사,조한창,22530,"인천광역시 동구 방축로 105 , 19동 304호(송림동, 인천산업용품유통단지)",032-872-7516
2201,인천,동구,공사업,전문,가온건설전기,한재은,22503,인천광역시 동구 인중로 504 (화수동),032-259-2550
2202,인천,동구,공사업,전문,주식회사 디에이치소방,김숙희,22530,"인천광역시 동구 방축로37번길 30 , 34동 305호(송현동, 인천산업용품유통단지)",032-575-2119
2203,인천,동구,공사업,전문,주식회사 가경,최진철,22555,"인천광역시 동구 금곡로 35 , 101동 1305호(송림동, 예공바흐카운티)",032-761-6767
2204,인천,동구,공사업,전문,비케이소방기술 주식회사,이봉희,22530,"인천광역시 동구 방축로37번길 30 , 8동 304호(송현동, 인천산업용품유통단지)",1533-2940
2205,인천,동구,공사업,전문,주식회사 송림소방,최인영,22531,"인천광역시 동구 봉수대로 98 , 에이동 3층 301-3호(송림동, 송림동공구상가)",032-577-4798
2206,인천,동구,공사업,전문,주식회사 드림이에스,구승현,22507,인천광역시 동구 제물량로385번길 42 (만석동),032-572-3002
2207,인천,동구,공사업,전문,주식회사 제일소방안전,김용섭,22530,"인천광역시 동구 방축로37번길 30 , 5동 235호, 236호(송현동, 인천산업용품유통단지)",032-213-6096
2208,인천,동구,공사업,전문,(주)대물건설,윤재령,22530,"인천광역시 동구 방축로37번길 30 , 6동 332호(송현동, 인천산업용품유통단지)",032-874-1693
2209,인천,동구,공사업,전문,우주전력 주식회사,이학세,22530,"인천광역시 동구 방축로83번길 23 , 29동 223호,224호(송림동, 인천산업용품유통단지)",032-589-2544
2210,인천,동구,공사업,전문,홍성건설(주),곽귀희,22530,"인천광역시 동구 방축로37번길 30 , 4동 312호(송현동, 인천산업용품유통단지)",070-4922-5911
2211,인천,미추홀구,공사업,전문,(주)진성소방전력,"박하진,허연순",22158,인천광역시 미추홀구 인주대로319번길 17 (주안동),032-464-5454
2212,인천,미추홀구,공사업,전문,(주)이안,김월선,22174,"인천광역시 미추홀구 인중로 9  (숭의동,원흥빌딩)906호",032-885-7272
2213,인천,미추홀구,공사업,전문,고려설비(주),홍광훈,22119,인천광역시 미추홀구 주안로 5  (도화1동),032-862-1080
2214,인천,미추홀구,공사업,전문,(주)선일이엔씨,이영학,22119,인천광역시 미추홀구 주안로 5 (도화동),032-426-2666
2215,인천,미추홀구,공사업,전문,(주)우일,오순근,22208,"인천광역시 미추홀구 한나루로489번길 81 ,2층(용현동)",032-463-4331
2216,인천,미추홀구,공사업,전문,(주)두원계전,당병모,22219,"인천광역시 미추홀구 한나루로 436  (학익동,두원빌딩)7층",032-441-1390
2217,인천,미추홀구,공사업,전문,(주)명주씨앤에프,이연하,22176,"인천광역시 미추홀구 인주대로 84  (용현동,선우오피스텔)401호",032-887-3262
2218,인천,미추홀구,공사업,전문,삼진공영(주),한상경,22235,인천광역시 미추홀구 매소홀로 564 (문학동) 3층,032-423-5005
2219,인천,미추홀구,공사업,일반(전기),(주)에디슨,유인재,22224,"인천광역시 미추홀구 매소홀로401번길 4 (학익동,대원빌딩2층)",032-579-5707
2220,인천,미추홀구,공사업,전문,(주)한국방재,"임보배,임배운",22109,"인천광역시 미추홀구 봉수대로 17 , 501호(도화동, 동인천테크노텔)",032-885-1194
2221,인천,미추홀구,공사업,전문,창현건설(주),최승식,22146,"인천광역시 미추홀구 구월로 32-1 (주안동, 선빌딩) 5층",032-868-8961
2222,인천,미추홀구,공사업,일반(전기),엄지전력소방공사,박재용,22158,인천광역시 미추홀구 한나루로526번길 46 (주안동),032-862-2900
2223,인천,미추홀구,공사업,일반(기계),대민건설(주),홍광수,22240,인천광역시 미추홀구 경원대로716번길 12 2층 (관교동),032-433-2945
2224,인천,미추홀구,공사업,전문,(주)신화소방,황인선,22240,인천광역시 미추홀구 경원대로728번길 5 (주안동),032-433-4119
2225,인천,미추홀구,공사업,전문,미주설비(주),김현천,22129,인천광역시 미추홀구 염창로 77 (주안동) 2층,032-875-1615
2226,인천,미추홀구,공사업,전문,(주)대일공영,엄동용,22226,인천광역시 미추홀구 매소홀로438번길 15 (학익동),032-864-3020
2227,인천,미추홀구,공사업,전문,강원인더스트리(주),서선석,22117,인천광역시 미추홀구 염전로 278 (도화동),032-872-1525
2228,인천,미추홀구,공사업,전문,(주)우리소방,임성택,22108,"인천광역시 미추홀구 염전로143번길 16 , 202호(도화동)",032-556-8101
2229,인천,미추홀구,공사업,전문,(주)하나기술단,연재호,22137,"인천광역시 미추홀구 경인남길 354 101호(도화동,휴그린빌3차)",032-464-5119
2230,인천,미추홀구,공사업,전문,(주)세종전력,오평환,22243,인천광역시 미추홀구 경원대로658번길 29-15 1층 (관교동),032-208-9311
2231,인천,미추홀구,공사업,전문,주식회사 완일이앤씨,김태완,22243,"인천광역시 미추홀구 경원대로658번길 5-19 ,1층(관교동)",032-432-0880
2232,인천,미추홀구,공사업,전문,주식회사 태림에프앤씨,김승원,22214,인천광역시 미추홀구 인주대로 350 (주안동),032-469-0119
2233,인천,미추홀구,공사업,전문,여산종합(주),전기세,22174,인천광역시 미추홀구 인중로 9 501 (숭의동),032-887-7655
2234,인천,미추홀구,공사업,전문,주식회사 신화전력,유대현,22124,인천광역시 미추홀구 석정로433번길 37 (주안동),032-875-9981
2235,인천,미추홀구,공사업,전문,주식회사 대성전력건설,황규훈,22235,인천광역시 미추홀구 매소홀로 596 (문학동) 3층,032-467-2535
2236,인천,미추홀구,공사업,전문,(주)제이에스이앤씨,윤연옥,22121,"인천광역시 미추홀구 방축로 312 ,626호(주안동,주안제이타워2차지식산업센터)",032-876-6100
2237,인천,미추홀구,공사업,전문,주식회사 해오,김은용,22126,"인천광역시 미추홀구 염전로 330 , 2층 213호(주안동, 주안제이타워1차 지식산업센터)",032-299-2119
2238,인천,미추홀구,공사업,전문,와이에스이엔지 주식회사,안태성,22175,"인천광역시 미추홀구 아암대로29번길 16 , 105동 901호(용현동, 엑슬루타워)",032-721-7006
2239,인천,미추홀구,공사업,전문,해강엔지니어링 주식회사,강현식,22173,"인천광역시 미추홀구 인주대로45번길 26 , 2층(숭의동)",032-885-5094
2240,인천,미추홀구,공사업,전문,(주)삼덕엔지니어링,남연수,22188,"인천광역시 미추홀구 용정공원로83번길 43 , 102동 301호(용현동, 이편한세상시티인하대역)",032-422-3148
2241,인천,미추홀구,공사업,전문,바다기술 주식회사,최영실,22175,인천광역시 미추홀구 아암대로 5 (용현동),032-886-8787
2242,인천,미추홀구,공사업,전문,엠에스소방(MS소방),신재혁,22243,"인천광역시 미추홀구 주승로 216-7 , 103호(관교동)",032-424-0118
2243,인천,미추홀구,공사업,전문,주식회사 이산소방전기,정순모,22120,"인천광역시 미추홀구 주안로 14 , 2층 202호(도화동)",032-876-3602
2244,인천,미추홀구,공사업,일반(기계),(주)동아방재,박민삼,22183,"인천광역시 미추홀구 독배로 382 , 1층(용현동)",
2245,인천,미추홀구,공사업,전문,주식회사 백억소방이엔지,이인항,22139,"인천광역시 미추홀구 경인로 295-1 , 201호(도화동,작품오피스텔)",032-873-9623
2246,인천,미추홀구,공사업,전문,주식회사 토브,김민주,22204,"인천광역시 미추홀구 매소홀로 262 , 15층 15003호(학익동, 시티필드)",032-721-6119
2247,인천,미추홀구,공사업,전문,(주)건우건축설비,이홍,22111,"인천광역시 미추홀구 방축로 190 , 312호(도화동)",032-431-0991
2248,인천,미추홀구,공사업,전문,서원소방 주식회사,이현우,22110,"인천광역시 미추홀구 연송로 35 , 101호(도화동)",032-777-4537
2249,인천,미추홀구,공사업,전문,모두설비(주),최인섭,22156,"인천광역시 미추홀구 한나루로550번길 18 , 2층(주안동)",032-435-0477
2250,인천,부평구,공사업,전문,주식회사 덕산,"양희종,채수의",21344,"인천광역시 부평구 길주로 633 ,8층(삼산동, 삼산메디캐슬)",032-513-3311
2251,인천,부평구,공사업,전문,하나방재설비(주),장재문,21424,인천광역시 부평구 경인로 896  (부평동) ,032-501-6161
2252,인천,부평구,공사업,전문,(주)태양유니스,배종배,21389,"인천광역시 부평구 경원대로1377번길 14  (부평동,파레스오피스텔)2층",032-362-4665
2253,인천,부평구,공사업,전문,대성전기공업(주),김영완,21395,인천광역시 부평구 경원대로 1423  (부평동) ,032-524-3111
2254,인천,부평구,공사업,전문,(주)경성방재설비,송태호,21408,인천광역시 부평구 경인로891번길 30  (부평동) ,032-506-0030
2255,인천,부평구,공사업,전문,대우소방(주),윤수헌,21316,인천광역시 부평구 부평대로 298 (갈산동),032-502-0119
2256,인천,부평구,공사업,일반(전기),세이콘(주),강주현,21360,"인천광역시 부평구 장제로 145 (부평동, 신명스카이홈)1117호",032-513-0978
2257,인천,부평구,공사업,전문,원우방재(주),정진규,21450,"인천광역시 부평구 배곶로 83 , 정진빌딩 2층(십정동)",032-434-0119
2258,인천,부평구,공사업,전문,플러스전기(주),유선미,21315,"인천광역시 부평구 부평대로 283  (청천동,부평우림라이온스밸리)C동 603호",032-710-7371
2259,인천,부평구,공사업,전문,주식회사 바림종합건설,김동원,21315,"인천광역시 부평구 새벌로 4 , 1층(청천동)",032-715-7140
2260,인천,부평구,공사업,전문,(주)금산소방,이대육,21435,인천광역시 부평구 마장로 9-1  (십정동) 2층,032-524-4275
2261,인천,부평구,공사업,전문,(주)태영방재,함영석,21315,"인천광역시 부평구 평천로255번길 13 , 604호(청천동, 부평테크노파크엠2)",1855-0911
2262,인천,부평구,공사업,전문,(주)중앙소방이앤지,김정섭,21316,인천광역시 부평구 부평대로 296 (갈산동 158),032-503-0119
2263,인천,부평구,공사업,전문,(합)동양통신,"최필규,최병갑",21366,인천광역시 부평구 부평대로 139  (부평동) ,032-522-1414
2264,인천,부평구,공사업,전문,남광기업(주),최동호,21380,인천광역시 부평구 마장로 206 (산곡동),032-504-5577
2265,인천,부평구,공사업,전문,(주)주현공영,정진경,21414,"인천광역시 부평구 경인로 1013 , 302호(부개동)",02-406-3009
2266,인천,부평구,공사업,전문,하나 이티에프(주),오승명,21315,"인천광역시 부평구 부평대로 283 ,에이-311호(청천동)",032-238-0404
2267,인천,부평구,공사업,전문,디지에이치(주),신원인,21364,"인천광역시 부평구 원길로 34 ,5층 501호 (청천동, 중앙프라자)",032-527-3363
2268,인천,부평구,공사업,전문,(주)영동건설,곽창우,21360,"인천광역시 부평구 부흥로 329  (부평동) 405,406호",032-525-4214
2269,인천,부평구,공사업,전문,(주)부현전기,김홍수,21366,"인천광역시 부평구 부평대로 153 ,제1동 제2518호(부평동, 부평구청역대명벨리온)",032-872-8884
2270,인천,부평구,공사업,전문,인우전기(주),권태도,21315,"인천광역시 부평구 부평대로 293 ,1106,1107호(청천동)",032-577-7221
2271,인천,부평구,공사업,전문,(주)남경전력,길영춘,21408,인천광역시 부평구 남부역로 9 201호(부평동),032-502-6464
2272,인천,부평구,공사업,전문,(주)미래이앤지,박정순,21457,"인천광역시 부평구 일신로 65 ,2층(일신동, 케이알빌딩)",032-522-7119
2273,인천,부평구,공사업,전문,(주)성원소방이엔지,김성수,21355,인천광역시 부평구 장제로221번길 3 4층(부평동),032-517-1193
2274,인천,부평구,공사업,전문,(주)대흥이엔지,김영훈,21344,인천광역시 부평구 길주로 643 (삼산동) 1102호,032-506-8600
2275,인천,부평구,공사업,전문,(주)세종방재설비,오재구,21317,인천광역시 부평구 새갈로 20 (갈산동),032-507-3119
2276,인천,부평구,공사업,전문,(주)광안이앤씨,정성우,21395,"인천광역시 부평구 대정로 66 , 408호 (부평동, 다운타운일레븐)",032-524-0112
2277,인천,부평구,공사업,전문,(주)다인,"이병학,정우준",21310,인천광역시 부평구 안남로 423 222호 (청천동),032-204-7000
2278,인천,부평구,공사업,전문,(주)한빛방재,최기종,21315,"인천광역시 부평구 평천로255번길 13 , 1110호 (청천동, 부평테크노파크엠2)",032-506-7119
2279,인천,부평구,공사업,전문,(주)에스엠이엔에프,강세민,21433,"인천광역시 부평구 마장로 43-20 비104호, 비105호(십정동, 브라운스톤 백운)",032-439-3123
2280,인천,부평구,공사업,전문,세정이엔씨(주),박정근,21355,"인천광역시 부평구 장제로 227 2층(부평동, 삼정빌딩)",032-507-0119
2281,인천,부평구,공사업,전문,(주)국제화재안전시스템,조진희,21318,인천광역시 부평구 장제로374번길 4 (삼산동),032-511-0119
2282,인천,부평구,공사업,전문,(주)더블유티씨,김상미,21417,"인천광역시 부평구 무네미로448번길 56 , 421호(구산동)",070-8287-2292
2283,인천,부평구,공사업,전문,에스디 유한책임회사,장은경,21404,"인천광역시 부평구 경원대로 1420 ,제2호 3층(부평동)",032-521-8181
2284,인천,부평구,공사업,전문,에스엠소방ENG,이상만,21433,"인천광역시 부평구 마장로 43-20 상가동 비104호(십정동, 브라운스톤 백운)",032-522-2119
2285,인천,부평구,공사업,전문,(주)미소건영,김영태,21398,"인천광역시 부평구 동수천로 112 (부개동, 성덕빌딩 6층)",032-528-9700
2286,인천,부평구,공사업,전문,(주)준호기전,이동하,21364,"인천광역시 부평구 길주로494번길 12 , 쌍용상가 206호",032-516-6029
2287,인천,부평구,공사업,전문,한얼방재(주),박진열,21330,"인천광역시 부평구 주부토로 236 , 씨동 1911호, 1912호(갈산동, 인천테크노밸리유1센터)",032-554-1119
2288,인천,부평구,공사업,전문,윤성이엔지(주),김윤범,21344,"인천광역시 부평구 충선로209번길 13 ,812호(삼산동,에스엠프라자)",032-524-2531
2289,인천,부평구,공사업,전문,주식회사 경원이앤이,박병선,21361,인천광역시 부평구 길주로388번길 10 (산곡동),032-564-9991
2290,인천,부평구,공사업,전문,태성소방산업 주식회사,하인우,21397,"인천광역시 부평구 부평문화로 131-1 , 202호(부평동)",032-518-3531
2291,인천,부평구,공사업,전문,이레전력,이정우,21355,"인천광역시 부평구 길주로602번길 23 (부평동, 101호)",032-507-0005
2292,인천,부평구,공사업,전문,주식회사 가자소방,"김광훈,박민기",21338,"인천광역시 부평구 갈월서로 6 ,  401호 (갈산동, 대우빌딩)",032-330-0119
2293,인천,부평구,공사업,전문,대원이앤에프 주식회사,김원미,21418,"인천광역시 부평구 항동로125번길 3 , 3층(일신동)",032-524-5119
2294,인천,부평구,공사업,전문,주식회사 금천엔지니어링,신동근,21452,인천광역시 부평구 배곶로 32-1 (십정동),032-469-3604
2295,인천,부평구,공사업,전문,경성소방이앤지(주),송민호,21408,"인천광역시 부평구 경인로891번길 28 , 1호(부평동)",032-501-0119
2296,인천,부평구,공사업,전문,주식회사 청운엠씨앤에스,권기석,21416,"인천광역시 부평구 경인로1117번길 7 ,2층 (일신동)",032-505-1915
2297,인천,부평구,공사업,전문,(주)장원전기조명,이태금,21338,인천광역시 부평구 주부토로145번길 46 (갈산동) 1층,032-525-0338
2298,인천,부평구,공사업,전문,(주)한라인프라코어,유수상,21315,"인천광역시 부평구 부평대로 301 (청천동,남광센트렉스) 614호",032-363-3577
2299,인천,부평구,공사업,전문,(주)디에프,박영수,21446,"인천광역시 부평구 백범로 452-1 , 302호 (십정동, 우일빌딩)",032-425-5403
2300,인천,부평구,공사업,전문,(주)지성산업,임종우,21414,"인천광역시 부평구 장제로 36 ,203호(부평동, 부일빌딩)",032-715-4335
2301,인천,부평구,공사업,전문,태강기업 주식회사,선태길,21457,"인천광역시 부평구 일신로39번길 16-11 ,3층(일신동)",032-324-7442
2302,인천,부평구,공사업,전문,대광이엔씨 주식회사,박정진,21433,"인천광역시 부평구 마장로 43-20 , 상가동 비102호(십정동, 브라운스톤 백운)",032-522-4675
2303,인천,부평구,공사업,전문,주식회사 에스엠에너텍,"김진남,이문호",21317,"인천광역시 부평구 평천로 351 ,1층 101호(갈산동)",032-504-2797
2304,인천,부평구,공사업,전문,주식회사 아존소방,전장균,21330,"인천광역시 부평구 주부토로 236 , 디동 813호(갈산동)",032-209-1810
2305,인천,부평구,공사업,전문,선경소방(주),박선경,21376,"인천광역시 부평구 마장로264번길 66 , 상가동 304호(산곡동, 경남5차아파트)",032-515-1119
2306,인천,부평구,공사업,전문,한국에스비티(주),황재권,21330,"인천광역시 부평구 주부토로 236 , 비동 1120호 (갈산동)",032-209-1866
2307,인천,부평구,공사업,전문,주식회사 명인기술소방,유희진,21301,"인천광역시 부평구 청안로 8 ,상가동 103호 (청천동)",032-501-1196
2308,인천,부평구,공사업,전문,진용전력,김동진,21397,인천광역시 부평구 부평문화로163번길 12 (부개동),032-202-8801
2309,인천,부평구,공사업,전문,주식회사 라온이엔에프,백선영,21419,"인천광역시 부평구 일신로8번길 11 , 202호 (일신동)",032-361-0402
2310,인천,부평구,공사업,전문,(주)경인소방이엔지,정동준,21376,"인천광역시 부평구 마장로264번길 66 , 302호(산곡동, 주식회사대우전자직장주택조합아파트상가)",032-572-8048
2311,인천,부평구,공사업,전문,주식회사 서광이엔지,백흠서,21315,"인천광역시 부평구 부평대로 283 , A동 603호(청천동, 부평우림라이온스밸리)",032-502-5551
2312,인천,부평구,공사업,전문,주식회사 소방시대,이미선,21312,"인천광역시 부평구 세월천로30번길 39 , 2층 202호(청천동, 동원테크노파크)",070-8657-2079
2313,인천,서구,공사업,전문,(주)대진이앤지,류진선,22636,"인천광역시 서구 완정로165번안길 1 , 502호(왕길동, 이편한프라자)",032-523-8181
2314,인천,서구,공사업,전문,신한방재ENC,인정호,22736,"인천광역시 서구 청라라임로 51 810호(연희동, 청라 에일린의뜰)",032-563-6119
2315,인천,서구,공사업,전문,정문설비(주),박종근,22839,"인천광역시 서구 가정로37번길 33 , 제에이동 제1층 제108-2호(가좌동, 가좌아이씨아파트형공장)",032-611-3449
2316,인천,서구,공사업,전문,(주)태호이앤씨,"송수정,송진용",22733,"인천광역시 서구 경중로 20 , 1303호(경서동, 청라로데오시티포레안)",032-888-0214
2317,인천,서구,공사업,전문,(주)한국소방엔지니어링,"권혁진,권순도",22636,"인천광역시 서구 완정로 163  (왕길동,트리플타워)12층",032-548-1193
2318,인천,서구,공사업,전문,(주)오아시스산업,이정섭,22663,인천광역시 서구 원당대로117번길 31-3 (오류동),032-568-7666
2319,인천,서구,공사업,전문,(주)태건소방,김동석,22821,인천광역시 서구 고래울로 6  (가좌동) ,032-556-8103
2320,인천,서구,공사업,전문,대한화재안전(주),정진환,22709,인천광역시 서구 경명대로 704 (공촌동),032-569-1191
2321,인천,서구,공사업,전문,(주)태신이엔지,김재환,22643,"인천광역시 서구 원당대로 683 403호(마전동,나산프라자)",032-564-8167
2322,인천,서구,공사업,전문,(주)동보활선,이원석,22745,인천광역시 서구 호두산로10번길 30  (경서동) ,032-564-8844
2323,인천,서구,공사업,전문,(주)서원이엔시,"김원선,이형근",22774,인천광역시 서구 봉수대로285번길 20-4 (석남동),032-584-7702
2324,인천,서구,공사업,전문,(주)정림기업,"정병량,임장군",22758,"인천광역시 서구 청라한내로72번길 13 , 비동 2103호(청라동, 청라큐브 시그니처2차)",
2325,인천,서구,공사업,전문,(주)강남전기,김형철,22829,인천광역시 서구 가재울로 72 3층 302호(가좌동),032-421-0722
2326,인천,서구,공사업,전문,삼도전력공사,이용암,22711,"인천광역시 서구 서곶로 268 ,2층(심곡동, 승선상가)",032-572-6784
2327,인천,서구,공사업,전문,(주)샤인에너지,이일호,22770,인천광역시 서구 봉수대로501번길 58-19 (원창동),032-763-0015
2328,인천,서구,공사업,전문,대호전기(주),박기웅,22604,인천광역시 서구 신동안길 27  (금곡동) ,032-564-0512
2329,인천,서구,공사업,전문,(주)가가전력,정재복,22672,인천광역시 서구 한서로53번길 22 (백석동),032-581-3914
2330,인천,서구,공사업,전문,브니엘네이처(주),"박정호,이주필",22647,인천광역시 서구 원당대로 841 (원당동) 6층,032-566-0010
2331,인천,서구,공사업,일반(전기),(주)보브이앤씨,강진철,22827,인천광역시 서구 원적로7번길 23 (가좌동),032-864-6985
2332,인천,서구,공사업,전문,신광전기(주),박영탁,22835,인천광역시 서구 건지로250번길 50 (가좌동) .,032-584-8957
2333,인천,서구,공사업,전문,(주)정림이엔지,최성순,22787,인천광역시 서구 율도로16번길 11-11 (석남동),032-881-5580
2334,인천,서구,공사업,전문,(주)보나방재,임동열,22664,"인천광역시 서구 보듬로 158 , 미플존 1217호(오류동)",032-220-6317
2335,인천,서구,공사업,전문,(주)대원종합이엔지,고정근,22728,"인천광역시 서구 탁옥로 16 ,2층 (심곡동)",032-564-6119
2336,인천,서구,공사업,전문,(주)미림에너텍,김유신,22843,인천광역시 서구 건지로 72-15 (),032-577-5292
2337,인천,서구,공사업,전문,(주)보광엔지니어링,문봉길,22727,"인천광역시 서구 심곡로 29 (심곡동,2층)",032-564-4594
2338,인천,서구,공사업,전문,(주)오천소방,신미순,22839,"인천광역시 서구 가남로 61 ,에이동 114호(가좌동, 토지산업2차 지식산업센터)",032-438-1798
2339,인천,서구,공사업,전문,(주)대승전력소방건설,이공순,22813,인천광역시 서구 여우재로 93 (가좌동),032-577-8948
2340,인천,서구,공사업,전문,(주)에프엘,조재진,22841,인천광역시 서구 장고개로117번길 26 (가좌동) 2동,032-576-2119
2341,인천,서구,공사업,전문,주식회사 반석이래엠이씨,오지선,22829,"인천광역시 서구 가재울로 72 , 2호 건물 2층 6호 전체(가좌동)",032-665-8154
2342,인천,서구,공사업,전문,주식회사 렉스코리아,조휘명,22846,"인천광역시 서구 백범로934번길 27-1 , 제 에이동 제 2호(가좌동, 가좌중소기업형공장)",032-584-9944
2343,인천,서구,공사업,전문,제일방재주식회사,임휘갑,22844,인천광역시 서구 건지로 144-1 (가좌동),031-365-5257
2344,인천,서구,공사업,전문,주식회사 아이탑이엔지,조계천,22674,인천광역시 서구 원당대로608번안길 9-37 (당하동),032-541-4123
2345,인천,서구,공사업,전문,주식회사 가람건영,서성원,22708,"인천광역시 서구 심곡로 209 , 502호(연희동)",032-508-3051
2346,인천,서구,공사업,일반(전기),태일전기 주식회사,여규철,22671,인천광역시 서구 원당대로480번길 6-11 (왕길동),032-568-7053
2347,인천,서구,공사업,전문,주식회사 국민소방,조재학,22786,"인천광역시 서구 염곡로 303 , 2층(석남동, 진영빌딩)",032-573-2119
2348,인천,서구,공사업,전문,(주)제이앤비이엔지,신현섭,22809,인천광역시 서구 건지로366번길 8 (가좌동),032-575-2702
2349,인천,서구,공사업,전문,(주)그린이피에스,지창근,22674,"인천광역시 서구 원당대로608번안길 9-37 , 4층 402호(당하동)",070-7709-7350
2350,인천,서구,공사업,전문,(주)시트론정보통신,권혁준,22839,인천광역시 서구 가남로 61 토지산업2차 지식산업센터 에이동 211호(가좌동),032-866-9911
2351,인천,서구,공사업,전문,정우에너텍 유한책임회사,박상열,22766,"인천광역시 서구 보석로17번길 20 ,103호(청라동)",032-543-4707
2352,인천,서구,공사업,전문,주식회사 케이엠이엔지,한은경,22711,"인천광역시 서구 심곡로91번길 1 ,  6동 4호(심곡동)",032-563-2110
2353,인천,서구,공사업,전문,태성소방설비(주),최성희,22824,"인천광역시 서구 백범로630번길 16 ,6층 606-1호(가좌동,가좌지제이타워지식산업센터)",032-588-3199
2354,인천,서구,공사업,전문,(주)이곳이앤씨,황용희,22770,"인천광역시 서구 중봉대로 490 , 837호(청라동, 청라더리브티아모지식산업센터)",032-572-4941
2355,인천,서구,공사업,전문,주식회사 피피테크,박성우,22865,"인천광역시 서구 이음5로 70 , 706-1호(원당동, 새샘프라자)",032-547-1519
2356,인천,서구,공사업,전문,신태진건설(주),신상일,22690,인천광역시 서구 도요지로 37 (경서동),032-562-0303
2357,인천,서구,공사업,전문,"에이엘(AL) 전기,소방",김기욱,22672,인천광역시 서구 한서로53번길 22 (백석동),032-581-3914
2358,인천,서구,공사업,전문,주식회사 대건이앤씨,박정근,22730,"인천광역시 서구 심곡로56번길 2 ,4층 405호(심곡동, 삼원빌딩)",032-472-2919
2359,인천,서구,공사업,전문,주식회사 태승전설,김주권,22769,"인천광역시 서구 건지로 45-26 ,2층(석남동)",032-518-5755
2360,인천,서구,공사업,전문,주식회사 대성설비,김성룡,22779,"인천광역시 서구 새오개로95번길 3-1 , 1층(신현동)",032-571-6288
2361,인천,서구,공사업,전문,부일특장 주식회사,박재일,22604,인천광역시 서구 신동안길 27 (금곡동),032-565-6262
2362,인천,서구,공사업,전문,서부전력(주),노건철,22693,인천광역시 서구 경서로 26 (경서동),032-564-7070
2363,인천,서구,공사업,전문,에프씨방재 주식회사,오주환,22789,인천광역시 서구 가정로261번길 7 (석남동),032-724-8511
2364,인천,서구,공사업,전문,주식회사 대우강건,정하음,22661,인천광역시 서구 검단로326번길 35-75 (왕길동),032-565-2600
2365,인천,서구,공사업,전문,(주)혜인이엔지,노석순,22707,"인천광역시 서구 경명대로 667 , 202호(공촌동)",032-568-3465
2366,인천,서구,공사업,전문,정상 이엔지,주상희,22700,"인천광역시 서구 모월곶로 41 , 105동 503호(경서동, 인천 경서 아시아드 대광로제비앙)",
2367,인천,서구,공사업,전문,쏠라리버(주),최무영,22744,인천광역시 서구 원전로59번길 34 (경서동),032-508-2891
2368,인천,서구,공사업,전문,주식회사 가산이앤씨,김성수,22796,"인천광역시 서구 가남로 227-2 , 1층(석남동)",032-567-0155
2369,인천,서구,공사업,전문,주식회사 이화이앤에프,박소연,22755,"인천광역시 서구 에코로 65 , 101동 2510호(청라동)",032-224-1119
2370,인천,서구,공사업,전문,주식회사 경인엠이씨,정남숙,22865,"인천광역시 서구 이음1로 383 , 세중시그니쳐1동 805호 (원당동)",032-567-4136
2371,인천,서구,공사업,전문,주식회사 제이에이치이엔지,김왕규,22830,"인천광역시 서구 가재울로 109 , 116호(가좌동, 디에이치비즈타워1차)",032-576-2245
2372,인천,서구,공사업,전문,주식회사 건우종합설비,김진영,22656,"인천광역시 서구 봉화로15번길 23 , 1층(오류동)",032-506-0203
2373,인천,서구,공사업,전문,(주)주영카스코,이에스더,22851,"인천광역시 서구 로봇랜드로 155-11 , 로봇지원센터 803호 (청라동)",070-8657-3540
2374,인천,서구,공사업,전문,경서산업(주),주남호,22693,"인천광역시 서구 경서로 24 , 3층(경서동)",032-562-5247
2375,인천,서구,공사업,전문,수경이앤에프 주식회사,김태형,22824,"인천광역시 서구 백범로630번길 16 , 5층 508호(가좌동, 가좌타워지식산업센터)",032-882-9323
2376,인천,서구,공사업,전문,주식회사 경보소방엔지니어링,고양섭,22698,"인천광역시 서구 승학로 426 , 403호(검암동, 우주프라자)",032-565-4941
2377,인천,서구,공사업,전문,(주)스마트소방안전,황경석,22769,"인천광역시 서구 북항로32번안길 31 , 304호(원창동, 유은프라자)",032-582-2119
2378,인천,서구,공사업,전문,주식회사 머큐리,황하영,22830,인천광역시 서구 가재울로 90 (가좌동),032-580-3208
2379,인천,서구,공사업,전문,주식회사 김앤드이이앤씨,이준희,22865,"인천광역시 서구 이음1로 383 , 세중시그니쳐1동 804호 (원당동)",032-562-9335
2380,인천,서구,공사업,전문,디에스이앤지 주식회사,조인제,22755,"인천광역시 서구 에코로 65 , 206호(청라동, 청라국제도시역 푸르지오시티)",032-561-3441
2381,인천,연수구,공사업,전문,(주)대제종합건설,배한열,21997,"인천광역시 연수구 해돋이로 107 , J,F동 1901호(송도동, 송도 더샵 퍼스트월드)",032-431-2291
2382,인천,연수구,공사업,전문,거산전설(주),김명수,21946,"인천광역시 연수구 인권로9번길 24 , 거산빌딩 2층,3층(옥련동)",032-833-3565
2383,인천,연수구,공사업,전문,(주)대화,이승훈,21984,"인천광역시 연수구 송도과학로 32 ,엠동 1102호(송도동,송도테크노파크아이티센터)",032-864-2266
2384,인천,연수구,공사업,전문,(주)에스케이방재산업,박용태,21907,인천광역시 연수구 예술로22번길 20 1층 102호(선학동),032-508-8119
2385,인천,연수구,공사업,전문,중앙에너지(주),이정길,21990,인천광역시 연수구 송도미래로 30 디동 1209호(송도동),032-812-0302
2386,인천,연수구,공사업,전문,대우산업개발(주),김광준,21995,"인천광역시 연수구 컨벤시아대로 69 601호 (송도동,송도밀레니엄)",02-6244-7125
2387,인천,연수구,공사업,전문,(주)대경에스코,윤학상,21984,"인천광역시 연수구 송도과학로 32 ,제에스동 2402호(송도동, 송도테크노파크아이티센터)",032-817-5100
2388,인천,연수구,공사업,전문,(주)중앙파이어,정택우,21921,인천광역시 연수구 함박뫼로84번길 24  (연수동) ,032-815-0119
2389,인천,연수구,공사업,전문,(주)정호이앤씨,최두환,22011,인천광역시 연수구 하모니로 230 (송도동),032-467-1480
2390,인천,연수구,공사업,전문,(주)엘이티,이응수,21999,"인천광역시 연수구 갯벌로 12 (송도동,갯벌타워) 808호",032-260-1190
2391,인천,연수구,공사업,전문,(주)주복공영,박상준,22001,"인천광역시 연수구 컨벤시아대로42번길 12 , 202동  513호(송도동)",032-267-2233
2392,인천,연수구,공사업,전문,(주)부석이엔씨,남인호,21938,"인천광역시 연수구 선학로 37 , 상가동 307호(선학동, 정광아파트)",032-813-7861
2393,인천,연수구,공사업,일반(전기),(주)금성파워이엔지,이상국,21982,"인천광역시 연수구 송도과학로27번길 55 (송도동, 롯데캐슬 캠퍼스타운) 201동 2902호",032-815-0404
2394,인천,연수구,공사업,전문,(주)삼손공영,손병철,21944,인천광역시 연수구 앵고개로87번길 44-3  (동춘동) 202,032-834-4052
2395,인천,연수구,공사업,전문,주식회사 예스코 (yesco),노연화,21990,"인천광역시 연수구 송도미래로 30 이동1711호(송도동,송도스마트밸리지식산업센터)",032-583-5544
2396,인천,연수구,공사업,전문,진흥기업(주),김태균,21995,"인천광역시 연수구 컨벤시아대로 69 (송도동,송도밀레니엄) 8층 807호",02-772-1296
2397,인천,연수구,공사업,전문,(주)라마이엔지,김상학,21927,"인천광역시 연수구 벚꽃로 114 403호(연수동,브랫슬빌딩)",032-421-3002
2398,인천,연수구,공사업,전문,(주)도우엔지니어링,윤우근,21990,"인천광역시 연수구 송도미래로 30 , 디동 1604호, 1605호, 1606호(송도동, 송도비알씨스마트밸리지식산업센터)",032-819-0876
2399,인천,연수구,공사업,전문,(주)가인전력,장복남,21990,"인천광역시 연수구 송도미래로 30 B동 415호(송도동, 송도 BRC스마트벨리지식산업센터)",032-813-0844
2400,인천,연수구,공사업,전문,주식회사 엔유소방,이기복,21914,인천광역시 연수구 비류대로331번길 2-11 1층 (연수동),032-818-9903
2401,인천,연수구,공사업,전문,금석개발 주식회사,전수연,21929,"인천광역시 연수구 벚꽃로158번길 33 , 2층(연수동)",032-818-2641
2402,인천,연수구,공사업,전문,주식회사 에이엠케이,장남철,21990,"인천광역시 연수구 송도미래로 30 , 디동 1805호,1806호(송도동,스마트밸리)",032-837-5882
2403,인천,연수구,공사업,전문,주식회사 한주,백석만,21941,"인천광역시 연수구 한나루로 168 ,201(옥련동, 도화아트빌)",032-834-8054
2404,인천,연수구,공사업,전문,(주)송도방재,최문수,21990,"인천광역시 연수구 송도미래로 30 ,비동 516호(송도동, 송도비알씨스마트밸리지식산업센터)",032-812-5119
2405,인천,연수구,공사업,전문,주식회사 지음쏠라테크,조경용,21984,"인천광역시 연수구 송도과학로 80 , 21층 102-2113호(송도동, 송도에이아이티센터)",032-710-7920
2406,인천,연수구,공사업,전문,주식회사 다온이엔씨,이강일,21990,"인천광역시 연수구 송도미래로 30 , 제디동 17층 1708호(송도동, 송도비알씨스마트밸리지식산업센터)",032-766-7008
2407,인천,연수구,공사업,전문,(주)포스코에이앤씨건축사사무소,김동근,21998,"인천광역시 연수구 컨벤시아대로 165 ,24층(송도동, 포스코타워송도)",02-2018-7717
2408,인천,연수구,공사업,전문,이넵스(주),이동일,22000,인천광역시 연수구 해송로30번길 34-18 (송도동) 4-5층,032-851-1840
2409,인천,연수구,공사업,전문,신우엔지니어링(주),신종창,21913,인천광역시 연수구 비류대로433번길 3 (연수동),032-468-6630
2410,인천,연수구,공사업,전문,에스지이엔지,손종화,21944,"인천광역시 연수구 앵고개로87번길 44-3 , 2층 203호(동춘동)",032-834-4052
2411,인천,연수구,공사업,전문,(주)구산종합건설,이규웅,22007,"인천광역시 연수구 인천타워대로 323 , A동 603호(송도동, 송도센트로드)",032-831-8030
2412,인천,연수구,공사업,전문,(주)동해소방,장동민,21901,"인천광역시 연수구 청솔로 121 , 102호 (청학동)",
2413,인천,연수구,공사업,전문,(주)동일전력,"경은재,박건욱",21988,"인천광역시 연수구 송도미래로11번길 27 , 에이동 1510호(송도동, 송도스마트스퀘어)",032-818-7561
2414,인천,연수구,공사업,전문,주식회사 대연이노텍,임선자,21984,"인천광역시 연수구 송도과학로 56 , 1406호(송도동, 송도테크노파크비티센터)",032-811-5808
2415,인천,옹진군,공사업,전문,옹진전력(주),김수연,23103,인천광역시 옹진군 백령로 807 (백령면),032-836-1170
2416,인천,옹진군,공사업,전문,주식회사 준서전력,김혜선,23119,"인천광역시 옹진군 영흥면 영흥남로 430 , 301호",032-886-0520
2417,인천,옹진군,공사업,전문,주식회사 에너지드림,전기재,23101,인천광역시 옹진군 백령면 백령로 363-5 .,070-4161-9800
2418,인천,옹진군,공사업,전문,명하기업 주식회사,양경숙,23119,인천광역시 옹진군 영흥면 영흥남로 10-65 (),032-589-4434
2419,인천,중구,공사업,전문,대주이엔티(주),"황광수,박주봉",22313,인천광역시 중구 신포로 4 4층(사동),02-541-0400
2420,인천,중구,공사업,전문,오성전설산업(주),이상봉,22360,"인천광역시 중구 백운로 262-31 103호 (운북동, 백운주택상가)",032-466-8549
2421,인천,중구,공사업,전문,(주)신동광에너지,서소영,22323,"인천광역시 중구 인중로 154 , 201호(사동)",032-761-6767
2422,인천,중구,공사업,전문,주식회사 강현이엔씨,이민준,22376,"인천광역시 중구 흰바위로 228 , 5층 511호(운남동, 운남비전프라자)",032-323-1616
2423,인천,중구,공사업,전문,인천공항시설관리 주식회사,문정욱,22382,"인천광역시 중구 제2터미널대로 444 ,310호(운서동, 제2합동청사)",032-743-3825
2424,인천,중구,공사업,전문,태양소방공사(주),정중호,22321,"인천광역시 중구 개항로 70-1 ,비01호(경동, 스완빌리지1차)",032-761-4448
2425,인천,중구,공사업,전문,인천공항운영서비스 주식회사,김필연,22382,"인천광역시 중구 공항로424번길 84 , 7층(운서동, 인하국제의료센터)",032-723-8567
2426,인천,중구,공사업,전문,주식회사 신원이엔씨,최점순,22402,"인천광역시 중구 하늘달빛로 90-7 , 908호, 909호(중산동,스카이에비뉴1차))",032-327-6528
2427,인천,중구,공사업,전문,주식회사 선일디엔씨,고영수,400-130,인천광역시 중구 율목동 46 제1호,032-542-5236
2428,광주,광산구,공사업,전문,(주)성원이앤지,배형희,62464,광주광역시 광산구 진곡산단5번로 57-10 (진곡동),062-956-1067
2429,광주,광산구,공사업,전문,대흥설비(주),이기조,62365,광주광역시 광산구 우산로107번길 16 (우산동),062-944-8670
2430,광주,광산구,공사업,전문,(주)부흥전력,김창수,62264,광주광역시 광산구 월계로 34 (월계동),062-525-5177
2431,광주,광산구,공사업,전문,(주)대동전력,정애리미,62274,광주광역시 광산구 첨단중앙로170번길 58  (쌍암동) ,062-972-8221
2432,광주,광산구,공사업,전문,삼성이앤씨(주),장세남,62381,광주광역시 광산구 송정공원로47번길 19 (소촌동),062-362-1119
2433,광주,광산구,공사업,전문,(주)대동계전,류성선,62415,광주광역시 광산구 평동산단2번로 25-1 (용동),062-943-0835
2434,광주,광산구,공사업,전문,(주)하이코리아,"오종훈,김수홍",62411,광주광역시 광산구 평동산단1번로 121  (장록동) ,062-513-8000
2435,광주,광산구,공사업,전문,(주)한빛네트웍스,황생동,62382,광주광역시 광산구 어등대로595번길 23 (운수동),062-971-7000
2436,광주,광산구,공사업,전문,(주)라전사,나희택,62362,광주광역시 광산구 우산천변길 67-58 (우산동),062-373-0472
2437,광주,광산구,공사업,전문,주식회사 대명기전,박태주,62244,광주광역시 광산구 임방울대로 611-34 (도천동),070-7703-0213
2438,광주,광산구,공사업,전문,(주)나우시스템,신은영,62237,광주광역시 광산구 비아로24번길 56-4  (비아동),062-366-7541
2439,광주,광산구,공사업,전문,(주)유진종합기계,"배영모,배정민",62382,광주광역시 광산구 어등대로563번길 33-1 (운수동),062-955-7979
2440,광주,광산구,공사업,전문,(주)성보기계설비,이은철,62388,광주광역시 광산구 소촌로 17 (소촌동),062-941-2554
2441,광주,광산구,공사업,전문,(유)우전,정남기,62390,광주광역시 광산구 어등대로621번길 5 (소촌동),062-941-4455
2442,광주,광산구,공사업,전문,(주)한백,윤우람,62241,광주광역시 광산구 비아로 23  (도천동) ,062-954-1122
2443,광주,광산구,공사업,전문,(주)일도엔지니어링,이정한,62319,"광주광역시 광산구 목련로273번안길 79 ,2층 203호(운남동)",062-368-8119
2444,광주,광산구,공사업,전문,(주)가경소방전력공사,김경용,62272,광주광역시 광산구 월봉안길 3  (산월동) ,062-954-0446
2445,광주,광산구,공사업,전문,우미건설(주),"배영한,김성철,조성준",62359,"광주광역시 광산구 사암로 209 ,2층(우산동)",062-710-9126
2446,광주,광산구,공사업,전문,(주)영재에프에스,"조영귀,마혜영",62316,광주광역시 광산구 풍영철길로 188-25 2층(운남동),062-955-2119
2447,광주,광산구,공사업,전문,(주)우석소방,조재경,62333,광주광역시 광산구 산정공원로72번길 33 (월곡동),062-945-0671
2448,광주,광산구,공사업,전문,(유)제이비엔지니어링,곽정우,62448,"광주광역시 광산구 도산로9번길 35 상가동 202호(도산동,호반상가)",062-945-4119
2449,광주,광산구,공사업,전문,(주)가나통신전력공사,민명기,62393,광주광역시 광산구 평동로1120번길 40 1층(송정동),062-945-8803
2450,광주,광산구,공사업,전문,(주)세민,최미자,62395,광주광역시 광산구 하남지실길 258 (산정동),062-261-2091
2451,광주,광산구,공사업,전문,(주)두경이엔지,이명신,62207,광주광역시 광산구 진곡산단중앙로 52  (오선동) ,062-413-2467
2452,광주,광산구,공사업,전문,원율엔지니어링(주),허승록,62244,광주광역시 광산구 도천남길 38-72 (도천동),062-952-1167
2453,광주,광산구,공사업,전문,덕성전기(주),김선희,62377,광주광역시 광산구 금봉로54번길 15 (소촌동),062-954-9222
2454,광주,광산구,공사업,전문,(주)무등방재,서삼종,62244,광주광역시 광산구 임방울대로 611-24 (도천동),062-514-1119
2455,광주,광산구,공사업,전문,(주)녹스이엔지,김원호,62397,광주광역시 광산구 어등대로459번길 40 1층(선암동),062-941-7263
2456,광주,광산구,공사업,전문,미래전력 주식회사,이병주,62409,광주광역시 광산구 평동매화안길 23-1 (지죽동),062-653-6256
2457,광주,광산구,공사업,전문,주식회사 하나안전소방,이해정,506-254,광주광역시 광산구 장수길 65-8 (장수동),062-952-1119
2458,광주,광산구,공사업,전문,주식회사 범진이엔지,"마창심,박주안",62224,광주광역시 광산구 풍영로228번길 31 2층(장덕동),062-953-0491
2459,광주,광산구,공사업,전문,늘푸른방재 주식회사,김정옥,62449,광주광역시 광산구 남동길 42 (도산동),062-944-6247
2460,광주,광산구,공사업,전문,씨에스엔지니어링 주식회사,송천석,62235,광주광역시 광산구 비아로 72-19 (도천동),062-574-0119
2461,광주,광산구,공사업,전문,(주)에프원방재,이평헌,62332,광주광역시 광산구 산정공원로93번길 28-9 (산정동),062-941-3344
2462,광주,광산구,공사업,전문,(주)건우전기,이지영,62294,광주광역시 광산구 풍영정길 101 (신창동),062-961-7203
2463,광주,광산구,공사업,전문,주식회사 일오삼,최주용,62369,광주광역시 광산구 사암로118번길 11-12 (우산동),062-523-0153
2464,광주,광산구,공사업,전문,금송건설(주),"홍권희,김문희",62290,광주광역시 광산구 풍영정길 241-14 (신창동),062-222-0700
2465,광주,광산구,공사업,전문,티에이에스 주식회사,신정현,62232,광주광역시 광산구 하남마항로29번길 37 (하남동),062-942-8907
2466,광주,광산구,공사업,전문,(주)종합시스템,이일기,62409,광주광역시 광산구 평동매화안길 23-2 (지죽동),062-953-6256
2467,광주,광산구,공사업,전문,주식회사 피치이앤씨,임정호,62216,"광주광역시 광산구 하남산단6번로 57 ,산업동407호(오선동)",062-531-6119
2468,광주,광산구,공사업,전문,주식회사 선경이앤에프,박선호,62244,"광주광역시 광산구 임방울대로 611-34 , 1층(도천동)",062-955-5669
2469,광주,광산구,공사업,전문,주식회사 썬투에너지,김미정,62237,광주광역시 광산구 비아안길 119-9 (비아동),062-470-8193
2470,광주,광산구,공사업,전문,주식회사 하영전설,김용,62364,"광주광역시 광산구 무진대로 272-9 501호(우산동, 오렌지빌)",062-366-4110
2471,광주,광산구,공사업,전문,주식회사 한비이엔지,양창균,62319,"광주광역시 광산구 목련로273번안길 79 ,2층 203호(운남동)",062-367-3119
2472,광주,광산구,공사업,전문,주식회사 우미개발,김부열,62359,"광주광역시 광산구 사암로 209 ,3층 305호, 306호(우산동)",062-710-4740
2473,광주,광산구,공사업,전문,주식회사 서진산전,정병진,62463,광주광역시 광산구 진곡산단중앙로 250-3 (고룡동),062-526-0005
2474,광주,광산구,공사업,전문,주식회사 에스에이테크,조화성,62273,광주광역시 광산구 풍영정길 325 (신창동),062-954-9586
2475,광주,광산구,공사업,전문,주식회사 이은이엔지,오석종,62297,광주광역시 광산구 신창로33번길 21-18 (신가동),062-952-4119
2476,광주,광산구,공사업,전문,주식회사 대림소방,윤용호,62366,광주광역시 광산구 사암로 150 (우산동),062-433-6119
2477,광주,광산구,공사업,전문,석진소방 주식회사,염규석,62216,"광주광역시 광산구 하남산단6번로 57 ,비-601호(오선동)",062-951-6119
2478,광주,광산구,공사업,전문,주식회사 메가전력,전수경,62241,광주광역시 광산구 도천북길 105-1 (도천동),062-714-2888
2479,광주,광산구,공사업,전문,주식회사 도현건설,이현철,62279,"광주광역시 광산구 첨단강변로87번길 8-1 ,502호(쌍암동)",062-268-4300
2480,광주,광산구,공사업,전문,주식회사 세온이앤씨,"이남선,구창연",62268,광주광역시 광산구 산월로41번길 7-10 (월계동),062-400-9200
2481,광주,광산구,공사업,전문,가람네오텍 주식회사,주희,62228,"광주광역시 광산구 하남산단4번로 95-17 ,  제3동(장덕동)",
2482,광주,광산구,공사업,전문,주식회사 광진소방,정동준,62355,"광주광역시 광산구 풍영철길로 15 , 409호(우산동)",062-956-1190
2483,광주,광산구,공사업,전문,주식회사 광명기업,최재호,62229,"광주광역시 광산구 하남산단3번로 32 ,2층(장덕동)",
2484,광주,광산구,공사업,전문,주식회사 일일구 이오방재,공대훈,62263,"광주광역시 광산구 월계로 59 , 상가동 203호(월계동, 첨단호반2차아파트)",062-511-0773
2485,광주,광산구,공사업,전문,케이지이엔씨 주식회사,김용신,62244,광주광역시 광산구 사암로 860-26 (도천동),062-943-3965
2486,광주,광산구,공사업,전문,주식회사 서영건설플러스,곽창수,62276,"광주광역시 광산구 월계로 175 ,6층(월계동,케이티빌딩)",062-415-2303
2487,광주,광산구,공사업,전문,영진건설 주식회사,최무영,62217,광주광역시 광산구 하남산단6번로 14-8 (오선동),062-956-2490
2488,광주,광산구,공사업,전문,다원씨에스(주),최인성,62251,"광주광역시 광산구 왕버들로289번길 59 ,4층(신창동)",062-959-6657
2489,광주,광산구,공사업,전문,주식회사 시케이이앤지,구희자,62399,"광주광역시 광산구 어등대로433번길 48 , 102호(서봉동)",062-714-2279
2490,광주,광산구,공사업,전문,주식회사 홍일이엔씨,유재화,62454,"광주광역시 광산구 동곡로 383 ,3층(복룡동)",062-942-5001
2491,광주,광산구,공사업,전문,주식회사 삼미방재,형요엘,62209,광주광역시 광산구 손재로287번길 96-4 (하남동),062-531-5531
2492,광주,광산구,공사업,전문,브이산업 주식회사,서형숙,62363,"광주광역시 광산구 무진대로212번길 13-9 ,2층 202호(우산동)",062-681-1133
2493,광주,광산구,공사업,전문,주식회사 다울이엔지,강경옥,62244,광주광역시 광산구 왕버들로 61 (장덕동),062-710-5001
2494,광주,광산구,공사업,전문,동부이엔텍 유한회사,유경윤,62413,광주광역시 광산구 평동산단외로 201-15 (지죽동),062-941-2707
2495,광주,광산구,공사업,전문,주식회사 온터,김부형,62248,광주광역시 광산구 왕버들로208번길 27 (수완동),062-513-3724
2496,광주,광산구,공사업,전문,주식회사 여주엔지니어링,류윤주,62244,광주광역시 광산구 사암로 764-114 (도천동),062-655-9754
2497,광주,남구,공사업,전문,(주)유림,"윤보선,윤영선",61613,"광주광역시 남구 대남대로 323-1 (월산동,의산빌딩 2층)",062-369-2100
2498,광주,남구,공사업,전문,대하산업개발(주),"이기준,김정진",61754,"광주광역시 남구 서문대로 339 ,3층(임암동, 그랜드타워)",062-605-6932
2499,광주,남구,공사업,전문,(주)시온이엔지,박영종,61621,광주광역시 남구 대남대로372번안길 14 (월산동),062-363-9119
2500,광주,남구,공사업,전문,(주)서경이엔엘,허일영,61725,"광주광역시 남구 서문대로 739 ,5층(주월동, 귀빈빌딩)",062-653-8778
2501,광주,남구,공사업,전문,(주)성신전력,노봉희,61600,광주광역시 남구 화정로260번길 23 (월산동),062-366-2487
2502,광주,남구,공사업,전문,주식회사 라인산업,권혁용,61637,광주광역시 남구 서오층석탑1길 7-1 (서동),062-513-0561
2503,광주,남구,공사업,전문,(주)상현이앤지,배기태,61752,광주광역시 남구 신만산길 43 (원산동),062-444-2119
2504,광주,남구,공사업,전문,(주)국제소방공사,최미옥,61665,광주광역시 남구 봉선중앙로134번길 31 (방림동),062-653-7119
2505,광주,남구,공사업,전문,(주)지엠이앤씨,이강섭,61652,광주광역시 남구 월산로 69 (월산동 184-1 번지),062-362-1548
2506,광주,남구,공사업,전문,주식회사 다인아이앤씨,이민,61696,"광주광역시 남구 봉선로79번길 2 ,3층(봉선동)",062-682-4246
2507,광주,남구,공사업,전문,주식회사 국제소방안전점검,전현종,61623,광주광역시 남구 월광길 39-2 (월산동),062-361-3119
2508,광주,남구,공사업,전문,대광이엔지 주식회사,강신창,61610,광주광역시 남구 군분로160번길 9 3층(월산동),062-366-6556
2509,광주,남구,공사업,전문,화성 엔지니어링,정운호,61662,광주광역시 남구 천변좌로 454 3층(양림동),062-710-4911
2510,광주,남구,공사업,전문,주식회사 덕양소방,박순안,61743,"광주광역시 남구 행암길 8 ,3층 301호(행암동)",061-432-2119
2511,광주,남구,공사업,전문,주식회사 인하소방,강인하,61742,"광주광역시 남구 효덕로 303 , 1층(진월동)",062-672-7346
2512,광주,남구,공사업,전문,호남소방 주식회사,이창흠,61743,"광주광역시 남구 효덕로 277 511호(진월동, 광주대학교산학협력관)",062-714-2119
2513,광주,남구,공사업,전문,주식회사 오션이앤지,주정래,61618,광주광역시 남구 경열로54번길 27-1 (월산동),
2514,광주,남구,공사업,전문,동광전기 주식회사,김형삼,61639,"광주광역시 남구 사직안길 16 ,1층(사동)",062-447-4786
2515,광주,동구,공사업,전문,제이아이건설(주),이창수,61478,"광주광역시 동구 천변우로 339 ,601-2호(수기동,제일오피스텔)",070-8691-2309
2516,광주,동구,공사업,전문,(주)삼원전력,"김수진,김원삼",61475,광주광역시 동구 금남로 227 (금남로2가),062-223-3191
2517,광주,동구,공사업,전문,(주)대연소방,김양호,61402,"광주광역시 동구 중앙로 358 , 상가동 2층 288호(계림동, 금호계림주상복합)",062-511-7119
2518,광주,동구,공사업,전문,(주)삼진개발,손동철,61419,"광주광역시 동구 중흥로213번길 6-32 , 3층(계림동)",062-228-8861
2519,광주,동구,공사업,전문,우주건설(주),신암철,61478,"광주광역시 동구 천변우로 339 1908호(수기동,제일오피스텔)",062-525-0727
2520,광주,동구,공사업,전문,주식회사 원이엔텍,김원영,61410,광주광역시 동구 밤실로136번길 4-1 (산수동),062-263-0400
2521,광주,동구,공사업,전문,제이제이건설 주식회사,김은숙,61478,"광주광역시 동구 천변우로 339 , 506호(수기동, 제일오피스텔)",062-607-5500
2522,광주,동구,공사업,전문,주식회사 웅비,이민우,61410,광주광역시 동구 밤실로136번길 8-9 101호(산수동),062-462-5001
2523,광주,동구,공사업,전문,주식회사 세원방재,전민형,61406,"광주광역시 동구 필문대로 136 ,6층(산수동)",062-515-9111
2524,광주,동구,공사업,전문,주식회사 대건에프디,김선아,61447,"광주광역시 동구 지호로104번길 19 , 4층(지산동)",062-513-2762
2525,광주,동구,공사업,전문,주식회사 삼진에이치에스,하광수,61419,광주광역시 동구 중흥로213번길 6-32 . 2층(계림동),062-236-1232
2526,광주,북구,공사업,전문,(합)황금소방시설공사,,61236,광주광역시 북구 중가로113번길 36 (중흥동),062-523-6590
2527,광주,북구,공사업,전문,(주)유신,노장호,61106,광주광역시 북구 설죽로 259 (용봉동),062-575-0720
2528,광주,북구,공사업,전문,유한회사 삼하기업,박승주,61071,광주광역시 북구 하서로 356 (양산동),062-524-1573
2529,광주,북구,공사업,전문,지오이앤에프 주식회사,서철,61240,"광주광역시 북구 금재로36번길 41 ,102호(북동,정한파인시티)",062-373-3800
2530,광주,북구,공사업,전문,주식회사 명우개발,정남진,61122,광주광역시 북구 신촌로23번길 51 2층(오치동),062-263-0600
2531,광주,북구,공사업,전문,(주)모아종합건설,"박현석,박치영",61267,"광주광역시 북구 북문대로 161 3층(운암동,모아미래도빌딩)",062-520-0134
2532,광주,북구,공사업,전문,대진이앤씨(주),정두호,61273,광주광역시 북구 하남대로 673 (동림동),062-513-9020
2533,광주,북구,공사업,전문,대한전력산업(주),정동순,61076,광주광역시 북구 양산제로137번길 48-9 (연제동),062-523-2370
2534,광주,북구,공사업,전문,주식회사 에스에이치종합방재,오석현,61227,광주광역시 북구 독립로 385-1 (중흥동),062-527-9119
2535,광주,북구,공사업,전문,(주)신일,김광수,61176,광주광역시 북구 중문로 83 2층(우산동),062-268-8091
2536,광주,북구,공사업,전문,(주)한미전력,기기주,61007,광주광역시 북구 추암로 183 (월출동),062-972-2341
2537,광주,북구,공사업,전문,(주)금호소방,이재훈,61217,광주광역시 북구 서양로 63  (중흥동) ,062-521-7119
2538,광주,북구,공사업,전문,(주)중원,류재관,61151,광주광역시 북구 월동로 81-4 (각화동 181-11),062-261-2119
2539,광주,북구,공사업,전문,(주)신의소방,윤용준,61027,광주광역시 북구 양산택지소로 48  (본촌동) ,062-972-5911
2540,광주,북구,공사업,전문,태림엔지니어링(주),정철,61014,광주광역시 북구 빛고을대로 824 (지야동),062-371-7119
2541,광주,북구,공사업,전문,(주)청우개발,곽원찬,61122,광주광역시 북구 신촌로23번길 51  (오치동) ,062-262-9700
2542,광주,북구,공사업,전문,(자)현대소방시설공사,정병철,61248,광주광역시 북구 무등로114번길 32 (임동),062-524-0048
2543,광주,북구,공사업,전문,(주)프로텍,이용범,61003,광주광역시 북구 첨단벤처소로37번길 15 (월출동),062-972-0500
2544,광주,북구,공사업,전문,(주)대림개발,이응용,61185,광주광역시 북구 설죽로 172 (용봉동),062-511-2672
2545,광주,북구,공사업,전문,(주)거평전기,송성한,61149,광주광역시 북구 월동로 96 (각화동),062-267-1557
2546,광주,북구,공사업,전문,브이원건설(주),오윤환,61263,광주광역시 북구 하남대로807번길 9-5 (운암동),062-527-0680
2547,광주,북구,공사업,전문,(주)21세기엔지니어링,김영식,61162,"광주광역시 북구 군왕로 46 (두암동,기산로얄타운3층)",062-528-0021
2548,광주,북구,공사업,전문,(주)남경종합방재,김한태,61248,광주광역시 북구 신임로31번길 79 (임동),062-716-1119
2549,광주,북구,공사업,전문,도원전력(주),이수영,61231,광주광역시 북구 자산로 53 (신안동),062-945-2840
2550,광주,북구,공사업,전문,주식회사 용성이엔지,"천대권,김형준",61179,"광주광역시 북구 우치로 177-1 , 대신파크 상가3층(용봉동,대신아파트제상가동)",062-511-3636
2551,광주,북구,공사업,전문,(주)중앙소방,이현근,61263,광주광역시 북구 하남대로 769  (운암동) ,062-522-3119
2552,광주,북구,공사업,전문,(주)대림전기엔지니어링,김근영,61163,광주광역시 북구 군왕로46번길 64-2 (두암동),062-526-3154
2553,광주,북구,공사업,전문,(주)광진,김영숙,61081,광주광역시 북구 양산제로 42-6 (연제동),062-511-8265
2554,광주,북구,공사업,전문,(주)전원기업,이쌍배,61272,"광주광역시 북구 하남대로 605 ,2층 202호(동림동)",062-382-8204
2555,광주,북구,공사업,전문,(주)우명이엔지,이군연,61049,광주광역시 북구 송해로39번길 10-8 (삼각동),062-432-3845
2556,광주,북구,공사업,전문,(주)송학건설,김영근,61016,광주광역시 북구 하서로523번길 109 (용두동),062-710-2000
2557,광주,북구,공사업,전문,(주)경일,조명래,61071,"광주광역시 북구 하서로 396 601호(양산동,경일빌딩)",062-526-6259
2558,광주,북구,공사업,전문,(주)필소방,고필문,61011,"광주광역시 북구 첨단과기로208번길 43-22 , 비동 12층 1206호(오룡동,와이어스파크 지식산업센터)",062-974-0823
2559,광주,북구,공사업,전문,주식회사 주은테크,신영균,61263,광주광역시 북구 천변우하로 587 (운암동),062-514-1195
2560,광주,북구,공사업,전문,근영산업개발 주식회사,김경숙,61130,"광주광역시 북구 서하로 278 , 2층(오치동)",062-575-2656
2561,광주,북구,공사업,전문,주식회사 더나은건설,노형석,61087,광주광역시 북구 첨단연신로91번길 44 302호(신용동),062-974-1217
2562,광주,북구,공사업,전문,주식회사 원스틸산업개발,이원철,61020,광주광역시 북구 하서로466번길 8 1층(용두동),062-572-5510
2563,광주,북구,공사업,전문,유한회사 대산설비,김완근,61057,광주광역시 북구 설죽로471번길 59 (삼각동),062-574-2655
2564,광주,북구,공사업,전문,주식회사 한빛방재,고광진,61131,광주광역시 북구 천지인로 85-3 (오치동),062-413-9030
2565,광주,북구,공사업,전문,주식회사 세정이엔지,박하채,61088,"광주광역시 북구 첨단연신로 284 , 더센텀하이테크 1310호(연제동)",062-674-8363
2566,광주,북구,공사업,전문,주식회사 고려설비,김태홍,61248,"광주광역시 북구 서림로81번길 9 , 2층(임동)",062-526-8204
2567,광주,북구,공사업,전문,주식회사 대명산업이엔지,"하정권,변순순",61263,"광주광역시 북구 하남대로 826 , 1층(운암동)",062-523-5119
2568,광주,북구,공사업,전문,주식회사 신승에프앤티,박남준,61109,"광주광역시 북구 용봉택지로 73 ,4층(용봉동)",062-573-4631
2569,광주,북구,공사업,전문,한걸음 주식회사,신영태,61206,광주광역시 북구 필문대로11번길 7 (풍향동),062-512-5383
2570,광주,북구,공사업,전문,주식회사 이화이앤씨,김민욱,61222,광주광역시 북구 서암대로76번길 6 (신안동),062-451-8119
2571,광주,북구,공사업,전문,(주)동남전력,손순진,61231,광주광역시 북구 자산로 35-10 (신안동),062-528-8119
2572,광주,북구,공사업,전문,태윤엔지니어링 주식회사,윤선채,61089,"광주광역시 북구 첨단연신로 45 ,비-301호(연제동, 첨단리채비즈타워)",062-682-0843
2573,광주,북구,공사업,전문,주식회사 주연개발,이명기,61155,광주광역시 북구 군왕로142번길 31 (두암동),062-267-9100
2574,광주,북구,공사업,전문,주식회사 지승전력,박팔만,61122,광주광역시 북구 신촌로13번길 5-2 (오치동),062-956-0454
2575,광주,북구,공사업,전문,주식회사 대원엔지니어링,김현정,61011,"광주광역시 북구 첨단과기로208번길 43-10 ,비동 916호(오룡동,첨단아이비씨지식산업센터)",062-956-5687
2576,광주,북구,공사업,전문,주식회사 태성이앤지,최은희,61221,광주광역시 북구 서암대로30번길 9-8 (운암동),062-511-3625
2577,광주,북구,공사업,전문,디에스종합건설 주식회사,"임홍남,김재원",61085,"광주광역시 북구 첨단연신로108번길 4 ,5층(신용동)",062-365-2106
2578,광주,북구,공사업,전문,대한방재 주식회사,이광재,61011,"광주광역시 북구 첨단과기로208번길 43-22 ,비동 1806호(오룡동)",062-383-1190
2579,광주,북구,공사업,전문,주식회사 덕천엔지니어링,이상문,61020,"광주광역시 북구 본촌택지로 3 ,1층(용두동)",062-973-7985
2580,광주,북구,공사업,전문,거성산업 주식회사,오윤택,61109,"광주광역시 북구 저불로69번길 13 , 3층(용봉동)",062-528-8158
2581,광주,북구,공사업,전문,주식회사 태송전력,유상린,61233,광주광역시 북구 무등로27번길 24 (운암동),062-523-2104
2582,광주,북구,공사업,전문,주식회사 정안산업개발,최장영,61240,"광주광역시 북구 금재로36번길 41 ,101호(북동)",062-373-3800
2583,광주,북구,공사업,전문,주식회사 경은,이경미,61220,광주광역시 북구 용봉로 50 (신안동),062-529-5448
2584,광주,북구,공사업,전문,엔에스전기 주식회사,김나랑,61011,"광주광역시 북구 첨단과기로208번길 43-22 ,비동 1602-에이호(오룡동)",062-975-0337
2585,광주,북구,공사업,전문,주식회사 엘에이치엔지니어링,이현,61072,광주광역시 북구 연양로105번길 40-2 (양산동),062-575-3471
2586,광주,북구,공사업,전문,주식회사 승호전력,유현진,61258,"광주광역시 북구 서강로 24 ,101동 202호(운암동)",062-974-9654
2587,광주,북구,공사업,전문,휴테크엘이디 유한회사,"서용래,서수형",61008,"광주광역시 북구 첨단과기로 333 ,시험생산동 201,210호(대촌동,광주테크노파크)",062-972-8751
2588,광주,북구,공사업,전문,주식회사 리채,최영,61089,"광주광역시 북구 첨단연신로 45 , 제에이-902호, 903호(연제동)",062-418-2104
2589,광주,북구,공사업,전문,주식회사 남도산업,최지숙,61088,광주광역시 북구 첨단연신로288번길 63 (연제동),062-571-4955
2590,광주,북구,공사업,전문,중흥토건(주),이경호,61251,광주광역시 북구 무등로 204 (신안동),062-510-2263
2591,광주,북구,공사업,전문,주식회사 더플러스,이재혁,61263,"광주광역시 북구 하남대로 808 ,3층(운암동)",062-521-7119
2592,광주,북구,공사업,전문,주식회사 현성산업개발,김진영,61089,"광주광역시 북구 첨단연신로 45 ,제에이-804호(연제동)",062-418-2104
2593,광주,북구,공사업,전문,주식회사 광남테크,안현숙,61243,광주광역시 북구 서림로 132 1층(임동),062-381-9777
2594,광주,북구,공사업,전문,주식회사 선강,강선,61053,"광주광역시 북구 우치로 275-1 ,2층(오치동)",062-419-9277
2595,광주,북구,공사업,전문,국제건설 주식회사,김명기,61177,광주광역시 북구 문화소통로 52 (용봉동),062-523-0004
2596,광주,북구,공사업,전문,한스텍이엔에스 주식회사,김재림,61011,"광주광역시 북구 첨단과기로208번길 17-27 , 제엘로우동비동 2호(오룡동, 애플지식센터)",062-384-5755
2597,광주,북구,공사업,전문,세림이엔씨 주식회사,김영란,61123,"광주광역시 북구 서하로 293 ,2층(오치동)",062-514-6800
2598,광주,북구,공사업,전문,유한회사 윤성일렉,최귀석,61233,"광주광역시 북구 무등로 37 ,2층(운암동)",062-351-9602
2599,광주,북구,공사업,전문,세아이앤지 주식회사,박세호,61049,광주광역시 북구 양일로344번길 51 (삼각동),062-526-9809
2600,광주,북구,공사업,전문,주식회사 솔빛이엔지,조삼인,61163,광주광역시 북구 군왕로46번길 64-2 (두암동),070-8801-0405
2601,광주,북구,공사업,전문,주식회사 케이알이앤지,조경록,61011,"광주광역시 북구 첨단과기로208번길 17-13 ,602호(오룡동)",062-716-7161
2602,광주,북구,공사업,전문,남해소방 주식회사,박지수,61011,"광주광역시 북구 첨단과기로208번길 43-22 , 비동1206호(오룡동, 와이어스파크)",062-954-2119
2603,광주,북구,공사업,전문,주식회사 신우전력,박란앵,61035,광주광역시 북구 일곡로49번길 86-4 (일곡동),062-575-6476
2604,광주,북구,공사업,전문,주식회사 도원소방,김상일,61263,"광주광역시 북구 하남대로832번길 9 ,1층(운암동)",062-716-1198
2605,광주,북구,공사업,전문,주식회사 드림소방,이준희,61249,"광주광역시 북구 자동차로47번길 40-2 ,103호(임동)",062-369-0919
2606,광주,북구,공사업,전문,주식회사 첨단소방,나필주,61089,"광주광역시 북구 첨단연신로 45 , 에이-816호(연제동, 첨단리채비즈타워지식산업센터)",062-972-1193
2607,광주,북구,공사업,전문,주식회사 지엔디,장경정,61218,"광주광역시 북구 우치로 3 ,1층(중흥동)",062-514-0868
2608,광주,북구,공사업,전문,주식회사 더파란,양인성,61020,"광주광역시 북구 하서로466번길 28 , 101호(용두동)",062-954-0481
2609,광주,북구,공사업,전문,주식회사 아이엔지,김지성,61089,"광주광역시 북구 첨단연신로 45 ,에이-1204호(연제동, 첨단리채비즈타워 지식산업센터)",062-383-8019
2610,광주,북구,공사업,전문,주식회사 주성파워텍,강성률,61177,"광주광역시 북구 문화소통로 58 ,나동 1층(용봉동)",062-575-7204
2611,광주,북구,공사업,전문,미래로산업개발 주식회사,정종범,61117,광주광역시 북구 북문대로8번길 28 (운암동),062-384-2122
2612,광주,북구,공사업,전문,주식회사 아이엠개발,임수봉,61088,"광주광역시 북구 첨단연신로 284 , 산업시설동1604호(연제동)",062-521-8800
2613,광주,북구,공사업,전문,주식회사 은하이앤씨,이상호,61091,"광주광역시 북구 하서로241번길 3 , 상가동 201호(양산동,금광아파트)",062-971-2402
2614,광주,서구,공사업,전문,상경종합건설(주),백범인,62060,"광주광역시 서구 풍암순환로188번길 37-1 , 3층(풍암동)",062-654-8254
2615,광주,서구,공사업,전문,효진 주식회사,"김인중,나혁주",61900,광주광역시 서구 유덕로 134 (덕흥동),062-373-8077
2616,광주,서구,공사업,전문,(주)상상이엔티,최재영,61961,광주광역시 서구 마륵로 120 (치평동),062-382-4100
2617,광주,서구,공사업,전문,(주)대광건영,김남중,61955,광주광역시 서구 상무누리로 57-3 (마륵동),062-362-8430
2618,광주,서구,공사업,전문,에스아이이엔지 주식회사,박광호,61955,광주광역시 서구 상무자유로 12-3 (치평동),062-371-3182
2619,광주,서구,공사업,전문,(주)삼성소방전기,김태정,62023,광주광역시 서구 운천로114번길 7-21 (쌍촌동),062-672-2119
2620,광주,서구,공사업,전문,(주)두성,정종복,61947,"광주광역시 서구 시청로 97  303호(치평동,중흥S클래스 스카이31) ",062-366-2646
2621,광주,서구,공사업,전문,광일테크(주),김희식,62043,광주광역시 서구 금화로 283 (화정동) 6층,062-364-0400
2622,광주,서구,공사업,전문,(주)공능이엔지,조태호,61901,광주광역시 서구 유덕로 13-2 (유촌동),062-352-2119
2623,광주,서구,공사업,전문,(주)영흥전력,윤치성,62050,광주광역시 서구 풍암신흥안길 7-6 (풍암동),062-367-7707
2624,광주,서구,공사업,전문,(주)진흥이엔지,이창운,61900,광주광역시 서구 덕흥3길 1 (덕흥동),062-955-4766
2625,광주,서구,공사업,전문,(주)건국소방공사,김형성,62074,"광주광역시 서구 매월2로 53  17동 228호(산업용재유통센터,매월동)",062-603-1570
2626,광주,서구,공사업,전문,해성산업개발(주),"이연풍,이대민",61993,광주광역시 서구 상무대로 944 (쌍촌동),062-374-6311
2627,광주,서구,공사업,전문,(주)부국전력통신공사,김기수,61925,"광주광역시 서구 천변좌로 268 (양동, 케이디비 생명빌딩 25층)",062-364-2754
2628,광주,서구,공사업,전문,(주)대양엔지니어링,문상배,62074,"광주광역시 서구 매월2로 53 B6동 122호,222호,223호(매월동)",062-603-1911
2629,광주,서구,공사업,전문,(유)서부건설,심상배,62074,광주광역시 서구 매월2로 53 8동 114호,062-384-1247
2630,광주,서구,공사업,전문,유진방재(주),이정남,61900,광주광역시 서구 덕흥1길 74 (덕흥동),062-371-2119
2631,광주,서구,공사업,전문,(주)영진방재,이영진,62074,광주광역시 서구 매월2로 53 (매월동)11동 233호,062-603-3158
2632,광주,서구,공사업,전문,주식회사 대연이에프씨,송용주,61948,"광주광역시 서구 운천로 247 , 205호(치평동, 스타타워)",062-374-5800
2633,광주,서구,공사업,전문,명진방재산업(주),김선수,61905,광주광역시 서구 유림로51번길 5 (쌍촌동),062-371-1118
2634,광주,서구,공사업,전문,(주)성한,박순종,62050,광주광역시 서구 풍암신흥안길 11  (풍암동) ,062-655-9985
2635,광주,서구,공사업,전문,세기방재(주),"김명길,정찬명",62074,"광주광역시 서구 매월2로 53 ,9동 119호(매월동,광주산업용재유통센터)",062-513-9019
2636,광주,서구,공사업,전문,(주)서준,윤영환,61901,광주광역시 서구 무진대로 605 (유촌동),062-374-2226
2637,광주,서구,공사업,전문,(주)하나전력,정현태,62009,광주광역시 서구 마륵벽진길 124 (금호동),062-384-3314
2638,광주,서구,공사업,전문,혜림건설(주),최석준,61946,"광주광역시 서구 운천로 273 ,5층(치평동, 모아엘가비지니스센터)",062-606-1013
2639,광주,서구,공사업,전문,(합)대선소방설비산업,박대환,61901,광주광역시 서구 유덕로6번길 34 (유촌동),062-381-7119
2640,광주,서구,공사업,전문,주식회사 신아산업개발,조해선,62011,광주광역시 서구 화개중앙로 97 (매월동),062-655-1740
2641,광주,서구,공사업,전문,(주)진명전력,박영애,61931,광주광역시 서구 화정로294번길 3  (농성동) ,062-368-4200
2642,광주,서구,공사업,전문,신안방재이엔지(주),양순상,61901,광주광역시 서구 유덕로51번길 15 (유촌동),062-385-0041
2643,광주,서구,공사업,전문,(자)서전사,"백남길,정기채",62073,"광주광역시 서구 매월2로15번길 16 ,105동 211호(매월동,매월종합상가)",062-610-5640
2644,광주,서구,공사업,전문,(주)범일소방,문성애,62011,광주광역시 서구 화개1로1번길 10-15 (금호동),062-529-8114
2645,광주,서구,공사업,전문,(주)이에이테크놀로지,전영길,62051,"광주광역시 서구 풍암신흥로61번길 7 ,301호(풍암동,이에이빌딩)",062-654-3018
2646,광주,서구,공사업,전문,세진건설(주),전상철,62054,"광주광역시 서구 풍암신흥로50번길 55 (풍암동,국민빌딩 1층)",062-362-7010
2647,광주,서구,공사업,전문,(주)윤호전기,윤호,61900,광주광역시 서구 유덕둑길 252 (덕흥동),062-375-5859
2648,광주,서구,공사업,전문,(주)고운소방,정창욱,62074,"광주광역시 서구 매월2로 53 , 12동 106,107호(매월동,광주산업용재유통센터)",062-603-1196
2649,광주,서구,공사업,전문,주식회사 다원이엔씨,장기만,62074,"광주광역시 서구 매월2로 53 , 21동 226,227호,126호(매월동, 광주산업용재유통센터)",062-603-0866
2650,광주,서구,공사업,전문,주식회사 성지소방,박성신,62023,광주광역시 서구 운천로100번길 11 (쌍촌동),062-372-3645
2651,광주,서구,공사업,전문,주식회사 하나이엔지전력,정인태,62009,광주광역시 서구 마륵벽진길 124 (금호동),062-384-3314
2652,광주,서구,공사업,전문,(주)금강이엔지,강유구,61965,"광주광역시 서구 운천로204번길 10 ,3층(쌍촌동,금호빌딩)",062-454-0119
2653,광주,서구,공사업,전문,보광종합건설 주식회사,신만호,61978,광주광역시 서구 상무대로 1101 (화정동),062-653-2668
2654,광주,서구,공사업,전문,주식회사한국소방,나창균,62038,광주광역시 서구 염화로 129 (화정동),062-372-9119
2655,광주,서구,공사업,전문,주식회사 지호,김미라,62060,"광주광역시 서구 풍암순환로188번길 7-1 ,2층(풍암동)",062-453-5500
2656,광주,서구,공사업,전문,녹천산업개발 주식회사,강상욱,61949,"광주광역시 서구 상무중앙로78번길 5-6 , 9층 312호(치평동)",062-526-5267
2657,광주,서구,공사업,전문,주식회사 승탑건설산업,송선화,61991,"광주광역시 서구 화정로39번길 26 (쌍촌동, 드림)",062-941-2885
2658,광주,서구,공사업,전문,주식회사 힘찬토건,임은빈,62054,광주광역시 서구 풍암신흥로62번길 3-38 (풍암동),062-655-7120
2659,광주,서구,공사업,전문,주식회사 진흥전력,박정숙,61900,광주광역시 서구 덕흥3길 1 (덕흥동),062-955-4766
2660,광주,서구,공사업,전문,주식회사 유탑건설,"손동철,정성욱",61946,"광주광역시 서구 시청로 92 2층 201호(치평동, 유탑유블레스트윈시티)",062-526-8383
2661,광주,서구,공사업,전문,주식회사 인성이엔지,전시홍,62073,"광주광역시 서구 매월2로15번길 16 , 106동 110호(매월동,자동차부품유통상가)",062-610-5417
2662,광주,서구,공사업,전문,유한회사 성암이앤씨,고을상,61977,"광주광역시 서구 상무대로1081번길 34 ,6층(화정동)",
2663,광주,서구,공사업,전문,주식회사 대신소방,김종구,61900,광주광역시 서구 덕흥1길 39-15 (덕흥동),062-974-4705
2664,광주,서구,공사업,전문,대원산업 주식회사,윤준영,62074,"광주광역시 서구 매월2로 53 ,13동 222호(매월동, 광주산업용재유통센터)",062-610-5114
2665,광주,서구,공사업,전문,주식회사 지티엔지,고효남,62074,"광주광역시 서구 매월2로 53 3동 206호(매월동, 광주산업용재유통센터)",062-512-5200
2666,광주,서구,공사업,전문,주식회사 한텔,이원구,62073,"광주광역시 서구 매월2로15번길 16 103동216호(매월동,매월종합상가)",062-610-5133
2667,광주,서구,공사업,전문,주식회사 호람이엔지,김석창,61900,광주광역시 서구 덕흥1길 92-3 (덕흥동),062-376-0482
2668,광주,서구,공사업,전문,주식회사 다울산업개발,김인성,61927,"광주광역시 서구 대남대로 452 5층(농성동, 한림빌딩)",062-716-4700
2669,광주,서구,공사업,전문,주식회사 아름,신종호,61955,광주광역시 서구 원마륵1길 26 (마륵동),062-375-1359
2670,광주,서구,공사업,전문,목송이앤지 주식회사,이명식,61900,광주광역시 서구 무진대로 565 (덕흥동),062-383-1486
2671,광주,서구,공사업,전문,주식회사 원강이엔씨,김운규,61994,"광주광역시 서구 쌍학로 3 , 3층(쌍촌동)",070-4090-5857
2672,광주,서구,공사업,전문,주식회사 호성테크,박종주,61940,"광주광역시 서구 상무민주로 95 ,2층(쌍촌동)",062-714-1415
2673,광주,서구,공사업,전문,주식회사 정우산업개발,구본철,61900,광주광역시 서구 하남대로 486 (동천동),062-515-6100
2674,광주,서구,공사업,전문,주식회사 진흥소방,이재옥,61900,광주광역시 서구 덕흥1길 39-7 (덕흥동),062-351-0119
2675,광주,서구,공사업,전문,주식회사 충일 이.엔.지,김종철,62074,"광주광역시 서구 매월2로 53 ,13동 221호(매월동)",062-603-3040
2676,광주,서구,공사업,전문,주식회사 이에이홀딩스,민경환,62051,"광주광역시 서구 풍암신흥로61번길 7 , 101호(풍암동, 이에이빌딩)",062-654-1018
2677,광주,서구,공사업,전문,윤성개발 주식회사,윤영채,62073,"광주광역시 서구 매월2로15번길 16 ,102동 214호(매월동, 트윈스타운)",062-603-0704
2678,광주,서구,공사업,전문,주식회사 성한이엔지,한세웅,62050,광주광역시 서구 풍암신흥안길 11 (풍암동),062-654-9987
2679,광주,서구,공사업,전문,제이원통상 주식회사,박병준,61965,광주광역시 서구 상무민주로 11 (쌍촌동),062-373-0023
2680,광주,서구,공사업,전문,주식회사 나래이엔씨,"오성일,정은하",61955,광주광역시 서구 상무대로673번길 8 (마륵동),062-521-8228
2681,광주,서구,공사업,전문,주식회사 유민전력산업,이영필,62074,"광주광역시 서구 매월2로 53 , 13동110호(매월동, 산업용재유통센터)",062-610-5779
2682,광주,서구,공사업,전문,주식회사 조광엔지니어링,여명록,61901,광주광역시 서구 유덕로6번길 38 (유촌동),062-511-6182
2683,광주,서구,공사업,전문,송호건설 주식회사,김동희,62074,"광주광역시 서구 매월2로 53 ,15동 217호(매월동,광주산업용재유통센터)",062-603-0190
2684,광주,서구,공사업,전문,주식회사 해운소방방재,김애임,62010,광주광역시 서구 벽진학두길 22 (벽진동),062-673-2443
2685,대전,대덕구,공사업,전문,(자)새한소방설비사,이승재,34445,대전광역시 대덕구 대전로1019번길 28-10 (오정동),042-627-5790
2686,대전,대덕구,공사업,전문,(자)삼성소방설비공사,이낙삼,34436,대전광역시 대덕구 대전로1158번길 15 (오정동),042-672-0765
2687,대전,대덕구,공사업,전문,대형이엔씨(주),김성욱,34360,대전광역시 대덕구 아리랑로157번길 18 (읍내동),042-628-7460
2688,대전,대덕구,공사업,전문,동방시스템(주),함근성,34368,"대전광역시 대덕구 대화로 160 ,11동 226호(대화동,산업용재유통단지)",042-670-4091
2689,대전,대덕구,공사업,전문,(주)구룡전기,박실용,34329,대전광역시 대덕구 덕암북로70번길 72 (덕암동),042-931-7003
2690,대전,대덕구,공사업,전문,(주)천기소방설비사,김인국,34420,대전광역시 대덕구 송촌로 94-14 (송촌동),042-223-1999
2691,대전,대덕구,공사업,전문,이니스방재(주),정상우,34336,대전광역시 대덕구 남경마을로33번길 35 (신탄진동),042-638-8107
2692,대전,대덕구,공사업,전문,금호소방(주),이재동,34368,"대전광역시 대덕구 대화로 160 ,대전산업용재 유통상가 공구상가 6동 206호~207호(대화동)",042-637-2003
2693,대전,대덕구,공사업,전문,주식회사 대명기전,윤홍식,34363,"대전광역시 대덕구 대전로1331번길 40 ,312호(읍내동, 플랫폼시티)",042-635-1357
2694,대전,대덕구,공사업,전문,(주)재신전력,고준교,34440,대전광역시 대덕구 오정로89번길 23 (오정동),042-636-6625
2695,대전,대덕구,공사업,전문,(주)세종이엔지,박관순,34374,대전광역시 대덕구 대화1길 32 (대화동),042-637-4681
2696,대전,대덕구,공사업,전문,주식회사 대양이엔씨,박찬현,34359,대전광역시 대덕구 아리랑로125번길 11 (읍내동),042-628-8301
2697,대전,대덕구,공사업,전문,(주)준마,김상진,34320,"대전광역시 대덕구 석봉로18번길 31 (제1호,석봉동)",042-934-9400
2698,대전,대덕구,공사업,전문,(주)우진이엔씨,오은숙,34408,대전광역시 대덕구 송촌북로20번길 7-7 (송촌동),042-632-0223
2699,대전,대덕구,공사업,전문,일일구소방설비(주),김영재,34374,대전광역시 대덕구 늘봄1길 36 (대화동),042-628-1192
2700,대전,대덕구,공사업,전문,대창설비(주),"임영순,김영준",34404,"대전광역시 대덕구 선비마을로5번길 27 , 5층(송촌동)",042-622-6092
2701,대전,대덕구,공사업,전문,태백전업(주),곽태영,34391,대전광역시 대덕구 중리로31번길 17-4 (중리동),042-635-0208
2702,대전,대덕구,공사업,전문,에이비씨소방공사 주식회사,김재명,34368,"대전광역시 대덕구 대화로 160 (대화동, 산업용재유통상가 14-123,124) ",042-670-6114
2703,대전,대덕구,공사업,전문,은진기업(주),노수문,34439,대전광역시 대덕구 오정로52번길 24 (오정동),042-531-8844
2704,대전,대덕구,공사업,전문,안성전기 주식회사,박희자,34417,대전광역시 대덕구 비래동로23번길 21  (비래동) ,042-632-1772
2705,대전,대덕구,공사업,전문,(주)대륙기업,김종욱,34360,"대전광역시 대덕구 대전로1392번길 28 ,1층(읍내동)",042-637-4927
2706,대전,대덕구,공사업,전문,대남이엔지 주식회사,길현상,34355,대전광역시 대덕구 아리랑로197번길 52 (읍내동),
2707,대전,대덕구,공사업,전문,합자회사 건우전력,박병순,34333,대전광역시 대덕구 덕암로125번길 30-1 (덕암동),042-254-7600
2708,대전,대덕구,공사업,전문,주식회사 로얄엔지니어링,오상수,34442,"대전광역시 대덕구 한남로138번길 45 (오정동,2층)",042-626-5119
2709,대전,대덕구,공사업,전문,비손ENG,이경숙,34439,"대전광역시 대덕구 대전로 1117 (201호, 오정동)",042-531-8721
2710,대전,대덕구,공사업,전문,신성전력주식회사,김동욱,34441,대전광역시 대덕구 오정로51번길 53 (오정동),042-634-4413
2711,대전,대덕구,공사업,전문,(주)우진엔지니어링,정갑진,34329,대전광역시 대덕구 덕암북로4번길 57 (덕암동),042-625-3200
2712,대전,대덕구,공사업,전문,(주)한국소방공사,이석동,34415,대전광역시 대덕구 우암로412번길 23 (비래동),042-632-1190
2713,대전,대덕구,공사업,전문,(주)하나소방이엔지,박세용,34435,"대전광역시 대덕구 옛신탄진로 121 ,202호(오정동)",042-624-1192
2714,대전,대덕구,공사업,전문,주식회사 대양종합건설,장순애,34359,"대전광역시 대덕구 아리랑로125번길 11 ,1층(읍내동)",070-8828-7757
2715,대전,대덕구,공사업,전문,신화기전(주),김성찬,34346,대전광역시 대덕구 신탄진로254번길 31 (와동),042-626-5268
2716,대전,대덕구,공사업,전문,(주)정진기업,안홍권,34387,대전광역시 대덕구 중리서로41번길 27 비동 102호(중리동),042-824-8486
2717,대전,대덕구,공사업,전문,주식회사 청명소방,전병수,34434,"대전광역시 대덕구 대전로 1083 ,2층(오정동)",042-624-1199
2718,대전,대덕구,공사업,전문,주식회사 바이텍,김두환,34438,대전광역시 대덕구 오정로78번길 27 (오정동),042-825-5119
2719,대전,대덕구,공사업,전문,주식회사 네이처테크,이정우,34366,"대전광역시 대덕구 대화로 120 지하1층 에프비117호(대화동, 가온비즈타워 지식산업센터)",042-623-9083
2720,대전,대덕구,공사업,전문,한솔엔지니어링,박용우,34423,대전광역시 대덕구 송촌로79번길 33 (송촌동),042-633-0553
2721,대전,대덕구,공사업,전문,상원엔지니어링 주식회사,"육정선,정정순",34339,대전광역시 대덕구 평촌4길 22 (평촌동),042-638-4623
2722,대전,대덕구,공사업,전문,주식회사 흥국기업,고흥선,34445,대전광역시 대덕구 대전로1033번길 35 (오정동),042-633-3484
2723,대전,대덕구,공사업,전문,주식회사 해진,유소연,34441,"대전광역시 대덕구 한남로150번길 126 , 1층(오정동)",042-622-6119
2724,대전,대덕구,공사업,전문,우리이엔씨 주식회사,김미화,34441,"대전광역시 대덕구 오정로63번길 28-18 , 1층(오정동)",042-625-9686
2725,대전,대덕구,공사업,전문,주식회사 건우이엔지,나건우,34417,"대전광역시 대덕구 우암로 487 , 4층(비래동)",042-622-8600
2726,대전,대덕구,공사업,전문,유한회사 포유,이강식,34439,"대전광역시 대덕구 오정로76번길 21 , 3층(오정동)",042-721-7501
2727,대전,대덕구,공사업,전문,동건전설 주식회사,김환,34331,대전광역시 대덕구 덕암로 260 (덕암동),042-935-3123
2728,대전,대덕구,공사업,전문,유원건설 주식회사,고광태,34435,"대전광역시 대덕구 대전로1032번길 13-23 , 2층(오정동)",042-716-6028
2729,대전,대덕구,공사업,전문,주식회사 위즈이엔지,박상준,34436,대전광역시 대덕구 옛신탄진로 204 (오정동),042-623-1951
2730,대전,대덕구,공사업,전문,주식회사 태오,원현숙,34333,대전광역시 대덕구 덕암로137번길 17 (덕암동),070-7759-4959
2731,대전,대덕구,공사업,전문,주식회사 천룡이엔지,김현우,34411,대전광역시 대덕구 계족산로5번길 6 (중리동) 1층,042-627-0154
2732,대전,대덕구,공사업,전문,주식회사 남선소방,신민우,34411,"대전광역시 대덕구 계족산로5번길 41 , 1층(중리동)",042-624-9118
2733,대전,대덕구,공사업,전문,주식회사 태종소방,김희종,34437,"대전광역시 대덕구 대전로1157번길 23 ,  1층 2호(오정동)",042-628-3119
2734,대전,대덕구,공사업,전문,주식회사 기산엔지니어링,임정규,34332,대전광역시 대덕구 덕암로168번길 17 (평촌동),042-624-7194
2735,대전,대덕구,공사업,전문,대한전기 주식회사,박종열,34329,대전광역시 대덕구 덕암로213번길 36 (덕암동),042-546-0482
2736,대전,대덕구,공사업,전문,한국전기이엔지 주식회사,홍정기,34395,대전광역시 대덕구 중리동로17번길 30 (중리동),042-627-4890
2737,대전,대덕구,공사업,전문,주식회사 텔콤,정광식,34366,"대전광역시 대덕구 대화로 120 , 709호,710호 (대화동, 가온비즈타워)",042-471-5830
2738,대전,대덕구,공사업,전문,주식회사 정호소방,최정호,34433,대전광역시 대덕구 대전로1076번길 33-8 (오정동),042-673-0119
2739,대전,동구,공사업,전문,(합)국일소방설비사,서병옥,34571,대전광역시 동구 태전로 123-1 (삼성동),042-631-0119
2740,대전,동구,공사업,일반(전기),합자회사 한양전기공사,우섬김,34617,대전광역시 동구 동광장로 15 .,042-627-4420
2741,대전,동구,공사업,전문,중현산업개발(주),김재길,34574,대전광역시 동구 가양로132번길 19 (가양동),042-627-5110
2742,대전,동구,공사업,전문,광명소방설비(주),이진원,34570,대전광역시 동구 태전로 138 (삼성동),042-635-3990
2743,대전,동구,공사업,전문,명일방재(주),이향규,34571,대전광역시 동구 태전로117번길 23 (삼성동),042-638-0119
2744,대전,동구,공사업,전문,굿모닝방재(주),이연우,34563,대전광역시 동구 현암로18번길 17 (삼성동),042-223-4119
2745,대전,동구,공사업,전문,(주)투데이,최인호,34573,"대전광역시 동구 동서대로 1708 , 8층(가양동, 명신빌딩)",031-794-9513
2746,대전,동구,공사업,전문,(합)제일소방전설공사,서현석,34571,대전광역시 동구 태전로 109 (삼성동),042-624-9688
2747,대전,동구,공사업,전문,(주)플래닝에프,이용,34540,대전광역시 동구 한밭대로 1305 (용전동),042-634-3119
2748,대전,동구,공사업,전문,(주)인광이엔씨,"황광연,황인석",34536,대전광역시 동구 흥룡로 54 (가양동),042-638-4130
2749,대전,동구,공사업,전문,주식회사 시원전기,안혜영,34501,대전광역시 동구 세천공원로 45 (세천동),042-624-8055
2750,대전,동구,공사업,전문,(주)가나소방방염공사,배영규,34565,대전광역시 동구 동서대로1493번길 69 (삼성동),042-525-5658
2751,대전,동구,공사업,전문,세중전력(주),김영학,34558,대전광역시 동구 동서대로1601번길 9 (홍도동),042-625-3880
2752,대전,동구,공사업,전문,보원전기 주식회사,박문주,34705,"대전광역시 동구 산내로1287번길 60-14 ,102호(낭월동)",070-4203-3143
2753,대전,동구,공사업,전문,합자회사 보광전기,박희근,34681,대전광역시 동구 신기로 157 (가오동),042-284-4638
2754,대전,동구,공사업,전문,대전전기(주),임재범,34692,"대전광역시 동구 은어송로 55 , 502호(가오동, 그린타워)",042-285-0950
2755,대전,동구,공사업,전문,중앙소방공사,이진각,34693,대전광역시 동구 대전로 455 (가오동),042-274-9119
2756,대전,동구,공사업,전문,주식회사 예종산업,김석주,34592,대전광역시 동구 계족로 313 (성남동),042-672-6227
2757,대전,동구,공사업,전문,(주)가람이엔지,원형섭,34648,"대전광역시 동구 동대전로110번길 4 , 3층(대동, 금송빌딩)",042-639-1198
2758,대전,동구,공사업,전문,(주)새미래이엔씨,조기환,34652,"대전광역시 동구 대학로 8-9 , 1층(용운동)",042-282-4460
2759,대전,동구,공사업,전문,주식회사 수안이엔지,김용도,34565,"대전광역시 동구 태전로157번길 58 , 2층(삼성동)",042-224-0252
2760,대전,동구,공사업,전문,(주)국제이엔씨,안용석,34623,"대전광역시 동구 대전로867번길 46 , 3층(삼성동)",042-483-6895
2761,대전,동구,공사업,전문,주식회사 신진이엔지,임병일,34559,"대전광역시 동구 옛신탄진로81번길 4 , 2층(홍도동)",042-622-2737
2762,대전,동구,공사업,전문,주식회사 갑천이엔지,허정현,34559,대전광역시 동구 옛신탄진로93번길 9 (홍도동),070-4741-2454
2763,대전,동구,공사업,전문,주식회사 문이엔지,김영미,34586,"대전광역시 동구 매봉로 21-1 , 2층(가양동)",042-639-6119
2764,대전,동구,공사업,전문,주식회사 케이엘공사,이귀숙,34526,"대전광역시 동구 대학로50번길 56 , 402호(용운동)",042-345-5395
2765,대전,동구,공사업,전문,주식회사 라미드,이명,34627,"대전광역시 동구 중앙로 193 , 3층(중동)",042-222-9555
2766,대전,동구,공사업,전문,민테크,이태민,34658,"대전광역시 동구 용운로 16 , 2층 202호(대동)",042-273-5048
2767,대전,동구,공사업,전문,주식회사 삼인테크,김진홍,34679,"대전광역시 동구 신기로101번길 5-8 , 2층 (가오동)",042-284-7776
2768,대전,동구,공사업,전문,주식회사 현엔지니어링,양정규,34563,"대전광역시 동구 현암로10번길 12 , 2층(삼성동)",042-625-7553
2769,대전,서구,공사업,전문,신영전기(주),구명주,35272,"대전광역시 서구 대덕대로 135 , 4층(갈마동)",042-528-9775
2770,대전,서구,공사업,전문,(자)신화방재,이성호,35338,대전광역시 서구 조달청길 20 (도마동),042-534-5345
2771,대전,서구,공사업,전문,동원엔지니어링(주),주재득,35293,대전광역시 서구 갈마로 231 (괴정동),042-531-8845
2772,대전,서구,공사업,전문,(주)금성백조주택,김영환,35263,대전광역시 서구 계룡로583번길 9 (탄방동),042-630-9595
2773,대전,서구,공사업,전문,(주)세계소방설비,이창현,35293,대전광역시 서구 갈마로211번길 6 (괴정동),042-532-9119
2774,대전,서구,공사업,전문,(주)방주소방,김상은,35342,"대전광역시 서구 배재로233번길 70 ,102호(변동)",042-256-8119
2775,대전,서구,공사업,전문,화성전기(주),한정화,35316,대전광역시 서구 변동로 104 (변동),042-544-2782
2776,대전,서구,공사업,전문,서광전기통신공사(주),임희일,35426,대전광역시 서구 사진개길 19-29 (흑석동),042-522-1834
2777,대전,서구,공사업,전문,(주)대건엔지니어링,강은차,35319,"대전광역시 서구 변동중로 79 , 2층 (변동)",042-524-0026
2778,대전,서구,공사업,전문,(주)창승전력,허창구,35342,대전광역시 서구 배재로233번길 83 (변동),042-525-0119
2779,대전,서구,공사업,일반(전기),(주)오티에스,송무상,35414,"대전광역시 서구 복수동로87번길 13-6  (복수동,OTS빌딩)",042-586-1451
2780,대전,서구,공사업,전문,주식회사 건일엔지니어링,길상원,35263,"대전광역시 서구 계룡로583번길 49 203호(탄방동, 젠트리움)",042-522-3760
2781,대전,서구,공사업,전문,(주)이지아이,송금미,35213,"대전광역시 서구 월평북로 95 ,706호 (월평동,둔산만년오피스텔)",042-522-5119
2782,대전,서구,공사업,전문,유아건설(주),"이상욱,김중천",35213,"대전광역시 서구 월평북로 95 ,11층 1105호(월평동,둔산만년오피스텔)",042-472-1361
2783,대전,서구,공사업,전문,(주)일신소방이엔지,송주건,35273,대전광역시 서구 대덕대로 117 (갈마동),042-524-3119
2784,대전,서구,공사업,전문,(주)천연소방,이재천,35225,대전광역시 서구 월평중로3번길 48 (월평동),042-488-4104
2785,대전,서구,공사업,전문,계룡건설산업(주),"윤길호,오태식",35262,대전광역시 서구 문정로48번길 48 (탄방동),070-4470-7980
2786,대전,서구,공사업,전문,(주)해인물산,민병집,35322,"대전광역시 서구 도산로 185 , 5층(변동)",042-533-6586
2787,대전,서구,공사업,전문,(주)신일이엔씨,"김영술,윤석진",35279,"대전광역시 서구 월드컵대로484번길 148-24 ,3층(월평동)",042-487-3170
2788,대전,서구,공사업,전문,상왕기업(주),임정호,35309,대전광역시 서구 도솔로505번길 20  (용문동),042-531-6633
2789,대전,서구,공사업,전문,(주)우리방재,염종억,35327,"대전광역시 서구 동서대로1006번길 99 ,2층(변동)",042-534-9118
2790,대전,서구,공사업,전문,(주)삼전이엔지,김원명,35298,대전광역시 서구 괴정로 125 대림상가 203호 (괴정동),042-472-9815
2791,대전,서구,공사업,전문,(주)대일소방,한창훈,35221,대전광역시 서구 월평로27번길 12  (월평동),042-484-2119
2792,대전,서구,공사업,전문,(주)동반자건설,김엽,35274,대전광역시 서구 계룡로264번길 38-1 (월평동),042-537-1557
2793,대전,서구,공사업,전문,(주)삼인엔지니어링,김봉환,35303,"대전광역시 서구 용문로 89-39 (용문동, 해피투게더 102호)",042-222-7356
2794,대전,서구,공사업,전문,주식회사 일육전기통신공사,강희옥,35279,대전광역시 서구 월드컵대로484번길 187-29 (월평동),042-825-3119
2795,대전,서구,공사업,전문,(주)미래에스코,구본관,35203,"대전광역시 서구 둔산대로117번길 44 ,513호(만년동,엑스포오피스텔)",042-488-2553
2796,대전,서구,공사업,전문,다우건설(주),전문수,35222,"대전광역시 서구 한밭대로570번길 29-4 (월평동,갤러리빌8차 201호)", 042-385-0182
2797,대전,서구,공사업,전문,주식회사 엠아이텍,조형수,35370,"대전광역시 서구 구봉산북로7번길 57 ,2층 202호(관저동)",042-931-3106
2798,대전,서구,공사업,전문,(주)우송방재,장상욱,35279,"대전광역시 서구 계룡로232번길 174 (월평동,2층)",042-861-8660
2799,대전,서구,공사업,전문,백제소방 주식회사,"신기호,오인환",35392,"대전광역시 서구 정림서로 203-10 , 2층(정림동, 백제빌딩)",042-226-5119
2800,대전,서구,공사업,전문,(주)월드소방,윤준기,35290,"대전광역시 서구 괴정로8번길 21 ,101호(괴정동)",042-534-1119
2801,대전,서구,공사업,전문,파인건설(주),이관근,35241,대전광역시 서구 둔산남로105번길 27 (둔산동),042-486-2152
2802,대전,서구,공사업,전문,중앙소방,박세용,35318,"대전광역시 서구 동서대로 1116 ,2층(변동)",042-528-5119
2803,대전,서구,공사업,전문,주식회사 성화전력,김성필,35318,"대전광역시 서구 중반9길 23 ,202호(변동, 새한상가)",042-536-0695
2804,대전,서구,공사업,전문,(주)진영전기,이철희,35302,대전광역시 서구 용문로 98-9 (용문동),042-524-2452
2805,대전,서구,공사업,일반(전기),(주)서부전기,이순철,35385,"대전광역시 서구 가수원로65번길 26 , 101호(가수원동)",042-541-7159
2806,대전,서구,공사업,전문,주식회사 대경건설,이신자,35274,"대전광역시 서구 계룡로264번길 28-30 , 1층(월평동)",042-536-5631
2807,대전,서구,공사업,전문,(주)대신방재,백승면,35392,대전광역시 서구 정림서로 203-16 (정림동),042-584-2119
2808,대전,서구,공사업,전문,(주)수림방재,"김주희,김기동",35284,"대전광역시 서구 동서대로 957 ,3층(내동, 서전빌딩)",042-527-5119
2809,대전,서구,공사업,전문,제이케이전기 주식회사,김종규,35203,"대전광역시 서구 둔산대로117번길 44 ,504호(만년동,엑스포오피스텔)",042-471-3881
2810,대전,서구,공사업,전문,(주)케이티엠오에스남부,김성일,35291,"대전광역시 서구 괴정로 72 ,6층(괴정동, 케이티서대전지사)",042-483-8161
2811,대전,서구,공사업,전문,용성이엔지 주식회사,"김형준,천대권",35331,대전광역시 서구 도산로 100 (도마동),062-511-3636
2812,대전,서구,공사업,전문,주식회사 베스타이엔씨,이우각,35342,대전광역시 서구 변동서로12번길 41 (변동),042-369-0300
2813,대전,서구,공사업,전문,세진소방,유근호,35368,"대전광역시 서구 도안동로11번길 57 , 6층 601호(도안동)",042-543-8942
2814,대전,서구,공사업,전문,주식회사 드림방재,김완제,35321,대전광역시 서구 변동중로78번길 48 (변동),042-536-1194
2815,대전,서구,공사업,일반(전기),주식회사 존전기,전상열,35222,"대전광역시 서구 한밭대로570번길 33 , 2층 205호(월평동, 갤러리빌 9차)",042-584-3622
2816,대전,서구,공사업,전문,주식회사 성일소방산업,육성일,35361,"대전광역시 서구 봉우로56번길 15-18 , 101호(관저동)",042-623-0119
2817,대전,서구,공사업,전문,주식회사 이수엔지니어링,이선미,35303,"대전광역시 서구 용문로 89-39 , 101호(용문동)",042-527-2048
2818,대전,서구,공사업,전문,(주)보람방재,박병휘,35399,"대전광역시 서구 구봉로 455-5 , 301호(정림동, 드림빌)",042-823-3119
2819,대전,서구,공사업,전문,온정건설산업(주),조성덕,35390,대전광역시 서구 가수원로 35 (가수원동),042-633-6119
2820,대전,서구,공사업,전문,에스와이소방 주식회사,이주우,35316,대전광역시 서구 도마로 119 (변동),042-381-2557
2821,대전,서구,공사업,전문,신영이엔씨 주식회사,유승용,35377,"대전광역시 서구 구봉산북로16번길 4 , 3층(관저동)",042-721-5383
2822,대전,서구,공사업,전문,강동소방,강동훈,35272,"대전광역시 서구 대덕대로 141 , 2층 201호(갈마동, 수정빌딩)",042-352-1190
2823,대전,서구,공사업,전문,주식회사 태한건설,"임이철,김용주",35230,"대전광역시 서구 둔지로 11 , 7층 701호(둔산동, 트라이얼스타)",042-482-8634
2824,대전,서구,공사업,전문,다원종합건설 주식회사,"김현수,송준호",35235,"대전광역시 서구 문정로9번길 37 , 4층(둔산동, 다원빌딩)",042-482-9100
2825,대전,서구,공사업,전문,주식회사 선명산업,신정미,35305,대전광역시 서구 유등로 501 (용문동),042-536-6411
2826,대전,서구,공사업,전문,주식회사 정안이엔지,이준영,35213,"대전광역시 서구 청사서로 70 , 상가동 지하층 3호(월평동, 무궁화아파트)",042-489-6908
2827,대전,서구,공사업,전문,대현엔지니어링 주식회사,임찬수,35368,"대전광역시 서구 도안동로11번길 25 ,럭키프라자 302호(도안동)",042-471-1488
2828,대전,서구,공사업,전문,홍익방재 유한회사,김대성,35415,"대전광역시 서구 복수남로 18 , 301호(복수동)",042-581-0119
2829,대전,서구,공사업,전문,(주)이앤에프,이재혁,35213,"대전광역시 서구 월평북로 85 ,543호(월평동, 학산빌딩)",
2830,대전,서구,공사업,전문,지우엔지니어링,유현주,35277,"대전광역시 서구 신갈마로155번길 33 , 3층(갈마동)",042-322-9119
2831,대전,서구,공사업,전문,주식회사 화랑전기소방,최덕한,35279,대전광역시 서구 계룡로232번길 105 (월평동),042-527-5977
2832,대전,서구,공사업,전문,크로스건설 주식회사,박종배,35368,"대전광역시 서구 도안동로11번길 10 , 403호(도안동, 피엘씨빌딩)",042-716-5000
2833,대전,서구,공사업,전문,주식회사 우송이엔지,김정수,35279,"대전광역시 서구 계룡로232번길 174 , 1층(월평동)",042-825-8119
2834,대전,유성구,공사업,전문,신화종합소방,곽복남,34098,대전광역시 유성구 송림로58번길 11  (하기동),042-862-2408
2835,대전,유성구,공사업,전문,주식회사 백두전력,김길수,34160,대전광역시 유성구 복용북로18번길 11 (복용동),042-638-1511
2836,대전,유성구,공사업,전문,주식회사 합동전기,최재익,34179,"대전광역시 유성구 도안대로567번길 10 , 201호(봉명동)",042-538-7770
2837,대전,유성구,공사업,전문,이케이네이션 주식회사,백정준,34202,"대전광역시 유성구 복용동로 43 ,(복용동) 4층 에프435호",042-477-3972
2838,대전,유성구,공사업,전문,(주)서진전기,송근희,34147,대전광역시 유성구 현충원로485번길 15 (장대동),042-533-5780
2839,대전,유성구,공사업,전문,(합)경성전력공사,장원용,34155,대전광역시 유성구 덕명로97번길 23 (덕명동),042-274-6604
2840,대전,유성구,공사업,전문,우경전기(주),김철진,34198,대전광역시 유성구 월드컵대로300번길 17 (상대동),042-824-0867
2841,대전,유성구,공사업,전문,주식회사 원엔지니어링,이정복,34162,대전광역시 유성구 복용북로 71-10 (복용동),042-542-0251
2842,대전,유성구,공사업,전문,(주)안전소방이엔지,서인호,34160,대전광역시 유성구 복용북로17번길 10-17 (복용동),042-536-8110
2843,대전,유성구,공사업,전문,(주)융창전력,유황희,34173,"대전광역시 유성구 유성대로719번길 43 , (장대동)",042-824-7804
2844,대전,유성구,공사업,전문,서인전기(주),홍석정,34211,대전광역시 유성구 학하북로 29-11 (학하동) 301호,042-485-0470
2845,대전,유성구,공사업,전문,(주)고려소방,윤창석,34068,"대전광역시 유성구 반석로12번길 7 ,3층(반석동)",042-527-9875
2846,대전,유성구,공사업,전문,(주)태웅이엔지,김국종,34066,대전광역시 유성구 반석로74번길 28 (반석동),042-531-8061
2847,대전,유성구,공사업,전문,한국방재시스템(주),전기표,34161,대전광역시 유성구 복용남로 43-9 (복용동),042-545-3117
2848,대전,유성구,공사업,전문,(주)우정넷,류성열,34127,대전광역시 유성구 죽동로 79 (죽동),042-489-1410
2849,대전,유성구,공사업,전문,대영소방(주),조용주,34182,대전광역시 유성구 유성대로626번길 29 (구암동),042-625-7119
2850,대전,유성구,공사업,전문,(주)선진엔지니어링,"권선진,정병옥",34161,대전광역시 유성구 복용북로33번길 16-5 (복용동),042-825-1193
2851,대전,유성구,공사업,전문,계룡소방이엔지(주),길영웅,34231,대전광역시 유성구 진잠로 60-30 (원내동),042-525-6119
2852,대전,유성구,공사업,전문,(주)태정방재,김정문,34170,"대전광역시 유성구 유성대로736번길 58 ,지하102호(장대동,갤러리빌3)",042-825-3027
2853,대전,유성구,공사업,전문,(주)대청엔지니어링,"성열구,김경훈",34036,대전광역시 유성구 배울1로 283 (탑립동),042-933-7100
2854,대전,유성구,공사업,전문,(주)동승전기,이건선,34124,대전광역시 유성구 아리랑로 10 (원촌동),042-862-3690
2855,대전,유성구,공사업,전문,(주)장원토건,이대열,34063,대전광역시 유성구 외삼로 48 (외삼동),042-822-9613
2856,대전,유성구,공사업,전문,주식회사 에어맥스,김성수,34155,대전광역시 유성구 덕명로97번길 6-30 (덕명동),042-523-5801
2857,대전,유성구,공사업,전문,주식회사 서원전기소방,한태수,34170,"대전광역시 유성구 유성대로736번길 58 (장대동,갤러리빌3 지하101호)",042-823-2202
2858,대전,유성구,공사업,전문,주식회사 대건이엔씨,김주형,34183,"대전광역시 유성구 대학로76번길 77-20 , 3층(궁동,신성빌딩)",042-863-4404
2859,대전,유성구,공사업,전문,주식회사 한국가스기술공사,조용돈,34007,대전광역시 유성구 대덕대로 1227 (봉산동),042-600-8067
2860,대전,유성구,공사업,전문,(합자)한엔지니어링,이원희,34185,대전광역시 유성구 온천북로33번길 22-26 (봉명동),042-823-7724
2861,대전,유성구,공사업,전문,(주)한솔방재,정기훈,34227,대전광역시 유성구 원내로39번길 50-12 (원내동),042-545-2714
2862,대전,유성구,공사업,전문,마이크로닉시스템 주식회사,"김홍래,김환배",305-328,대전광역시 유성구 죽동로 65 (죽동),042-223-8000
2863,대전,유성구,공사업,전문,한길이엔지 주식회사,정준섭,34231,"대전광역시 유성구 진잠로 60-30 , 2층(원내동)",042-826-1194
2864,대전,유성구,공사업,전문,대원소방전력 주식회사,신향원,34145,"대전광역시 유성구 왕가봉로2번길 45 , 103,104호(노은동, 대솔빌딩)",042-823-9403
2865,대전,유성구,공사업,전문,(주)스마트소방,"이수상,김기욱",34036,"대전광역시 유성구 테크노2로 340 ,1동(탑립동)",042-934-1190
2866,대전,유성구,공사업,전문,(주)명문소방,조창호,34167,대전광역시 유성구 대학로81번길 65 2층(궁동),042-522-4119
2867,대전,유성구,공사업,전문,코스타이엔지(주),이민구,34162,대전광역시 유성구 복용로40번길 26 (복용동),042-256-4500
2868,대전,유성구,공사업,전문,(주)제이유앤소방설비,길영주,34178,대전광역시 유성구 유성대로668번길 113 (구암동),042-632-1198
2869,대전,유성구,공사업,전문,석암산업 주식회사,최순용,34225,대전광역시 유성구 교촌로 34 (교촌동),042-531-8250
2870,대전,유성구,공사업,전문,(주)한성시스코,"박근식,박종문",34015,대전광역시 유성구 테크노3로 34 (관평동),042-939-9714
2871,대전,유성구,공사업,전문,"주식회사 금영이엔지(KUMYOUNG ENG Co., Ltd)",최승호,34051,"대전광역시 유성구 엑스포로 385 , 본관동 1층, 3층(문지동)",042-824-5538
2872,대전,유성구,공사업,전문,주식회사 민전사,정은희,34162,대전광역시 유성구 복용로40번길 26 (복용동),042-256-4500
2873,대전,유성구,공사업,전문,주식회사 제이에스건설산업,안재상,34182,대전광역시 유성구 유성대로626번길 58 (구암동),042-823-0890
2874,대전,유성구,공사업,전문,주식회사 에스디와이이엔씨,장현수,34185,"대전광역시 유성구 온천북로33번길 22-26 , 202호(봉명동)",053-352-6711
2875,대전,유성구,공사업,전문,한빛에너지 주식회사,김종관,34145,"대전광역시 유성구 왕가봉로24번길 34 , 5층(노은동, 한빛빌딩)",042-221-2750
2876,대전,유성구,공사업,전문,주식회사 태산전기,"이종득,한상열",34058,대전광역시 유성구 대덕대로925번길 10 (화암동),042-621-8230
2877,대전,유성구,공사업,일반(전기),(주)중원전기,임택용,34162,대전광역시 유성구 복용로40번길 15 (복용동),042-483-8922
2878,대전,유성구,공사업,전문,주식회사 명인전기,최하경,34161,대전광역시 유성구 복용북로33번길 8-10 (복용동),042-252-9082
2879,대전,유성구,공사업,전문,(주)국보소방,황보현,34127,"대전광역시 유성구 죽동로242번길 8-33 (죽동) 101호(죽동,현하우스)",042-825-0926
2880,대전,유성구,공사업,전문,주식회사 금탑전기통신,방성준,34156,"대전광역시 유성구 유성대로713번길 253-17 , 202호(구암동)",042-631-3003
2881,대전,유성구,공사업,전문,주식회사 신생전력,전도하,34168,"대전광역시 유성구 대학로 53 , 307호 (봉명동, 솔리안)",042-825-2370
2882,대전,유성구,공사업,일반(전기),케이앤에스소방,김구수,34092,"대전광역시 유성구 노은서로96번길 47 , 1층 102호(노은동)",042-716-1149
2883,대전,유성구,공사업,전문,태원건설산업 주식회사,박재현,34087,"대전광역시 유성구 은구비남로7번길 14-7 , 201호(지족동, 네오라이프빌딩)",042-826-6251
2884,대전,유성구,공사업,일반(전기),주식회사 에이스원이앤씨,"강지현,오용근",34202,"대전광역시 유성구 복용동로 43 , 에프323호(복용동, 대전도안더리브시그니처)",042-635-6227
2885,대전,유성구,공사업,전문,주식회사 대승소방전력,이승호,34211,대전광역시 유성구 학하중앙로167번길 6-22 (학하동),042-541-0818
2886,대전,유성구,공사업,일반(전기),"이엠시티 주식회사(emCT Co.,Ltd.)",이봉호,34126,"대전광역시 유성구 대덕대로512번길 20 , 비동 2층 200-21호(도룡동)",042-1855-1317
2887,대전,유성구,공사업,전문,더금동 주식회사,김선화,34227,"대전광역시 유성구 진잠로102번길 51 , 1층(원내동)",042-361-0745
2888,대전,유성구,공사업,일반(전기),강산전기 주식회사,김종규,34003,대전광역시 유성구 봉산북로3번길 39 (봉산동),042-368-4346
2889,대전,중구,공사업,전문,(주)명전사,최영길,35080,대전광역시 중구 보문산로 22 (산성동),042-581-2100
2890,대전,중구,공사업,전문,신도종합건설(주),이훈구,34881,대전광역시 중구 동서대로 1231-1 (태평동),042-523-3577
2891,대전,중구,공사업,전문,(주)윤진엔지니어링,우청제,35074,대전광역시 중구 대둔산로184번길 57 (안영동),042-537-1885
2892,대전,중구,공사업,전문,코레일테크(주),조대식,34924,대전광역시 중구 대종로 476 (은행동),042-220-3292
2893,대전,중구,공사업,전문,삼영전력(주),이정규,34808,대전광역시 중구 목중로54번길 29-1 (중촌동),042-253-1361
2894,대전,중구,공사업,전문,(주)국도설비,정하섭,34881,대전광역시 중구 수침로91번길 63 (태평동),042-532-6501
2895,대전,중구,공사업,전문,(주)신평전력,정하동,35074,"대전광역시 중구 대둔산로200번길 23-7 , 201호(안영동)",042-477-0667
2896,대전,중구,공사업,전문,수호전기통신(주),황수진,34904,"대전광역시 중구 계룡로816번길 43  ,1층(오류동)",042-522-7393
2897,대전,중구,공사업,전문,(주)충무이엔지,조남전,34803,대전광역시 중구 어덕마을로150번길 9-4 2층(중촌동),042-222-1192
2898,대전,중구,공사업,전문,(유)대진소방,정인숙,35076,대전광역시 중구 학고개로 10 (옥계동),042-283-8119
2899,대전,중구,공사업,전문,현대소방설비(주),노환병,35057,대전광역시 중구 산서로71번길 65 (사정동),042-583-3588
2900,대전,중구,공사업,전문,주식회사 태양전업,김학진,34926,"대전광역시 중구 대종로460번길 62 , 3(대흥동)",042-546-1119
2901,대전,중구,공사업,전문,중전전기(주),황수관,35080,"대전광역시 중구 보문산로 32 (3층,산성동)",042-582-6844
2902,대전,중구,공사업,전문,신세계소방(주),이순재,35084,대전광역시 중구 성산로3번길 14-8 (안영동),042-531-1196
2903,대전,중구,공사업,전문,금성건설(주),"김주일,김석원",34861,대전광역시 중구 선화로 82 (선화동),042-253-2121
2904,대전,중구,공사업,전문,엠케이이엔지 주식회사,김원열,34831,"대전광역시 중구 대종로550번길 5 , 303호(선화동, 유원오피스텔)",070-4876-7737
2905,대전,중구,공사업,전문,(주)덕성엔지니어링,김영득,34988,대전광역시 중구 문화로12번길 14 (산성동),042-585-3237
2906,대전,중구,공사업,전문,(주)장인방재,유익선,34822,대전광역시 중구 계룡로747번길 7 (용두동),042-222-2565
2907,대전,중구,공사업,전문,삼원소방(주),안병진,35017,대전광역시 중구 문화로218번길 14 (문화동),042-584-6119
2908,대전,중구,공사업,전문,대영종합건설 주식회사,윤일권,35010,대전광역시 중구 보문산로141번길 29 (산성동),042-527-0113
2909,대전,중구,공사업,전문,성동소방(주),김주성,35083,대전광역시 중구 대둔산로 245  (안영동),042-581-8119
2910,대전,중구,공사업,전문,(주)건양전력,김양은,35049,대전광역시 중구 사득로79번길 9 (부사동),042-537-6201
2911,대전,중구,공사업,전문,주식회사 대덕전력공사,김영진,34930,"대전광역시 중구 충무로 173 , 7층(문창동)",042-621-3870
2912,대전,중구,공사업,전문,경동전력(주),이경동,34825,대전광역시 중구 목동로 25 (목동) 4층,042-254-1248
2913,대전,중구,공사업,전문,태양이엔지(주),박철,34983,대전광역시 중구 문화로 89 (유천동),042-581-1195
2914,대전,중구,공사업,전문,(주)나래엔지니어링,한상민,35084,"대전광역시 중구 성산로3번길 32-10 , 2층(안영동)",042-527-1997
2915,대전,중구,공사업,전문,주식회사 나라방재,김남수,34820,대전광역시 중구 계룡로729번길 65 (용두동),042-586-4300
2916,대전,중구,공사업,전문,(주)부원건설,"김현수,김원식",34908,"대전광역시 중구 계룡로 832 (오류동,중도일보빌딩)",042-220-1080
2917,대전,중구,공사업,일반(전기),주식회사 다산소방,조대선,35043,"대전광역시 중구 보문산공원로 543-3 , 2층 201호(대사동)",042-257-2222
2918,대전,중구,공사업,전문,(주)원창전력,김영만,34984,대전광역시 중구 문화로105번안길 15 (유천동),042-538-2980
2919,대전,중구,공사업,전문,경원소방,서경원,34902,대전광역시 중구 계룡로816번길 38 (오류동),042-341-6081
2920,대전,중구,공사업,전문,주식회사 중앙이엔지,이계순,34877,"대전광역시 중구 수침로111번길 15 , 2층(태평동)",042-636-8225
2921,대전,중구,공사업,전문,주식회사 엘에스아이,이대복,35058,"대전광역시 중구 부용로41번길 50 , 비 105호(부사동)",031-792-1249
2922,대전,중구,공사업,전문,미래소방 주식회사,박마을,34894,"대전광역시 중구 동서대로 1266 , 1층(태평동)",042-710-7119
2923,대전,중구,공사업,전문,에이스기전(주),이정현,34987,대전광역시 중구 유등천동로324번길 58-3 (유천동),042-525-6434
2924,대전,중구,공사업,전문,주식회사 유나이티드이엔지,최완영,34878,대전광역시 중구 유등천동로 574 (태평동),042-222-7770
2925,대전,중구,공사업,전문,한산소방설비,이주복,34803,"대전광역시 중구 대종로 678-1 , 1동 1층 101호(중촌동, 중촌동 89-5)",
2926,대전,중구,공사업,전문,(주)케이제이방재,김종일,35023,"대전광역시 중구 대종로333번길 15 , 306호(부사동)",042-582-9900
2927,세종,세종시,공사업,전문,(주)한국전기,엄익주,30055,"세종특별자치시 장군면 장척로 519 , 102호",041-674-7496
2928,세종,세종시,공사업,전문,건설전업(주),안희명,30035,세종특별자치시  조치원읍 번영1길 46 (),044-862-3573
2929,세종,세종시,공사업,전문,(주)세움테크윈,이원일,339-913,"세종특별자치시 장척로 413 (장군면, 2층)",044-868-0570
2930,세종,세종시,공사업,전문,주식회사 금성백조건설,원광섭,30128,"세종특별자치시 한누리대로 234 (나성동) 제1동 708호, 709호(나성동, 르네상스)",044-862-5714
2931,세종,세종시,공사업,전문,(주)협전사,최준호,30053,"세종특별자치시 장군면 하봉길 153-25 , 3층",044-867-1685
2932,세종,세종시,공사업,전문,(주)대건시스템즈,최성주,339-913,"세종특별자치시 장척로 405 (장군면,1층)",044-863-7945
2933,세종,세종시,공사업,전문,(주)녹산하이텍,장정옥,30025,"세종특별자치시 조치원읍 조치원9길 66 ,103호",044-863-9110
2934,세종,세종시,공사업,전문,(자)돈흥전기,채교성,339-807,세종특별자치시 큰말2길 15-6 (조치원읍),044-866-0371
2935,세종,세종시,공사업,전문,주식회사 광양전기,오명석,30001,세종특별자치시  소정면 소정구길 236 .,044-863-3234
2936,세종,세종시,공사업,전문,주식회사 중앙플랜트,장정수,30025,"세종특별자치시 조치원읍 조치원9길 66 ,101호",044-866-1332
2937,세종,세종시,공사업,전문,주식회사 하람,장은유,30038,"세종특별자치시 조치원읍 세종로 2282 , 316호(럭스스퀘어)",044-867-1616
2938,세종,세종시,공사업,전문,"주식회사 대청이에스(Daecheong ES co.,Ltd.)","성열구,이선호",339-913,세종특별자치시 장군면 참시렁골길 70 (도계리),044-862-2101
2939,세종,세종시,공사업,전문,주식회사 성광소방,김주홍,30054,"세종특별자치시  산학리길 16-45 ,101-1호(장군면)",044-868-6878
2940,세종,세종시,공사업,전문,주식회사 우원산업,최성주,30057,"세종특별자치시 연기면 문암신촌길 3-60 , 2층 204호",044-863-9174
2941,세종,세종시,공사업,전문,(주)대양엔지니어링,채희만,30100,"세종특별자치시  보듬3로 8-20 4층 420호 (도담동, 세종한신휴시티)",043-263-6006
2942,세종,세종시,공사업,전문,주식회사 문산,김미화,30034,"세종특별자치시  조치원읍 충현로 28 , 201호(대산빌딩)",044-864-5997
2943,세종,세종시,공사업,전문,(주)서하,서성달,30047,세종특별자치시  연서면 세종로 1905 (),044-863-7271
2944,세종,세종시,공사업,전문,주식회사 영진전기,우인숙,30019,"세종특별자치시 조치원읍 내창3길 19 , 208호",044-863-4617
2945,세종,세종시,공사업,전문,주식회사 현우이엔씨,송형태,30085,세종특별자치시 금남면 도남1길 77-36 .,044-862-4172
2946,세종,세종시,공사업,전문,주식회사 다우파워텍,선종민,339-003,"세종특별자치시 한누리대로 207 ,802호(나성동, 세진이너스빌)",070-8798-1133
2947,세종,세종시,공사업,전문,대정이엔씨 주식회사,이지환,30055,"세종특별자치시 장군면 월현윗길 66-3 , 2층",044-868-3361
2948,세종,세종시,공사업,전문,주식회사 운강,유성임,30057,"세종특별자치시 연기면 문암신촌길 3-60 , 203호",044-862-9174
2949,세종,세종시,공사업,전문,주식회사 대광산업개발,김현태,30084,"세종특별자치시 금남면 성덕2길 31 ,1층",070-8828-7757
2950,세종,세종시,공사업,전문,주식회사 나진이에프씨,김상호,30021,세종특별자치시 조치원읍 행복13길 6 404호(비전오피스텔),044-864-9851
2951,세종,세종시,공사업,전문,금강방재 주식회사,윤희중,30015,세종특별자치시 조치원읍 봉산로 100-4 .,044-864-6188
2952,세종,세종시,공사업,전문,주식회사 미담이엔씨,김미애,30073,세종특별자치시 부강면 문곡달미길 76-3 .,070-7607-1089
2953,세종,세종시,공사업,전문,(주)한국이알이시,이성욱,30130,"세종특별자치시  한누리대로 193 ,제1동 403호 (나성동,참미르빌딩)",070-7493-6900
2954,세종,세종시,공사업,전문,한빛소방 주식회사,"박미숙,하성민",30150,"세종특별자치시 한누리대로 2003 ,1동 605호(소담동, 펠리체타워3)",044-868-1196
2955,세종,세종시,공사업,전문,주식회사 덕산전설,곽레아,30053,세종특별자치시 장군면 하봉길 153-25 .,041-944-1476
2956,세종,세종시,공사업,전문,주식회사 진유,이명선,30025,"세종특별자치시  조치원읍 조치원로 57 , 2층202호",070-8807-6543
2957,세종,세종시,공사업,전문,주식회사 훈민아이티,김종문,30040,세종특별자치시  조치원읍 세종로 2163 (),044-866-0011
2958,세종,세종시,공사업,전문,가림전기 주식회사,성영은,30147,세종특별자치시 국책연구원2로 18 (반곡동) 302호,044-864-2513
2959,세종,세종시,공사업,전문,주식회사 삼영기업,김순애,30016,"세종특별자치시 조치원읍 신안새동네길 26-10 ,제생활편익시설 1층 9호(일신유니빌아파트)",044-862-1647
2960,세종,세종시,공사업,전문,유한회사 영신소방이엔지,"장순옥,송석봉",30127,"세종특별자치시 한누리대로 237 , 317호(나성동, 한스웰시티)",044-864-6119
2961,세종,세종시,공사업,전문,(주)한성엔지니어링,남기봉,30004,"세종특별자치시 전의면 의당전의로 1067 , 2층",044-863-5940
2962,세종,세종시,공사업,전문,다온소방,유지인,30147,"세종특별자치시 한누리대로 1974 , 1동 5층 503호(소담동, 도경프라자)",044-998-1190
2963,세종,세종시,공사업,전문,주식회사 한성이앤지,김락중,30150,"세종특별자치시 호려울로 9 , 7층 703-702호(보람동, 네이버타워)",044-862-0412
2964,세종,세종시,공사업,전문,장원테크 주식회사,이종훈,30075,"세종특별자치시 부강면 시장길 38 , 2층",044-866-6012
2965,세종,세종시,공사업,전문,주식회사 장군소방기계,김인석,30151,"세종특별자치시 시청대로 167 , 세종드림빌딩 지하1층 102호(보람동)",044-864-1119
2966,세종,세종시,공사업,전문,주식회사 오광개발,송태하,30151,"세종특별자치시 한누리대로 2144 ,(보람동) 712호",070-8828-7757
2967,세종,세종시,공사업,전문,(주)미래소방,이상균,30075,"세종특별자치시 부강면 부강5길 15 , 1층",044-864-0119
2968,세종,세종시,공사업,전문,더나은 소방 전기,김경실,30121,"세종특별자치시 갈매로 353 ,A동 6026호(어진동)",044-867-5119
2969,세종,세종시,공사업,전문,태성이엔에스 주식회사,신진우,30121,"세종특별자치시 갈매로 353 , 제5층 제5031호(어진동, 에비뉴힐에이)",043-223-7342
2970,세종,세종시,공사업,전문,태창건설(주),김유동,30120,"세종특별자치시 가름로 255-21 ,1731호(어진동,세종시 2차푸르지오시티)",044-868-2325
2971,세종,세종시,공사업,전문,주식회사 진송이에프원,한송희,30047,"세종특별자치시 연서면 당산로 368 , 2층 3호(수정빌)",044-866-3027
2972,세종,세종시,공사업,전문,대영소방 주식회사,박재식,30128,"세종특별자치시 한누리대로 288 , 209호(나성동, 갤러리밸류시티)",044-905-9119
2973,세종,세종시,공사업,전문,주식회사 유일방재,박상현,30141,"세종특별자치시 집현중앙7로 6 , 주1동 비1114호(집현동, 지식산업센터)",044-868-0978
2974,세종,세종시,공사업,전문,주식회사 대진,황태주,30037,"세종특별자치시 조치원읍 도장말길 52 , 상가동 202-1호(신동아아파트)",044-867-5237
2975,세종,세종시,공사업,전문,주식회사 가보,김진희,30034,"세종특별자치시 조치원읍 충현로 28 , 3층(대산빌딩)",044-866-0214
2976,세종,세종시,공사업,전문,주식회사 바른기업,이윤희,30150,"세종특별자치시 한누리대로 2009 , 415호(소담동, 펠리체타워2)",044-863-1931
2977,세종,세종시,공사업,전문,에이스방재 주식회사,윤석찬,30015,"세종특별자치시 조치원읍 봉산로 100-4 ,",044-864-6188
2978,세종,세종시,공사업,전문,주식회사 피스코,박경숙,30100,"세종특별자치시 아름서1길 13-5 , 4층 409호(아름동, 마드리드에이)",044-867-6134
2979,세종,세종시,공사업,전문,주식회사 대신전력,이천영,30049,세종특별자치시 연서면 월하1길 29-2 .,044-865-8998
2980,세종,세종시,공사업,전문,에스지소방 주식회사,이정운,30128,"세종특별자치시 한누리대로 312 , 519호(나성동)",044-863-2907
2981,세종,세종시,공사업,전문,주식회사 엘케이테크,이성진,30128,"세종특별자치시 나성로 125-4 ,808호(나성동, 세종엔에스타워2)",044-903-0900
2982,세종,세종시,공사업,전문,주식회사 한주,김태환,30150,"세종특별자치시 호려울로 9 , 7층 703-718호(보람동, 네이버타워)",044-862-0412
2983,세종,세종시,공사업,전문,무한전력 주식회사,김가은,30028,"세종특별자치시 조치원읍 새내로 65-1 , 2층",070-4128-4665
2984,세종,세종시,공사업,전문,지우전기 주식회사,이성식,30030,세종특별자치시 조치원읍 큰말2길 15-6 .,044-867-6008
2985,세종,세종시,공사업,전문,주식회사 도원방재,김길주,30026,"세종특별자치시 조치원읍 새내2길 57 , 3층",044-862-1196
2986,세종,세종시,공사업,전문,주식회사 한양이엘이씨,정현영,30150,"세종특별자치시 한누리대로 2003 , 404호(소담동, 펠리체타워3)",044-862-2722
2987,세종,세종시,공사업,전문,세종방송통신(주),김민주,30029,"세종특별자치시 조치원읍 충현로 98 , 202호",044-866-3700
2988,세종,세종시,공사업,전문,주식회사 건창,임준엽,30128,"세종특별자치시 나성북1로 18 , 207호(나성동, 제이빌딩)",070-7608-8007
2989,세종,세종시,공사업,전문,만경엔지니어링 주식회사,김순자,30021,"세종특별자치시 조치원읍 행복11길 24 ,2층",070-7500-5616
2990,세종,세종시,공사업,전문,주식회사 강철소방엔지니어링,"신태수,주미자",30083,"세종특별자치시 금남면 성덕영곡길 26 , 1층",044-867-1193
2991,세종,세종시,공사업,전문,주식회사 고마,백승두,30052,"세종특별자치시 장군면 대교길 71 , 101호",044-863-0328
2992,울산,남구,공사업,전문,금양그린파워(주),"이윤철,이기보",44707,울산광역시 남구 삼산로 257  (달동) 금양빌딩 7층,052-260-1811
2993,울산,남구,공사업,전문,주식회사 무경,"김경훈,김명섭",44694,울산광역시 남구 신정로 52  (달동) 3층,052-265-0516
2994,울산,남구,공사업,전문,(주)유벡,김형신,44784,울산광역시 남구 용연로 106  (용연동),052-257-8352
2995,울산,남구,공사업,전문,영진(주),이청훈,44695,울산광역시 남구 돋질로 170 (달동),052-226-9800
2996,울산,남구,공사업,전문,국제이엔지 주식회사,윤삼기,44698,울산광역시 남구 삼산중로128번길 14-1 (삼산동) .,052-265-3330
2997,울산,남구,공사업,전문,상우이엔씨(주),윤석모,44632,"울산광역시 남구 북부순환도로 17  1711호(무거동, 남운프라자)",052-221-1193
2998,울산,남구,공사업,전문,금호전업(주),성환준,44787,울산광역시 남구 온산로 850  (두왕동) .,052-266-6628
2999,울산,남구,공사업,전문,혜성소방(주),주문태,44773,울산광역시 남구 두왕로174번길 21  (선암동) C동 201호,052-261-1119
3000,울산,남구,공사업,전문,(주)길리,김승열,44757,울산광역시 남구 신화로41번길 63  (야음동) .,052-273-3388
3001,울산,남구,공사업,전문,한국소방(주),임동영,44695,울산광역시 남구 삼산로169번길 37  (달동) .,052-276-1113
3002,울산,남구,공사업,전문,주영설비(주),서영주,44686,울산광역시 남구 번영로255번길 14  (신정동) .,052-273-1577
3003,울산,남구,공사업,전문,주식회사 이지스소방,"박준길,박형열",44703,울산광역시 남구 왕생로 97  3층(달동),052-208-6325
3004,울산,남구,공사업,전문,(주)나도이앤씨,이명건,44635,울산광역시 남구 삼호로37번길 8-3 (),052-225-2119
3005,울산,남구,공사업,전문,중앙방재(주),송상호,44762,울산광역시 남구 산업로517번길 19  (여천동) 4층,052-272-5382
3006,울산,남구,공사업,전문,(주)한일소방,이대근,44721,울산광역시 남구 왕생로10번길 9 (),052-261-0097
3007,울산,남구,공사업,전문,(주)국민소방,정우영,44686,울산광역시 남구 번영로255번길 12  (신정동),052-265-1179
3008,울산,남구,공사업,전문,(주)한국방재,이영수,44691,울산광역시 남구 삼산로83번길 23  (달동) .,052-266-1197
3009,울산,남구,공사업,전문,(주)고려,"주몽식,주지언",44774,울산광역시 남구 두왕로48번길 5-10  (선암동) .,052-276-6841
3010,울산,남구,공사업,전문,오성방재(주),장경윤,44712,울산광역시 남구 돋질로416번길 7  (삼산동),052-227-0006
3011,울산,남구,공사업,전문,(주)대성방재산업,이경선,44635,울산광역시 남구 삼호로11번길 18  (무거동) .,052-249-3030
3012,울산,남구,공사업,전문,아시아소방전력(주),어명희,44698,울산광역시 남구 삼산중로128번길 14-1 (삼산동) .,052-271-7100
3013,울산,남구,공사업,전문,(주)비케이소방,백승규,44696,울산광역시 남구 월평로217번길 6 (삼산동),052-274-9119
3014,울산,남구,공사업,전문,주식회사 백천소방,김영준,44712,울산광역시 남구 돋질로416번길 11  (삼산동),052-268-3982
3015,울산,남구,공사업,전문,제일방재서비스(주),조영래,44701,"울산광역시 남구 삼산중로131번길 42-5 (삼산동, 하나빌리지) 101호",052-256-9119
3016,울산,남구,공사업,전문,유화산업개발(주),이상찬,44776,울산광역시 남구 테크노산업로55번길 49-42 (두왕동),052-271-5161
3017,울산,남구,공사업,일반(기계),(주)협동소방,김우용,44735,울산광역시 남구 수암로 203 (야음동) .,052-258-0337
3018,울산,남구,공사업,전문,(주)동아방재,김광일,44678,울산광역시 남구 봉월로14번길 8-1  (신정동) .,052-257-4119
3019,울산,남구,공사업,전문,(주)유신방재,장승호,44694,울산광역시 남구 돋질로140번길 25  (달동) .,052-257-2119
3020,울산,남구,공사업,전문,(주)동부,"김재홍,박종덕",44778,울산광역시 남구 여천로163번길 15 (여천동),052-266-5246
3021,울산,남구,공사업,전문,동일산업(주),김상년,44678,울산광역시 남구 봉월로14번길 18 (신정동),052-261-6611
3022,울산,남구,공사업,전문,신흥방재(주),변종혁,44722,"울산광역시 남구 신정로33번길 22 , 101(달동)",052-260-3475
3023,울산,남구,공사업,전문,다운이엔씨(주),김봉태,44776,울산광역시 남구 신두왕로 21 (두왕동),052-239-7608
3024,울산,남구,공사업,전문,(주)제이콘,홍대성,44721,울산광역시 남구 번영로 94 (달동) 2층,052-266-6157
3025,울산,남구,공사업,전문,(주)우리방재산업,이상윤,44616,"울산광역시 남구 대학로11번길 16 , 2층(무거동)",052-211-7119
3026,울산,남구,공사업,전문,(주)선우오토텍,김제환,44696,울산광역시 남구 삼신로 24 (삼산동) .,052-256-8661
3027,울산,남구,공사업,전문,(주)안전문화재단기술사사무소,조용호,44672,"울산광역시 남구 봉월로82번길 39 , 2층(신정동)",052-268-8119
3028,울산,남구,공사업,전문,울산소방주식회사,김민철,44616,울산광역시 남구 대학로 45 (무거동),052-297-4119
3029,울산,남구,공사업,전문,(주)경동이앤에스,손현익,44780,울산광역시 남구 장생포로 304 (매암동) (),052-256-6671
3030,울산,남구,공사업,전문,(주)삼일소방,조경희,44721,울산광역시 남구 꽃대나리로 33 2층(달동),052-227-1119
3031,울산,남구,공사업,전문,에이치엔이노밸리 주식회사,차동원,44712,"울산광역시 남구 남중로74번길 3 (삼산동, 현대썬앤빌) 2층",070-8277-8040
3032,울산,남구,공사업,전문,주식회사 메츠,최경환,44766,울산광역시 남구 수암로 285 (야음동) 울산축산농협 야음지점 2층,052-959-9500
3033,울산,남구,공사업,일반(전기),대아이엔지(주),조진래,44776,"울산광역시 남구 테크노산업로55번길 14 , 기업연구관 411,412호(두왕동)",052-288-7008
3034,울산,남구,공사업,전문,주식회사 화인씨앤엠,양청미,44776,울산광역시 남구 테크노산업로55번길 37-6 (두왕동) .,052-239-8600
3035,울산,남구,공사업,전문,(주)다다엔지니어링,배연희,44720,"울산광역시 남구 삼산중로 12 , 3층(달동, 태영빌딩)",052-992-1195
3036,울산,남구,공사업,전문,진화이엔씨(주),김기현,44741,"울산광역시 남구 신남로 94 , 3층(신정동)",052-265-7026
3037,울산,남구,공사업,전문,(주)성산,차정현,44774,울산광역시 남구 두왕로154번길 28 (선암동),052-260-5432
3038,울산,남구,공사업,전문,주식회사 하나소방이엔지,김주영,44678,"울산광역시 남구 삼산로9번길 6-14 , 2층(신정동)",052-260-0119
3039,울산,남구,공사업,전문,동림소방 주식회사,이필우,44715,"울산광역시 남구 화합로134번길 13 , 3층(삼산동)",052-258-7118
3040,울산,남구,공사업,전문,주식회사 선문,이상대,44717,울산광역시 남구 화합로 112 (삼산동) 동양빌딩 4층,052-244-1008
3041,울산,남구,공사업,전문,그린방재 주식회사,이언순,44711,"울산광역시 남구 강남로410번길 5-26 (삼산동) , 303호(삼산동)",052-256-3119
3042,울산,남구,공사업,전문,신일방재주식회사,황성률,44712,"울산광역시 남구 정동로76번길 3 ,3층(삼산동,아침빌딩)",052-265-9119
3043,울산,남구,공사업,전문,월드이엔텍 주식회사,이상곤,44781,울산광역시 남구 처용로 55 (여천동),052-208-6558
3044,울산,남구,공사업,전문,서진설비산업 주식회사,임덕운,44627,울산광역시 남구 남산로 54-1 (무거동),052-227-0424
3045,울산,남구,공사업,전문,한국소방공사 주식회사,엄한용,44715,"울산광역시 남구 정동로60번길 4 , 2층(삼산동)",052-700-0118
3046,울산,남구,공사업,전문,주식회사 큐브종합건설,이대원,44645,"울산광역시 남구 문수로 329 , 8층,9층(옥동, 에이블빌딩)",052-275-0450
3047,울산,남구,공사업,전문,주식회사 성진전력,오세주,44781,울산광역시 남구 신여천로 81 (여천동),052-269-6775
3048,울산,남구,공사업,전문,주식회사 하정전력,류해열,44774,울산광역시 남구 두왕로 102 (선암동),052-268-1717
3049,울산,남구,공사업,전문,주식회사 한울방재,이용우,44641,울산광역시 남구 남부순환도로29번길 17 (무거동),052-707-1199
3050,울산,남구,공사업,전문,주식회사 대득건설,신명준,44716,"울산광역시 남구 산업로643번길 24 , 소현빌딩 201호(삼산동)",052-274-1371
3051,울산,남구,공사업,전문,거래소방안전산업 주식회사,김일관,44641,"울산광역시 남구 남부순환도로29번길 36 ,1층 102호(무거동)",052-223-7119
3052,울산,남구,공사업,전문,주식회사 바른소방,임영환,44661,울산광역시 남구 문수로 322 지하 1층(옥동),052-271-0119
3053,울산,남구,공사업,전문,원스랜드 주식회사,"김인태,송성숙",44734,울산광역시 남구 번영로 51 (야음동),052-266-0700
3054,울산,남구,공사업,전문,주식회사 청오플랜트,엄종섭,44783,울산광역시 남구 용잠로40번길 12 (부곡동),052-287-5500
3055,울산,남구,공사업,전문,(주)건호이엔씨,정성호,44783,울산광역시 남구 용잠로74번길 48 (부곡동),052-268-0294
3056,울산,동구,공사업,전문,(합)원진설비,전태우,44067,울산광역시 동구 번덕2길 8  (일산동) .,052-235-5111
3057,울산,동구,공사업,전문,에이치디현대중공업 주식회사,"노진율,이상균",44032,울산광역시 동구 방어진순환도로 1000 (전하동),052-202-6119
3058,울산,북구,공사업,전문,동부산업(주),"권영태,권오장",44252,울산광역시 북구 활밤로 17  (효문동) .,052-289-0011
3059,울산,북구,공사업,전문,동신이엔씨(주),최준식,44250,울산광역시 북구 진장18길 44-1 (진장동) .,052-267-7119
3060,울산,북구,공사업,전문,(주)우리방재,김상철,44240,울산광역시 북구 송내13길 17-1 (화봉동) (),052-244-1191
3061,울산,북구,공사업,전문,(주)영일소방,안병욱,44229,울산광역시 북구 수동1길 27 (호계동) .,052-286-3119
3062,울산,북구,공사업,전문,현대방재엔지니어링(주),문장열,44239,울산광역시 북구 사청1길 9 (화봉동) .,052-287-9112
3063,울산,북구,공사업,전문,(주)수산이앤에스,"한봉섭,김병현",44222,울산광역시 북구 매곡산업로 21 (매곡동) 울산과학기술진흥센터 3층,052-259-4112
3064,울산,북구,공사업,전문,영창전설(주),"임생규,유자향",44248,"울산광역시 북구 진장유통로 16  1-2018호(진장동, 진장디플렉스)",052-288-3090
3065,울산,북구,공사업,전문,부명엔지니어링(주),손찬영,44254,울산광역시 북구 명촌13길 46-1 (명촌동),052-256-7134
3066,울산,북구,공사업,전문,주식회사 현대소방안전,심창형,44244,울산광역시 북구 상방3길 7 (연암동),052-295-9119
3067,울산,북구,공사업,전문,혁신소방 주식회사,윤석희,44225,"울산광역시 북구 당수골31길 3 , 101호(호계동)",052-287-3119
3068,울산,북구,공사업,일반(기계),(주)명성티엔지,송주환,44201,울산광역시 북구 농공단지3길 45 (달천동),052-296-5140
3069,울산,북구,공사업,전문,유승이엔지 주식회사,백재현,44210,울산광역시 북구 상안새터길 64 (상안동),052-265-0426
3070,울산,울주군,공사업,전문,(주)대영아이엔디,임채국,44999,울산광역시 울주군 온산읍 화산로 121-5 .,052-271-9244
3071,울산,울주군,공사업,전문,세양개발(주),천명수,44933,"울산광역시 울주군 범서읍 울밀로 2852 , 3층",052-265-1996
3072,울산,울주군,공사업,전문,(주)신원전기통신,박태정,44992,울산광역시 울주군 온산읍 덕신로 481 2층,052-260-4500
3073,울산,울주군,공사업,전문,회광전력공사(주),김창기,44985,울산광역시 울주군 청량읍 상남길 34-65 .,052-266-1427
3074,울산,울주군,공사업,전문,(주)건화,이덕식,44985,울산광역시 울주군 상남2길 19-18 건화빌딩 3층,052-237-7700
3075,울산,울주군,공사업,전문,주식회사 이로,김영택,44983,울산광역시 울주군 청량읍 덕하로 133 .,070-7874-9770
3076,울산,울주군,공사업,전문,해원산업(주),이용재,44993,울산광역시 울주군 온산읍 처용산업로 51-5 (),052-222-8421
3077,울산,울주군,공사업,전문,로엠텍(주),박민구,44951,"울산광역시 울주군 삼남읍 울산역로 279 , 5층 (정우빌딩)",052-254-5910
3078,울산,울주군,공사업,전문,(주)민성,권택장,44985,울산광역시 울주군 상남2길 25-4 (),052-266-6417
3079,울산,울주군,공사업,전문,(주)대한엔지니어링,신기호,44985,울산광역시 울주군 청량읍 상남1길 34-6 .,052-269-0911
3080,울산,울주군,공사업,전문,미래소방이엔지 주식회사,안현균,44936,울산광역시 울주군 언양읍 반천산업로 36-8 .,052-260-9004
3081,울산,울주군,공사업,전문,(주)환승이엔지,정현진,44955,울산광역시 울주군 삼남읍 방기7길 17-12 .,055-381-2147
3082,울산,울주군,공사업,전문,(주)조은아이건설,심만인,45014,울산광역시 울주군 서생면 신리길 120 2층 202호,051-747-4196
3083,울산,울주군,공사업,전문,(주)진보,김학중,44938,울산광역시 울주군 읍성로 145 (),052-243-1119
3084,울산,울주군,공사업,전문,(주)라온 이.씨.아이,민봉식,45002,"울산광역시 울주군 온산읍 영남7길 21 ,상가 208-1호(덕신동백아파트)",052-288-3268
3085,울산,울주군,공사업,전문,(주)대공,"이석순,이채범",44993,울산광역시 울주군 온산읍 처용산업1길 23 .,052-256-4191
3086,울산,울주군,공사업,전문,(주)청평,신용수,44935,울산광역시 울주군 언양읍 신흥1길 17-5 .,052-264-3161
3087,울산,울주군,공사업,일반(기계),(주)유성이엔지,황형구,44988,울산광역시 울주군 청량면 처용산업4길 82 (),052-260-3215
3088,울산,울주군,공사업,전문,한일전설(주),권태수,44985,"울산광역시 울주군 청량읍 상남2길 32-4 , 2층(상남리)",052-266-9300
3089,울산,울주군,공사업,전문,(주)태영전기,안영희,45014,"울산광역시 울주군 서생면 에너지산업1로 45 , 6블럭-4(에너지융합일반산업단지)",052-285-0301
3090,울산,울주군,공사업,일반(전기),동건산업전설(주),이승재,44955,울산광역시 울주군 삼남면 하방중들길 9 .,055-381-4474
3091,울산,울주군,공사업,전문,주식회사 진성기전,강영주,44986,울산광역시 울주군 청량읍 화창1길 53 .,052-260-5280
3092,울산,울주군,공사업,전문,주식회사 아주텍,최준영,44988,"울산광역시 울주군 청량읍 처용산업4길 6 ,",052-998-0400
3093,울산,울주군,공사업,전문,주식회사 우영소방,최흔목,44984,울산광역시 울주군 청량읍 송전2길 13 1층 102호,052-260-2588
3094,울산,울주군,공사업,전문,한성전설 주식회사,김성연,44969,울산광역시 울주군 온양읍 산양길 15-4 .,052-238-0381
3095,울산,울주군,공사업,전문,주식회사 케이디엠텍,"정원군,정홍규",45009,울산광역시 울주군 온산읍 화산2길 11 .,052-703-1000
3096,울산,울주군,공사업,전문,(주)한빛이앤아이,이상포,44986,울산광역시 울주군 청량읍 화창길 45-7 .,052-258-5225
3097,울산,울주군,공사업,전문,주식회사 일진파워,이광섭,44998,울산광역시 울주군 온산읍 산암로 42 .,052-240-1002
3098,울산,울주군,공사업,일반(전기),(주)삼한계전,김상범,44986,울산광역시 울주군 청량읍 화창1길 42-23 .,052-256-0821
3099,울산,울주군,공사업,전문,새암씨텍 주식회사,김영준,44959,"울산광역시 울주군 청량읍 군청로 10 , 3층",052-277-7220
3100,울산,울주군,공사업,전문,(주)태화기술,지정환,44973,울산광역시 울주군 온양읍 태화6길 28 .,052-203-1119
3101,울산,울주군,공사업,전문,주식회사 파이프케어코리아,안영흠,44988,울산광역시 울주군 온산읍 처용산업로 107 ,070-5208-8007
3102,울산,중구,공사업,전문,(주)파이어테크,임봉식,44417,울산광역시 중구 백양로 199 (),052-273-7119
3103,울산,중구,공사업,전문,(주)성전사,"김철,김창진",44454,울산광역시 중구 태화로 175  (태화동) .,052-243-7785
3104,울산,중구,공사업,전문,한일전력(주),배경철,44438,울산광역시 중구 태화강국가정원길 101 (태화동) .,052-249-7272
3105,울산,중구,공사업,전문,(주)뉴텍,장기열,44496,울산광역시 중구 남외1길 20 105-405(삼환나우빌2단지),052-286-7222
3106,울산,중구,공사업,전문,신화방재(주),전수열,44437,울산광역시 중구 명난로 123 (태화동),052-266-1119
3107,울산,중구,공사업,전문,신일소방(주),한창용,44416,울산광역시 중구 함월20길 21  (성안동) .,052-271-0606
3108,울산,중구,공사업,전문,성인산업(주),손회식,44436,울산광역시 중구 명정5길 18  (태화동) .,052-281-2021
3109,울산,중구,공사업,전문,미래방재산업(주),김남일,44421,울산광역시 중구 백양로 139  (성안동),052-260-3119
3110,울산,중구,공사업,전문,가야소방기술(주),안원학,44432,울산광역시 중구 난곡13길 25 (태화동) .,052-225-9119
3111,울산,중구,공사업,전문,(주)원방재,김용철,44406,울산광역시 중구 운곡8길 24-5 (다운동),052-247-2119
3112,울산,중구,공사업,전문,(주)배명,이지형,44465,"울산광역시 중구 유곡로 10  (우정동, 선경2차아파트) 2층 201호",052-245-8991
3113,울산,중구,공사업,전문,(주)한백이엔지,김길복,44433,울산광역시 중구 명난로 36 (태화동) 1층,052-291-2119
3114,울산,중구,공사업,전문,(주)미래기술,류인기,44504,"울산광역시 중구 내황7길 113 상가 101동 101호(반구동,천지강변)",052-286-3601
3115,울산,중구,공사업,전문,(주)광명,김명권,44468,울산광역시 중구 동헌길 151  (교동) .,052-242-2119
3116,울산,중구,공사업,전문,(주)월드이앤지,김병수,44507,울산광역시 중구 해오름12길 18  (남외동) .,052-294-3119
3117,울산,중구,공사업,전문,(주)화진소방공사,박창수,44471,"울산광역시 중구 북부순환도로 750 , 1층 (약사동)",052-212-0119
3118,울산,중구,공사업,전문,(주)조은방재,김정수,44527,울산광역시 중구 학성공원13길 2 (학성동),052-922-0118
3119,울산,중구,공사업,전문,주식회사주원방재,정윤수,44508,"울산광역시 중구 구교4길 52 , 2층(반구동)",052-248-1197
3120,울산,중구,공사업,전문,(주)백두소방,송재현,44406,울산광역시 중구 운곡길 42-1 101호(다운동),052-224-0199
3121,울산,중구,공사업,전문,(주)엠텍전설,임치규,44483,울산광역시 중구 병영성4길 101 (서동) .,052-258-9009
3122,울산,중구,공사업,전문,주식회사 세호소방,김혜영,44421,"울산광역시 중구 백양로 139 , 202호(성안동)",052-267-4119
3123,울산,중구,공사업,전문,이더블유피서비스(주),김연철,44547,"울산광역시 중구 종가로 655 (서동, 혁신센트럴시티) 1층. 212호, 213호",052-916-8805
3124,울산,중구,공사업,전문,(주)남형방재,김형래,44406,"울산광역시 중구 운곡안길 13 ,1층(다운동)",052-223-0102
3125,울산,중구,공사업,전문,주식회사 으뜸소방,윤동근,44407,울산광역시 중구 구루미7길 43 (다운동),052-713-9228
3126,경기(남),과천시,공사업,전문,코오롱글로벌(주),김정일,13837,경기도 과천시 코오롱로 11 (별양동),02-3677-4260
3127,경기(남),과천시,공사업,전문,금강산업(주),"김유현,김평해",13815,경기도 과천시 향나무로 15-6 (과천동),02-3418-6671
3128,경기(남),과천시,공사업,전문,(주)신보기전,정종욱,13813,"경기도 과천시 양지마을1로 23 , 2층(과천동)",02-523-6058
3129,경기(남),과천시,공사업,전문,(주)서정이앤지,"이동용,김종분",13840,"경기도 과천시 과천대로7길 33 , 공장비동 7층 0712호(갈현동, 과천 디테크타워))",02-507-1190
3130,경기(남),과천시,공사업,전문,한라산업개발(주),김원근,13837,경기도 과천시 별양상가3로 5 (별양동),031-233-5402
3131,경기(남),과천시,공사업,전문,(주)대경이앤지,이경환,13820,"경기도 과천시 삼부골2로 6 , 201호(주암동)",02-507-0170
3132,경기(남),과천시,공사업,전문,케이에프앤에스주식회사,박형열,13807,"경기도 과천시 새술막길 39 , 5층(중앙동, 케이티과천스마트타워)",02-3278-1346
3133,경기(남),과천시,공사업,전문,코오롱엘에스아이주식회사,장재혁,13837,"경기도 과천시 코오롱로 11 (별양동,코오롱타워)",02-3677-6535
3134,경기(남),과천시,공사업,전문,주식회사 신성이엔지,이지선,13840,"경기도 과천시 과천대로7길 20 , 에이타워 14층, 15층(갈현동)",02-6312-1031
3135,경기(남),과천시,공사업,전문,피앤씨테크 주식회사,조광식,13840,"경기도 과천시 과천대로7길 68 . (갈현동, 과천이타워)",02-2240-8422
3136,경기(남),과천시,공사업,전문,신화아이에스(주),신명철,13807,"경기도 과천시 관문로 92 , 101동 1617호(중앙동, 힐스테이트 과천중앙)",02-745-0997
3137,경기(남),과천시,공사업,전문,주식회사 뉴젠스,"임영필,김재일",13840,"경기도 과천시 과천대로7길 20 , 에이타워 6층(갈현동)",02-6247-3908
3138,경기(남),과천시,공사업,전문,신도이앤씨 주식회사,"정구용,장기동",13814,"경기도 과천시 뒷골로 12-7 , 2층, 비1(과천동)",02-507-7430
3139,경기(남),과천시,공사업,전문,(주)협동이엔티,엄재형,13813,"경기도 과천시 양지마을로 27 , 1층(과천동)",02-582-1704
3140,경기(남),과천시,공사업,전문,은성산업 주식회사,이동준,13807,"경기도 과천시 새술막길 39 , 4층(중앙동)",02-507-5577
3141,경기(남),과천시,공사업,전문,세종텔레콤(주),"이병국,김형진",13840,경기도 과천시 과천대로7길 12 (갈현동),02-870-8720
3142,경기(남),과천시,공사업,전문,(주)유신전기,김광렬,13834,"경기도 과천시 별양로 66-10 , 4층 2호(별양동)",02-504-4456
3143,경기(남),과천시,공사업,전문,씨앤씨 종합건설 주식회사,"손성연,공준표",13840,"경기도 과천시 과천대로7나길 9 , 203호(갈현동, 디엑스타워)",031-423-2316
3144,경기(남),과천시,공사업,전문,좋은전기 주식회사,은희백,13828,"경기도 과천시 문원로 74 , 비201호(문원동, 신우빌라)",02-503-0664
3145,경기(남),광명시,공사업,전문,남석실업(주),권오진,14305,"경기도 광명시 하안로 293-14  601호(하안동,잠실빙딩)",02-816-5793
3146,경기(남),광명시,공사업,전문,(주)대주전력,여영규,14303,"경기도 광명시 오리로651번길 8 , 제1228호, 제1229호(하안동, 현대테라타워광명)",02-849-9946
3147,경기(남),광명시,공사업,전문,(주)신영소방,최주평,14322,"경기도 광명시 하안로 60 , 제디동 제13층 제디1307호(소하동, 광명테크노파크)",02-804-2710
3148,경기(남),광명시,공사업,전문,(주)우리방재산업,정종현,14223,"경기도 광명시 안양천로502번길 15 , 101호, 102호, 403호, 502-1호(철산동)",02-2066-1262
3149,경기(남),광명시,공사업,전문,(주)태영건설,"최진국,최금락",14345,경기도 광명시 신기로 20 (일직동),02-2090-2490
3150,경기(남),광명시,공사업,전문,동하시티개발(주),윤종사,14344,"경기도 광명시 신기로17번길 11 , 607호(일직동, 센트럴스퀘어)",02-806-6011
3151,경기(남),광명시,공사업,전문,주식회사 엠와이건설,박문영,14202,"경기도 광명시 오리로 986 1001호(광명동,솔목타워)",02-2617-6332
3152,경기(남),광명시,공사업,전문,(주)대원이엔티,박영주,14303,"경기도 광명시 오리로 643 , 제3층 제1-4호(하안동, 석산빌딩)",02-2611-0793
3153,경기(남),광명시,공사업,전문,(주)유진소방공사,유상호,14279,"경기도 광명시 도덕로54번길 4 , 지층(광명동)",02-2682-3483
3154,경기(남),광명시,공사업,일반(전기),(주)대원전기,서정환,14342,경기도 광명시 호봉골길 14-1 (일직동),02-897-0707
3155,경기(남),광명시,공사업,전문,(주)거산이앤지,"이용철,이경화",14322,"경기도 광명시 소하로 190 , 에이동 1206, 1210, 1211, 1212, 1213, 1214, 1215, 1216호(소하동, 광명지타워)",02-846-3119
3156,경기(남),광명시,공사업,전문,우리화재산업(주),김재삼,14322,"경기도 광명시 하안로 60 C동1203호(소하동,광명테크노파크)",02-895-1677
3157,경기(남),광명시,공사업,전문,(주)부신전력,윤영배,14319,"경기도 광명시 하안로 108 , 814호(소하동, 에이스광명타워)",02-858-0835
3158,경기(남),광명시,공사업,전문,한산시피에스(주),강상윤,14322,"경기도 광명시 하안로 60 , 제비동 제비809호, 810호(소하동, 광명테크노파크)",02-408-9559
3159,경기(남),광명시,공사업,전문,(주)아산엠이씨,임재호,14322,"경기도 광명시 하안로 60  (소하동,광명테크노파크비동1101호) ",02-803-0935
3160,경기(남),광명시,공사업,전문,(주)바라이엔지,최봉호,14303,"경기도 광명시 오리로651번길 8 , 제지1층 제비126호(하안동, 현대테라타워)",02-338-3153
3161,경기(남),광명시,공사업,전문,(주)청연이엔지,김석철,14345,"경기도 광명시 양지로 21 , 티타워동 1719호(일직동, 유-플래닛)",02-897-3093
3162,경기(남),광명시,공사업,전문,(주)영일,김은선,14303,"경기도 광명시 오리로 643 , 603호(하안동, 석산빌딩)",02-897-5101
3163,경기(남),광명시,공사업,전문,(주)승진이엔씨,이상철,14214,"경기도 광명시 광일로 70-1 , 1층(철산동)",02-2060-4416
3164,경기(남),광명시,공사업,전문,삼화전력 주식회사,김경희,14203,"경기도 광명시 오리로 1012-1 , 302호(광명동)",02-2611-7339
3165,경기(남),광명시,공사업,일반(기계),광명이앤씨(주),김창호,14308,"경기도 광명시 하안로 228 , 제2동 2층 4호(하안동, 광명시범공단아파트형공장)",02-898-2270
3166,경기(남),광명시,공사업,전문,(주)세진종합이엔씨,박근덕,14307,"경기도 광명시 하안로 254 , 203호(하안동)",02-2617-5377
3167,경기(남),광명시,공사업,전문,주식회사 디씨이엑스,양창훈,14348,"경기도 광명시 새빛공원로 67 , 비1816호(일직동, 광명역자이타워)",02-802-6337
3168,경기(남),광명시,공사업,전문,(주)삼삼종합기술,조성붕,14239,경기도 광명시 디지털로33번길 15  서창빌딩 4층(철산동) ,02-2688-8413
3169,경기(남),광명시,공사업,전문,주식회사 이에스엘,송석재,14348,"경기도 광명시 새빛공원로 67 , 비동 212호(일직동, 광명역자이타워)",02-6299-7738
3170,경기(남),광명시,공사업,전문,(주)신우소방,김경호,14217,경기도 광명시 광삼로13번길 39-1 (광명동),02-6348-2119
3171,경기(남),광명시,공사업,일반(전기),세중이엔지 주식회사,김학건,14240,경기도 광명시 디지털로 13 (철산동),02-2678-8311
3172,경기(남),광명시,공사업,일반(전기),마스타씨스템(주),최돈형,14308,"경기도 광명시 하안로 228 , 413호(하안동, 시범공단)",02-893-9001
3173,경기(남),광명시,공사업,전문,(주)지엠이앤에스,김완섭,14322,"경기도 광명시 하안로 60 , 디-1209(소하동, 광명테크노파크)",02-844-8588
3174,경기(남),광명시,공사업,전문,주식회사 신성이앤지,유병수,14348,"경기도 광명시 일직로 72 , 에이동 901호 902호(일직동, 광명무역센터)",02-6053-7111
3175,경기(남),광명시,공사업,전문,(주)세영통신,고영복,14306,"경기도 광명시 하안로 294-9 , 402호(하안동, 양정빌딩)",02-869-3700
3176,경기(남),광명시,공사업,전문,주식회사 한국소방이엔지,송진호,14303,"경기도 광명시 오리로651번길 5 , 제4층 405호(하안동, 프라임모터스)",02-869-0119
3177,경기(남),광명시,공사업,전문,티엔이엔씨 주식회사,"박헌우,최종수",14348,"경기도 광명시 새빛공원로 67 , 비동 906호, 907호(일직동, 광명역자이타워)",02-6929-2560
3178,경기(남),광명시,공사업,전문,(주)하이앤텍,임세용,14348,"경기도 광명시 새빛공원로 67 , 에이1010호, 에이1011호, 에이1012호(일직동, 광명역자이타워)",02-6269-2272
3179,경기(남),광명시,공사업,전문,수영이앤씨,허수영,14348,"경기도 광명시 일직로 72 , A동 613호(일직동, 광명무역센터)",02-877-2959
3180,경기(남),광명시,공사업,전문,(주) 두리공영,김형수,14306,"경기도 광명시 하안로288번길 4 , 301호(하안동, 신영빌딩)",02-899-4707
3181,경기(남),광명시,공사업,전문,(주)성운티에스피,이지현,14303,"경기도 광명시 범안로 1002 , 907호(하안동, 대광프라자)",02-899-6008
3182,경기(남),광명시,공사업,전문,수호소방,윤수호,14315,"경기도 광명시 소하로 9 , 512동 405호(소하동)",02-898-1190
3183,경기(남),광명시,공사업,전문,주식회사 성한전기건설공사,이수행,14282,"경기도 광명시 도덕로 16 , 지하1층 1호(광명동)",02-2614-5500
3184,경기(남),광명시,공사업,전문,강산이엔씨(주),"정원진,장영수",14348,"경기도 광명시 새빛공원로 67 , 19층 비1904호(일직동, 광명역자이타워)",02-6299-7770
3185,경기(남),광명시,공사업,전문,(주)삼일기술산업,이영남,14303,"경기도 광명시 오리로651번길 8 , 1602호(하안동)",02-3147-4467
3186,경기(남),광명시,공사업,전문,(주)씨앤엔이엔씨,김창제,14303,"경기도 광명시 범안로996번길 6 , 14층 1401호(하안동, 광명티아모아이티타워)",02-899-4274
3187,경기(남),광명시,공사업,전문,(주)하나텍시스템,김승일,14322,"경기도 광명시 하안로 60 , 디동 디1412호, 디1409호, 디1408호(소하동, 광명테크노파크)",02-2083-2688
3188,경기(남),광명시,공사업,전문,(주)씨엔이지에스,이종훈,14322,"경기도 광명시 소하로 190 , 제비1017호,1018호,1019호(소하동, 광명지타워)",031-443-1194
3189,경기(남),광명시,공사업,전문,(주)현대이에프씨,김상덕,14353,"경기도 광명시 덕안로104번길 17 , 1501호(일직동, 광명역엠클러스터)",02-2685-9119
3190,경기(남),광명시,공사업,전문,신영소방,복윤경,14354,"경기도 광명시 일직로99번길 16 , 1층 101호 좌측(일직동)",02-899-6119
3191,경기(남),광명시,공사업,일반(전기),주식회사 대운전력개발,편경혜,14341,"경기도 광명시 가학로15번길 6 , 102호(가학동)",02-899-0404
3192,경기(남),광주시,공사업,전문,일진종합전설(주),"이종웅,임형근",12703,"경기도 광주시 남한산성면 오전길 5 ,",02-452-8140
3193,경기(남),광주시,공사업,전문,(주)성남공영,이지실,12768,경기도 광주시 순암로 385 (중대동),031-761-1511
3194,경기(남),광주시,공사업,전문,(주)삼건이엔지,전강환,12814,경기도 광주시 도척면 국사봉로 27 1층,02-353-5323
3195,경기(남),광주시,공사업,전문,(주)경기기술공사,심민섭,12798,"경기도 광주시 오포읍 매봉재길 37-9 ,",031-765-7771
3196,경기(남),광주시,공사업,전문,하모니씨앤씨(주),박과희,12774,"경기도 광주시 오포로 434-5 , 2층(문형동)",031-767-8555
3197,경기(남),광주시,공사업,전문,(주)동광전기,박상립,12814,경기도 광주시 도척면 국사봉로 115 (),031-765-0280
3198,경기(남),광주시,공사업,전문,재원공영(주),김수겸,12778,경기도 광주시 역동로 105 (역동),031-762-3426
3199,경기(남),광주시,공사업,일반(전기),(주)희광전기,이영준,12774,"경기도 광주시 오포읍 오포로 589-9 ,",031-719-7910
3200,경기(남),광주시,공사업,전문,풍림건설 주식회사,노응규,12773,경기도 광주시 능평로 180 (능평동),02-528-6527
3201,경기(남),광주시,공사업,전문,(주)대성이엔지,배종진,12730,"경기도 광주시 초월읍 양지길 34-15 ,",031-767-3352
3202,경기(남),광주시,공사업,전문,(주)천우산업,최성준,12767,"경기도 광주시 삼지곡길 12-4 , 에이동 지1층 비02호(삼동)",031-797-5369
3203,경기(남),광주시,공사업,전문,주식회사 보광엔지니어링,"박서원,홍동기",12798,"경기도 광주시 오포읍 성들길 94 ,",031-764-4364
3204,경기(남),광주시,공사업,전문,주식회사 파인우드,최종열,12739,"경기도 광주시 중앙로 320 , 2층 203호(송정동, 설우빌딩)",031-735-1926
3205,경기(남),광주시,공사업,전문,(주)케이엠에스,김용한,12767,경기도 광주시 고불로 458 (삼동),031-763-3119
3206,경기(남),광주시,공사업,전문,광명전기(주),전미경,12767,경기도 광주시 순암로492번길 42-1  (삼동) ,031-763-8631
3207,경기(남),광주시,공사업,전문,한국산업써비스(주),"조영기,조산현",12798,경기도 광주시 오포읍 매자리길 68-39 (매산리),031-767-1986
3208,경기(남),광주시,공사업,전문,(주)나우스넷,오승탁,12782,경기도 광주시 고불로279번길 22 (태전동),02-710-0988
3209,경기(남),광주시,공사업,전문,라인비엔텍(주),성복희,12744,경기도 광주시 중앙로175번길 4 (송정동),031-765-2565
3210,경기(남),광주시,공사업,전문,(주)한성소방이앤씨,신동훈,12790,"경기도 광주시 오포읍 포은대로 433 ,",031-761-9119
3211,경기(남),광주시,공사업,전문,(주)새누리소방,안상호,12739,경기도 광주시 중앙로 327-3   2층(송정동),031-798-7330
3212,경기(남),광주시,공사업,전문,(주)수화엔지니어링,최도신,12747,경기도 광주시 탄벌길46번길 16 (탄벌동),031-768-8119
3213,경기(남),광주시,공사업,전문,(합)부원전기,"김용민,김철수",12739,"경기도 광주시 광주대로 208 , 205호(송정동)",070-7609-0771
3214,경기(남),광주시,공사업,전문,(주)대명전설,김진숙,12768,경기도 광주시 순암로 385 (중대동),031-761-1711
3215,경기(남),광주시,공사업,전문,창조방재시스템(주),이종수,12805,"경기도 광주시 곤지암읍 경충대로 661 ,3층(삼리,삼은빌딩)",031-767-8871
3216,경기(남),광주시,공사업,전문,선백송전기(주),"이진순,민중원",12729,경기도 광주시 초월읍 지월로 130-21 (),031-765-3038
3217,경기(남),광주시,공사업,전문,주식회사 선진소방기술,이복식,12798,경기도 광주시 양벌로353번길 17-24 (양벌동),031-762-9333
3218,경기(남),광주시,공사업,전문,주식회사 칸라이팅,곽광호,12766,경기도 광주시 회덕길68번길 38 (회덕동),031-797-0080
3219,경기(남),광주시,공사업,전문,주식회사 올바로,이승현,12773,"경기도 광주시 오포읍 창뜰윗길 21-11 , 2층",031-717-3119
3220,경기(남),광주시,공사업,전문,우리소방 주식회사,권주희,12786,"경기도 광주시 태봉로13번길 26 , 1층(장지동)",031-797-3119
3221,경기(남),광주시,공사업,전문,두승전력 주식회사,정숙희,12727,경기도 광주시 곤지암읍 만삼로 330 .,02-597-5288
3222,경기(남),광주시,공사업,전문,(주)에이치앤제이이엔씨,이종남,12770,경기도 광주시 목동길36번길 11-1 (목동),031-762-2772
3223,경기(남),광주시,공사업,전문,(주)수성전기,이영곤,12758,"경기도 광주시 중앙로 108 , 7층(경안동, 스타타워)",031-769-4375
3224,경기(남),광주시,공사업,전문,주식회사 도원에너지,김범상,12746,"경기도 광주시 회안대로 839 , 2층 202호(송정동)",031-792-2742
3225,경기(남),광주시,공사업,전문,주식회사 혜성이엔디,"강동운,선영옥",12790,경기도 광주시 오포안로 242 (추자동),031-769-8240
3226,경기(남),광주시,공사업,전문,주식회사 도솔방재,조현철,12767,"경기도 광주시 경충대로 2221 , 3층 301호(삼동, 준빌딩)",031-765-2119
3227,경기(남),광주시,공사업,전문,주식회사 하나소방엔지니어링,안승원,12768,"경기도 광주시 텃골길24번길 3 , 1층(중대동)",031-766-6119
3228,경기(남),광주시,공사업,전문,주식회사 우주이엔지,박상호,12783,경기도 광주시 옥토골길 80-8 (태전동),031-765-0435
3229,경기(남),광주시,공사업,일반(전기),(주)우양계전,허용범,12736,경기도 광주시 초월읍 도곡길22번길 11-46 .,031-768-1332
3230,경기(남),광주시,공사업,전문,경성소방전기 주식회사,이중복,12793,"경기도 광주시 오포읍 양벌로 169 , 1층",031-765-9119
3231,경기(남),광주시,공사업,전문,(주)우리전력,김환용,12705,경기도 광주시 남한산성면 해공로 47 .,031-797-2204
3232,경기(남),군포시,공사업,전문,(주)대주이엔지,김준수,15865,"경기도 군포시 산본로323번길 16-29  705호(산본동,청송프라자)",031-394-6831
3233,경기(남),군포시,공사업,전문,우성전자(주),송해영,15849,경기도 군포시 산본로 85-16  (당정동),031-452-6606
3234,경기(남),군포시,공사업,전문,디에이치아이(주),전준배,15848,경기도 군포시 공단로 93-17 (당동),031-399-2792
3235,경기(남),군포시,공사업,전문,(주)대림이앤씨,"황경규,정주영",15851,경기도 군포시 당정역로38번길 17 (당정동),031-451-6119
3236,경기(남),군포시,공사업,전문,(주)영전사,김명호,15888,경기도 군포시 건건로 243-2 (대야미동),031-457-8286
3237,경기(남),군포시,공사업,일반(전기),보흥전기,박제균,15853,"경기도 군포시 한세로56번길 9  (당정동,보흥빌딩)",031-454-0610
3238,경기(남),군포시,공사업,전문,(주)소스텔,안현준,15809,"경기도 군포시 공단로 284  501호(금정동,한림벤처타운)",031-455-9002
3239,경기(남),군포시,공사업,전문,한일테크(주),이민구,15835,"경기도 군포시 번영로550번길 23  201호,207호(금정동,주공1단지상가동)",031-395-1300
3240,경기(남),군포시,공사업,전문,(주)세호이엔씨,최을용,15885,"경기도 군포시 송부로 82 , 308호(도마교동, 더드림4)",031-459-3563
3241,경기(남),군포시,공사업,전문,(주)삼성화재경보기,전준현,15809,경기도 군포시 흥안대로27번길 25-1  (금정동) ,031-453-0009
3242,경기(남),군포시,공사업,전문,주식회사 유엔에이엔지니어링,강명훈,15845,"경기도 군포시 공단로 149 701(당동,군포아이밸리)",070-7877-1727
3243,경기(남),군포시,공사업,전문,(주)진흥이엔지,김용진,15828,"경기도 군포시 번영로561번길 5 (금정동,신라빌딩3층)",1661-1354
3244,경기(남),군포시,공사업,전문,장일기업 주식회사,이범혁,15888,경기도 군포시 군포로 109-20 (대야미동),031-437-3839
3245,경기(남),군포시,공사업,전문,(주)삼주이앤지,"김대영,박진희",15880,"경기도 군포시 번영로28번길 37-12 , 402-1호(부곡동, 거성프라자1)",031-341-1190
3246,경기(남),군포시,공사업,전문,(주)에이원방재산업,조보훈,15829,"경기도 군포시 산본로324번길 8 , 206호(금정동, 동영센트럴타워)",031-393-0042
3247,경기(남),군포시,공사업,전문,에스엠자산개발 주식회사,김종민,435-040,경기도 군포시 산본동 1231,031-341-3000
3248,경기(남),군포시,공사업,전문,금호전기조명(주),김미숙,15811,경기도 군포시 당산로192번길 2 (금정동),031-394-0780
3249,경기(남),군포시,공사업,전문,한림종합건설(주),"양영석,신동표",15847,"경기도 군포시 공단로124번길 23 , 15층(당정동, 한림에스타워)",031-448-9925
3250,경기(남),군포시,공사업,전문,경인엔지니어링(주),정재원,15880,"경기도 군포시 군포첨단산업2로 3 , 402호(부곡동, 베스트빌딩)",031-689-3081
3251,경기(남),군포시,공사업,전문,금호전력 주식회사,박영균,15847,"경기도 군포시 공단로124번길 23 , 제3층 제304호(당정동, 한림에스타워)",031-429-5502
3252,경기(남),군포시,공사업,전문,엘에스빌드윈(주),김승환,15845,"경기도 군포시 공단로140번길 27 , 엘에스전선 연구소 4층(당정동)",031-361-2250
3253,경기(남),군포시,공사업,전문,주식회사 청강이연기술,이국연,15849,경기도 군포시 당정로28번길 17 (당정동),070-5088-2907
3254,경기(남),군포시,공사업,전문,주식회사 한솔화이어텍,김수연,15886,"경기도 군포시 대야2로 35 , 207호(대야미동, 천봉프라자)",031-8042-6119
3255,경기(남),군포시,공사업,전문,주식회사 대광전기소방,유대성,15837,"경기도 군포시 산본로234번안길 20-1 , 2층 202호(당동)",031-429-5559
3256,경기(남),군포시,공사업,전문,(주)일호,정재란,15813,"경기도 군포시 번영로 617 , 201호(금정동, 오성푸르메아파트)",031-453-3119
3257,경기(남),김포시,공사업,전문,(주)상신,주영조,10099,경기도 김포시 감암로 83  2층(걸포동),031-982-1221
3258,경기(남),김포시,공사업,전문,(주)동남전기,이재득,10030,경기도 김포시 통진읍 가현로 257-14 .,031-987-5123
3259,경기(남),김포시,공사업,전문,(주)예인일렉컴,김창배,10110,"경기도 김포시 김포대로 839 607호(사우동,보보스프라자)",031-976-1424
3260,경기(남),김포시,공사업,전문,(주)다인전설,박혜숙,10101,"경기도 김포시 북변1로16번길 37 , 202호(북변동)",031-8049-6688
3261,경기(남),김포시,공사업,전문,(주)연훈,박정호,10124,"경기도 김포시 고촌읍 은행영사정로51번길 53-26 , 1층",031-998-8799
3262,경기(남),김포시,공사업,전문,필성건설(주),유순길,10066,"경기도 김포시 김포한강8로218번길 24 , 401호(마산동, 성진프라자)",031-990-0409
3263,경기(남),김포시,공사업,전문,(주)국제이앤지,김명숙,10113,경기도 김포시 풍무로 234  (사우동) 길훈상가 201호,031-986-8358
3264,경기(남),김포시,공사업,일반(전기),현흥전설(주),안흥철,10126,"경기도 김포시 고촌읍 장차로5번길 5-25 , 5층 568호(엔타운)",02-391-0300
3265,경기(남),김포시,공사업,전문,(주)푸른이엔지,박태완,10111,"경기도 김포시 사우중로74번길 7 611호(사우동,제이펠리스)",031-983-1192
3266,경기(남),김포시,공사업,전문,엔케이전기(주),양남규,10063,"경기도 김포시 김포한강4로420번길 30 , 10층 1027호(구래동, 한강비즈나인 지식산업센터)",02-861-4913
3267,경기(남),김포시,공사업,전문,공단테크(주),이보형,10090,"경기도 김포시 태장로 765 , 342호, 343호(장기동, 금광테크노밸리 지식산업센터)",032-329-0119
3268,경기(남),김포시,공사업,전문,(주)대성전설,이승훈,10010,경기도 김포시 통진읍 월하로519번길 34 에이동(귀전리),031-987-0401
3269,경기(남),김포시,공사업,일반(전기),(주)성업전기,김재석,10044,경기도 김포시 양촌읍 서현로 45 (유현리),031-986-1771
3270,경기(남),김포시,공사업,전문,주식회사 태경소방,강석민,10064,경기도 김포시 양촌읍 모산로13번길 34 .,02-3667-2119
3271,경기(남),김포시,공사업,전문,(주)서원이에프씨,김현모,10110,경기도 김포시 김포대로 839  (사우동) 보보스프라자 607호,031-976-1521
3272,경기(남),김포시,공사업,전문,(주)김포전력,여은구,10011,경기도 김포시 하성면 월하로 706-41 (원산리),031-986-3136
3273,경기(남),김포시,공사업,전문,교림건설(주),강민재,10109,"경기도 김포시 사우중로11번길 39 , 201호(사우동)",031-981-9660
3274,경기(남),김포시,공사업,전문,(주)쎄미이엔지,강석영,10126,"경기도 김포시 고촌읍 장차로5번길 5-25 , 603호(엔타운)",031-8049-0611
3275,경기(남),김포시,공사업,전문,(주)우리전기공사,최용진,10047,경기도 김포시 양촌읍 황금로 6-6 (대포리),031-998-9420
3276,경기(남),김포시,공사업,전문,두흥기업(주),김미홍,10011,경기도 김포시 애기봉로806번길 49 (외1),031-983-1211
3277,경기(남),김포시,공사업,전문,(주)대명엠이씨,김효승,10030,경기도 김포시 통진읍 마송2로104번길 167-12 .,031-986-0704
3278,경기(남),김포시,공사업,전문,주식회사 태운소방설비,오재섭,10009,경기도 김포시 통진읍 고정1로82번길 30-35 .,031-998-5374
3279,경기(남),김포시,공사업,전문,다올에이스 주식회사,이수복,10090,"경기도 김포시 태장로 765 , 419호(장기동)",031-992-3050
3280,경기(남),김포시,공사업,전문,주식회사 법흥전기,원혜영,10044,경기도 김포시 대곶면 대명항로205번길 99 (),070-4165-9341
3281,경기(남),김포시,공사업,전문,(주)아이에프이엔지,이하전,10090,"경기도 김포시 태장로 755 , 지하1층 비108호(장기동, 김포지타워지식산업센터)",031-5175-7713
3282,경기(남),김포시,공사업,전문,(주)민성이엘씨,문상금,10013,경기도 김포시 하성면 봉성로 143-2 .,031-996-5257
3283,경기(남),김포시,공사업,전문,(주)김포방재,홍성일,10014,"경기도 김포시 통진읍 하성로 55-48 ,",031-981-1178
3284,경기(남),김포시,공사업,전문,한강방재(주),박득순,10090,"경기도 김포시 태장로 789 , 665호(장기동, 금광하이테크시티)",031-987-7119
3285,경기(남),김포시,공사업,전문,주식회사 서원방재,이지호,10013,"경기도 김포시 하성면 봉성로159번길 105-12 ,1동,2동",031-984-1191
3286,경기(남),김포시,공사업,전문,(주)선한이앤씨,심선실,10109,"경기도 김포시 봉화로 9-23 , 401호(사우동)",031-981-7726
3287,경기(남),김포시,공사업,전문,(주)원준이앤씨 (E＆C),정은희,10126,"경기도 김포시 고촌읍 고송로 20 , 4층전부",031-982-6119
3288,경기(남),김포시,공사업,전문,(주)범양건설,장천섭,10012,"경기도 김포시 하성면 월하로 770 , 2층 201호",070-4907-1761
3289,경기(남),김포시,공사업,전문,동우건설(주),박영규,10126,"경기도 김포시 고촌읍 고송로 36 ,",031-984-4422
3290,경기(남),김포시,공사업,전문,(주)신성건설,주성종,10124,경기도 김포시 고촌읍 신곡로 104 1층(신곡리),031-985-7403
3291,경기(남),김포시,공사업,전문,주식회사 금적,전숙옥,10099,"경기도 김포시 감암로 79 , 2호 3층(걸포동, 성암하우스)",031-982-1229
3292,경기(남),김포시,공사업,전문,주식회사 지에프아이,이상섭,10048,"경기도 김포시 양촌읍 황금3로39번길 20-42 ,",070-4493-8076
3293,경기(남),김포시,공사업,전문,성영소방설비 주식회사,김찬기,10063,"경기도 김포시 김포한강5로 321 , 제5층 534호(구래동)",031-8049-0169
3294,경기(남),김포시,공사업,전문,(주)삼인이엔지,김지한,10136,"경기도 김포시 고촌읍 아라육로 36 , 103호",031-981-0888
3295,경기(남),김포시,공사업,전문,주식회사 은현,김창환,10072,경기도 김포시 김포대로1518번길 16-18 (운양동),031-981-0752
3296,경기(남),김포시,공사업,전문,(주)세영전력,김정숙,10049,"경기도 김포시 양촌읍 황금산단7로 18 ,",031-997-0600
3297,경기(남),김포시,공사업,전문,신흥산업 주식회사,전재문,10044,경기도 김포시 양촌읍 서현로 41-26 .,032-672-5583
3298,경기(남),김포시,공사업,전문,(주)부경이앤지,김미숙,10090,"경기도 김포시 태장로 765 , 539호(장기동, 금광테크노밸리)",031-967-3119
3299,경기(남),김포시,공사업,전문,주식회사 제이에이치에너지건설,박승호,10124,경기도 김포시 고촌읍 신곡로 124 .,031-8049-3830
3300,경기(남),김포시,공사업,일반(전기),주식회사 동인이엔지,박동배,10090,"경기도 김포시 태장로795번길 23 , 1층 알141호(장기동, 김포마스터비즈파크)",032-719-2304
3301,경기(남),김포시,공사업,전문,주식회사 재우전력,최용준,10064,"경기도 김포시 양촌읍 모산로13번길 44 , 가동",031-986-6153
3302,경기(남),김포시,공사업,일반(기계),(주)중앙에너지,김학서,10055,"경기도 김포시 양촌읍 김포대로1685번길 76 ,",1577-5488
3303,경기(남),김포시,공사업,전문,주식회사 원준소방,정태화,10126,"경기도 김포시 고촌읍 고송로 20 , 2층",070-4787-6119
3304,경기(남),부천시,공사업,전문,이레소방건설(주),차윤옥,14612,"경기도 부천시 원미구 신흥로 93  3층(심곡동,영우빌딩)",032-651-6012
3305,경기(남),부천시,공사업,전문,(주)엔제이이앤씨,김미경,14501,"경기도 부천시 오정구 삼작로 22 , 101동 907호(삼정동,부천테크노파크)",032-674-0404
3306,경기(남),부천시,공사업,전문,기건공영(주),김성훈,14544,"경기도 부천시 원미구 소향로 29  (상동,그린프라자704호)",032-326-5080
3307,경기(남),부천시,공사업,전문,삼정기전(주),정태득,14786,"경기도 부천시 양지로 237 , 1062호(옥길동, 광양프런티어밸리 5차)",032-666-0966
3308,경기(남),부천시,공사업,일반(전기),아함전자,양영석,14557,경기도 부천시 조마루로385번길 45 (춘의동),032-611-6426
3309,경기(남),부천시,공사업,전문,(주)동영건설,정연국,14539,"경기도 부천시 원미구 신흥로 223 , 제17층 101동 1713호(중동, 신중동역랜드마크푸르지오시티)",032-326-2070
3310,경기(남),부천시,공사업,전문,화영일렉콤(주),허영,14413,"경기도 부천시 오정구 소사로862번길 39 , 101호(원종동, 화영팰리스)",032-681-0898
3311,경기(남),부천시,공사업,전문,(주)다우소방전기공사,이준철,14754,경기도 부천시 소사구 경인로 328-2  (소사본동) ,032-347-0401
3312,경기(남),부천시,공사업,전문,한화이엔지(주),조길동,14543,"경기도 부천시 상동로117번길 37 , 603호(상동, 진성프라자)",032-545-7119
3313,경기(남),부천시,공사업,전문,주식회사 이래엠이씨,김미자,14552,경기도 부천시 원미구 부천로209번길 41 (춘의동),032-665-8154
3314,경기(남),부천시,공사업,전문,(주)성록이엔지,황영주,14548,"경기도 부천시 원미구 중동로254번길 36 907호(중동,하이베라스빌딩)",032-327-7731
3315,경기(남),부천시,공사업,전문,(주)도시방재,현석길,14558,"경기도 부천시 원미로 185 , 201호(원미동, 태강시티)",032-652-1919
3316,경기(남),부천시,공사업,전문,주식회사 문연전기,곽창우,14558,"경기도 부천시 조마루로385번길 92 , 925호(원미동, 부천테크노밸리 유1센터)",032- 671-2053
3317,경기(남),부천시,공사업,전문,(주)동성엔지니어링,한천우,14642,"경기도 부천시 부일로 519 , 305호(심곡동)",032-656-0733
3318,경기(남),부천시,공사업,전문,(주)거륜에너텍,박기환,14621,"경기도 부천시 원미구 부일로 287-26 (상동,우성빌딩 401호)",032-653-8971
3319,경기(남),부천시,공사업,전문,동일전업사,김명래,14786,"경기도 부천시 양지로 205 , 718호(옥길동, 부천옥길 서영아너시티2)",032-651-5567
3320,경기(남),부천시,공사업,전문,우정설비건설(주),김용희,14610,"경기도 부천시 원미구 부흥로272번길 38 , 1호(중동)",032-663-1269
3321,경기(남),부천시,공사업,전문,(주)거산지엔에스,이용순,14629,경기도 부천시 원미구 신흥로 106 (심곡동),032-657-5850
3322,경기(남),부천시,공사업,전문,(주)부천방재,설동헌,14558,"경기도 부천시 원미로 185 ,301호(원미동,태강씨티)",032-668-6100
3323,경기(남),부천시,공사업,전문,(주)경원소방,김혜옥,14612,경기도 부천시 원미구 신흥로 85-1  (심곡동) ,032-655-1190
3324,경기(남),부천시,공사업,전문,(주)백천전기건설,조현식,14694,경기도 부천시 소사구 경인옛로38번길 41-1  (소사본동),032-666-1045
3325,경기(남),부천시,공사업,일반(전기),대아티아이(주),최진우,14490,경기도 부천시 오정구 수도로 139  (내동),032-680-0800
3326,경기(남),부천시,공사업,전문,(주)신우방재,송인섭,14614,경기도 부천시 원미구 장말로 286  (심곡동) ,032-667-1119
3327,경기(남),부천시,공사업,전문,경인소방이엔지,오수현,14441,"경기도 부천시 오정구 산업로7번길 31 , 2층 사무실 일부(오정동)",032-656-6119
3328,경기(남),부천시,공사업,전문,태진소방공사,주오영,14593,"경기도 부천시 상이로85번길 22 , 1층(상동)",032-325-1190
3329,경기(남),부천시,공사업,전문,드림네트웍스(주),조정하,14503,"경기도 부천시 원미구 평천로 597 (상동,부천자동차백화점빌딩4층)",070-7327-9230
3330,경기(남),부천시,공사업,전문,(주)바른소방이엔지,김현철,14746,"경기도 부천시 성주로 138 , 2층(송내동)",032-661-1190
3331,경기(남),부천시,공사업,전문,(주)서원방재,이상희,14517,경기도 부천시 원미구 신흥로 337 (도당동),032-674-1191
3332,경기(남),부천시,공사업,전문,덕진개발 주식회사,이재학,14544,"경기도 부천시 원미구 소향로13번길 28-14 , 606호 중 625호(상동, 맘모스타워)",032-323-0104
3333,경기(남),부천시,공사업,전문,으뜸방재ENG,이성학,14556,"경기도 부천시 조마루로385번길 122 , B151호(춘의동, 삼보테크노타워)",070-7842-8810
3334,경기(남),부천시,공사업,전문,주식회사 테크로스워터앤에너지,윤혁노,14523,경기도 부천시 도약로 261 (도당동),032-680-0500
3335,경기(남),부천시,공사업,전문,부경이엔씨,박정년,14567,"경기도 부천시 원미구 조마루로 422 , 4층(원미동,궁빌딩4층)",032-666-2231
3336,경기(남),부천시,공사업,전문,국제소방,박용배,14730,"경기도 부천시 송내대로30번길 84-9 , 1층 1호(송내동)",032-665-1119
3337,경기(남),부천시,공사업,전문,(주)그리너스,조선환,14556,"경기도 부천시 조마루로385번길 122 , 1712호(춘의동, 삼보테크노타워)",032-212-3221
3338,경기(남),부천시,공사업,전문,(주)제이에스방재,백지석,14556,경기도 부천시 원미구 조마루로385번길 122  (춘의동) 삼보테크노타워 1708호,032-656-7180
3339,경기(남),부천시,공사업,전문,(주)서왕이노베이션,이원선,14549,"경기도 부천시 신흥로 178 , 302동 2203호(중동, 위브더스테이트)",02-308-5108
3340,경기(남),부천시,공사업,전문,삼성소방설비,문광식,14567,경기도 부천시 조마루로398번길 33 (원미동),032-657-5432
3341,경기(남),부천시,공사업,전문,이원이앤이 주식회사,신찬균,14470,"경기도 부천시 삼작로496번길 10-8 , 1층(작동)",032-715-6221
3342,경기(남),부천시,공사업,전문,주식회사 케이에스파워,김소연,14543,"경기도 부천시 길주로77번길 19-45 , 527호(상동, 대덕디아뜨갤러리4차)",032-328-3565
3343,경기(남),부천시,공사업,전문,주식회사 제이디방재,최정균,14786,"경기도 부천시 양지로 237 , 812호(옥길동, 광양프런티어밸리5차)",02-6080-0119
3344,경기(남),부천시,공사업,전문,세영플러스 주식회사,이준엽,14501,"경기도 부천시 삼작로 22 , 103동 805호(삼정동, 부천테크노파크)",070-7730-6018
3345,경기(남),부천시,공사업,전문,(주)득성전기,전득수,14608,"경기도 부천시 중동로147번길 34 , 1층 101호(중동)",032-668-8582
3346,경기(남),부천시,공사업,전문,주식회사 하나이엔지,김고천,14542,"경기도 부천시 송내대로265번길 37 , 702호(상동, 아름다운프라자)",032-329-0441
3347,경기(남),부천시,공사업,전문,소백전설 주식회사,김금숙,14519,"경기도 부천시 수도로 86 , 703호(도당동, 에스비타워)",032-664-5137
3348,경기(남),부천시,공사업,전문,주식회사 소방지인,임미정,14544,"경기도 부천시 소향로 25 , 603호(상동, 서해프라자)",032-710-9119
3349,경기(남),부천시,공사업,일반(전기),(주)리더스테크,육근창,14487,경기도 부천시 부천로298번길 20 (도당동),032-611-2119
3350,경기(남),부천시,공사업,전문,(주)다온전력,김현실,14476,"경기도 부천시 역곡로324번길 56 , 에이동 101호(작동, 비오스타운)",032-225-4398
3351,경기(남),부천시,공사업,전문,주식회사 건일이엔지,문희준,14548,"경기도 부천시 중동로254번길 64 , 203호(중동, 신일아르디세)",032-652-4059
3352,경기(남),부천시,공사업,전문,주식회사 남전엔지니어링,박영주,14566,"경기도 부천시 조마루로386번길 43 , 304호(원미동)",032-673-2456
3353,경기(남),부천시,공사업,전문,(주)경인소방,남연화,14598,"경기도 부천시 원미구 송내대로73번길 46 , 403호, 404호(상동, 대양훼미리코아)",032-325-1119
3354,경기(남),부천시,공사업,전문,주식회사 도솔방재,유승국,14502,"경기도 부천시 원미구 송내대로 388 , 200동 307호(약대동, 부천테크노파크)",032-321-6119
3355,경기(남),부천시,공사업,전문,주식회사 피디씨에이,김희중,14610,"경기도 부천시 부흥로272번길 38 , 101호(중동)",070-7700-9050
3356,경기(남),부천시,공사업,전문,주식회사 경원이앤씨,오명숙,14544,"경기도 부천시 소향로 13 , 407호(상동, 태영메디컬)",032-328-0025
3357,경기(남),부천시,공사업,전문,주식회사 일신테크,신종한,14556,"경기도 부천시 조마루로385번길 122 , 1220호,1221호(춘의동, 삼보테크노타워)",032-675-6400
3358,경기(남),부천시,공사업,일반(전기),출동전기공사,이학도,14728,"경기도 부천시 경인로 56 , 지하1층 일부(송내동, 동원빌딩)",032-342-0002
3359,경기(남),부천시,공사업,전문,대영엠이씨 주식회사,이달용,14668,"경기도 부천시 역곡로 38 , 3층(역곡동)",032-351-8583
3360,경기(남),부천시,공사업,전문,금하이앤씨 주식회사,이정안,14759,"경기도 부천시 소사구 은성로38번길 50 , 1층 101호,102호(소사본동, 더탑50아파트)",032-347-1204
3361,경기(남),부천시,공사업,전문,주식회사 라인소방,김원,14724,"경기도 부천시 경인로 163 , 신세계드림빌딩동 201호(송내동)",032-611-0119
3362,경기(남),부천시,공사업,전문,나노방재산업 주식회사,오양신,14733,경기도 부천시 소사구 성주로 79 (송내동),032-612-2119
3363,경기(남),부천시,공사업,전문,주식회사 광명씨앤씨,변주일,14557,"경기도 부천시 부천로198번길 18 , 201동 1304호(춘의동, 춘의테크노파크2차)",032-623-8111
3364,경기(남),부천시,공사업,전문,알케이(RK)전력,류형욱,14409,"경기도 부천시 고리울로74번길 31-2 , 1층 정면으로 두번째 가게(고강동)",02-2692-9035
3365,경기(남),부천시,공사업,전문,대영이앤지 주식회사,이수영,14673,"경기도 부천시 원미구 역곡로1번길 10 , 201호(역곡동)",032-351-8583
3366,경기(남),부천시,공사업,전문,주식회사 대호이엔씨,김영숙,14457,"경기도 부천시 부천로436번길 69 , 나동 2층(내동)",032-671-0119
3367,경기(남),부천시,공사업,전문,(주)엠디텍,권혁돈,14485,"경기도 부천시 소사로 639 , 상가동 103호(여월동, 여월휴먼시아)",032-209-1529
3368,경기(남),부천시,공사업,전문,주식회사 현진이엔지,김수현,14496,"경기도 부천시 삼작로60번길 43 , (삼정동)",032-683-1378
3369,경기(남),부천시,공사업,전문,주식회사 에스티엔,이지운,14531,경기도 부천시 정주로 48 (도당동),02-2088-1662
3370,경기(남),부천시,공사업,전문,주식회사 정목이엔지,이정우,14676,"경기도 부천시 경인로 519 , 제지하층제107호(괴안동, 역곡프라자)",070-8691-4709
3371,경기(남),부천시,공사업,전문,(주)전원테크,임종천,14501,"경기도 부천시 석천로 345 , 303동 501호-506호(삼정동, 부천테크노파크)",032-321-8134
3372,경기(남),부천시,공사업,전문,주식회사 이지소방,박현수,14544,"경기도 부천시 원미구 소향로13번길 28-14 , 제7층 제709호(상동, 맘모스타워)",032-324-1113
3373,경기(남),부천시,공사업,전문,주식회사 컴피아이엔씨,김옥기,14786,"경기도 부천시 옥길로 124 , 씨동 515호(옥길동, 문영퀸즈파크)",02-6952-7775
3374,경기(남),부천시,공사업,전문,(주)한울,조성일,14548,"경기도 부천시 중동로254번길 36 , 303호(중동, 하이베라스)",032-271-7872
3375,경기(남),부천시,공사업,전문,주식회사 경기기공,"김남선,황규상",14623,"경기도 부천시 상일로 120 , 1008호(상동)",032-518-9377
3376,경기(남),부천시,공사업,전문,주식회사 대륙,이원경,14501,"경기도 부천시 오정구 석천로 345 , 304동 902호(삼정동, 부천테크노파크)",032-327-4275
3377,경기(남),부천시,공사업,전문,(주)예성전력,이승우,14532,"경기도 부천시 정주로14번길 4 , 1층 101호(도당동, 데오스힐)",032-214-6049
3378,경기(남),부천시,공사업,전문,주식회사 거성전기,오병권,14406,"경기도 부천시 고리울로51번길 56 , 2층(고강동)",032-683-7799
3379,경기(남),부천시,공사업,전문,주식회사 에이치원이엔지,조정현,14786,"경기도 부천시 옥길로 110-11 , 815호(옥길동, 오앤에스골드타워)",070-4798-1853
3380,경기(남),성남시,공사업,전문,(주)창성에이스산업,"이의용,김영용",13486,"경기도 성남시 분당구 판교로 253 , 씨동 304호(삼평동, 판교이노밸리)",031-781-1400
3381,경기(남),성남시,공사업,전문,탑이엔지(주),이승주,13569,"경기도 성남시 분당구 성남대로762번길 7 , 4층(이매동)",031-703-3340
3382,경기(남),성남시,공사업,전문,(주)하이맥스,김강호,13229,"경기도 성남시 중원구 둔촌대로 484  115(상대원동,시콕스타워)",031-742-1190
3383,경기(남),성남시,공사업,전문,성남소방전기(주),권형용,13350,"경기도 성남시 수정구 공원로339번길 22 , 1층(신흥동)",031-745-4477
3384,경기(남),성남시,공사업,일반(전기),(주)건우전력건설,박태규,13272,"경기도 성남시 수정구 산성대로 331  608호(신흥동,한신프라자)",031-730-2500
3385,경기(남),성남시,공사업,전문,(주)아이에스전력,김미숙,13631,"경기도 성남시 분당구 탄천상로 164 A-735(구미동,시그마2오피스텔)",031-607-2511
3386,경기(남),성남시,공사업,전문,(주)하나방재이엔지,오동근,13114,"경기도 성남시 수정구 복정로118번길 42 , 101호(복정동)",031-751-4491
3387,경기(남),성남시,공사업,전문,(주)창원기전,"김귀범,이지수",13497,"경기도 성남시 분당구 야탑로81번길 10  6층 613호(야탑동,분당아미고타워)",031-637-6801
3388,경기(남),성남시,공사업,전문,(주)에프앤피이엔지,김용구,13201,"경기도 성남시 중원구 갈마치로 302 , 10층 비-1008호(상대원동, 성남우림라이온스밸리5차)",031-731-1972
3389,경기(남),성남시,공사업,전문,(주)에스피엔이,이정임,13101,경기도 성남시 수정구 신촌로 37 (신촌동),02-517-4213
3390,경기(남),성남시,공사업,전문,(주)대한이엔씨,이희숙,13229,"경기도 성남시 중원구 둔촌대로 484 , 218호(상대원동, 시콕스타워)",031-755-9114
3391,경기(남),성남시,공사업,전문,영동건업(주),김석환,13385,경기도 성남시 중원구 마지로 7  (하대원동) ,031-755-3558
3392,경기(남),성남시,공사업,전문,태극IBA(주),"김용서,이진엽",13516,"경기도 성남시 분당구 판교로 700 E동 702호(야탑동, 분당테크노파크)",031-705-8566
3393,경기(남),성남시,공사업,전문,한일개발(주),박진규,13497,경기도 성남시 분당구 야탑로81번길 16 (야탑동),031-704-1700
3394,경기(남),성남시,공사업,전문,주식회사 금탑,유형순,13388,"경기도 성남시 중원구 원터로38번길 18 , 101호(하대원동)",031-757-0424
3395,경기(남),성남시,공사업,전문,(주)대한안전기술공사,"김대학,한선",13504,경기도 성남시 분당구 벌말로39번길 14  (야탑동),031-781-4904
3396,경기(남),성남시,공사업,전문,(주)홍익엔지니어링,정종익,13219,"경기도 성남시 중원구 둔촌대로457번길 27 1303호(상대원동,성남우림라이온스밸리1차)",031-757-1061
3397,경기(남),성남시,공사업,전문,(주)도원방재,"김근배,신근배",13446,경기도 성남시 수정구 사송로 65 (사송동),031-626-2834
3398,경기(남),성남시,공사업,전문,(주)오르비스,소수일,13204,경기도 성남시 중원구 순환로226번길 14  7층,031-739-6100
3399,경기(남),성남시,공사업,전문,조영일렉컴(주),김용곤,13591,경기도 성남시 분당구 황새울로360번길 21   신영타워 11층(서현동),031-705-5005
3400,경기(남),성남시,공사업,전문,베솜 주식회사,하천용,13558,"경기도 성남시 분당구 성남대로331번길 8 , 601호 (정자동, 인텔리지1킨스타워)",031-712-1375
3401,경기(남),성남시,공사업,전문,하나전력(주),소재식,13229,"경기도 성남시 중원구 둔촌대로 484 , 912호(상대원동, 시콕스타워)",031-758-7799
3402,경기(남),성남시,공사업,전문,(주)동우방재,김재모,13209,"경기도 성남시 중원구 사기막골로45번길 14 , 비-1203(상대원동, 성남우림라이온스밸리2차)",031-726-7119
3403,경기(남),성남시,공사업,전문,(주)오렌지이앤씨,"강병길,강용문",13558,"경기도 성남시 분당구 성남대로331번길 8  502호(정자동,킨스타워)",031-711-8114
3404,경기(남),성남시,공사업,전문,래미안건설(주),김용만,13477,"경기도 성남시 분당구 운중로 239 , 701호(판교동, 도메인타워)",031-715-4600
3405,경기(남),성남시,공사업,전문,다림건설(주),이계영,13506,"경기도 성남시 분당구 장미로 86  6층(야탑동,이코샤르망1) ",031-725-6700
3406,경기(남),성남시,공사업,전문,경기소방전기(주),한동현,13550,"경기도 성남시 분당구 대왕판교로 287 (궁내동) 궁내빌딩 가동 304,305호",031-713-3550
3407,경기(남),성남시,공사업,전문,(주)동화이앤씨,김영진,13386,"경기도 성남시 중원구 제일로18번길 10 , 1층(하대원동)",031-746-0472
3408,경기(남),성남시,공사업,전문,(주)한산피엔씨,박민우,13201,"경기도 성남시 중원구 갈마치로288번길 14 , 720호(상대원동)",031-721-3296
3409,경기(남),성남시,공사업,전문,근영이앤씨(주),박근준,13638,"경기도 성남시 분당구 구미로 16 6층 604호(구미동,성우스타우스)",031-712-0218
3410,경기(남),성남시,공사업,전문,(주)티지이엔씨,이주환,13595,"경기도 성남시 분당구 황새울로 234 , 911호(수내동, 분당트라팰리스)",031-715-7435
3411,경기(남),성남시,공사업,전문,신영소방공사,변정수,13449,"경기도 성남시 수정구 창업로 17 , 포레나오피스텔 736호(시흥동, 판교아이스퀘어)",031-721-6573
3412,경기(남),성남시,공사업,전문,주식회사 신영씨앤디,김학진,13631,"경기도 성남시 분당구 탄천상로 164 , 에이동 257-1호(구미동, 시그마2오피스텔)",031-711-4011
3413,경기(남),성남시,공사업,전문,하나이앤지(주),"이명우,이상현",13597,"경기도 성남시 분당구 내정로165번길 10-6  5층(수내동,하나플라자)",02-3431-3500
3414,경기(남),성남시,공사업,전문,(주)상아전력,"임명규,노형길",13230,경기도 성남시 중원구 둔촌대로 560 벽산테크노피아 209호,031-746-5675
3415,경기(남),성남시,공사업,전문,(주)녹십자이엠,박충권,13638,"경기도 성남시 분당구 구미로 8 , 2층(구미동, 엠타워)",031-260-9130
3416,경기(남),성남시,공사업,전문,주식회사 대진이엔지,김현주,13368,경기도 성남시 중원구 제일로35번길 8 (성남동) 3층,031-757-8455
3417,경기(남),성남시,공사업,전문,(주)삼현엔지니어링,이규재,13496,경기도 성남시 분당구 장미로 42  804호 (야탑동),031-702-1770
3418,경기(남),성남시,공사업,전문,벽산엔지니어링(주),김도영,13503,경기도 성남시 분당구 벌말로50번길 41 4층(야탑동),02-767-5645
3419,경기(남),성남시,공사업,전문,신진이앤씨(주),홍왕석,13112,경기도 성남시 수정구 성남대로1480번길 15-1 101호(복정동),031-754-0218
3420,경기(남),성남시,공사업,전문,한성피씨건설(주),천성복,13529,"경기도 성남시 분당구 판교역로146번길 20 , 13층(백현동, 현대백화점 판교오피스)",031-5171-0700
3421,경기(남),성남시,공사업,전문,(주)도솔방재,김옥순,13503,"경기도 성남시 분당구 벌말로40번길 5-1 , 3층(야탑동, 야탑상가)",031-715-6119
3422,경기(남),성남시,공사업,전문,삼국엠이씨(주),송병열,13112,경기도 성남시 수정구 복정로 125  3층(복정동),031-755-0271
3423,경기(남),성남시,공사업,전문,(주)다리온,이재영,13524,"경기도 성남시 분당구 판교역로 184 , 9층(삼평동, 제이에스타워)",02-577-5900
3424,경기(남),성남시,공사업,전문,(주)다원건설,이계원,13313,경기도 성남시 수정구 성남대로 1197  6층(수진동),031-751-8845
3425,경기(남),성남시,공사업,전문,(주)광신전설,"이범선,송창윤",13445,경기도 성남시 수정구 여수대로56번길 7  (시흥동),031-723-6600
3426,경기(남),성남시,공사업,전문,경일전기소방(주),"이종희,오주용",13515,경기도 성남시 분당구 판교로610번길 18 1층(야탑동),031-743-0088
3427,경기(남),성남시,공사업,전문,삼성중공업(주),최성안,13486,경기도 성남시 분당구 판교로227번길 23 (삼평동),070-7201-0809
3428,경기(남),성남시,공사업,전문,(주)온세이엔씨,안영식,13105,"경기도 성남시 수정구 청계산로 686 , 820호(고등동, 반도아이비밸리)",031-429-1051
3429,경기(남),성남시,공사업,전문,(주)글로리이앤씨,이남연,13207,"경기도 성남시 중원구 사기막골로 124 , 비즈센터 1111호(상대원동, 에스케이앤테크노파크)",031-776-0913
3430,경기(남),성남시,공사업,일반(전기),(주)동방방재시스템,김종서,13207,"경기도 성남시 중원구 사기막골로 124 , 에스케이테크노파크 비즈동 904호",031-776-3027
3431,경기(남),성남시,공사업,전문,(주)트래콘건설,"김종필,오광석",13627,"경기도 성남시 분당구 미금일로90번길 32 , 3층(구미동, 웰파크)",02-558-5440
3432,경기(남),성남시,공사업,전문,(주)우림이에프지,신건진,13229,"경기도 성남시 중원구 둔촌대로 484 , 213호(상대원동)",031-722-0102
3433,경기(남),성남시,공사업,전문,한국전진기술(주),서장석,13207,"경기도 성남시 중원구 순환로 165 6층-624(상대원동,한독아이씨아파트형공장)",031-737-5255
3434,경기(남),성남시,공사업,전문,(주)영승이엔지,최범기,13209,"경기도 성남시 중원구 사기막골로45번길 14 (상대원동,우림라이온스밸리 2차 A동 1004호)",031-704-0374
3435,경기(남),성남시,공사업,전문,운산소방전기(주),전재우,13154,"경기도 성남시 중원구 은이로63번길 8 , 비102, 비103, 비104, 비105, 비106(은행동, 은행제9공영주차장)",031-754-8119
3436,경기(남),성남시,공사업,일반(전기),(주)엘케이시스템,류경,13219,"경기도 성남시 중원구 둔촌대로457번길 27 1013(상대원동,성남우림라이온스밸리1차)",02-6292-2260
3437,경기(남),성남시,공사업,전문,진진소방(주),박광재,13145,"경기도 성남시 수정구 단대로23번길 32 ,104호(단대동, 진로아파트)",031-731-4151
3438,경기(남),성남시,공사업,전문,동신이엔지(주),김화순,13162,"경기도 성남시 중원구 자혜로17번길 16 , 제1층 112호,113호(은행동, 현대상가)",031-746-8305
3439,경기(남),성남시,공사업,전문,주식회사 제이디글로벌,"정광민,정동영",13209,"경기도 성남시 중원구 사기막골로45번길 14 비동 1402호(상대원동, 우림라이온스밸리2차)",031-8018-2374
3440,경기(남),성남시,공사업,전문,주식회사 대한전기,이대채,13566,경기도 성남시 분당구 성남대로779번길 14 (이매동),031-731-0323
3441,경기(남),성남시,공사업,전문,(주)에스디시스템,박봉용,13212,"경기도 성남시 중원구 갈마치로244번길 31 , 613호(상대원동, 현대아이밸리)",031-739-6506
3442,경기(남),성남시,공사업,전문,(주)제이아이소방엔지니어링,이승희,13356,"경기도 성남시 중원구 광명로 71 1005호(성남동, 현대그린타운)",031-755-1190
3443,경기(남),성남시,공사업,전문,(주)혜담이앤씨,전원석,13496,"경기도 성남시 분당구 장미로48번길 10 , 626호(야탑동, 르네상스분당오피스텔)",031-702-6879
3444,경기(남),성남시,공사업,전문,주식회사 철탑,권용선,13207,"경기도 성남시 중원구 사기막골로 148 , 1203호(상대원동, 중앙이노테크)",031-897-6598
3445,경기(남),성남시,공사업,전문,(주)동양소방,이명재,13357,"경기도 성남시 중원구 산성대로 198 , 207호(성남동, 영건센스빌)",031-747-9119
3446,경기(남),성남시,공사업,전문,주식회사 경동건설,김동규,13595,경기도 성남시 분당구 수내로46번길 4 (수내동),031-738-0500
3447,경기(남),성남시,공사업,전문,(주)알파플러스방재,김상필,13496,"경기도 성남시 분당구 장미로 42 , 720호(야탑동, 야탑리더스)",031-781-1190
3448,경기(남),성남시,공사업,전문,링크코리아,이해만,13219,"경기도 성남시 중원구 둔촌대로 449 , 710호(상대원동, 중앙인더스피아)",031-706-2119
3449,경기(남),성남시,공사업,전문,에이치디현대일렉트릭(주),조석,13553,경기도 성남시 분당구 분당수서로 477 (정자동),052-202-8114
3450,경기(남),성남시,공사업,전문,삼남전기(주),조병욱,13216,"경기도 성남시 중원구 둔촌대로 537 , 에이동 604호(상대원동, 쌍용아이티트윈타워)",031-752-1262
3451,경기(남),성남시,공사업,전문,나인방재,서영제,13112,"경기도 성남시 수정구 복정로84번길 5-11 , 지층 B01호(복정동)",031-626-4119
3452,경기(남),성남시,공사업,전문,(주)협성기전,"김경현,김판수",13494,"경기도 성남시 분당구 대왕판교로 670 , 비동 409호(삼평동, 유스페이스2)",02-2636-0734
3453,경기(남),성남시,공사업,전문,(주)한국소방,문성호,13570,"경기도 성남시 분당구 이매로 173 , 107호(이매동, 럭키회관)",031-781-7199
3454,경기(남),성남시,공사업,전문,주식회사 아원이앤씨,이기정,13428,"경기도 성남시 중원구 도촌남로 24 , 상가동 202호(도촌동, 휴먼시아섬마을)",031-755-2745
3455,경기(남),성남시,공사업,전문,시네마건설(주),이옥채,13506,"경기도 성남시 분당구 성남대로916번길 7 , 208호(야탑동, 서일빌딩)",031-701-4411
3456,경기(남),성남시,공사업,전문,(주)일원이앤씨,양택식,13517,"경기도 성남시 분당구 야탑로 102 , 210호(야탑동, 뉴젠빌)",031-706-1124
3457,경기(남),성남시,공사업,전문,주식회사 건우엔지니어링,김연옥,13407,"경기도 성남시 중원구 둔촌대로 226 , 4층 403호(하대원동)",031-753-2293
3458,경기(남),성남시,공사업,전문,승일전기 주식회사,이영희,13316,"경기도 성남시 수정구 수정남로 15-1 , 3층(수진동)",031-697-8248
3459,경기(남),성남시,공사업,전문,주식회사 성찬정보통신,이언순,13566,경기도 성남시 분당구 성남대로779번길 14 (이매동),031-731-0332
3460,경기(남),성남시,공사업,전문,주식회사 에코비트,임병용,13647,"경기도 성남시 수정구 위례서일로 18 , 204호(창곡동)",02-6901-8348
3461,경기(남),성남시,공사업,전문,이텍이앤지(주),정용미,13414,"경기도 성남시 중원구 갈현로19번길 11-1 , 101호(갈현동)",031-609-1130
3462,경기(남),성남시,공사업,일반(기계),하얀산업(주),손해동,13201,"경기도 성남시 중원구 사기막골로105번길 25 902호(상대원동, 중앙인더스피아2)",031-734-2611
3463,경기(남),성남시,공사업,전문,대건개발산업 주식회사,박태현,13356,"경기도 성남시 중원구 광명로 71 , 620호(성남동, 현대그린타운)",031-756-5965
3464,경기(남),성남시,공사업,전문,(주)이든이앤씨,"정영준,손동진",13211,"경기도 성남시 중원구 사기막골로62번길 33 , 에프717호(상대원동)",031-755-0182
3465,경기(남),성남시,공사업,전문,주식회사 해치테크,이재유,13636,"경기도 성남시 분당구 성남대로 51 , 579호(구미동, 포스빌)",031-713-3378
3466,경기(남),성남시,공사업,전문,(주)성심소방엔지니어링,유경숙,13209,"경기도 성남시 중원구 사기막골로45번길 14 , 13층비-1310호(상대원동, 성남우림라이온스밸리2차)",031-732-5119
3467,경기(남),성남시,공사업,전문,(주)우진이엔지,한문조,13215,"경기도 성남시 중원구 둔촌대로 545 , 701호(상대원동, 한라시그마밸리)",031-745-3341
3468,경기(남),성남시,공사업,전문,현대중공업파워시스템 주식회사,윤경은,13591,"경기도 성남시 분당구 황새울로360번길 27 , 10층(서현동, 센터포인트서현빌딩)",031-220-9517
3469,경기(남),성남시,공사업,전문,(주)테크윈시스템,김래진,462-120,경기도 성남시 중원구 상대원동 513-15 선텍시티아파트형공장 913호,031-777-1110
3470,경기(남),성남시,공사업,전문,(주)가흥이엔씨,백미희,13552,"경기도 성남시 분당구 대왕판교로 177-1 , 1층(금곡동)",031-607-1119
3471,경기(남),성남시,공사업,전문,주식회사 엘리트소방,김도완,13118,"경기도 성남시 수정구 복정로 45 , 2층 202호(복정동)",031-759-2999
3472,경기(남),성남시,공사업,전문,주식회사 우리소방이엔지,오춘덕,13407,"경기도 성남시 중원구 둔촌대로 236 , 1층(하대원동)",031-757-0141
3473,경기(남),성남시,공사업,전문,주식회사 로제타텍,조영진,13209,"경기도 성남시 중원구 사기막골로45번길 14 , 비동 1710호(상대원동, 성남우림라이온스밸리2차)",031-736-5308
3474,경기(남),성남시,공사업,일반(전기),영인에너지솔루션 주식회사,"김영달,김현준",13229,"경기도 성남시 중원구 둔촌대로 474 , 113호(상대원동, 선텍시티아파트형공장)",070-5090-3105
3475,경기(남),성남시,공사업,일반(전기),에스지디지털(주),강성구,13406,경기도 성남시 중원구 둔촌대로280번길 22 (하대원동),070-4640-6870
3476,경기(남),성남시,공사업,전문,(주)기대이앤씨,"황효일,박옥자",13403,"경기도 성남시 중원구 둔촌대로 388 , 406호(상대원동, 크란츠테크노)",031-755-1008
3477,경기(남),성남시,공사업,전문,주식회사 플러스현림,이은희,13291,"경기도 성남시 수정구 수정로153번길 18-15 , 101호(태평동. 한성빌리지)",031-756-6358
3478,경기(남),성남시,공사업,전문,우암건설 주식회사,"김영수,이상록",13438,"경기도 성남시 중원구 양현로405번길 16-10 , 1층 107호(여수동, 바우하임)",031-751-6230
3479,경기(남),성남시,공사업,전문,주식회사 유웰스세이프텍,박동혁,13201,"경기도 성남시 중원구 갈마치로 302 , 비-1912호(상대원동, 성남우림라이온스밸리5차)",031-731-0132
3480,경기(남),성남시,공사업,전문,주식회사 에스엠소방공사,이상미,13218,"경기도 성남시 중원구 둔촌대로457번길 14 , 지하층(상대원동)",031-731-3119
3481,경기(남),성남시,공사업,전문,대아E&S,권정숙,13272,"경기도 성남시 수정구 산성대로 331 , 1동 1133호(신흥동, 한신프라자)",031-733-5119
3482,경기(남),성남시,공사업,전문,주식회사 조은소방,임동진,13510,"경기도 성남시 분당구 새나리로6번길 7 , 2층(야탑동)",031-707-0119
3483,경기(남),성남시,공사업,전문,일광이앤씨 주식회사,김국환,13630,"경기도 성남시 분당구 돌마로 48 , 5층(구미동, 후성빌딩)",031-627-4600
3484,경기(남),성남시,공사업,일반(전기),에스케이쉴더스 주식회사,홍원표,13486,경기도 성남시 분당구 판교로227번길 23 (삼평동),
3485,경기(남),성남시,공사업,전문,한국신재생에너지(주),"조수연,이일우",13209,"경기도 성남시 중원구 사기막골로45번길 14 , 에이동1601호(상대원동)",070-7506-5151
3486,경기(남),성남시,공사업,전문,(주)성현이앤씨,김학성,13497,"경기도 성남시 분당구 성남대로925번길 16 , 709호(야탑동)",031-548-0007
3487,경기(남),성남시,공사업,전문,주식회사 와이제이이엔지,허상문,13105,"경기도 성남시 수정구 청계산로 686 , 231호(고등동, 반도아이비밸리)",02-6952-7701
3488,경기(남),성남시,공사업,전문,주식회사 한신이엔씨,한완수,13506,"경기도 성남시 분당구 성남대로 934 , 2동 803호(야탑동)",031-736-1393
3489,경기(남),성남시,공사업,일반(전기),주식회사 제이온테크,최희준,13209,"경기도 성남시 중원구 사기막골로45번길 14 , 제16층 제비-1609호(상대원동, 성남우림라이온스밸리2차)",031-8027-9004
3490,경기(남),성남시,공사업,전문,주식회사 경향이엔지,김종용,13647,"경기도 성남시 수정구 위례서일로 18 , 1102호(창곡동, 더존메디컬타워)",031-759-9260
3491,경기(남),성남시,공사업,전문,보명소방전기(주),김명옥,13417,"경기도 성남시 중원구 마지로 277-9 , 1층2호(갈현동)",031-747-6300
3492,경기(남),성남시,공사업,전문,서앤서코로죤엔지니어링 주식회사,서상희,13526,"경기도 성남시 분당구 동판교로 156 , 907동901호(삼평동, 744번지)",070-7553-5691
3493,경기(남),성남시,공사업,전문,(주)한울산업개발,김용권,13646,"경기도 성남시 수정구 위례서일로 34 , 704호(창곡동, 성희프라자)",031-751-3178
3494,경기(남),성남시,공사업,전문,(주)제이소방,주용,13426,"경기도 성남시 중원구 도촌로 12 , 206호(도촌동, 도촌대덕프라자)",031-754-2911
3495,경기(남),성남시,공사업,일반(전기),한화비전 주식회사,안순홍,13488,경기도 성남시 분당구 판교로319번길 6 (삼평동),070-7147-8528
3496,경기(남),성남시,공사업,전문,한강엠이씨,김봉주,13524,"경기도 성남시 분당구 판교역로192번길 16 , 8층 806호 D253(삼평동, 판교타워)",031-604-3911
3497,경기(남),성남시,공사업,일반(전기),주식회사 해영정밀,박동선,13202,"경기도 성남시 중원구 사기막골로 177 , 1013호,1014호,909호(상대원동, 금강하이테크밸리)",031-777-5734
3498,경기(남),성남시,공사업,전문,소리나소방,이승명,13385,"경기도 성남시 중원구 둔촌대로 114 , 3층(하대원동)",031-757-0119
3499,경기(남),성남시,공사업,전문,두성이앤씨 주식회사,정윤수,13446,경기도 성남시 수정구 사송로80번길 20 (사송동),031-716-1761
3500,경기(남),성남시,공사업,전문,주식회사 에코비트워터,김인석,13647,"경기도 성남시 수정구 위례서일로 18 , 205호(창곡동)",070-7500-5897
3501,경기(남),성남시,공사업,일반(전기),한통이앤씨,강혜림,13376,"경기도 성남시 중원구 성남대로1147번길 3 , 401호, 402호, 403호, 404호, 406호(성남동, 오라타워)",031-741-7118
3502,경기(남),성남시,공사업,전문,주식회사 넥스트이엔지,허명해,13105,"경기도 성남시 수정구 고등로 3 , 에이동 228호(고등동, 현대지식산업센터 성남고등)",031-698-4756
3503,경기(남),성남시,공사업,전문,(주)코원건설,이규식,13612,"경기도 성남시 분당구 정자로 56 , 근린상가동 제2층 4호, 4-2호, 4-3호, 4-4호, 4-5호, 4-6호, 4-7호, 4-8호, 4-9호, 4-10호, 4-11호(정자동)",031-710-9031
3504,경기(남),성남시,공사업,전문,주식회사 코리아방재,"박진석,문종현",13503,"경기도 성남시 분당구 야탑로205번길 40 , 102호(야탑동)",031-755-4119
3505,경기(남),성남시,공사업,전문,시온소방 주식회사,김대섭,13631,"경기도 성남시 분당구 탄천상로 164 , 비동 810호(구미동, 시그마2오피스텔)",031-719-8819
3506,경기(남),성남시,공사업,전문,주식회사 하늬이엔씨,"이명학,서대갑",13162,"경기도 성남시 중원구 자혜로17번길 16 , 25동 221호(은행동, 현대아파트)",031-734-9442
3507,경기(남),성남시,공사업,전문,태조건설 주식회사,김효균,13646,"경기도 성남시 수정구 위례광장로 19 , 1010호(창곡동, 아이페리온)",031-755-2114
3508,경기(남),성남시,공사업,전문,주식회사 효성설비,조중연,13291,"경기도 성남시 수정구 수정로171번길 15 , 4층(태평동)",031-721-0508
3509,경기(남),성남시,공사업,전문,하나방재 주식회사,김은정,13201,"경기도 성남시 중원구 갈마치로288번길 14 , 에이동 1416호(상대원동, 성남에스케이브이1타워)",031-734-3119
3510,경기(남),성남시,공사업,전문,에치아이이앤씨(주),정현구,13219,"경기도 성남시 중원구 둔촌대로457번길 27 , 1305호(상대원동, 성남우림 라이온스밸리1차)",031-757-1061
3511,경기(남),성남시,공사업,전문,재성종합건설(주),권오일,13631,"경기도 성남시 분당구 탄천상로 164 , 디-321호(구미동, 시그마2오피스텔)",031-766-6002
3512,경기(남),성남시,공사업,전문,바른소방에프씨,정영석,13270,"경기도 성남시 수정구 공원로 340 , 2층 205호(신흥동, 청구아파트상가)",031-778-7444
3513,경기(남),성남시,공사업,전문,한화모멘텀 주식회사,류양식,13494,"경기도 성남시 분당구 판교역로241번길 20 , 6층(삼평동, 미래에셋벤처타워)",031-8092-5670
3514,경기(남),성남시,공사업,일반(전기),씨케이이엔지 주식회사,채정석,13136,"경기도 성남시 수정구 산성대로515번길 18 , 102호(양지동)",031-732-6919
3515,경기(남),성남시,공사업,전문,(주)아이스기술,강신섭,13207,"경기도 성남시 중원구 사기막골로 124 , 넥스센터동 201호,202호,203호,204호,205호,206호,207호,208호,209호,210호(상대원동, 에스케이엔테크노파크)",070-7732-7800
3516,경기(남),성남시,공사업,전문,(주)한빛에너지,심유나,13422,"경기도 성남시 중원구 도촌북로 176 , 103호(도촌동, 휴먼타워)",031-767-7112
3517,경기(남),성남시,공사업,전문,(주)동진,"박성필,정길순",13337,"경기도 성남시 수정구 산성대로 189 , 11층 1105호(수진동, 수산타워)",031-797-1406
3518,경기(남),성남시,공사업,전문,신영전기이엔지 주식회사,황규현,13201,"경기도 성남시 중원구 갈마치로 314 , 418호(상대원동, 성남센트럴비즈타워1차)",031-639-6400
3519,경기(남),성남시,공사업,전문,중일건설 주식회사,최윤철,13216,"경기도 성남시 중원구 둔촌대로 519 , 1201호-1204호(상대원동, 중일아인스프라츠3차)",031-755-1003
3520,경기(남),성남시,공사업,전문,(주)우송설비산업,김건우,13389,"경기도 성남시 중원구 시민로5번길 18 , 2층(하대원동)",031-758-8772
3521,경기(남),성남시,공사업,전문,공유산업개발 주식회사,조연준,13403,"경기도 성남시 중원구 둔촌대로 388 , 1220호(상대원동, 크란츠테크노)",031-752-8605
3522,경기(남),수원시,공사업,전문,경운전설(주),이철희,16224,경기도 수원시 영통구 웰빙타운로49번길 14 (이의동),031-255-6104
3523,경기(남),수원시,공사업,전문,(주)이산전설,조금준,16400,경기도 수원시 권선구 매실로 40 (호매실동),031-267-3634
3524,경기(남),수원시,공사업,전문,일메테크(주),"김대성,김재환",16227,"경기도 수원시 영통구 대학3로 7 , 410호(이의동, 광교나보나스퀘어)",031-245-3560
3525,경기(남),수원시,공사업,전문,용명건업(주),김광식,16347,"경기도 수원시 장안구 경수대로 1123 , 401호(파장동)",031-454-6102
3526,경기(남),수원시,공사업,전문,(주)유성소방전기,이미정,16243,경기도 수원시 팔달구 창룡문로 68  (지동),031-224-4400
3527,경기(남),수원시,공사업,전문,(주)성광이앤지,서용돈,16579,"경기도 수원시 권선구 세지로56번길 48 (세류동,지층)",031-238-5300
3528,경기(남),수원시,공사업,전문,(주)탑엔지니어링,최성달,16648,경기도 수원시 권선구 산업로155번길 228-81 (고색동),031-258-9450
3529,경기(남),수원시,공사업,전문,삼성방재(주),박종철,16681,"경기도 수원시 영통구 신원로 88 101동 703호(신동,디지털엠파이어투)",031-695-7119
3530,경기(남),수원시,공사업,전문,(주)민영방재,문현규,16435,"경기도 수원시 팔달구 덕영대로 693 , 904호(화서동, 풍성프라자)",031-242-7119
3531,경기(남),수원시,공사업,전문,에스에스이엔씨(주),한금주,16660,경기도 수원시 권선구 정조로 354 (세류동),031-211-1190
3532,경기(남),수원시,공사업,전문,(주)광명산업,이학수,16565,경기도 수원시 권선구 경수대로347번길 14-17  (권선동) ,031-222-8427
3533,경기(남),수원시,공사업,전문,진양기공(주),홍성용,16641,경기도 수원시 권선구 오목천로 131-1 (고색동),031-241-8848
3534,경기(남),수원시,공사업,전문,(주)성우전력,박길수,16570,"경기도 수원시 권선구 장다리로 134  2층(권선동,현대빌딩)",031-224-6041
3535,경기(남),수원시,공사업,전문,동산씨앤이(주),지현석,16675,"경기도 수원시 영통구 신원로250번길 13 , 8층 비823호(원천동, 현대테라타워영통)",031-235-8111
3536,경기(남),수원시,공사업,전문,삼진종합건설(주),이문형,16284,경기도 수원시 장안구 경수대로 900  (조원동),031-258-1213
3537,경기(남),수원시,공사업,전문,주식회사 명기전기,김도아,16439,경기도 수원시 팔달구 팔달로141번길 31 (화서동),031-241-5957
3538,경기(남),수원시,공사업,전문,(주)동양건설산업,오성민,16571,경기도 수원시 권선구 권광로139번길 11 (권선동),02-3420-8157
3539,경기(남),수원시,공사업,전문,(주)영선엔지니어링,김상준,16285,경기도 수원시 장안구 송정로187번길 74 (조원동),031-245-7593
3540,경기(남),수원시,공사업,전문,(주)대경기술단,엄정일,16494,"경기도 수원시 팔달구 중부대로 177 , 1001호(우만동, 송림빌딩10층)",031-214-4949
3541,경기(남),수원시,공사업,전문,일진이앤씨(주),김효성,16498,"경기도 수원시 팔달구 중부대로 215  101동 상가 207호(우만동,선경아파트)",031-222-2467
3542,경기(남),수원시,공사업,전문,(주)독도이앤씨,김동렬,16489,"경기도 수원시 팔달구 인계로94번길 21  3층(인계동,수일빌딩) ",031-239-7119
3543,경기(남),수원시,공사업,전문,(주)단성,김천호,16642,경기도 수원시 권선구 산업로 101  (고색동) ,031-244-4419
3544,경기(남),수원시,공사업,전문,씨엔지건설(주),"우순정,양용승",16500,"경기도 수원시 영통구 월드컵로150번길 4 , 202호 203호(원천동)",031-420-7500
3545,경기(남),수원시,공사업,전문,(주)미래소방,장성기,16602,"경기도 수원시 권선구 권선로 308-18 , 401동 101호(고색동, 수원공구상가)",031-221-9339
3546,경기(남),수원시,공사업,전문,성진소방안전공사,박승우,16586,경기도 수원시 권선구 세권로 50 (세류동),031-232-1190
3547,경기(남),수원시,공사업,전문,(주)삼영,정병태,16571,경기도 수원시 권선구 권광로123번길 42 (권선동),031-267-2595
3548,경기(남),수원시,공사업,전문,범승기업(주),"김경이,전병기",16357,"경기도 수원시 장안구 서부로 2187  5층(율전동,율전빌딩)",031-207-0009
3549,경기(남),수원시,공사업,전문,이에스아이 주식회사,"황근순,안광희",16556,경기도 수원시 권선구 권광로 66  (권선동),031-224-4127
3550,경기(남),수원시,공사업,전문,(주)대안이엔지,황호선,16565,경기도 수원시 권선구 경수대로347번길 14-6 (권선동),031-223-1771
3551,경기(남),수원시,공사업,전문,(주)씨엠네트웍스,정숙자,16706,경기도 수원시 영통구 영통로501번길 28-1 2층(영통동),031-273-7903
3552,경기(남),수원시,공사업,전문,금오전력(주),오종현,16648,경기도 수원시 권선구 산업로 195-58 (고색동),031-243-3377
3553,경기(남),수원시,공사업,전문,대지건설(주),이석기,16489,경기도 수원시 팔달구 인계로124번길 27-18  (인계동) ,031-232-3344
3554,경기(남),수원시,공사업,전문,(주)천지이앤씨,박진섭,16636,경기도 수원시 권선구 오목천로39번길 18-17 (오목천동),031-293-3200
3555,경기(남),수원시,공사업,전문,(주)한국전설,조재철,16252,경기도 수원시 팔달구 신풍로 36  (신풍동),031-255-2090
3556,경기(남),수원시,공사업,전문,광성소방설비,박성남,16347,"경기도 수원시 장안구 경수대로1101번길 10 , 301호(파장동)",031-271-5117
3557,경기(남),수원시,공사업,전문,(주)가나건설산업,조덕연,16481,"경기도 수원시 팔달구 장다리로 276  505호(인계동,동부프라자) ",031-223-0464
3558,경기(남),수원시,공사업,전문,대웅산업건설(주),이윤형,16488,"경기도 수원시 팔달구 권광로 184 , 제12(102)층 제1205호(인계동, 캐슬타워)",031-233-3377
3559,경기(남),수원시,공사업,전문,광통신산업(주),김광,16589,"경기도 수원시 권선구 덕영대로 1127 , 5층(세류동, 효송빌딩)",031-257-3236
3560,경기(남),수원시,공사업,전문,(주) 이수,유영찬,16705,"경기도 수원시 영통구 청명로 87 , 501호(영통동, 운현빌딩)",031-205-5957
3561,경기(남),수원시,공사업,전문,에스엠이서브텍(주),남형열,16675,"경기도 수원시 영통구 신원로 306 , 1동 713호(원천동, 영통 이노플렉스-1단지)",031-8017-2119
3562,경기(남),수원시,공사업,전문,주식회사 세종엔지니어링,허명행,16602,"경기도 수원시 권선구 권선로 308-18 , 504동 213호(고색동, 수원종합공구단지)",031-292-3918
3563,경기(남),수원시,공사업,전문,(주)켐스코,안병철,16345,경기도 수원시 장안구 장안로346번길 47-24 3층(이목동),031-361-7643
3564,경기(남),수원시,공사업,전문,갑오전력 주식회사,정미영,16480,경기도 수원시 팔달구 경수대로421번길 14-19 (인계동),031-225-1459
3565,경기(남),수원시,공사업,전문,(주)진실로건설,배진성,16393,"경기도 수원시 권선구 금곡로196번길 62 , 206호(금곡동, 에스제이타워)",031-246-3003
3566,경기(남),수원시,공사업,전문,창성비케이(주),김욱종,16542,"경기도 수원시 영통구 산남로 40 , 외1필지 3층(매탄동)",031-304-1090
3567,경기(남),수원시,공사업,전문,(주)수양엔지니어링,"박상일,김은배",16685,경기도 수원시 영통구 태장로7번길 6-1 (망포동 쌍용3차상가2동2층),031-273-4818
3568,경기(남),수원시,공사업,전문,동해소방(주),이상락,16565,"경기도 수원시 권선구 경수대로 351 1층(권선동,세광빌딩)",031-225-5336
3569,경기(남),수원시,공사업,전문,(주)원천전기,문성희,16706,"경기도 수원시 영통구 영통로501번길 28-1 , 201호(영통동)",031-273-9518
3570,경기(남),수원시,공사업,전문,에스에이치건설(주),홍석호,16683,"경기도 수원시 영통구 권선로908번길 22 , 301호(신동)",031-238-9912
3571,경기(남),수원시,공사업,전문,(주)정도토건,"이종인,이형우",16229,"경기도 수원시 영통구 창룡대로256번길 77 , 1004호(이의동,에이스광교타워3)",031-233-2573
3572,경기(남),수원시,공사업,전문,유성소방안전공사,박성진,16467,"경기도 수원시 팔달구 정조로 687 , 상가동 2층(매교동)",031-238-7119
3573,경기(남),수원시,공사업,전문,코리아소방 주식회사,김종섭,16480,"경기도 수원시 팔달구 장다리로196번길 7-18 (인계동, 코리아소방)",031-267-2119
3574,경기(남),수원시,공사업,전문,주식회사 계영이엔씨,이대민,16630,"경기도 수원시 권선구 호매실로104번길 24-10 , 1동 507호(호매실동)",031-257-0488
3575,경기(남),수원시,공사업,전문,(주)씨티에너지,배정근,16236,"경기도 수원시 팔달구 월드컵로 331 , 6층 601호(우만동)",031-269-6200
3576,경기(남),수원시,공사업,전문,(주)에스원엠이씨,손상현,16232,"경기도 수원시 팔달구 월드컵로369번길 33-3 , 2층(우만동)",031-233-0518
3577,경기(남),수원시,공사업,전문,제이소방(주),박문구,16471,"경기도 수원시 팔달구 중부대로 96-19 , 102동 상가207호(인계동)",031-269-2119
3578,경기(남),수원시,공사업,전문,주식회사 이에프엔지니어링,김효석,16357,"경기도 수원시 장안구 덕영대로425번길 41 , 3층 302호(율전동)",031-268-3711
3579,경기(남),수원시,공사업,전문,주식회사 진산이엔지,김왕순,16282,경기도 수원시 장안구 조원로74번길 11-3 (조원동),031-252-5074
3580,경기(남),수원시,공사업,전문,해원전력 주식회사,양창규,16443,경기도 수원시 팔달구 화양로29번길 33 (화서동),031-256-9978
3581,경기(남),수원시,공사업,전문,(주)케이지경기방재방염,이혜경,16270,경기도 수원시 장안구 팔달로247번길 12-9 (영화동),031-221-5119
3582,경기(남),수원시,공사업,전문,(주)일신기업,상정균,16479,"경기도 수원시 팔달구 세지로152번길 15-3 , 101호(인계동)",031-226-4201
3583,경기(남),수원시,공사업,전문,경기소방,민병구,16579,"경기도 수원시 권선구 장다리로 37 (세류동, 1층 (15호,16-1,2호,34호,35호))",031-233-0119
3584,경기(남),수원시,공사업,전문,유화전력 주식회사,하정희,16311,경기도 수원시 장안구 송정로76번길 27-4 (정자동),031-268-5706
3585,경기(남),수원시,공사업,전문,(주)굿모닝방재,손미희,16286,"경기도 수원시 장안구 경수대로 862 , 303호(조원동)",031-246-5119
3586,경기(남),수원시,공사업,전문,주식회사 광전방재,박광일,16489,"경기도 수원시 팔달구 인계로 132 , 204호 205호(인계동, 인계오피앙 오피스텔)",031-222-6119
3587,경기(남),수원시,공사업,전문,주식회사 지투기술,이태용,16648,"경기도 수원시 권선구 산업로156번길 142-10 , 제5층 제비-519호(고색동, 수원벤처밸리2)",031-295-8517
3588,경기(남),수원시,공사업,전문,주식회사 건일엠앤에프,류건영,16631,"경기도 수원시 권선구 온정로9번길 17 , 201호(오목천동)",02-2066-8467
3589,경기(남),수원시,공사업,전문,(주)인호테크,최수아,16670,경기도 수원시 권선구 동수원로146번길 233-8 201호(곡반정동),031-233-9470
3590,경기(남),수원시,공사업,전문,주식회사 월드전설,양대석,16576,경기도 수원시 권선구 권선로 568-12 (세류동),031-233-3567
3591,경기(남),수원시,공사업,전문,주식회사 협성이엔지,유대호,16606,"경기도 수원시 권선구 상탑로 12 , 102호, 103호(탑동, 풍림빌라트8차)",031-298-7437
3592,경기(남),수원시,공사업,전문,명지전기(주),김수택,16407,경기도 수원시 권선구 구운로86번길 29 2층(구운동),031-291-4882
3593,경기(남),수원시,공사업,전문,서준소방(주),최만규,16579,"경기도 수원시 권선구 세권로 134 , 402호(세류동, 대영빌딩)",031-233-4119
3594,경기(남),수원시,공사업,전문,주식회사 다산전력,양현철,16237,경기도 수원시 팔달구 팔달문로131번길 30 (우만동),031-890-2980
3595,경기(남),수원시,공사업,전문,주식회사 뉴라이브방재,박연희,16253,경기도 수원시 팔달구 정조로 844 (북수동),031-257-2714
3596,경기(남),수원시,공사업,전문,주식회사 우광이엔씨,김태현,16226,"경기도 수원시 영통구 대학로 22 , 4층(이의동, 우광빌딩)",031-215-9872
3597,경기(남),수원시,공사업,전문,플러스소방이엔지,문수인,16376,"경기도 수원시 권선구 당진로15번길 38 , 1층 102호(당수동)",031-407-2119
3598,경기(남),수원시,공사업,전문,주식회사 하경이엔지,최은희,16406,"경기도 수원시 권선구 구운로63번길 56-9 , 102호(구운동, 태양해피빌)",031-296-2119
3599,경기(남),수원시,공사업,전문,주식회사 이룸이엔지,정의선,16512,"경기도 수원시 영통구 광교중앙로248번길 40 , 405호(하동, 광교스마트법조프라자)",031-212-4426
3600,경기(남),수원시,공사업,전문,에스케이네트웍스서비스 주식회사,전형일,16312,"경기도 수원시 장안구 장안로 120 , 5층(정자동, 세기빌딩)",070-7875-9115
3601,경기(남),수원시,공사업,일반(전기),주식회사 대한이엔지,임만수,16393,"경기도 수원시 권선구 서수원로 519 , 108호(금곡동, 성광프라자)",031-231-9091
3602,경기(남),수원시,공사업,전문,미래이엔에프 주식회사,박순희,16648,"경기도 수원시 권선구 서부로 1366 , 202호(오목천동)",02-575-1100
3603,경기(남),수원시,공사업,전문,일렉큐브(주),조경남,16607,경기도 수원시 권선구 하탑로 57 (탑동),031-898-6010
3604,경기(남),수원시,공사업,전문,주식회사 한일공무,이영섭,16455,"경기도 수원시 팔달구 덕영대로 899 , 918호(매산로1가, 세진브론즈빌)",031-244-3579
3605,경기(남),수원시,공사업,전문,(주)삼호이앤에프,"이성호,이상길",16675,"경기도 수원시 영통구 신원로 306 , 1동 601호(원천동, 영통이노플렉스1단지))",031-8002-2610
3606,경기(남),수원시,공사업,전문,대신전력(주),성창범,16205,"경기도 수원시 장안구 경수대로 1082-7 , 207호(파장동, 대영프라자)",031-248-9335
3607,경기(남),수원시,공사업,전문,주식회사 보명,최광현,16407,"경기도 수원시 권선구 구운로64번길 14 , 1층상사 102호(구운동)",070-4421-3041
3608,경기(남),수원시,공사업,일반(전기),레노텍 주식회사,정희택,16648,"경기도 수원시 권선구 산업로156번길 142-10 , 에이동 309호(고색동, 수원벤처밸리2)",
3609,경기(남),수원시,공사업,전문,주식회사 오피트이엔씨,진금숙,16681,"경기도 수원시 영통구 덕영대로1471번길 77 , 501호(망포동, 썬테크노빌)",031-206-7103
3610,경기(남),수원시,공사업,전문,주식회사 한울전설,이병걸,16256,경기도 수원시 팔달구 창룡대로 44 (남수동),031-252-6540
3611,경기(남),수원시,공사업,전문,동영산업개발(주),허동윤,440-825,경기도 수원시 장안구 율전동 306-2 3층,031-292-2119
3612,경기(남),수원시,공사업,전문,탑이앤씨(주),송영진,16273,경기도 수원시 장안구 장안로54번길 9 (영화동),031-222-8482
3613,경기(남),수원시,공사업,전문,주식회사 청우이엔에프,안혁상,16342,"경기도 수원시 장안구 이목로 17 , 535호(이목동, 우성테크노파크수원정자))",070-7853-0606
3614,경기(남),수원시,공사업,전문,주식회사 선우기전,임선규,16439,경기도 수원시 팔달구 팔달로173번길 2 (화서동),031-898-7933
3615,경기(남),수원시,공사업,전문,바로소방,김승한,16623,"경기도 수원시 권선구 서부로 1610 , 201호(고색동)",031-8019-8119
3616,경기(남),수원시,공사업,전문,이호건설 주식회사,이주섭,16609,경기도 수원시 권선구 상탑로 84 (서둔동),032-425-5915
3617,경기(남),수원시,공사업,전문,(주)보광이엔씨,김성호,16676,"경기도 수원시 영통구 신원로 202 , 2층(매탄동)",031-214-8778
3618,경기(남),수원시,공사업,전문,주식회사 한결이엔지,송경준,16532,"경기도 수원시 영통구 권광로260번길 36 , 112동 1201호(매탄동, 현대힐스테이트아파트)",031-200-8963
3619,경기(남),수원시,공사업,전문,유선종합건설(주),김관교,16648,"경기도 수원시 권선구 서부로 1366 , 4층(오목천동, 제이에스빌딩)",031-238-5765
3620,경기(남),수원시,공사업,전문,(주)세진전기공사,조종권,16591,"경기도 수원시 권선구 권선로474번길 25 , 101호(세류동)",031-238-7876
3621,경기(남),수원시,공사업,전문,주식회사 두영전기,김경원,16579,"경기도 수원시 권선구 장다리로 37 , 1층 31호(세류동, 신수원종합시장)",031-225-4556
3622,경기(남),수원시,공사업,전문,(주)파워텔레콤,조호연,16641,"경기도 수원시 권선구 서부로 1555 , 3층(고색동)",070-4878-7001
3623,경기(남),수원시,공사업,전문,주식회사 이림이엔씨,임경철,16640,"경기도 수원시 권선구 서수원로37번길 12 , 4층(오목천동)",031-291-3411
3624,경기(남),수원시,공사업,전문,(주)베스트소방,"임정칠,김선희",16675,"경기도 수원시 영통구 신원로250번길 13 , 에이617호(원천동, 현대 테라타워 영통)",031-240-8585
3625,경기(남),수원시,공사업,전문,유한회사 경기소방안전,이다빛,16213,경기도 수원시 장안구 창훈로 48 (연무동),031-246-0119
3626,경기(남),수원시,공사업,전문,주식회사 성명전력,임주상,16480,경기도 수원시 팔달구 장다리로172번길 7-1 (인계동),031-233-3600
3627,경기(남),수원시,공사업,전문,주식회사 지비소방,임종래,16677,"경기도 수원시 영통구 신원로 55 , 926호(신동, 영통테크트리지식산업센타)",031-1688-5417
3628,경기(남),수원시,공사업,전문,주식회사 대경이엔에스,원애경,16491,"경기도 수원시 팔달구 효원로 278 , 파비오더씨타 618호(인계동)",031-893-0829
3629,경기(남),수원시,공사업,전문,주식회사 다온에프앤씨,김선욱,16244,"경기도 수원시 팔달구 팔달문로75번길 7-2 , 지층(지동)",031-223-7571
3630,경기(남),수원시,공사업,전문,주식회사 태성기전,최성규,16342,"경기도 수원시 장안구 이목로 17 , 819호, 820호(이목동, 우성테크노파크)",031-546-2707
3631,경기(남),수원시,공사업,전문,(주)단아,길인영,16342,"경기도 수원시 장안구 이목로 17 , 10층 1019호,1020호(이목동, 우성테크노파크수원정자)",070-7585-3119
3632,경기(남),수원시,공사업,전문,(주)진무전력,노영우,16598,"경기도 수원시 권선구 매송고색로 875 , 비동 212호(평동, 수원공구유통타운)",031-227-7461
3633,경기(남),수원시,공사업,전문,주식회사 라인솔루션,최용호,16667,"경기도 수원시 권선구 동수원로146번길 43 , 201호(곡반정동)",031-248-8119
3634,경기(남),수원시,공사업,전문,(주)비전엔지니어링,"이현수,고영현",16675,"경기도 수원시 영통구 신원로 306 , 1동 1-102호 1-103호 1-104호 1-비401호 1-비402호(원천동, 영통이노플렉스-1단지)",031-8002-3450
3635,경기(남),수원시,공사업,전문,태한방재솔루션(주),유창현,16658,"경기도 수원시 권선구 경수대로225번길 1 , 201호(세류동)",031-895-5119
3636,경기(남),수원시,공사업,전문,유준이엔지 주식회사,정유니,16525,경기도 수원시 영통구 매봉로35번길 8-8 (매탄동),070-7576-3537
3637,경기(남),수원시,공사업,전문,제일소방기술단(주),박재범,16679,"경기도 수원시 영통구 영통로 237 , 214호(신동, 에이스 하이엔드 타워)",031-238-1196
3638,경기(남),시흥시,공사업,전문,우석전자씨스템(주),이석우,14952,경기도 시흥시 포도원로116번길 6  (신천동),02-578-0119
3639,경기(남),시흥시,공사업,전문,유진전기(주),"김명호,김준형",15004,경기도 시흥시 군자로281번길 11   (거모동),032-672-2711
3640,경기(남),시흥시,공사업,전문,(주)이피이,최종현,15117,경기도 시흥시 엠티브이25로58번길 52 (정왕동),031-497-0188
3641,경기(남),시흥시,공사업,전문,(주)미래이엔지,서재원,14906,"경기도 시흥시 대골안길 2-9 , 1층(대야동)",031-317-6119
3642,경기(남),시흥시,공사업,전문,(주)신세계전기,구본주,15000,"경기도 시흥시 황고개로327번길 33 , 204호(군자동)",02-2202-1147
3643,경기(남),시흥시,공사업,전문,(주)동광씨앤에스,김경식,15079,"경기도 시흥시 마유로 226 , 비동 412호(정왕동, 파인힐)",031-316-7119
3644,경기(남),시흥시,공사업,전문,(주)성암전력,박상호,14968,"경기도 시흥시 월곶중앙로14번길 94 5층(월곶동,보원빌딩)",031-317-3179
3645,경기(남),시흥시,공사업,전문,(주)우리소방기술단,최정순,14998,경기도 시흥시 새재로17번길 6  해솔프라자 402호 (장현동) ,031-317-1109
3646,경기(남),시흥시,공사업,전문,삼호소방,윤근태,15080,"경기도 시흥시 협력로 281  D-110(정왕동,메가폴리스)",031-433-7119
3647,경기(남),시흥시,공사업,전문,오토이엔지,김명길,15116,"경기도 시흥시 마유로20번길 8 (정왕동, 시화공단 3바 808-2)",031-497-8551
3648,경기(남),시흥시,공사업,전문,청우산전(주),오영석,15106,"경기도 시흥시 소망공원로 323 , 805호(정왕동, 보성스퀘어원지식산업센터)",031-432-8508
3649,경기(남),시흥시,공사업,전문,(주)성일기전,김재환,15000,"경기도 시흥시 황고개로327번길 33 , 301호(군자동)",031-431-5755
3650,경기(남),시흥시,공사업,전문,건하전력(주),유의종,14917,"경기도 시흥시 은행로 151  401(은행동,드림빌딩)",031-311-0055
3651,경기(남),시흥시,공사업,전문,(주)에이알,"한승일,한영모",15104,경기도 시흥시 공단1대로260번안길 21  (정왕동),031-497-0561
3652,경기(남),시흥시,공사업,일반(기계),대흥설비,노정희,14957,경기도 시흥시 시흥대로789번길 7 (포동),031-313-4922
3653,경기(남),시흥시,공사업,전문,(주)뉴석이엔지,하재경,14998,"경기도 시흥시 시청로68번길 27 1층(장현동, 선우빌딩)",031-314-3504
3654,경기(남),시흥시,공사업,전문,(주)신양,황규봉,14977,"경기도 시흥시 연성로 97 , 305호(하상동, 써미트빌)",031-435-6000
3655,경기(남),시흥시,공사업,전문,(주)금강전기,표익환,14998,경기도 시흥시 시청로72번길 31-1 (장현동),031-312-9904
3656,경기(남),시흥시,공사업,전문,(주)호성건설,정인수,14912,경기도 시흥시 비둘기공원6길 25 견우프라자 601호(대야동),031-314-0009
3657,경기(남),시흥시,공사업,전문,(주)효명,박용수,14900,경기도 시흥시 윗대야1길 12-4 (대야동),031-404-6460
3658,경기(남),시흥시,공사업,전문,제일방재 주식회사,박창수,14931,"경기도 시흥시 매화산단2길 37 , 3층 2호(도창동)",031-448-7119
3659,경기(남),시흥시,공사업,전문,(주)에스엠네트웍스,박상준,14968,"경기도 시흥시 월곶중앙로14번길 94 4층(월곶동,보원빌딩)",031-404-4264
3660,경기(남),시흥시,공사업,전문,(주)하나안전기술단,오영민,14904,경기도 시흥시 호현로 49 (대야동),070-7794-6119
3661,경기(남),시흥시,공사업,전문,(주)한국소방산업,조문경,15078,"경기도 시흥시 산기대학로 330 , 706호(정왕동, 동양타워지식산업센터)",031-499-6163
3662,경기(남),시흥시,공사업,전문,주식회사 대정컴퍼니,이대수,14940,"경기도 시흥시 매화2로48번길 7 , 2층(매화동, 고려빌딩)",031-311-1858
3663,경기(남),시흥시,공사업,전문,주식회사 호맘코리아,한유선,14905,"경기도 시흥시 복지로91번길 7 , 401호(대야동, 국원빌딩)",031-520-4823
3664,경기(남),시흥시,공사업,전문,주식회사 테라젠테크,채희술,15104,"경기도 시흥시 공단1대로 270 , 시화공단 3다 201-2(정왕동)",031-488-3631
3665,경기(남),시흥시,공사업,전문,주식회사 범석 엔지니어링,심재봉,15118,"경기도 시흥시 엠티브이북로 183 (정왕동, 시화엠티브이단지 2사 704호)",031-434-5702
3666,경기(남),시흥시,공사업,전문,주식회사 명진이엔지,김영석,14948,경기도 시흥시 삼미시장1길 51 (신천동),031-365-5911
3667,경기(남),시흥시,공사업,전문,(주)영광소방,김재희,15010,"경기도 시흥시 서울대학로278번길 19-14 , 501호(정왕동, 배곧프라자빌딩)",031-435-4770
3668,경기(남),시흥시,공사업,전문,바른소방 주식회사,이준범,14905,경기도 시흥시 복지로63번길 4-11 (대야동),031-311-4441
3669,경기(남),시흥시,공사업,전문,신흥엔지니어링(주),문윤희,14917,"경기도 시흥시 은행로155번길 17 , 202호(은행동, 은행프라자)",031-311-3451
3670,경기(남),시흥시,공사업,전문,(주)소방친구일일구,백동승,15049,"경기도 시흥시 마유로446번길 38 ,(정왕동)",031-432-6119
3671,경기(남),시흥시,공사업,전문,호승전력 주식회사,강양희,14912,"경기도 시흥시 비둘기공원5길 23 , 202호(대야동, 더베스트프라자))",062-574-1330
3672,경기(남),시흥시,공사업,전문,주식회사 유창이앤씨,"조우제,조용재",15078,경기도 시흥시 공단1대로321번길 45 (정왕동),02-2647-9800
3673,경기(남),시흥시,공사업,전문,(주)동경그린전력,김창현,14912,"경기도 시흥시 비둘기공원5길 23 , 2층 201-1호(대야동)",031-315-4011
3674,경기(남),시흥시,공사업,전문,주식회사 용마방제설비,조혜희,15080,"경기도 시흥시 협력로 281 ,제디동 245호(정왕동, 메가폴리스)",031-362-5105
3675,경기(남),시흥시,공사업,전문,(주)신세계이앤씨,김승훈,15000,"경기도 시흥시 황고개로327번길 33 , 303호(군자동, 리즈펠리스)",031-433-2251
3676,경기(남),시흥시,공사업,전문,(주)초록방재설비,김재희,15080,"경기도 시흥시 산기대학로 29 , 235호(정왕동, 라성아카데미타워)",070-4791-9928
3677,경기(남),시흥시,공사업,일반(전기),주식회사 삼덕전기,김영길,14923,"경기도 시흥시 은계로 260 , 1동 801호(은행동, 우평라비엔)",032-237-1063
3678,경기(남),시흥시,공사업,전문,해광전기 주식회사,김봉수,14923,"경기도 시흥시 은계중앙로 219 , 2층(은행동)",031-314-9663
3679,경기(남),시흥시,공사업,전문,주식회사 서원이엔지,"강주석,최민영",14994,"경기도 시흥시 광석천길 18 , 1040호(광석동, 광양프런티어밸리8차)",031-504-9234
3680,경기(남),시흥시,공사업,전문,주식회사 호성소방,김성태,14912,"경기도 시흥시 비둘기공원6길 25 , 601호(대야동, 견우프라자)",031-314-0009
3681,경기(남),시흥시,공사업,일반(기계),주식회사 씨엔지엔지니어링,금미경,14906,"경기도 시흥시 복지로99번길 12 , 지층(대야동)",02-2613-2387
3682,경기(남),시흥시,공사업,전문,(주)금강에너텍,김종서,15117,경기도 시흥시 엠티브이25로20번길 41 (정왕동),031-355-0058
3683,경기(남),시흥시,공사업,전문,주식회사 태성이엘에스,이계자,14986,"경기도 시흥시 수풀안길 9-36 , 319호(조남동)",02-2655-2963
3684,경기(남),시흥시,공사업,전문,한양소방설비 주식회사,김형근,14931,경기도 시흥시 매화산단2길 37 (도창동),031-448-7119
3685,경기(남),시흥시,공사업,전문,주식회사 한성소방,김영배,15054,"경기도 시흥시 다솜마을2길 4 , 203호(정왕동, 화신프라자)",031-405-0119
3686,경기(남),시흥시,공사업,전문,주식회사 우일전력,박춘일,14976,"경기도 시흥시 하중로 233 , 402호(하중동)",031-313-1569
3687,경기(남),시흥시,공사업,전문,(주)태영이엔지,임대일,14937,경기도 시흥시 수인로3087번길 36-2 (안현동),031-318-8801
3688,경기(남),시흥시,공사업,전문,주식회사 명성전기,신광현,14982,경기도 시흥시 논곡길 7-13 (논곡동),031-405-6447
3689,경기(남),시흥시,공사업,전문,주식회사 대한소방,이수한,15012,"경기도 시흥시 서울대학로 77 , 608호(배곧동, 골드테크노밸리)",031-434-0190
3690,경기(남),시흥시,공사업,전문,주식회사 삼호소방공사,김나연,15080,"경기도 시흥시 협력로 281 , 디동 110호(정왕동, 메가폴리스)",031-433-7119
3691,경기(남),시흥시,공사업,전문,한성에프씨 주식회사,박은경,15054,"경기도 시흥시 다솜마을2길 4 , 404호(정왕동, 화신프라자)",031-365-5109
3692,경기(남),시흥시,공사업,전문,주식회사 성원이엔아이,인철우,15014,"경기도 시흥시 오이도로 21 , 5동 530호(정왕동, 스틸랜드철재상가)",031-497-0403
3693,경기(남),시흥시,공사업,전문,주식회사 디앤티,김일랑,14976,"경기도 시흥시 하중로 235 , 501호(하중동, 법조타운)",031-314-8797
3694,경기(남),시흥시,공사업,전문,우림소방산업(주),이준기,15080,"경기도 시흥시 산기대학로 77 , 12동 315호(정왕동, 시화기계유통단지)",031-431-3119
3695,경기(남),시흥시,공사업,전문,(주)네이버소방,조민성,15011,"경기도 시흥시 서울대학로264번길 44-4 , 803호(배곧동, 에스프라자)",031-499-4119
3696,경기(남),시흥시,공사업,전문,주식회사 라온방재,김수락,15103,"경기도 시흥시 공단1대로 244 , 제4동 317, 318호(정왕동, 공구상가)",031-504-7119
3697,경기(남),시흥시,공사업,전문,주식회사 인화소방,허호진,15103,"경기도 시흥시 공단1대로 244 , 제21동 314호(정왕동, 공구상가)",
3698,경기(남),시흥시,공사업,전문,주식회사 희성이엔씨,김희선,14901,"경기도 시흥시 서해안로1685번길 5 , 201호(대야동)",031-311-3313
3699,경기(남),시흥시,공사업,전문,주식회사 대양포스텍,조한나,14998,"경기도 시흥시 시청로72번길 25-1 , 202호(장현동)",031-507-1119
3700,경기(남),시흥시,공사업,전문,주식회사 대야에스디,민병구,14977,"경기도 시흥시 상직길 9 ,  제상가동2층 제201호(하상동, 연꽃마을태평아파트1단지)",031-312-2119
3701,경기(남),시흥시,공사업,전문,일양전설 주식회사,김장수,15012,"경기도 시흥시 서울대학로 59-20 , 402호(배곧동, 빌텍까뮤지식산업센터)",031-362-6482
3702,경기(남),시흥시,공사업,일반(전기),(주)송림이앤씨,김송모,14976,"경기도 시흥시 하중로 217 , 2층(하중동, 대명빌딩)",031-435-1551
3703,경기(남),시흥시,공사업,전문,한성이앤지(주),이성재,14981,"경기도 시흥시 금화로550번길 20 , 2층(금이동)",031-404-9422
3704,경기(남),시흥시,공사업,전문,(주)아이티씨,"권재중,유진숙",14998,"경기도 시흥시 시청로68번길 26 ,2층 205호(장현동)",031-435-3350
3705,경기(남),시흥시,공사업,전문,(주)성민산업이엔지,안홍영,15012,"경기도 시흥시 서울대학로 59-21 , 1동 217호(배곧동, 배곧로얄팰리스테크노1차)",031-432-9946
3706,경기(남),시흥시,공사업,전문,(주)두두,이서근,14912,"경기도 시흥시 비둘기공원7길 51 , 505호(대야동, 대명프라자)",031-314-2300
3707,경기(남),시흥시,공사업,일반(전기),아사아블로이코리아삼화정밀(주),신현욱,15083,"경기도 시흥시 희망공원로 234 , 2나 601호(정왕동, 시화공단)",031-412-0412
3708,경기(남),시흥시,공사업,전문,(주)유니크종합건설,김기식,15011,"경기도 시흥시 서울대학로278번길 34 , 328호, 329호(배곧동, 시흥배곧아브뉴프랑센트럴옐로우)",031-319-8558
3709,경기(남),시흥시,공사업,전문,주식회사 건향개발,서우성,15004,경기도 시흥시 군자로335번길 18-3 (거모동),031-434-3579
3710,경기(남),시흥시,공사업,일반(전기),주식회사 웨이브엔텍,김병훈,14910,"경기도 시흥시 수인로 3352 , 5층(신천동)",031-414-8511
3711,경기(남),시흥시,공사업,일반(전기),케이티이앤씨 주식회사,황준태,15117,경기도 시흥시 시화호수로 310-20 (정왕동),070-4900-2200
3712,경기(남),시흥시,공사업,전문,주식회사 현우기업시스템,임윤옥,14923,"경기도 시흥시 은계로 260 , 809호(은행동, 우평라비엔빌딩)",031-311-5119
3713,경기(남),시흥시,공사업,전문,(주)파이로엔지니어링,한로운,14931,"경기도 시흥시 매화산단로 105 , 5동 101호, 201호, 301호, 401호, 501호, 502호(매화동, 프라임큐브지식산업센터)",02-855-5091
3714,경기(남),시흥시,공사업,전문,제이에스방재,김종상,15103,"경기도 시흥시 공단1대로 244 , 02동 223호(정왕동, 공구상가)",031-430-2068
3715,경기(남),시흥시,공사업,전문,주식회사 에스피테크,김광진,15062,"경기도 시흥시 평안상가5길 3 , 1층 103호(정왕동, 승리프라자)",031-439-1008
3716,경기(남),시흥시,공사업,전문,(주)성민소방,유근호,15012,"경기도 시흥시 서울대학로 59-21 , 1동 217호(배곧동)",031-432-9946
3717,경기(남),시흥시,공사업,전문,주식회사 하나소방,문희천,15103,"경기도 시흥시 공단1대로 244 , 4동 303호(정왕동)",031-499-1192
3718,경기(남),안산시,공사업,전문,경원에프앤씨(주),배영탁,15406,경기도 안산시 단원구 바라지길 26-10 (신길동) .,031-419-2119
3719,경기(남),안산시,공사업,전문,(주)협진엔지니어링,"조중현,조민호",15360,"경기도 안산시 단원구 고잔로 76  8층 3호(고잔동,영풍맘모스프라자)",031-482-0267
3720,경기(남),안산시,공사업,일반(전기),선도전기(주),권혁,15655,경기도 안산시 단원구 시화벤처로 444 (성곡동),02-544-8977
3721,경기(남),안산시,공사업,전문,중부소방산업(주),이정완,15599,"경기도 안산시 단원구 별망로 453 , 216호(목내동, 광양프런티어벨리2차 지식산업센터)",031-495-8421
3722,경기(남),안산시,공사업,전문,(주)광진이엔지,임광수,15245,"경기도 안산시 단원구 선부로 243  , 2층(와동) ",031-401-7676
3723,경기(남),안산시,공사업,전문,거양전기(주),김재근,15440,"경기도 안산시 단원구 신촌1길 34 , 1층(초지동)",031-492-1862
3724,경기(남),안산시,공사업,전문,(주)호연이에프티,송효섭,15434,"경기도 안산시 단원구 별망로 555 , 217호(원시동, 타원타크라5차 지식산업센터)",031-409-0273
3725,경기(남),안산시,공사업,전문,신영이엔씨(주),김경례,15352,경기도 안산시 단원구 당곡로 33  213호(고잔동),031-480-2201
3726,경기(남),안산시,공사업,전문,(주)화인전설,류옥현,15487,"경기도 안산시 상록구 송호1길 53 , 202호(이동)",031-417-5123
3727,경기(남),안산시,공사업,전문,거룡전력(주),홍희성,15434,"경기도 안산시 단원구 산단로 78  301호(원시동,광림원시타워아파트형공장) ",031-494-5534
3728,경기(남),안산시,공사업,전문,전진에프앤씨,고태호,15547,경기도 안산시 상록구 각골동로 30  1층(본오동),031-418-9119
3729,경기(남),안산시,공사업,전문,대성방재건설(주),홍순호,15532,경기도 안산시 상록구 용신로 351  (본오동),031-409-1231
3730,경기(남),안산시,공사업,전문,(주)일광,장영석,15489,"경기도 안산시 상록구 이동공원로 33  , 2층(이동)",031-403-6104
3731,경기(남),안산시,공사업,전문,(주)다스텍,배남식,15465,경기도 안산시 단원구 이삭5길 13  301호(고잔동),031-480-9526
3732,경기(남),안산시,공사업,전문,주식회사 디에스이엔씨,정맹석,15433,"경기도 안산시 단원구 동산로 63 , 359호(원시동)",031-401-0103
3733,경기(남),안산시,공사업,전문,에스엠이앤씨(주),박용덕,15596,"경기도 안산시 상록구 해양3로 15 , 1315호(사동, 그랑시티시그니처타워)",031-411-0278
3734,경기(남),안산시,공사업,전문,(주)조은이앤씨,윤영미,15440,"경기도 안산시 단원구 초지로 182 3층(초지동,창대빌딩)",031-486-5119
3735,경기(남),안산시,공사업,전문,(주)두일건설,김태진,15462,"경기도 안산시 단원구 광덕동로 101 6층(고잔동,두일빌딩)",031-502-2121
3736,경기(남),안산시,공사업,전문,한국산업안전관리원(주),이상용,15326,"경기도 안산시 상록구 성호로 38 , 3층(일동)",031-414-0723
3737,경기(남),안산시,공사업,전문,(주)한국안전기술단,김용만,15461,"경기도 안산시 단원구 광덕4로 148 , 비동 302호(고잔동,트윈빌딩)",031-483-0287
3738,경기(남),안산시,공사업,전문,(주)세신소방엔지니어링,현승순,15628,경기도 안산시 상록구 항가울로 15-1  (사동) ,031-502-4119
3739,경기(남),안산시,공사업,전문,주식회사 도아,박기덕,15202,"경기도 안산시 상록구 장상1길 3 , 3층(장상동)",031-311-7517
3740,경기(남),안산시,공사업,전문,(주)인화전기공사,송기회,15487,"경기도 안산시 상록구 송호1길 53 , 202호(이동)",031-417-0321
3741,경기(남),안산시,공사업,전문,(주)포스이엔지,최경희,15521,"경기도 안산시 상록구 건건로 166 , 2층(건건동)",031-407-4717
3742,경기(남),안산시,공사업,전문,대창방재,박정송,15466,"경기도 안산시 단원구 이삭1길 11 , 201호(고잔동)",031-480-7119
3743,경기(남),안산시,공사업,전문,(주)유일소방이엔지,안선기,15304,경기도 안산시 상록구 정재로8길 8 (부곡동),031-408-8119
3744,경기(남),안산시,공사업,전문,성림전설(주),조선행,15577,경기도 안산시 상록구 한양대학로 66 402호(사동),031-409-4000
3745,경기(남),안산시,공사업,전문,(주)신성종합관리,권혁원,15448,"경기도 안산시 단원구 초지로 90 ,211호(초지동,태영프라자)",031-414-0482
3746,경기(남),안산시,공사업,전문,율하이앤씨(주),최병준,15494,"경기도 안산시 상록구 광덕1로 355 ,924호(이동,데코스포텔)",031-501-0157
3747,경기(남),안산시,공사업,전문,일진파워텍(주),박시덕,15433,"경기도 안산시 단원구 산단로 278  501호(원시동,반월하이테크빌리지)",031-443-6757
3748,경기(남),안산시,공사업,전문,(주)유진엔지니어링,최낙진,15494,"경기도 안산시 상록구 양지편로 36 2층 203호(이동,아트프라자)",031-501-3750
3749,경기(남),안산시,공사업,전문,주식회사 광림이엔지,김철호,15489,"경기도 안산시 상록구 석호로 7 , 301호(이동)",031-415-9691
3750,경기(남),안산시,공사업,전문,(주)거성이엔씨,임충섭,15577,경기도 안산시 상록구 성안1길 10 (사동),031-475-6900
3751,경기(남),안산시,공사업,전문,주식회사 다인소방,이상열,15431,"경기도 안산시 단원구 풍전로 7 , 비동 403호(원곡동, 원곡유통상가)",031-494-6119
3752,경기(남),안산시,공사업,전문,대성건설기업(주),전종식,15255,"경기도 안산시 단원구 선부로 302 , 202호(와동)",02-6448-1461
3753,경기(남),안산시,공사업,전문,중원(주),김우겸,15429,경기도 안산시 단원구 산단로163번길 23 (원시동),031-481-0313
3754,경기(남),안산시,공사업,일반(전기),(주)대유미디어시스템즈,이원문,15598,"경기도 안산시 단원구 범지기로 48 , 가동 2층(목내동)",070-5055-2358
3755,경기(남),안산시,공사업,전문,(주)청풍소방안전,김현숙,15464,"경기도 안산시 단원구 광덕4로 246 , 404호(고잔동, 천혜중앙빌딩)",031-439-2119
3756,경기(남),안산시,공사업,전문,(주)오성전기,신향순,15575,경기도 안산시 상록구 고목로6길 20 (본오동),031-433-6819
3757,경기(남),안산시,공사업,전문,주식회사 바로,최현우,15489,경기도 안산시 상록구 양지편2길 14-13 (이동),031-409-8504
3758,경기(남),안산시,공사업,일반(전기),(주)삼보소방이엔씨,모기종,15465,경기도 안산시 단원구 민속공원로 84 (고잔동),031-475-7545
3759,경기(남),안산시,공사업,전문,주식회사 삼주안전기술단,엄태용,15288,"경기도 안산시 상록구 예술광장1로 16 , 502호(월피동, 칠성프라자)",031-453-0445
3760,경기(남),안산시,공사업,전문,주식회사 신세기전력,최병구,15397,경기도 안산시 단원구 신길중앙로5길 24-8 (신길동),031-493-9500
3761,경기(남),안산시,공사업,전문,대보건설(주),황준희,15431,"경기도 안산시 단원구 산단로 348 , 비동 225호(원곡동)",031-492-8830
3762,경기(남),안산시,공사업,전문,(주)경문기술단,이용기,15431,"경기도 안산시 단원구 풍전로 37-9 , 309동 210호(원곡동,트리플렉스)",031-417-6119
3763,경기(남),안산시,공사업,전문,노아방재,손은순,15431,"경기도 안산시 단원구 산단로 342 , 편익A동 202호(원곡동, 원곡유통상가)",031-493-2710
3764,경기(남),안산시,공사업,전문,(주)성화전설,심병택,15434,경기도 안산시 단원구 범지기로141번길 75 에이동(원시동),031-493-0482
3765,경기(남),안산시,공사업,전문,주식회사 우진전기,강완형,15599,"경기도 안산시 단원구 별망로 453 , 314(목내동,광양프런티어밸리 지식산업센터)",031-410-0488
3766,경기(남),안산시,공사업,전문,(주)웹센,심달호,15462,"경기도 안산시 단원구 광덕동로 101 , 4층 403호 (고잔동, 두일빌딩)",02-515-3304
3767,경기(남),안산시,공사업,전문,주식회사 진언이엔지,민규식,15431,"경기도 안산시 단원구 풍전로 37-24 , 319동 211호(원곡동, 트리플렉스)",031-413-2463
3768,경기(남),안산시,공사업,전문,제이티 소방,허정택,15574,"경기도 안산시 상록구 막고지3길 14 , 1층 상가 102호(본오동)",031-438-1190
3769,경기(남),안산시,공사업,전문,탑방재 이앤씨,김선형,15440,"경기도 안산시 단원구 신촌4길 7 , 202호(초지동)",031-480-1119
3770,경기(남),안산시,공사업,전문,효산종합건설 주식회사,"윤초영,안성현",15523,"경기도 안산시 상록구 사사안골길 1 , 2층(사사동)",031-365-5341
3771,경기(남),안산시,공사업,전문,(주)한국소방안전기술단,이상동,15426,"경기도 안산시 단원구 산단로 341 , 222호, 223호(신길동, 정우벤처타운2)",031-493-6216
3772,경기(남),안산시,공사업,전문,주식회사 그린방재이엔씨,김일겸,15431,"경기도 안산시 단원구 산단로 348 , 디동 119호(원곡동, 유통상가)",031-495-8118
3773,경기(남),안산시,공사업,전문,(주)성실소방안전,신대현,15465,"경기도 안산시 단원구 이삭3길 68 , 201호(고잔동)",031-413-2990
3774,경기(남),안산시,공사업,전문,주식회사 엔트그린,이창섭,15464,"경기도 안산시 단원구 광덕4로 234 , 313호,320호(고잔동, 천혜로데오프라자)",031-410-1094
3775,경기(남),안산시,공사업,전문,지엔에스엠 주식회사,서상민,15421,"경기도 안산시 단원구 만해로 205 , 에이513호(성곡동, 타원타크라3)",1644-4022
3776,경기(남),안산시,공사업,전문,주식회사 재원전기,이석용,15523,"경기도 안산시 상록구 양지마을3길 13-6 , 에이동(사사동)",031-406-1124
3777,경기(남),안산시,공사업,전문,대성전기소방 주식회사,전선학,15440,경기도 안산시 단원구 신촌1길 4-1 (초지동),031-401-6490
3778,경기(남),안산시,공사업,전문,주식회사 제이에스이엔씨,김정현,15461,"경기도 안산시 단원구 광덕대로 193 , 714호,715호(고잔동, 신양타운)",031-506-8119
3779,경기(남),안산시,공사업,전문,주식회사 국제이엔지,심주희,15426,"경기도 안산시 단원구 산단로 325 , 에프동 819호(신길동, 리드 스마트스퀘어 지식산업센터)",031-438-1119
3780,경기(남),안산시,공사업,전문,주식회사 우진소방,김창재,15494,"경기도 안산시 상록구 광덕1로 355 , 139호(이동, 테코스포텔)",031-410-7747
3781,경기(남),안산시,공사업,전문,(주)운수소방,정병석,15448,"경기도 안산시 단원구 광덕1로 56 , 504호(초지동, 로얄프라자)",031-439-2574
3782,경기(남),안산시,공사업,전문,주식회사 미래에너지,윤영욱,15580,"경기도 안산시 상록구 서암로1길 39 , 1층(사동)",031-418-9987
3783,경기(남),안산시,공사업,전문,광성엔지니어링 주식회사,조성빈,15487,"경기도 안산시 상록구 송호1길 50 , 101호(이동)",031-418-4536
3784,경기(남),안산시,공사업,전문,(주)은성전설,우윤명,15496,"경기도 안산시 상록구 삼태기3길 3-1 , 1층(이동)",031-411-0750
3785,경기(남),안산시,공사업,전문,주식회사 광명전기,이재광,15597,경기도 안산시 단원구 목내로 160 (목내동),02-2240-8183
3786,경기(남),안산시,공사업,전문,주식회사 미남이엔지,김상규,15476,"경기도 안산시 단원구 광덕1로 163 , 203호(고잔동, 동남오피스텔2차)",031-226-1643
3787,경기(남),안산시,공사업,전문,주식회사 유온전력,이양희,15455,"경기도 안산시 단원구 원포공원1로 59 , 에이-308호(초지동, 신명트윈타워)",070-4263-7554
3788,경기(남),안산시,공사업,전문,주식회사 한얼이엔씨,김상수,15461,"경기도 안산시 단원구 광덕4로 144 , 에이동 503호(고잔동, 트윈타운)",031-491-1214
3789,경기(남),안산시,공사업,전문,(주)석영소방안전기술,염우득,15431,"경기도 안산시 단원구 산단로 342 , 에이동407호(원곡동, 원곡유통상가)",031-495-8260
3790,경기(남),안산시,공사업,전문,국부전기 주식회사,송찬형,15521,경기도 안산시 상록구 건지미길 27-5 (건건동),031-480-8870
3791,경기(남),안산시,공사업,전문,금성전력 주식회사,김종균,15459,경기도 안산시 단원구 다리간2길 16-4 (고잔동),031-402-9300
3792,경기(남),안산시,공사업,일반(전기),(주)플러스전기,"박기태,김미숙",15425,"경기도 안산시 단원구 능안로 81 , 비137호, 비123호(신길동, 안산디지털파크)",031-310-8847
3793,경기(남),안산시,공사업,전문,시온전기 주식회사,조성환,15466,"경기도 안산시 단원구 이삭1길 6-3 , 101호(고잔동)",031-418-5735
3794,경기(남),안산시,공사업,전문,우창이엔씨(주),유병길,15461,"경기도 안산시 단원구 광덕대로 187 , 504호,505호(고잔동, 장은타워)",031-482-9200
3795,경기(남),안산시,공사업,전문,티에이치전력 주식회사,이태호,15431,"경기도 안산시 단원구 산단로 348 , 씨동 206호(원곡동, 안산유통상가)",031-492-0485
3796,경기(남),안산시,공사업,일반(전기),하나이엔씨 주식회사,신동창,15431,"경기도 안산시 단원구 산단로 326 , 13동 219, 220호(원곡동, 원곡유통상가)",031-405-5542
3797,경기(남),안산시,공사업,전문,(주)옥천이엔지,이성열,15202,"경기도 안산시 상록구 원당골1길 14-7 , 201호(수암동)",031-401-4761
3798,경기(남),안산시,공사업,전문,(주)대한전설,주동선,15470,"경기도 안산시 단원구 광덕동로 61 , 307호(고잔동)",031-403-3333
3799,경기(남),안산시,공사업,전문,(주)영승이엔에스,김영섭,15523,"경기도 안산시 상록구 양지마을3길 13-11 , 2층, 3층(사사동)",031-419-8750
3800,경기(남),안산시,공사업,전문,(주)기영테크이엔지,안경애,15531,경기도 안산시 상록구 담원길 7 (팔곡이동),031-437-8714
3801,경기(남),안산시,공사업,전문,코리아이엔지 주식회사,박영호,15461,"경기도 안산시 단원구 광덕서로 102 , 제2층 206호(고잔동, 대우빌딩)",031-401-4016
3802,경기(남),안산시,공사업,전문,동명전기 주식회사,김지환,15465,경기도 안산시 단원구 이삭5길 5 (고잔동),031-414-0272
3803,경기(남),안산시,공사업,전문,주식회사 성현기공,"김대중,문성남",15465,"경기도 안산시 단원구 이삭로 32-1 , 4층(고잔동, 효원빌딩)",031-405-0484
3804,경기(남),안산시,공사업,전문,주식회사 현승,"양동임,김승만",15434,"경기도 안산시 단원구 별망로 555 , 821호(원시동, 타원타크라5지식산업센터)",031-984-5561
3805,경기(남),안산시,공사업,전문,(주)태백전력소방,손영호,15496,"경기도 안산시 상록구 삼태기로 5-4 , 1층102호(이동)",031-438-0768
3806,경기(남),안산시,공사업,일반(전기),주식회사 신한전기,강신수,15431,"경기도 안산시 단원구 풍전로 37-9 , 316동 106호(원곡동)",031-401-0481
3807,경기(남),안산시,공사업,전문,주식회사 착한소방이엔지,김강산,15440,"경기도 안산시 단원구 신촌6길 5-1 , 101호(초지동)",031-403-1195
3808,경기(남),안산시,공사업,전문,안산탑소방기술단,조경호,15440,"경기도 안산시 단원구 광덕3로 39 , 204호(초지동)",
3809,경기(남),안산시,공사업,전문,주식회사 성우전기,"심우탁,윤애자",15575,경기도 안산시 상록구 고목로5길 5-1 (본오동),031-417-4532
3810,경기(남),안산시,공사업,전문,대명소방산업,"이경훈,신광희",15433,"경기도 안산시 단원구 동산로 63 , 3층 353호(원시동)",031-8042-5911
3811,경기(남),안산시,공사업,전문,버슘머트리얼즈한양기공 주식회사,"김우규,이경재",15420,경기도 안산시 단원구 해봉로 283 (신길동),031-500-8220
3812,경기(남),안산시,공사업,전문,(주)태일종합건설,김충일,15433,"경기도 안산시 단원구 동산로 57 , 102-2호(원시동, 경기본부별관)",031-496-0347
3813,경기(남),안산시,공사업,전문,주식회사 신우소방,백만호,15431,"경기도 안산시 단원구 산단로 326 , 5동 309호(원곡동, 유통상가)",031-495-0446
3814,경기(남),안산시,공사업,전문,주식회사 한세전기공사,양현욱,15434,"경기도 안산시 단원구 동산로 76 , 5층 519호(원시동, 타원타크라2 지식산업센타)",031-416-0235
3815,경기(남),안산시,공사업,전문,삼인이앤씨,"송병욱,김세종",15431,"경기도 안산시 단원구 산단로 348 , C동 309호(원곡동, 안산유통상가2차)",031-493-4602
3816,경기(남),안산시,공사업,전문,선경이엔지(주),정희석,15440,"경기도 안산시 단원구 신촌5길 1 , 1층 101, 102호(초지동)",031-475-1192
3817,경기(남),안산시,공사업,전문,형제소방,김동기,15350,"경기도 안산시 단원구 고잔로 115 , 106동 2501호(고잔동, 안산센트럴 푸르지오)",
3818,경기(남),안산시,공사업,전문,주식회사 강산이엔씨,이완규,15632,"경기도 안산시 상록구 선진6길 80 , 101호(사동)",031-417-7016
3819,경기(남),안산시,공사업,전문,(주)미성가스이엔지,소성렬,15421,"경기도 안산시 단원구 성곡로 176 , 가동 304호(성곡동, 타원타크라지식산업센타)",031-318-0611
3820,경기(남),안산시,공사업,전문,주식회사 건창전력,"이건창,이현행",15575,"경기도 안산시 상록구 고목로9길 1 , 1층(본오동, (주)건창전력)",031-417-6671
3821,경기(남),안성시,공사업,전문,(주)신세계토건,김준한,17542,"경기도 안성시 대덕면 무능로 3 ,",02-3448-6000
3822,경기(남),안성시,공사업,전문,국민소방안전(주),김연이,17593,경기도 안성시 강변로 97-3 (성남동),031-671-1773
3823,경기(남),안성시,공사업,전문,(주)아주전력,이규선,17514,경기도 안성시 삼죽면 보삼로 730 (내강리),031-677-0668
3824,경기(남),안성시,공사업,전문,동광기업(주),주명숙,17509,경기도 안성시 보개면 보개원삼로 244 (불현리),031-674-6061
3825,경기(남),안성시,공사업,전문,(주)쌍용건설전기,최명철,17542,"경기도 안성시 대덕면 무능로 59 , 나동 1층",031-674-0224
3826,경기(남),안성시,공사업,전문,광성전업(주),박준연,17590,경기도 안성시 중앙로 435  (봉남동),02-543-3388
3827,경기(남),안성시,공사업,전문,(주)대신소방설비공사,백종림,17591,경기도 안성시 장기로 119  (낙원동),031-673-0171
3828,경기(남),안성시,공사업,전문,해광전설산업(주),문억규,17514,"경기도 안성시 삼죽면 보삼로 730 , 102호",02-415-9977
3829,경기(남),안성시,공사업,전문,재영전기(주),오세화,17535,"경기도 안성시 금광면 금광오산로 294 , 102호",031-501-6504
3830,경기(남),안성시,공사업,전문,주식회사 영진,이현섭,17590,"경기도 안성시 중앙로419번길 8 , 3층(영동)",031-676-7434
3831,경기(남),안성시,공사업,전문,국도건설 주식회사,이근철,17577,"경기도 안성시 아양3로 56 , 단지내상가 106호(옥산동, 광신프로그레스)",031-676-5455
3832,경기(남),안성시,공사업,전문,주식회사 대상전력,박인정,17535,"경기도 안성시 금광면 금광오산로 294 , 101호",031-8057-0825
3833,경기(남),안성시,공사업,전문,보국이엔씨(주),박현준,17552,"경기도 안성시 공도읍 기업단지로 95 ,",031-658-8812
3834,경기(남),안성시,공사업,전문,(주)가야플랜트,조인희,17608,경기도 안성시 서운면 서미로 109-19 (현매리),031-671-3384
3835,경기(남),안성시,공사업,전문,창신기술 주식회사,"김종원,정상규",17540,"경기도 안성시 대덕면 미륵로 84 ,",031-712-1192
3836,경기(남),안성시,공사업,전문,위텍이엔씨 주식회사,강태섭,17576,"경기도 안성시 옥산들길 96 , 1층(옥산동)",031-671-8872
3837,경기(남),안성시,공사업,전문,육송 주식회사,신경림,17518,"경기도 안성시 죽산면 상구산길 17-26 ,",031-672-0051
3838,경기(남),안성시,공사업,전문,주식회사 화영,장원순,17577,"경기도 안성시 아양1로 61 , 407호(옥산동)",031-673-2117
3839,경기(남),안성시,공사업,전문,(주)일오이엔지,염혜진,17501,"경기도 안성시 양성면 양성로 519-28 ,",031-673-7570
3840,경기(남),안성시,공사업,전문,주식회사 거복공영,박종진,17598,"경기도 안성시 미양면 안성대로 697-26 , 비동",031-372-6349
3841,경기(남),안성시,공사업,전문,(주)벽상이앤씨,임순수,17596,경기도 안성시 강변로74번길 19-8 (도기동),031-677-0080
3842,경기(남),안양시,공사업,전문,신한건설(주),"유주현,류청선",13936,"경기도 안양시 동안구 관악대로287번길 64 , 비01호(관양동, 현대빌딩)",031-449-4450
3843,경기(남),안양시,공사업,일반(전기),정우전설(주),김재호,14057,경기도 안양시 동안구 시민대로 361 1-910 (관양동 에이스평촌타워),031-424-0488
3844,경기(남),안양시,공사업,전문,삼우종합건설(주),이재철,13943,경기도 안양시 동안구 흥안대로 490  (관양동),031-424-5353
3845,경기(남),안양시,공사업,전문,세광산업(주),"김진배,김재붕",14067,"경기도 안양시 동안구 시민대로 260 , 9층901호(관양동, 안양금융센터A.F.C)",031-346-8888
3846,경기(남),안양시,공사업,전문,(주)에이스원소방전기,정몽수,14117,"경기도 안양시 동안구 엘에스로 92 , 23-230(호계동, 국제유통단지)",031-474-1444
3847,경기(남),안양시,공사업,전문,(주)지.에스엔지니어링,유종소,13935,"경기도 안양시 동안구 평촌대로 390  3층(비산동,영전빌딩)",031-387-7673
3848,경기(남),안양시,공사업,전문,신호건설(주),홍민호,13988,"경기도 안양시 만안구 박달우회로164번길 52 , 1층.2층 1호(안양동)",031-477-3040
3849,경기(남),안양시,공사업,전문,(주)덕원플랜트,김철,14109,"경기도 안양시 동안구 경수대로584번길 11 ,3층(호계동)",02-851-8080
3850,경기(남),안양시,공사업,전문,올라이트라이프(주),"김진옥,김경래",14087,"경기도 안양시 만안구 덕천로72번길 72 , 801호,804호,805호,806호,807호,808호(안양동,동영벤처스텔)",031-466-4119
3851,경기(남),안양시,공사업,전문,(주)아윤엠이씨,윤승용,14058,"경기도 안양시 동안구 벌말로 66 , 비에프 702호(관양동, 평촌역하이필드)",031-689-5525
3852,경기(남),안양시,공사업,전문,신화소방(주),정영옥,14059,경기도 안양시 동안구 흥안대로 415  두산벤처다임 910호(평촌동) ,031-478-4625
3853,경기(남),안양시,공사업,전문,엘에스일렉트릭(주),"구자균,김동현",14119,경기도 안양시 동안구 엘에스로 127 (호계동),02-2034-4070
3854,경기(남),안양시,공사업,전문,(주)서울엔지니어링,김남철,14114,"경기도 안양시 동안구 경수대로 613 , 6층 비3호(호계동, 율곡빌딩)",031-451-2164
3855,경기(남),안양시,공사업,전문,해오름건설(주),"김길수,김인호",14057,"경기도 안양시 동안구 시민대로 383 비동 707호(관양동, 디지털엠파이어)",031-426-6253
3856,경기(남),안양시,공사업,전문,경기산업(주),김성기,14084,"경기도 안양시 만안구 덕천로152번길 25 , 1동, 664호(안양동, 안양아이에스비즈타워센트럴)",031-444-3610
3857,경기(남),안양시,공사업,전문,대창기업(주),이동호,14036,"경기도 안양시 만안구 안양로 80 , 301호(안양동, 국토빌딩)",031-465-5802
3858,경기(남),안양시,공사업,전문,(주)제니스이엔씨,김윤진,13918,경기도 안양시 동안구 평촌대로 413  (비산동),031-384-5400
3859,경기(남),안양시,공사업,전문,환경에너지솔루션 주식회사,이상헌,14067,"경기도 안양시 동안구 시민대로 260 , 6층 602호(관양동, 안양금융센터에이에프씨)",02-2081-7723
3860,경기(남),안양시,공사업,전문,에스비이엔디 주식회사,이재문,14033,"경기도 안양시 만안구 만안로 99 , 701호(안양동)",031-446-1816
3861,경기(남),안양시,공사업,전문,한국소방(주),이중호,14117,"경기도 안양시 동안구 엘에스로 92 , 2동 220호(호계동, 안양국제유통단지)",031-477-8276
3862,경기(남),안양시,공사업,전문,삼성솔루션(주),김중완,13954,경기도 안양시 동안구 경수대로 898 (비산동),031-456-3366
3863,경기(남),안양시,공사업,전문,(주)영설계엔지니어링,"하상만,안형국",14056,"경기도 안양시 동안구 학의로 282 , 1520호(관양동, 금강펜테리움)",031-784-0207
3864,경기(남),안양시,공사업,전문,(주)우림산업,김인성,14119,경기도 안양시 동안구 엘에스로 91  한국프라자 402호 (호계동) ,031-457-4119
3865,경기(남),안양시,공사업,전문,지승건설(주),권민석,13951,경기도 안양시 동안구 흥안대로 509 5층(관양동),031-424-1751
3866,경기(남),안양시,공사업,전문,(주)컴피아,"고석만,고건영",14048,"경기도 안양시 동안구 시민대로 171 , 1710호(비산동, 금강벤처텔)",031-342-2299
3867,경기(남),안양시,공사업,전문,비룡전설(주),임수빈,14005,경기도 안양시 만안구 박달로578번길 42 (안양동),031-446-5363
3868,경기(남),안양시,공사업,전문,(자)동화,김연회,14058,경기도 안양시 동안구 흥안대로 465  (평촌동) ,031-425-5213
3869,경기(남),안양시,공사업,전문,대화공영(주),최연수,13949,경기도 안양시 동안구 관악대로 456  5층 501(관양동),031-426-6870
3870,경기(남),안양시,공사업,전문,(주)경기방재소방공사,이현태,14042,"경기도 안양시 동안구 전파로 88 505호(호계동,신원비젼타워)",031-478-8900
3871,경기(남),안양시,공사업,전문,(주)제이원파워,고재원,14084,"경기도 안양시 만안구 덕천로152번길 25 , 14층 에이-1410에이호(안양동, 안양아이에스비즈타워센트럴)",031-345-4808
3872,경기(남),안양시,공사업,전문,(주)태극엔지니어링,장순옥,14117,"경기도 안양시 동안구 엘에스로 92  22동 131호, 231호(호계동,안양국제유통단지)",031-424-7119
3873,경기(남),안양시,공사업,전문,와이에스에프에스(주),김종남,14056,"경기도 안양시 동안구 학의로 282 , 1607호(관양동, 금강펜테리움아이티타워)",031-337-5119
3874,경기(남),안양시,공사업,전문,(주)육송이엔지,박영주,14118,"경기도 안양시 동안구 엘에스로116번길 25-32 , 619호(호계동, 에스케이브이원센터)",031-474-4751
3875,경기(남),안양시,공사업,전문,(주)대영하이텍,"지은호,오향순",13952,"경기도 안양시 동안구 관악대로 222 , 4층(비산동, 협진빌딩)",031-384-1190
3876,경기(남),안양시,공사업,전문,(주)진성기업,오태석,14117,경기도 안양시 동안구 엘에스로 92  303호(국제유통단지업무지원동),031-479-1706
3877,경기(남),안양시,공사업,전문,(주)성광엔지니어링,박용봉,14086,"경기도 안양시 만안구 전파로24번길 16 , 씨동(안양동, 부전빌딩)",031-447-1505
3878,경기(남),안양시,공사업,전문,(주)삼부엔지니어링,안병현,14024,경기도 안양시 만안구 병목안로156번길 14-11 (안양동),031-447-0050
3879,경기(남),안양시,공사업,전문,(주)홈스웰,이기섭,14056,경기도 안양시 동안구 학의로 282 (관양동) 금강펜테리움IT타워 21층,031-8033-7964
3880,경기(남),안양시,공사업,전문,(주)남산이엔지,조광현,14035,"경기도 안양시 만안구 만안로 29 , 제2층 제상가202호(안양동,미랜드명학타워)",031-447-8603
3881,경기(남),안양시,공사업,일반(전기),광운전기(주),조규응,14095,경기도 안양시 만안구 안양로 77  (안양동),031-444-8082
3882,경기(남),안양시,공사업,전문,호근전기(주),문원호,13949,"경기도 안양시 동안구 관악대로 440 ,2층 (관양동, 팬빌딩)",031-429-4100
3883,경기(남),안양시,공사업,전문,신구건설(주),소재필,13936,경기도 안양시 동안구 관평로 313  (관양동),02-599-7600
3884,경기(남),안양시,공사업,전문,아벤종합건설(주),박윤이,13962,경기도 안양시 만안구 안양로 552 (석수동),031-396-4433
3885,경기(남),안양시,공사업,전문,고구려방재(주),송광주,13967,"경기도 안양시 만안구 안양로 456  ,2층 (석수동)",031-473-4911
3886,경기(남),안양시,공사업,전문,지구전문건설(주),"조경현,조정호",14099,경기도 안양시 동안구 평촌대로99번길 42-15  (호계동),031-388-8119
3887,경기(남),안양시,공사업,전문,(주)아진기계설비,정경철,14033,경기도 안양시 만안구 수리산로 43  203호(안양동),031-449-3497
3888,경기(남),안양시,공사업,전문,(주)선우이엔씨,진병기,14120,"경기도 안양시 동안구 경수대로 507  3층(호계동,케이티호계지점)",031-421-1528
3889,경기(남),안양시,공사업,전문,대흥파이어프렌드(주),박성봉,13918,경기도 안양시 동안구 평촌대로 427 3층(비산동),031-476-4119
3890,경기(남),안양시,공사업,전문,대명소방,조규홍,14036,경기도 안양시 만안구 안양로 70  (안양동),031-446-4044
3891,경기(남),안양시,공사업,전문,양우종합건설 주식회사,고달상,14073,"경기도 안양시 동안구 시민대로 180 (호계동,지스퀘어)",02-2021-0583
3892,경기(남),안양시,공사업,전문,(주)용화전기통신,"송승길,송경영",14054,"경기도 안양시 동안구 시민대로 281 , 2층 201호(관양동, 동우베스티움타워)",031-383-4573
3893,경기(남),안양시,공사업,전문,남양진흥기업(주),김현직,13948,경기도 안양시 동안구 관악대로 430  (관양동),031-422-8871
3894,경기(남),안양시,공사업,전문,(주)성조테크,이수형,13970,"경기도 안양시 만안구 석수로 42 , 상가동1층1호(석수동, 럭키아파트상가)",031-445-2006
3895,경기(남),안양시,공사업,전문,해창설비(주),한기운,13951,"경기도 안양시 동안구 흥안대로 533 (관양동,인덕원골드프라자)",031-423-1981
3896,경기(남),안양시,공사업,일반(전기),(주)미디어디바이스,이강일,14118,"경기도 안양시 동안구 엘에스로 142 , 322호, 323호(호계동, 호계 금정에스케이브이1센터)",031-8068-8850
3897,경기(남),안양시,공사업,전문,(주)에스앤피엔지니어링,최강욱,14088,"경기도 안양시 만안구 덕천로 37 , 202호(안양동)",031-388-0119
3898,경기(남),안양시,공사업,전문,(주)보성엔지니어링,권오창,14047,"경기도 안양시 동안구 시민대로 199 ,1206호(비산동,BYC빌딩)",031-383-3490
3899,경기(남),안양시,공사업,전문,(주)메가이엔씨,최지영,14059,"경기도 안양시 동안구 흥안대로427번길 16 , 1105호(관양동, 평촌디지털엠파이어)",031-421-1533
3900,경기(남),안양시,공사업,전문,(주)성광종합설비,나정희,14092,경기도 안양시 만안구 안양로 157 401호(안양동),031-448-9953
3901,경기(남),안양시,공사업,전문,(주)엘에이치방재,"임성훈,함재영",14084,"경기도 안양시 만안구 덕천로152번길 25 , 비동 821호,822호,823호,824호(안양동, 안양아이에스비즈타워센트럴)",031-458-1119
3902,경기(남),안양시,공사업,전문,세원엔지니어링(주),"박종성,정성근",14035,"경기도 안양시 만안구 문예로 50 2층(안양동, 한림시티빌)",031-429-2643
3903,경기(남),안양시,공사업,전문,신화전설공사(주),양승학,14057,"경기도 안양시 동안구 벌말로 126 , 505호(관양동, 평촌오비즈타워)",031-451-9009
3904,경기(남),안양시,공사업,일반(전기),(주)레존텍,박수복,14058,경기도 안양시 동안구 벌말로 72-9 (관양동),1544-9108
3905,경기(남),안양시,공사업,전문,(주)계명,"이완용,주명호",431-815,"경기도 안양시 동안구 시민대로 277 , 310호(관양동, 세방글로벌시티)",031-353-7490
3906,경기(남),안양시,공사업,전문,주식회사 다길소방,정석영,13962,"경기도 안양시 만안구 안양로532번길 27 , 202호(석수동, 관악아파트)",031-471-6101
3907,경기(남),안양시,공사업,전문,(주)코리아파워텍,이정숙,14084,"경기도 안양시 만안구 덕천로152번길 25 , 1동 737호 (안양동, 안양아이에스비즈타워센트럴)",031-388-3485
3908,경기(남),안양시,공사업,전문,대한전선(주),송종민,14055,"경기도 안양시 동안구 시민대로 317 , 4층(관양동, 대한스마트타워)",02-316-9248
3909,경기(남),안양시,공사업,전문,주식회사 스마트 119,한두영,13967,"경기도 안양시 만안구 석천로198번길 62 , 1층 103호(석수동)",031-471-5119
3910,경기(남),안양시,공사업,전문,(주)아이엔아이,이상우,14057,경기도 안양시 동안구 시민대로365번길 52 (관양동),031-423-4400
3911,경기(남),안양시,공사업,전문,주식회사 개성건설,박형국,14093,"경기도 안양시 만안구 안양로 111 , 901호 902호 903호 904호 905호(안양동, 경기벤처연성대학교센터)",031-387-0030
3912,경기(남),안양시,공사업,전문,(주)에스에스전기,채태병,14084,"경기도 안양시 만안구 덕천로152번길 25 , 비동 1907호(안양동, 안양아이에스비즈타워)",031-420-5181
3913,경기(남),안양시,공사업,전문,부민공영(주),신성욱,14057,"경기도 안양시 동안구 벌말로 126 , 3005호(관양동, 오비즈타워)",031-382-4300
3914,경기(남),안양시,공사업,전문,주식회사 휴시스템,김경중,13970,"경기도 안양시 만안구 안양로 461 , 402호(석수동)",031-474-8950
3915,경기(남),안양시,공사업,전문,(주)오리온아이,조성군,14057,"경기도 안양시 동안구 시민대로 361 , 1동 1313호(관양동, 에이스평촌타워)",031-8068-6007
3916,경기(남),안양시,공사업,일반(전기),주식회사 신안전력,황호준,14117,"경기도 안양시 동안구 엘에스로 92 , 28동 306호(호계동, 안양국제유통단지)",031-479-2637
3917,경기(남),안양시,공사업,전문,(주)에스비이엔씨,이수복,14118,"경기도 안양시 동안구 엘에스로 122 , 505호(호계동, 호계데시앙플렉스)",02-3486-6691
3918,경기(남),안양시,공사업,전문,주식회사 범양이엔씨,이병길,14117,"경기도 안양시 동안구 엘에스로 76 디오밸리230호(호계동,안양국제유통단지 가동)",070-4420-1290
3919,경기(남),안양시,공사업,전문,주식회사 다온이엔지,김상국,14059,"경기도 안양시 동안구 흥안대로427번길 16 , 709호(관양동, 평촌디지털엠파이어)",02-332-2202
3920,경기(남),안양시,공사업,전문,아이앤피 주식회사,최송우,14067,"경기도 안양시 동안구 시민대로 230 , 에이3018호(관양동, 평촌아크로타워)",031-385-0722
3921,경기(남),안양시,공사업,전문,(주)케이비씨,정문숙,14118,"경기도 안양시 동안구 엘에스로 122 , 호계데시앙플렉스 1031호(호계동)",031-443-4652
3922,경기(남),안양시,공사업,전문,건일엔지니어링(주),류성호,13951,"경기도 안양시 동안구 관악대로 488 , 415호(관양동, 창덕에버빌)",031-426-9597
3923,경기(남),안양시,공사업,전문,주식회사 삼삼한양하이텍,최선규,14005,"경기도 안양시 만안구 안양로329번길 108 , 202-1호(안양동)",031-443-1190
3924,경기(남),안양시,공사업,전문,제이디일렉콤 주식회사,조원호,14084,"경기도 안양시 만안구 덕천로152번길 25 , 에이동1212에이호(안양동, 안양아이에스비즈타워센트럴)",070-8231-5761
3925,경기(남),안양시,공사업,전문,주식회사 디어스이앤씨,전승호,13929,"경기도 안양시 동안구 동편로 54-11 , 4층,5층(관양동, 디어스빌딩)",031-349-9571
3926,경기(남),안양시,공사업,전문,에스에이치이앤씨(주),박용완,14118,"경기도 안양시 동안구 엘에스로116번길 25-32 , 715호(호계동, 안양에스케이브이1센터)",031-341-7971
3927,경기(남),안양시,공사업,전문,(주)신우이앤지,위강철,13985,경기도 안양시 만안구 안양로405번길 14 (안양동),031-472-8501
3928,경기(남),안양시,공사업,전문,아름공영(주),김정태,14095,"경기도 안양시 만안구 안양로 75 , 5층 502호(안양동, 에스에이빌딩)",031-398-5095
3929,경기(남),안양시,공사업,전문,(주)에스티엔비,김유철,14042,"경기도 안양시 동안구 전파로 88  703호(호계동,신원비젼타워)",031-478-8400
3930,경기(남),안양시,공사업,전문,리뉴어스 주식회사,권지훈,13901,"경기도 안양시 만안구 일직로 88 (석수동, 케이-타워 본관)",031-8091-2053
3931,경기(남),안양시,공사업,일반(전기),보명이엔씨 주식회사,허정범,14117,"경기도 안양시 동안구 엘에스로 92 , 나-406호(호계동, 국제유통단지)",031-454-9990
3932,경기(남),안양시,공사업,전문,주식회사 동안이엔씨,석서연,14117,"경기도 안양시 동안구 엘에스로 92 , 2-303호(호계동, 안양국제유통단지)",070-7644-5106
3933,경기(남),안양시,공사업,일반(전기),(주)화인이엔지,김훈,14024,"경기도 안양시 만안구 병목안로142번길 13 , 1층 103호(안양동)",031-464-1190
3934,경기(남),안양시,공사업,전문,불과구름이엔지 주식회사,김찬동,13985,"경기도 안양시 만안구 박달우회로 164 , 2층(안양동)",031-461-2119
3935,경기(남),안양시,공사업,전문,동원건설산업(주),조성진,14055,"경기도 안양시 동안구 시민대로327번길 7 , 512호(관양동, 대명글로벌비즈스퀘어)",02-589-4767
3936,경기(남),안양시,공사업,전문,주식회사 레드캡소방,박세훈,14008,"경기도 안양시 만안구 박달로498번길 38 , 305호(박달동, 우성상가)",031-443-0119
3937,경기(남),안양시,공사업,전문,매일소방기술 주식회사,이염용,13935,"경기도 안양시 동안구 평촌대로 380 , 402호(비산동, 고려빌딩)",031-476-8108
3938,경기(남),안양시,공사업,전문,주식회사 서금아쿠아,이동현,14057,"경기도 안양시 동안구 시민대로 401 , 2104호(관양동, 대륭테크노타운15차)",02-574-3178
3939,경기(남),안양시,공사업,전문,(주)조은엔지니어링,신양식,14059,"경기도 안양시 동안구 흥안대로427번길 16 , 2층 216호(관양동, 평촌디지털엠파이어)",031-422-7640
3940,경기(남),안양시,공사업,전문,주식회사 현우이엔지,김명훈,13935,"경기도 안양시 동안구 평촌대로 382 , 2층(비산동)",031-388-2092
3941,경기(남),안양시,공사업,전문,부영산전(주),엄주엽,14056,"경기도 안양시 동안구 학의로 282 , 9층921호(관양동, 금강펜테리움아이티타워)",031-422-4556
3942,경기(남),안양시,공사업,전문,주식회사 주신엔지니어링,신지호,14059,"경기도 안양시 동안구 흥안대로427번길 16 , 216호(관양동, 평촌디지털엠파이어)",031-422-7642
3943,경기(남),안양시,공사업,일반(전기),미래전력 주식회사,나승운,14117,"경기도 안양시 동안구 엘에스로 92 , 33-232호(호계동, 국제유통단지)",031-479-3890
3944,경기(남),안양시,공사업,전문,주식회사 한선이엔지,김인석,14054,"경기도 안양시 동안구 시민대로 287 , 15층 1510호(관양동, 평촌그라테아2)",031-386-1486
3945,경기(남),안양시,공사업,일반(기계),(주)다예이엔지,이정윤,14056,"경기도 안양시 동안구 학의로 282 , 에이동 1902호(관양동, 금강펜테리움 아이티타워)",031-339-7731
3946,경기(남),안양시,공사업,전문,경운기술산업(주),"장은성,박병우",14057,"경기도 안양시 동안구 시민대로 401 , 1808호(관양동, 대륭테크노타운15차)",031-714-5405
3947,경기(남),안양시,공사업,전문,(주)해밀엔지니어링종합건설,"김종욱,김진옥",14086,"경기도 안양시 만안구 전파로 26 , 제4층제404호(안양동, 유천팩토피아프라자)",031-683-4255
3948,경기(남),안양시,공사업,전문,주식회사 가인지엔티,김낙종,14118,"경기도 안양시 동안구 엘에스로 142 , 212호(호계동, 금정역에스케이브이원센터)",070-7798-1900
3949,경기(남),안양시,공사업,일반(전기),주식회사 원형전기,오세광,13985,"경기도 안양시 만안구 안양로 419 , 202호(안양동)",070-8776-0883
3950,경기(남),안양시,공사업,전문,공원산업 주식회사,허숙희,14118,"경기도 안양시 동안구 엘에스로 122 , 911호(호계동, 호계 데시앙플렉스)",031-477-0520
3951,경기(남),안양시,공사업,전문,주식회사 안티파이어,정정화,14088,"경기도 안양시 만안구 덕천로34번길 35 , 5층(안양동)",070-4258-7374
3952,경기(남),안양시,공사업,전문,주식회사 엠에스이엔씨,김영준,14117,"경기도 안양시 동안구 엘에스로 92 , 에프동137호(호계동, 국제유통단지)",
3953,경기(남),안양시,공사업,전문,(주)티움코리아,장유진,14118,"경기도 안양시 동안구 엘에스로 142 , 211호(호계동)",02-6335-0082
3954,경기(남),안양시,공사업,전문,주식회사 계림,신승민,14035,"경기도 안양시 만안구 만안로 17 , 208호(안양동, 명지캐럿162)",031-360-1215
3955,경기(남),안양시,공사업,전문,주식회사 상신전기소방,김진규,13948,"경기도 안양시 동안구 관악대로 408-1 , 301호(관양동, 기원빌딩)",031-386-3831
3956,경기(남),안양시,공사업,전문,(주)지에프전력,임왕식,14084,"경기도 안양시 만안구 덕천로152번길 25 , 610호(안양동, 안양아이에스비즈타워)",031-596-6183
3957,경기(남),안양시,공사업,전문,올세 주식회사,이병권,14087,"경기도 안양시 만안구 덕천로72번길 72 , 에이동 802,808호(안양동)",031-466-4119
3958,경기(남),안양시,공사업,전문,인본건설(주),황병근,14084,"경기도 안양시 만안구 덕천로152번길 25 , 8층 825호(안양동, 안양아이에스비즈타워센트럴)",031-420-2164
3959,경기(남),안양시,공사업,전문,선진소방안전 주식회사,장수빈,14059,"경기도 안양시 동안구 흥안대로 415 , 414호(평촌동, 두산벤처다임)",031-8068-7119
3960,경기(남),안양시,공사업,전문,(주)비에스이엔지,김철환,14084,"경기도 안양시 만안구 덕천로152번길 25 , 비동 1616호(안양동, 안양아이에스비즈타워센트럴)",031-383-2311
3961,경기(남),안양시,공사업,전문,(주)신우소방엔지니어링,박지원,14057,"경기도 안양시 동안구 벌말로 140 , 7305호(관양동, 동일테크노타운7차)",031-423-4569
3962,경기(남),안양시,공사업,전문,강호소방(주),이건선,14087,"경기도 안양시 만안구 전파로44번길 57 , 두산명학아너비즈 834호(안양동)",031-388-0119
3963,경기(남),양평군,공사업,전문,(주)은성전기,장태모,12572,경기도 양평군 강상면 강상로 396 (),031-774-5020
3964,경기(남),양평군,공사업,전문,(주)더위드전기,박성대,12508,경기도 양평군 옥천면 상곡길 9-4 .,031-791-0353
3965,경기(남),양평군,공사업,전문,유신전기건설(주),김학성,12564,경기도 양평군 양평읍 중앙로378번길 8 .,031-774-6564
3966,경기(남),양평군,공사업,전문,(주)경원,"안귀영,안홍구",12547,"경기도 양평군 양평읍 경강로 2247-14 ,",02-415-2600
3967,경기(남),양평군,공사업,전문,유일전기(주),주경순,12520,경기도 양평군 용문면 용문역길 10 (2층),031-772-1112
3968,경기(남),양평군,공사업,전문,대덕전력(주),김병건,12564,경기도 양평군 양평읍 미리내길 17-3 (),031-558-9955
3969,경기(남),양평군,공사업,전문,(주)그린전기,이수미,12571,경기도 양평군 강남로 935 (2층),031-771-1213
3970,경기(남),양평군,공사업,전문,주식회사 태영전기,이경숙,12563,"경기도 양평군 양평읍 샘뜰길 57-6 , 가동 104호",031-8086-7526
3971,경기(남),양평군,공사업,전문,(주)국제전설,문재권,12563,"경기도 양평군 양평읍 샘뜰길 50 , 1층",031-527-3893
3972,경기(남),양평군,공사업,전문,아람이엔테크(주),정충선,12531,경기도 양평군 청운면 설악로 242 3층,070-4610-2636
3973,경기(남),양평군,공사업,전문,(주)대흥디씨티,박준석,12531,"경기도 양평군 청운면 설악로 242 , 2층",070-4235-5655
3974,경기(남),양평군,공사업,전문,(주)승진소방이엔지,김흥준,12546,"경기도 양평군 양평읍 잿말길10번길 50-1 ,",031-772-3019
3975,경기(남),양평군,공사업,전문,주식회사 대동전력,김종진,12508,"경기도 양평군 옥천면 아오곡길 11-2 , 3층",02-747-0434
3976,경기(남),양평군,공사업,일반(전기),양평전기(주),조성철,12547,경기도 양평군 양평읍 삼산길29번길 33 .,031-773-7773
3977,경기(남),양평군,공사업,전문,민성산업(주),권민성,12574,"경기도 양평군 강하면 강하1로 97 , 2동 101호",031-8079-8401
3978,경기(남),양평군,공사업,전문,성보건설(주),김정환,12551,"경기도 양평군 양평읍 중앙로 11 , 2층 2호",031-772-4622
3979,경기(남),양평군,공사업,전문,(주)태호전력,김필성,12547,경기도 양평군 양평읍 백운길 144 .,031-772-0416
3980,경기(남),양평군,공사업,전문,주식회사 신기이엔지,안중민,12584,"경기도 양평군 양서면 목왕로 55-1 , 301호",031-771-0520
3981,경기(남),여주시,공사업,전문,(주)세홍산전,김태형,12659,경기도 여주시 장여로 1721-7 (점봉동),031-886-7141
3982,경기(남),여주시,공사업,전문,(주)성민이엔지,김채균,12617,"경기도 여주시 강천면 부평로 85 ,",031-883-6158
3983,경기(남),여주시,공사업,전문,(주)씨에스,박찬석,12646,"경기도 여주시 여주남로 320 , 2층(연라동)",070-8793-7244
3984,경기(남),여주시,공사업,전문,(주)명성전력,조현희,12613,경기도 여주시 여양2로 216 (),031-884-0971
3985,경기(남),여주시,공사업,전문,(주)대성엔이씨,구명자,12639,"경기도 여주시 강변북로 60 , 4층(오학동)",031-881-4303
3986,경기(남),여주시,공사업,전문,(주)화성전력,서재복,12661,"경기도 여주시 가남읍 흑석로 209 ,",031-886-8307
3987,경기(남),여주시,공사업,일반(전기),(합)삼광전기,유희중,12659,경기도 여주시 장여로 1721-7 (점봉동),031-635-1100
3988,경기(남),여주시,공사업,전문,(주)현대전력통신,이광모,12638,"경기도 여주시 현암2길 63 , 201호(현암동)",031-884-6780
3989,경기(남),여주시,공사업,전문,동보전기(주),"전충종,김은미",12667,경기도 여주시 점동면 장여로 987-175 .,031-881-0491
3990,경기(남),여주시,공사업,전문,미래아이디에스 주식회사,송지영,12630,경기도 여주시 세종로67번길 21-29 (홍문동),031-886-3543
3991,경기(남),여주시,공사업,전문,화성전기(주),유호진,12641,경기도 여주시 세종대왕면 중부대로 2651-2 ,031-883-8504
3992,경기(남),여주시,공사업,전문,송풍설비주식회사,이일선,12625,경기도 여주시 영릉로 98 (하동),031-885-2893
3993,경기(남),여주시,공사업,전문,광동전력(주),이동석,12618,경기도 여주시 청심로 6-5 (하동),031-882-0204
3994,경기(남),여주시,공사업,전문,주식회사 흥덕아이티,송승현,12659,경기도 여주시 장여로 1721-7 (점봉동),031-887-4947
3995,경기(남),여주시,공사업,전문,(주)신한방재,공유유,12627,경기도 여주시 소양로 123 (홍문동),031-885-5119
3996,경기(남),여주시,공사업,전문,주식회사 영광이씨에스,"배종로,배요한",12653,"경기도 여주시 농산로 27 , 상가동 103호(점봉동, 세종그랑시아)",031-883-2502
3997,경기(남),여주시,공사업,전문,주식회사 화성,임경숙,12614,경기도 여주시 북내면 당전로 125 .,031-882-9255
3998,경기(남),여주시,공사업,전문,주식회사 번성이앤씨,이석용,12605,"경기도 여주시 흥천면 남산로 65 ,",031-633-1415
3999,경기(남),여주시,공사업,전문,(주)중앙이엔지,박광희,12618,"경기도 여주시 여흥로4번길 22 , 1층(하동)",031-883-5003
4000,경기(남),여주시,공사업,전문,주식회사 세종소방방재,이현경,12641,"경기도 여주시 능서면 마장로 54-6 ,",031-882-1193
4001,경기(남),여주시,공사업,전문,원탑 주식회사,신기남,12605,"경기도 여주시 흥천면 문바실길 44 ,",031-884-2998
4002,경기(남),여주시,공사업,전문,주양이앤씨,김현수,12635,"경기도 여주시 여양로 559 , 1호(오금동)",031-332-7204
4003,경기(남),여주시,공사업,전문,주식회사 미강전력,최은기,12635,경기도 여주시 여양로 555 (오금동),031-886-5662
4004,경기(남),여주시,공사업,전문,(주)와이엠건영,박치원,12622,"경기도 여주시 세종로 10 , 109호(홍문동)",031-886-8720
4005,경기(남),오산시,공사업,전문,(주)신일소방,임광형,18141,경기도 오산시 대원로38번길 1  (원동),031-372-1199
4006,경기(남),오산시,공사업,전문,샤론일렉콤(주),김만석,18112,"경기도 오산시 문시로 110-33 , 110-35(외삼미동)",031-353-9890
4007,경기(남),오산시,공사업,전문,태양방재산업(주),장현석,18111,경기도 오산시 경기대로 880 3층(세교동),031-373-3911
4008,경기(남),오산시,공사업,전문,(주)중앙엔지니어링,정유근,18112,"경기도 오산시 북삼미로 61 , 씨동(내삼미동)",031-202-3685
4009,경기(남),오산시,공사업,전문,(주)이림엔지니어링,이선주,18114,"경기도 오산시 내삼미로79번길 19 , 201호(수청동, 광장프라자)",031-375-2735
4010,경기(남),오산시,공사업,전문,월드소방(주),김광수,18112,"경기도 오산시 경기대로 632 , 204호, 205호, 203호 일부(내삼미동)",031-375-5119
4011,경기(남),오산시,공사업,전문,(주)경우이앤씨,"신동문,이성일,이혁",18139,경기도 오산시 운천로 52   임금빌딩 703호(원동) ,02-447-7300
4012,경기(남),오산시,공사업,전문,(주)엔케이텍,천영수,18145,경기도 오산시 남부대로 380  (원동),031-377-3311
4013,경기(남),오산시,공사업,전문,(주)제일전기공사,이광민,18141,경기도 오산시 오산로198번길 7 (원동),031-374-3396
4014,경기(남),오산시,공사업,전문,명남전기소방(주),김명기,18112,경기도 오산시 삼미로47번길 73-2 (내삼미동),031-373-9752
4015,경기(남),오산시,공사업,전문,현대전기(주),황창흠,18119,경기도 오산시 청학로 52  (청학동),031-375-3171
4016,경기(남),오산시,공사업,전문,경기전설(주),홍윤화,18145,경기도 오산시 남부대로362번길 8  (원동),031-372-8761
4017,경기(남),오산시,공사업,전문,(주)해상,이인영,18111,경기도 오산시 외삼미로5번길 13 (외삼미동),031-377-6475
4018,경기(남),오산시,공사업,전문,(주)일진엔지니어링,조성현,18112,경기도 오산시 경기대로636번길 33 608(내삼미동),031-374-4453
4019,경기(남),오산시,공사업,전문,범일건설(주),설병덕,18103,"경기도 오산시 가장산업서로 23-18 , 2층(가장동)",031-267-2939
4020,경기(남),오산시,공사업,전문,원진종합건설 주식회사,원철희,18110,"경기도 오산시 청학로 264 , 201-2(수청동, 더블유타워)",02-922-6131
4021,경기(남),오산시,공사업,전문,푸른소방(주),이민영,18104,"경기도 오산시 서동로 133-14 , 201호(서동)",031-378-0221
4022,경기(남),오산시,공사업,전문,(주)뉴이앤텍,정권근,18102,경기도 오산시 큰말길 17 (세교동),031-682-3518
4023,경기(남),오산시,공사업,전문,동승건설 주식회사,표승열,18102,"경기도 오산시 가장산업서북로 103-13 , 4층(지곶동)",031-214-1122
4024,경기(남),오산시,공사업,전문,중앙이엔에프(주),"김영자,김희태",18136,"경기도 오산시 오산로 270 , 1층(오산동)",031-375-5500
4025,경기(남),오산시,공사업,전문,동호이앤씨(주),박동호,18126,"경기도 오산시 수목원로88번길 35 , 제지식산업센터동 제에프1120비호(가수동, 클라우드엠캠퍼스)",031-377-2704
4026,경기(남),오산시,공사업,전문,(주)상경건설,이상진,18144,"경기도 오산시 경기대로 198 , 201호(원동, 시네마아울렛)",031-373-7131
4027,경기(남),오산시,공사업,전문,주식회사 대성엠엔에프,고성대,18118,"경기도 오산시 매홀로 89-2 , 103동 102호(수청동, 천보빌라)",
4028,경기(남),오산시,공사업,전문,주식회사 보경전력,김일중,18102,경기도 오산시 가장산업서북로 110-40 (지곶동),031-375-8866
4029,경기(남),오산시,공사업,전문,미성전력,양미자,18102,"경기도 오산시 독산성로 372-21 , 1층(세교동)",031-232-1254
4030,경기(남),오산시,공사업,일반(기계),주식회사 자딘,이범수,18144,"경기도 오산시 밀머리로 64 , 302호(원동, 다짐프라자)",031-466-0996
4031,경기(남),오산시,공사업,전문,(주)대경이엔에스플러스,강명숙,18126,"경기도 오산시 수목원로88번길 35 , 제지식산업센터동 제27층 제에프2705에이호(가수동, 클라우드엠캠퍼스)",031-893-0829
4032,경기(남),오산시,공사업,전문,주식회사 제이엘이앤씨,이화준,18100,경기도 오산시 서랑로 69 (서랑동),
4033,경기(남),오산시,공사업,전문,진화이엔지 주식회사,이호영,18112,"경기도 오산시 문시로 124 , 2층 202호(외삼미동)",031-374-5011
4034,경기(남),오산시,공사업,전문,성원건설 주식회사,이석곤,18112,"경기도 오산시 경기대로 632 , 1층 에이동(내삼미동)",031-372-1704
4035,경기(남),용인시,공사업,전문,광진기공(주),박정순,16803,경기도 용인시 수지구 신봉1로347번길 59 (신봉동),031-272-2086
4036,경기(남),용인시,공사업,전문,성지건설(주),전병우,16841,경기도 용인시 수지구 수지로296번길 51-9 (풍덕천동),031-218-7100
4037,경기(남),용인시,공사업,전문,세광건설(주),김종두,17128,경기도 용인시 처인구 이동읍 백옥대로 837 .,031-322-2727
4038,경기(남),용인시,공사업,전문,주식회사 세원소방,김은희,16914,"경기도 용인시 기흥구 구성로 357 , 용인테크노밸리 디동 701호(청덕동)",031-229-3187
4039,경기(남),용인시,공사업,전문,(주)원일이엔씨,유재구,16978,"경기도 용인시 기흥구 중부대로 579 , 605호(구갈동, 강남대프라자)",031-889-8024
4040,경기(남),용인시,공사업,전문,(주)세이프시스템,이창혁,16827,"경기도 용인시 수지구 신수로 767 , 에이동 417호 418호 419호(동천동, 분당수지유타워)",031-425-0830
4041,경기(남),용인시,공사업,전문,(주)이랜드건설,"박원일,김영규",16954,"경기도 용인시 기흥구 흥덕2로87번길 18 , 비동 308호(영덕동)",02-2029-2209
4042,경기(남),용인시,공사업,전문,빛탑건설(주),"박경원,박승범",17181,"경기도 용인시 처인구 백암면 삼백로724번길 28 , 나동1층",070-4286-5511
4043,경기(남),용인시,공사업,전문,신명엔지니어링(주),김재기,17030,경기도 용인시 처인구 한금로 122 (금어리 543-1),031-335-5457
4044,경기(남),용인시,공사업,전문,하이테크텔(주),고한규,17067,경기도 용인시 기흥구 금화로108번길 26 (상갈동),032-521-2114
4045,경기(남),용인시,공사업,전문,(주)엔케이이엔씨,나의상,16833,"경기도 용인시 수지구 포은대로 467 , 102동 418호(풍덕천동, 수지푸르지오월드마크)",031-265-3126
4046,경기(남),용인시,공사업,전문,대보정보통신(주),채승언,16970,경기도 용인시 기흥구 신구로12번길 17  2층(구갈동),02-3470-7872
4047,경기(남),용인시,공사업,전문,(주)동방방재,민경인,17144,경기도 용인시 처인구 중부대로1576번길 20  (마평동) ,031-335-5545
4048,경기(남),용인시,공사업,전문,동인이엔씨(주),이찬호,16988,"경기도 용인시 기흥구 어정로 139 , 비502호(중동, 라비스타)",031-286-7873
4049,경기(남),용인시,공사업,전문,(주)태경솔루션,손경태,16978,"경기도 용인시 기흥구 강남로 12 , 904호(구갈동, 스카이프라자)",031-274-9117
4050,경기(남),용인시,공사업,전문,엘케이전력(주),이규석,17027,"경기도 용인시 처인구 포곡읍 포곡로 188-6 ,",031-321-0864
4051,경기(남),용인시,공사업,전문,모건인프라 주식회사,하민수,16804,경기도 용인시 수지구 성복1로 279-18 (성복동),031-896-6464
4052,경기(남),용인시,공사업,전문,일성건설(주),유필상,16905,"경기도 용인시 기흥구 용구대로2469번길 10 , 비105호 (보정동, 죽전일성트루엘)",02-3271-6000
4053,경기(남),용인시,공사업,전문,주식회사 거창,한만조,17115,경기도 용인시 처인구 남사면 처인성로 1070 (),031-321-1557
4054,경기(남),용인시,공사업,전문,(주)장원전력,심도섭,17088,경기도 용인시 기흥구 지삼로 365-14  (지곡동) ,02-406-3001
4055,경기(남),용인시,공사업,전문,한신공영(주),"최문규,전재식",17172,경기도 용인시 처인구 백암면 덕평로 82 (백암리),02-3393-3114
4056,경기(남),용인시,공사업,전문,(주)삼보엔지니어링,심규일,17023,경기도 용인시 처인구 포곡읍 전성로 3 (전대리),031-321-8452
4057,경기(남),용인시,공사업,전문,(주)승진방재기술단,김우창,17006,"경기도 용인시 기흥구 동백3로11번길 12 , 204호, 205호(중동)",031-897-1272
4058,경기(남),용인시,공사업,전문,금강종합건설(주),김춘희,16880,"경기도 용인시 수지구 현암로 144 503호(죽전동, 우곡프라자)",02-3409-0501
4059,경기(남),용인시,공사업,전문,금성전기소방공사(주),서한석,17118,경기도 용인시 처인구 남사면 통삼로281번길 2 (),031-424-9701
4060,경기(남),용인시,공사업,일반(기계),중경기술(주),김순원,17127,경기도 용인시 처인구 이동면 서리로 171 (),031-332-2119
4061,경기(남),용인시,공사업,전문,(주)조윤방재,이천열,17129,경기도 용인시 처인구 이동읍 구수동로 49 .,031-334-3790
4062,경기(남),용인시,공사업,전문,동흥전기 주식회사,박의열,17088,경기도 용인시 기흥구 지삼로 365 (지곡동),031-287-1401
4063,경기(남),용인시,공사업,전문,승원엔지니어링(주),김의석,17006,"경기도 용인시 기흥구 동백3로11번길 33  303호(중동,새롬프라자)",031-335-8287
4064,경기(남),용인시,공사업,전문,(주)메가이엔지,정의식,17114,경기도 용인시 기흥구 삼성2로96번길 29-25 (농서동),031-8015-5470
4065,경기(남),용인시,공사업,전문,(주)인호이엔지,박영진,16914,"경기도 용인시 기흥구 구성로 357 , 제9층 제비910호(청덕동, 용인테크노밸리지식산업센터)",031-229-3136
4066,경기(남),용인시,공사업,전문,(주)우당기술산업,이수환,17033,경기도 용인시 처인구 모현면 외개일로21번길 3-8 (),031-336-9911
4067,경기(남),용인시,공사업,전문,(주)이지전기통신,이기하,17095,경기도 용인시 기흥구 중부대로 198  (영덕동),031-282-1450
4068,경기(남),용인시,공사업,전문,(합)동광소방설비,"이광희,이재건",16953,"경기도 용인시 기흥구 흥덕2로105번길 6 603호(영덕동, 흥덕유프라자)",031-248-6008
4069,경기(남),용인시,공사업,전문,태평양개발(주),이원석,16897,"경기도 용인시 기흥구 죽전로 7 , 제7층제701호(보정동)",02-2106-7631
4070,경기(남),용인시,공사업,전문,신동아건설(주),"우수영,김용선",16897,"경기도 용인시 기흥구 죽전로 7 , 제9층 901호(보정동, 하이프라자)",02-709-7353
4071,경기(남),용인시,공사업,전문,남광토건(주),임민규,16950,"경기도 용인시 기흥구 흥덕중앙로 120 , 비122호(영덕동, 흥덕유타워)",02-3011-0114
4072,경기(남),용인시,공사업,전문,선진건영(주),차재선,16971,"경기도 용인시 기흥구 신구로 56 , 303호(구갈동)",031-282-0119
4073,경기(남),용인시,공사업,전문,(주)엘엔피,박지웅,17130,경기도 용인시 처인구 이동읍 덕성산단1로68번길 20 .,031-334-9110
4074,경기(남),용인시,공사업,전문,(주)성진이엔지,조윤미,17115,"경기도 용인시 처인구 남사읍 처인성로 1073 ,",031-338-1521
4075,경기(남),용인시,공사업,전문,주식회사 아주건설,김병문,17103,"경기도 용인시 기흥구 예현로35번길 6 , 2층 202호(서천동)",031-273-8917
4076,경기(남),용인시,공사업,전문,(주)진성이엔지,"김채은,유선덕",17044,경기도 용인시 처인구 금학로383번길 41 (김량장동),031-336-0210
4077,경기(남),용인시,공사업,전문,(주)선경이엔씨,임세웅,16910,"경기도 용인시 기흥구 마북로 110 (마북동,선경빌딩)",031-283-1400
4078,경기(남),용인시,공사업,전문,주식회사 씨엔방재,이용수,16827,"경기도 용인시 수지구 신수로 767 , 에이동 504호(동천동, 분당수지유타워)",031-265-9119
4079,경기(남),용인시,공사업,전문,미래이앤시 주식회사,이천구,17030,경기도 용인시 처인구 금어로 311 (포곡읍),031-336-0055
4080,경기(남),용인시,공사업,전문,(주)보룡건설,김병호,17103,경기도 용인시 기흥구 예현로35번길 6  (서천동) ,031-273-6111
4081,경기(남),용인시,공사업,전문,(주)도솔방재,양진숙,17006,"경기도 용인시 기흥구 동백중앙로 283 , 제씨616호(중동, 골드프라자)",031-217-6119
4082,경기(남),용인시,공사업,전문,주식회사 인성전설,조기훈,17006,"경기도 용인시 기흥구 동백중앙로 225-6 , 가동 225호(중동, 쥬네브스타월드)",031-679-0130
4083,경기(남),용인시,공사업,전문,대우조선해양건설(주),이주용,16968,"경기도 용인시 기흥구 신구로53번길 7 , 2층(신갈동)",02-750-8000
4084,경기(남),용인시,공사업,일반(전기),에스제이엔텍(주),박효정,16802,경기도 용인시 수지구 동천로 448 (동천동) A동,041-547-7640
4085,경기(남),용인시,공사업,전문,주식회사 한서전력,"한재석,김숙경",17088,경기도 용인시 기흥구 사은로 254 (지곡동),031-8005-6586
4086,경기(남),용인시,공사업,전문,한국텔레콤(주),김정호,16976,"경기도 용인시 기흥구 기흥로 58 , 비동 2606호(구갈동)",031-8005-6700
4087,경기(남),용인시,공사업,전문,(주)씨케이솔루션,김유곤,17064,"경기도 용인시 기흥구 신구로12번길 32 (신갈동, 씨케이빌딩)",031-203-7770
4088,경기(남),용인시,공사업,전문,롯데테크 주식회사,이관호,16955,경기도 용인시 기흥구 흥덕1로 30 덕수빌딩 4층(영덕동),031-213-2680
4089,경기(남),용인시,공사업,전문,(주)글로벌방재,서종태,17024,"경기도 용인시 처인구 포곡읍 성산로 447 , 2층 201호",031-338-5119
4090,경기(남),용인시,공사업,전문,아이엠방재(주),김귀성,16977,"경기도 용인시 기흥구 강남서로 18 , 203호,204호(구갈동, 소망타워)",031-286-7119
4091,경기(남),용인시,공사업,전문,주식회사 썬네트웍,최윤석,16914,"경기도 용인시 기흥구 구성로 357 , 디동 506-1호(청덕동, 용인테크노밸리)",031-299-2682
4092,경기(남),용인시,공사업,전문,주식회사 우리소방,김도윤,17083,"경기도 용인시 기흥구 한보라2로 194 , 비101,102호(공세동, 산타프라자)",031-891-0119
4093,경기(남),용인시,공사업,전문,주식회사 에이스방재,전지혜,16897,"경기도 용인시 기흥구 죽현로 8-22 , 305호(보정동, 휴먼타워)",031-8067-8911
4094,경기(남),용인시,공사업,전문,예스소방산업 주식회사,이현민,16950,"경기도 용인시 기흥구 흥덕중앙로 120 , 유타워 비173-1호(영덕동)",031-627-5760
4095,경기(남),용인시,공사업,전문,주식회사 문화지엔코,김원용,17025,경기도 용인시 처인구 포곡읍 석성로 945-15 .,031-8001-0922
4096,경기(남),용인시,공사업,전문,대한소방방재관리공사,조훈희,17018,경기도 용인시 처인구 성산로81번길 2 (역북동),031-322-8383
4097,경기(남),용인시,공사업,일반(기계),유현이앤지 주식회사,여순자,17141,경기도 용인시 처인구 동부로244번길 7 (운학동),031-335-7120
4098,경기(남),용인시,공사업,전문,(주)세종이앤지,이상길,17025,경기도 용인시 처인구 포곡읍 영문로 141 .,031-526-9290
4099,경기(남),용인시,공사업,전문,호산방재이앤씨 주식회사,김남주,17006,"경기도 용인시 기흥구 동백죽전대로 444 , 6029호(중동)",031-8039-6119
4100,경기(남),용인시,공사업,전문,동일전력 주식회사,최정윤,16976,"경기도 용인시 기흥구 기흥로 58 , 비동 2605호(구갈동)",031-8005-7970
4101,경기(남),용인시,공사업,전문,대진종합건설(주),박헌,16897,"경기도 용인시 기흥구 죽전로 7 , 703호(보정동, 하이프라자)",031-261-8201
4102,경기(남),용인시,공사업,전문,(주)광명이엔지,김이환,16971,"경기도 용인시 기흥구 신구로54번길 1 , 국일빌딩 208호(구갈동)",031-222-8427
4103,경기(남),용인시,공사업,전문,성일전기 주식회사,윤원자,17144,"경기도 용인시 처인구 중부대로1576번길 35 , 3층(마평동)",031-336-7210
4104,경기(남),용인시,공사업,전문,지성소방 주식회사,이광식,17033,"경기도 용인시 처인구 모현읍 외개일로 25 ,",031-321-4119
4105,경기(남),용인시,공사업,전문,주식회사 아이앤큐이엔지,"강희승,김명수",17015,"경기도 용인시 기흥구 동백중앙로16번길 16-4 , 1동 1104호(중동, 에이스동백타워)",031-8060-7013
4106,경기(남),용인시,공사업,전문,주식회사 세영이앤씨,조근영,17156,경기도 용인시 처인구 양지면 중부대로2671번길 57 .,031-376-8118
4107,경기(남),용인시,공사업,전문,주식회사 태경테크,김성기,16825,"경기도 용인시 수지구 동천로 2 , 201호(동천동)",031-261-3463
4108,경기(남),용인시,공사업,전문,주식회사 대웅설비,곽병웅,16884,경기도 용인시 처인구 모현읍 대지로485번길 6 (오산리),031-339-1405
4109,경기(남),용인시,공사업,전문,현대소방,이전호,17057,경기도 용인시 처인구 명지로 39 (역북동),031-338-4119
4110,경기(남),용인시,공사업,전문,(주)디에이치이엔씨,정명효,17121,"경기도 용인시 처인구 남사면 경기동로 491-6 ,",031-755-9114
4111,경기(남),용인시,공사업,전문,주식회사 계령,김남수,17128,"경기도 용인시 처인구 이동읍 백옥대로785번길 6-17 ,",031-332-3142
4112,경기(남),용인시,공사업,전문,주식회사 창림플랜트,김근영,16803,경기도 용인시 수지구 신봉1로 419 (신봉동),031-263-3552
4113,경기(남),용인시,공사업,전문,신창전력 주식회사,최성우,17128,경기도 용인시 처인구 이동읍 백옥대로652번길 34-1 .,031-322-5737
4114,경기(남),용인시,공사업,전문,중앙이엔피,문서연,16995,"경기도 용인시 기흥구 동백죽전대로 331 , B217호(중동, 동백스퀘어일레븐)",031-285-6979
4115,경기(남),용인시,공사업,전문,태경이엔씨 주식회사,이주헌,17037,경기도 용인시 처인구 모현읍 초부로 166-7 .,031-335-2132
4116,경기(남),용인시,공사업,전문,주식회사 엘케이엔지니어링,임상우,16977,"경기도 용인시 기흥구 강남로 9 , 502호(구갈동, 태평양프라자)",031-283-1381
4117,경기(남),용인시,공사업,전문,진영피앤씨 주식회사,오정훈,17144,"경기도 용인시 처인구 중부대로 1620 , 2층(마평동, 한영빌딩)",02-532-7261
4118,경기(남),용인시,공사업,전문,(주)중앙이앤에프,길호영,16995,"경기도 용인시 기흥구 동백죽전대로 331 , 비232호(중동)",031-283-1105
4119,경기(남),용인시,공사업,전문,에스엠소방,이상명,17058,"경기도 용인시 처인구 명지로116번길 27 , 1층 일부(남동)",031-332-7119
4120,경기(남),용인시,공사업,전문,주식회사 이제이엔지니어링,"김진우,김정익",17033,"경기도 용인시 처인구 모현읍 외개일로 91-13 , 1층",070-7777-6372
4121,경기(남),용인시,공사업,전문,주식회사 에이에스디코리아,김미진,16897,"경기도 용인시 기흥구 죽현로 8-20 , 501-24호(보정동)",031-889-1201
4122,경기(남),용인시,공사업,전문,대한건영(주),김구희,17042,경기도 용인시 처인구 백령로20번길 25 (유방동),031-322-1504
4123,경기(남),용인시,공사업,일반(전기),주식회사 아이트로닉스,윤희중,16956,경기도 용인시 기흥구 중부대로56번길 15 (영덕동),031-217-1063
4124,경기(남),용인시,공사업,전문,주식회사 한국기계설비,이영은,16829,"경기도 용인시 수지구 문인로17번길 7 , 3층(풍덕천동, 대아빌딩)",031-283-7005
4125,경기(남),용인시,공사업,전문,오월소방설비 주식회사,이원석,17073,"경기도 용인시 기흥구 금화로 9 , 203호(상갈동, 금화타운)",031-281-1191
4126,경기(남),용인시,공사업,전문,(주)디와이엔지니어링,강전순,16897,"경기도 용인시 기흥구 죽현로 8-22 , 301호(보정동, 휴먼타워)",031-261-8610
4127,경기(남),용인시,공사업,전문,한서이앤씨(주),한승범,17036,경기도 용인시 처인구 모현읍 파담로91번길 15-2 .,031-333-4449
4128,경기(남),용인시,공사업,전문,니어아이티 주식회사,"유문권,박명수",17111,"경기도 용인시 기흥구 서천로201번길 14 , 809호(농서동, 프리미엄원희캐슬)",031-273-9704
4129,경기(남),용인시,공사업,전문,일성이엔지 주식회사,이관희,16905,"경기도 용인시 기흥구 용구대로2469번길 10 , 비105호(보정동, 죽전일성트루엘)",031-889-2643
4130,경기(남),용인시,공사업,전문,빛샘전자 주식회사,"강만준,강명구",16914,경기도 용인시 기흥구 언동로 53-11 (청덕동),031-288-3430
4131,경기(남),용인시,공사업,전문,(주)일원산업,김민수,16803,경기도 용인시 수지구 신봉1로347번길 59 (신봉동),031-897-8541
4132,경기(남),용인시,공사업,전문,기린종합건설 주식회사,김민호,17041,"경기도 용인시 처인구 백옥대로 1400 , 2층(유방동)",031-338-9226
4133,경기(남),용인시,공사업,일반(기계),중경산업 주식회사,"이종옥,이행월,이현희",17127,경기도 용인시 처인구 이동읍 서리로101번길 32-8 .,031-323-0119
4134,경기(남),용인시,공사업,전문,보라소방,박유중,17044,"경기도 용인시 처인구 금학로 357 , 2층 203호(김량장동)",
4135,경기(남),용인시,공사업,전문,주식회사 신화소방엔지니어링,이영두,16973,"경기도 용인시 기흥구 구갈로28번길 21-13 , 304호(구갈동, 한양상가)",031-284-1119
4136,경기(남),용인시,공사업,전문,주식회사 삼익전설,이재현,17016,"경기도 용인시 처인구 성산로 327-19 , 비1층(유방동, 창성빌딩)",031-333-3070
4137,경기(남),용인시,공사업,전문,주식회사 하나엔지니어링,나경주,17030,"경기도 용인시 처인구 포곡읍 금어로 483 , 에이동",031-339-8901
4138,경기(남),용인시,공사업,전문,수성아이티(주),최윤홍,17095,"경기도 용인시 기흥구 중부대로 184 , 비동 733호(영덕동)",031-283-0948
4139,경기(남),용인시,공사업,전문,주식회사 유토플렉스산업개발,윤덕원,16950,"경기도 용인시 기흥구 흥덕중앙로 120 , 2601호(영덕동, 유타워)",031-611-0095
4140,경기(남),용인시,공사업,전문,주식회사 명성이앤씨,박명현,17145,"경기도 용인시 처인구 동부로 7-7 , 102호, 103호(마평동)",031-338-0119
4141,경기(남),용인시,공사업,전문,주식회사 태영티에스,김춘규,17160,"경기도 용인시 처인구 양지면 반정로 46-5 ,",031-274-6450
4142,경기(남),의왕시,공사업,전문,(주)우리이엔씨,한영일,16006,경기도 의왕시 이미로 40 인덕원아이티밸리 C동 411호,031-8084-3117
4143,경기(남),의왕시,공사업,전문,남미전기소방공사,김동호,16078,"경기도 의왕시 가나무로 74 , 201호(이동, 작은영토)",031-452-9214
4144,경기(남),의왕시,공사업,전문,(주)이손아이에스,이승현,16055,경기도 의왕시 찬우물2길 18  (오전동) ,031-427-2623
4145,경기(남),의왕시,공사업,전문,(주)에스에이치엔지니어링,김재현,16006,경기도 의왕시 이미로 40 비동 604호(포일동),031-387-9119
4146,경기(남),의왕시,공사업,전문,(주)대림소방공사,박성규,16026,"경기도 의왕시 내손중앙로 37-4 , 지하1층(내손동)",031-465-1501
4147,경기(남),의왕시,공사업,전문,(주)제이원방재,박종국,16108,"경기도 의왕시 광진말로 54 , 비동 605호(초평동, 의왕스마트시티퀀텀)",02-3477-5119
4148,경기(남),의왕시,공사업,전문,디투유이앤씨(주),공세종,16108,"경기도 의왕시 광진말로 54 , 씨812호, 씨813호, 씨830~832호(초평동, 의왕스마트시티퀀텀)",031-262-8119
4149,경기(남),의왕시,공사업,전문,인하공영(주),박충열,16072,"경기도 의왕시 오전공업길 19 , 1204호(오전동, 대현테크노월드)",031-452-6950
4150,경기(남),의왕시,공사업,전문,참빛파워텍(주),남찬우,16013,"경기도 의왕시 벌모루앞길 14 (포일동, 윈텍벤처빌딩)",02-2069-3191
4151,경기(남),의왕시,공사업,전문,영일전설주식회사,이창봉,16009,"경기도 의왕시 양지편2로 3 , 205호, 206호(청계동, 세종프라자주차빌딩)",031-422-5733
4152,경기(남),의왕시,공사업,전문,(주)태진이에스브이,이정석,16072,"경기도 의왕시 경수대로 335 , 2층 1호(오전동)",031-898-8668
4153,경기(남),의왕시,공사업,전문,(주)금강전설,임현,16087,"경기도 의왕시 부곡중앙로 15 , 304호 (삼동, 삼동빌딩)",031-459-9847
4154,경기(남),의왕시,공사업,전문,(주)스마트방재,최영구,16079,"경기도 의왕시 오봉산단1로 12 , 1003호,1004호(이동)",031-429-0911
4155,경기(남),의왕시,공사업,전문,(주) 제이오,심재혁,16108,"경기도 의왕시 광진말로 54 , 의왕스마트시티퀀텀 9층 비926호, 비927호, 비928호, 비929호(초평동)",031-348-2511
4156,경기(남),의왕시,공사업,전문,(주)대원기공,전한진,16079,"경기도 의왕시 오봉산단3로 25 , 1동 1205호(삼동, 더리브비즈원지식산업센터)",031-462-0611
4157,경기(남),의왕시,공사업,전문,하나로기술(주),배장명,16072,경기도 의왕시 오전공업길 5 (오전동),031-451-2200
4158,경기(남),의왕시,공사업,전문,에프에스앤피플 주식회사,이태훈,16072,"경기도 의왕시 오전공업길 13 ,301,302,303,1106호,1202호(오전동)",031-687-3119
4159,경기(남),의왕시,공사업,전문,주식회사 흥진전력,강인환,16079,"경기도 의왕시 오봉산단3로 25 , 1동 414호(삼동, 의왕테크노파크더리브비즈원)",031-391-9009
4160,경기(남),의왕시,공사업,전문,영성산업개발(주),"송영복,송하종",16006,"경기도 의왕시 성고개로 53 , 에이501호(포일동, 에이스청계타워)",031-425-2942
4161,경기(남),의왕시,공사업,전문,휘아트룩스코리아 주식회사,한상국,16006,"경기도 의왕시 이미로 40 , 씨동 제9층 910호(포일동)",070-8680-3390
4162,경기(남),의왕시,공사업,전문,동민이앤지 주식회사,임형민,16072,"경기도 의왕시 오전공업길 5 , 2층(오전동)",031-455-4575
4163,경기(남),의왕시,공사업,전문,(주)미래종합건설,권승억,16071,"경기도 의왕시 경수대로 411 , 1동 401호(오전동, 중앙빌딩)",032-266-2281
4164,경기(남),의왕시,공사업,전문,(주)우수이엔지,류제진,16006,"경기도 의왕시 이미로 40 , 비동 510호(포일동, 인덕원아이티밸리)",031-360-6764
4165,경기(남),의왕시,공사업,전문,주식회사 대석이앤씨,이승찬,16006,"경기도 의왕시 성고개로 53 , 207호(포일동, 에이스청계타워)",031-452-4461
4166,경기(남),의왕시,공사업,전문,(주)그린인프라테크,김세완,16108,"경기도 의왕시 광진말로 54 , 에이동 413호,414호,415호(초평동, 의왕스마트시티퀀텀)",031-451-6222
4167,경기(남),의왕시,공사업,전문,주식회사 금강전자,가성현,16073,"경기도 의왕시 고산로 74 , 비301호(고천동, 성진지식산업센터)",031-457-8408
4168,경기(남),의왕시,공사업,전문,주식회사 우진전기,정상문,16074,"경기도 의왕시 경수대로 257 , 704호(고천동, 대영골든밸리)",031-450-6850
4169,경기(남),이천시,공사업,전문,신성전기공업(주),정백우,17370,경기도 이천시 영창로 222-1  (창전동),031-635-9000
4170,경기(남),이천시,공사업,전문,(주)호림,조덕곤,17301,경기도 이천시 증신로371번길 82 (신둔면),031-333-2860
4171,경기(남),이천시,공사업,전문,(주)태림전설,김선화,17301,경기도 이천시 신둔면 증신로371번길 82 (),031-634-6800
4172,경기(남),이천시,공사업,전문,(주)케이디이앤씨,최수현,17401,"경기도 이천시 대월면 대장로 295 ,",031-638-0453
4173,경기(남),이천시,공사업,전문,(주)서광전기공사,한현기,17352,"경기도 이천시 애련정로 199 , 2층(증포동)",031-638-3457
4174,경기(남),이천시,공사업,전문,(주)태형,김종식,17352,경기도 이천시 이섭대천로 1330 (증포동),031-883-8395
4175,경기(남),이천시,공사업,전문,(주)초석종합건설,조정현,17379,"경기도 이천시 부악로 8 , 1동 307호(중리동, 행정에이센터)",031-637-3022
4176,경기(남),이천시,공사업,전문,(주)유림이엔지,임재규,17421,경기도 이천시 장호원읍 서동대로8691번길 2-33 (),031-643-4545
4177,경기(남),이천시,공사업,전문,(주)한성이앤씨,김경선,17393,"경기도 이천시 호법면 이섭대천로 865-47 ,",031-631-1190
4178,경기(남),이천시,공사업,전문,(주)부흥전기,황혜진,17367,경기도 이천시 설봉로37번길 3-13  1층(관고동),031-633-1415
4179,경기(남),이천시,공사업,전문,에스케이하이이엔지(주),윤종수,17336,경기도 이천시 경충대로 2091 (),031-8094-7589
4180,경기(남),이천시,공사업,전문,(주)건진,신건진,17337,경기도 이천시 대월면 경충대로2041번길 167  현대전자아파트 105-402 (현대아이파크),031-636-3293
4181,경기(남),이천시,공사업,전문,(주)케이알산업,박희성,17332,경기도 이천시 부발읍 경충대로 2042-1 (케이알산업),02-6984-9173
4182,경기(남),이천시,공사업,전문,(주)까뮤이앤씨,"이은규,손병재",17342,경기도 이천시 경충대로1937번길 57 (),031-633-9114
4183,경기(남),이천시,공사업,전문,주식회사 동문이앤씨,최남수,17334,"경기도 이천시 부발읍 부발중앙로221번길 146-116 ,",031-634-0890
4184,경기(남),이천시,공사업,전문,유비방재(주),유진태,17343,"경기도 이천시 대월면 대장로319번길 88 ,(대대리)",031-638-2123
4185,경기(남),이천시,공사업,전문,주식회사 비앤지,윤희승,17325,경기도 이천시 부발읍 중부대로1390번길 5 .,031-636-4647
4186,경기(남),이천시,공사업,전문,(주) 금강공무산업,이정철,17364,"경기도 이천시 서희로96번길 32 , 104호(창전동)",02-971-1473
4187,경기(남),이천시,공사업,전문,(주)다온엠이씨,김효정,17349,경기도 이천시 황무로1130번길 24-5 (갈산동),031-632-9527
4188,경기(남),이천시,공사업,전문,주식회사 제일이엔씨,홍병진,17343,"경기도 이천시 대월면 대월로803번길 2 ,",031-634-0417
4189,경기(남),이천시,공사업,전문,삼정전력 주식회사,김은미,17300,"경기도 이천시 신둔면 원적로381번길 38 , 101호",031-633-0491
4190,경기(남),이천시,공사업,전문,주식회사 대한이엔지,안승재,17365,"경기도 이천시 향교로 34-1 , 1층 102호(창전동)",031-633-0344
4191,경기(남),이천시,공사업,전문,(주)서전기전,이상권,17343,경기도 이천시 대월면 대월로667번길 38-19 .,02-2223-1067
4192,경기(남),이천시,공사업,전문,한미소방,권오성,17352,경기도 이천시 애련정로163번길 26 (증포동),031-631-1197
4193,경기(남),이천시,공사업,전문,(주)제일소방기술,안미영,17407,경기도 이천시 모가면 공원로 249 .,031-636-1197
4194,경기(남),이천시,공사업,전문,주식회사 한일전기,이정섭,17363,경기도 이천시 영창로227번길 54 (창전동),031-633-7770
4195,경기(남),이천시,공사업,전문,에스엠스틸 주식회사,"성낙원,박흥준",17362,경기도 이천시 애련정로 126 (창전동),02-6940-9553
4196,경기(남),이천시,공사업,전문,주식회사 금영이엔씨,김화금,17303,"경기도 이천시 신둔면 황무로 528 , 2층 202호",031-637-8886
4197,경기(남),평택시,공사업,전문,주식회사 금강뉴이앤씨,변형식,17818,경기도 평택시 청오로 67-44 (2층),031-652-8445
4198,경기(남),평택시,공사업,전문,(주)그리마건설,김부휘,17974,경기도 평택시 팽성읍 팽성북로 49 (),031-618-1688
4199,경기(남),평택시,공사업,전문,덕동소방,이동하,17882,경기도 평택시 평택4로 111 (비전동),031-657-6441
4200,경기(남),평택시,공사업,전문,서울전력주식회사,박태임,17818,"경기도 평택시 오성면 양교6길 1-4 ,",031-682-0405
4201,경기(남),평택시,공사업,전문,(주)현대소방설비,조성호,17721,"경기도 평택시 지산로 191-15 , 2층203호(지산동)",031-664-9117
4202,경기(남),평택시,공사업,전문,(주)이지소방,박춘희,17929,경기도 평택시 안중읍 삼정길 26 (),031-681-2971
4203,경기(남),평택시,공사업,전문,(주)중부엔지니어링,김정숙,17729,"경기도 평택시 송탄공원로 145 , 103호 201호 203호(지산동, 미주2차상가)",031-666-1193
4204,경기(남),평택시,공사업,전문,(주)케이디이앤씨,채진경,17927,"경기도 평택시 오성면 신4리길 35 ,",031-682-0131
4205,경기(남),평택시,공사업,전문,(주)서해방재,김종길,17827,경기도 평택시 잔다리2길 31 (세교동),031-651-7119
4206,경기(남),평택시,공사업,전문,(합)중앙전업사,임명복,17999,"경기도 평택시 팽성읍 추팔2길 89 ,",031-691-9395
4207,경기(남),평택시,공사업,전문,두성이엔지(주),이현정,17923,경기도 평택시 평남로 210-12 (통복동),031-653-0182
4208,경기(남),평택시,공사업,전문,미송전기(주),곽태신,17725,"경기도 평택시 도일유통길 27 , 301호(도일동)",031-618-0398
4209,경기(남),평택시,공사업,전문,뉴성진파워(주),이인선,17874,"경기도 평택시 참이슬2길 2 , 1층(합정동)",070-7862-7775
4210,경기(남),평택시,공사업,전문,(주)빌드건설,박유미,17765,경기도 평택시 송탄로 335  (지산동),031-882-9767
4211,경기(남),평택시,공사업,전문,(주)제일소방,이근원,17875,경기도 평택시 청룡길 156-9 (청룡동),031-654-5444
4212,경기(남),평택시,공사업,전문,(주)청해종합건설,이수용,17989,경기도 평택시 팽성읍 부용로 27-1 402호(청해빌딩),031-702-9845
4213,경기(남),평택시,공사업,전문,(주)영일전설,이정우,17845,경기도 평택시 수촌길 85  (칠원동),031-656-7266
4214,경기(남),평택시,공사업,전문,대성이엔에프(주),김태성,17703,"경기도 평택시 서탄면 발안로 1212 , 2층203-2호",031-378-0222
4215,경기(남),평택시,공사업,전문,제우일렉스(주),김승환,17811,"경기도 평택시 청북읍 현곡길 79-57 , 에이동 103호",031-692-1701
4216,경기(남),평택시,공사업,전문,주식회사 청송,한애영,17817,경기도 평택시 안중읍 금곡3길 118 .,031-656-2236
4217,경기(남),평택시,공사업,"일반(전기),일반(기계)",우신소방건설,황수경,17878,"경기도 평택시 신평로 47 , 지하층(유천동)",031-656-0318
4218,경기(남),평택시,공사업,전문,(주)선진이엔지,최승만,17722,경기도 평택시 동막길 55-32 (지산동),031-666-0020
4219,경기(남),평택시,공사업,전문,(주)한빛소방공사,조세래,17790,"경기도 평택시 청북읍 율북4길 2 ,",031-684-7971
4220,경기(남),평택시,공사업,전문,(주)케이더블유엠산업기술,"이근창,이동건",17789,경기도 평택시 고덕면 고덕북로 61 KWM빌딩 3층,031-665-8890
4221,경기(남),평택시,공사업,전문,(주)신창이엔지,김봉기,17914,경기도 평택시 조개터로1번길 51  (합정동),031-651-7204
4222,경기(남),평택시,공사업,전문,주식회사 신후에너지,임종규,17753,"경기도 평택시 탄현로 321 , 2층(신장동)",063-214-9044
4223,경기(남),평택시,공사업,전문,(주)신호,김덕흥,17719,경기도 평택시 오리곡길 37-7 1층 2호(독곡동),031-667-5668
4224,경기(남),평택시,공사업,전문,(주)덕동종합엔지니어링,"변영식,최말자",17941,"경기도 평택시 안중읍 송담7길 40 , 101호",031-681-8441
4225,경기(남),평택시,공사업,전문,동우에스지이(주),김평중,17928,경기도 평택시 안중읍 오성서로 34 (),031-611-7133
4226,경기(남),평택시,공사업,전문,두원이엔지 주식회사,"권태욱,고의균",17789,경기도 평택시 고덕면 문곡3길 54-21 .,041-363-2566
4227,경기(남),평택시,공사업,전문,(주)풍양기업,문정윤,17955,"경기도 평택시 포승읍 여술1길 96 , 208호(서평택, 삼익마에스트로)",062-955-0754
4228,경기(남),평택시,공사업,전문,주식회사 가람이엔씨,김성수,17864,경기도 평택시 원죽백길 35-2 (죽백동),031-522-6966
4229,경기(남),평택시,공사업,전문,하누리소방,이태환,17875,경기도 평택시 만세로 1627-33 (청룡동),031-667-2600
4230,경기(남),평택시,공사업,전문,파란소방,최효성,17713,"경기도 평택시 진위면 가곡길 84 ,",031-664-1196
4231,경기(남),평택시,공사업,전문,주식회사 성지소방기술,지현권,17875,경기도 평택시 청룡길 14-1 (청룡동),031-654-6119
4232,경기(남),평택시,공사업,전문,대명하이테크(주),박종빈,17814,경기도 평택시 포승읍 석정로 301 (),031-686-5119
4233,경기(남),평택시,공사업,전문,(주)중앙엔지니어링,김상모,17965,경기도 평택시 포승읍 운정길 80-7 (),031-666-4880
4234,경기(남),평택시,공사업,전문,인성전기 주식회사,강미영,17811,경기도 평택시 청북읍 현곡길 79-57 .,031-618-0352
4235,경기(남),평택시,공사업,전문,주식회사 반도소방,김대중,17721,경기도 평택시 지산로175번길 55 (지산동),031-665-3119
4236,경기(남),평택시,공사업,전문,주식회사 진진,김지혜,17928,"경기도 평택시 안중읍 강변로 254 , 1층",031-683-3911
4237,경기(남),평택시,공사업,전문,(주)피에프이엔씨,권문섭,17927,"경기도 평택시 오성면 신4리길 67 ,",031-684-0076
4238,경기(남),평택시,공사업,전문,(주)한빛소방,조경래,17728,"경기도 평택시 지산로 226 , 1층(지산동)",031-668-8063
4239,경기(남),평택시,공사업,전문,주식회사 진우전기전력,이원규,17823,경기도 평택시 평택지제역로 22 (지제동),031-664-9747
4240,경기(남),평택시,공사업,전문,(주)삼원이엔씨,정백균,17979,"경기도 평택시 팽성읍 계양로 446 ,",031-611-4503
4241,경기(남),평택시,공사업,전문,한성개발산업 주식회사,박창록,17865,경기도 평택시 죽백1길 47 (죽백동),031-656-0159
4242,경기(남),평택시,공사업,전문,한국원펙 주식회사,류진환,17915,"경기도 평택시 조개터로6번길 4 , 2층(합정동)",031-618-6119
4243,경기(남),평택시,공사업,전문,대호소방건설,정회성,17721,"경기도 평택시 동안길 6-12 , 103호(지산동)",031-665-1666
4244,경기(남),평택시,공사업,전문,(JW)재원소방,최홍열,17739,"경기도 평택시 정암로 78-12 , 가동 102호(이충동)",031-665-5119
4245,경기(남),평택시,공사업,전문,(주)중부소방안전공사,이계옥,17923,경기도 평택시 평남로 250-26 (통복동),031-657-7119
4246,경기(남),평택시,공사업,전문,주식회사 지구설비,김지희,17820,"경기도 평택시 고덕면 고덕로 45-3 ,",031-652-2905
4247,경기(남),평택시,공사업,전문,주식회사 지테크,박은자,17742,경기도 평택시 방혜동길 28 (가재동),031-662-2243
4248,경기(남),평택시,공사업,일반(기계),엠아이에너지 주식회사,유종섭,17927,경기도 평택시 오성면 창내1길 25-7 .,031-647-0320
4249,경기(남),평택시,공사업,전문,덕화기업(주),이승행,17715,"경기도 평택시 진위면 신리길 40-3 ,",031-663-8938
4250,경기(남),평택시,공사업,전문,(주)현승종합건설,이승규,17798,"경기도 평택시 청북읍 백봉길 314-61 , 303호",031-666-8322
4251,경기(남),평택시,공사업,전문,주식회사 에덴이앤씨,홍하담,17774,"경기도 평택시 관광특구로 9 , 1001호(서정동, 화신노블레스3)",062-654-4018
4252,경기(남),평택시,공사업,전문,(주)씨앤씨전력,정행엽,17909,"경기도 평택시 평택2로10번길 15 , 3층(평택동)",070-8890-1805
4253,경기(남),평택시,공사업,일반(전기),와이에이치전력 주식회사,서동민,17708,"경기도 평택시 진위면 진위2산단로 15-20 , 316호(스마트큐브)",031-654-5680
4254,경기(남),평택시,공사업,전문,(주)강산소방,이민호,17742,경기도 평택시 청원로 1428-30 (가재동),031-668-9119
4255,경기(남),평택시,공사업,전문,주식회사 어반노트,민원기,17852,"경기도 평택시 평남로 933 , 703호(비전동)",031-657-0205
4256,경기(남),평택시,공사업,전문,소방법인도솔(주),이지선,17874,"경기도 평택시 참이슬1길 17 , 상가1층(합정동)",031-652-2119
4257,경기(남),평택시,공사업,전문,주식회사 유성소방,강성식,17808,"경기도 평택시 청북읍 안청로2길 33-2 , 302호(청북프라자)",031-686-5522
4258,경기(남),평택시,공사업,전문,정도소방기술,"이재권,김민재",17825,"경기도 평택시 은실고가길 175-3 , 2층(세교동)",031-8054-8819
4259,경기(남),평택시,공사업,전문,이에스텍 주식회사,임정만,17875,경기도 평택시 청룡길 161 (청룡동),031-651-7669
4260,경기(남),평택시,공사업,전문,주식회사 신성전력,이성우,17811,"경기도 평택시 청북읍 현곡길 79-57 , 에이동 102호",031-618-0352
4261,경기(남),평택시,공사업,전문,해광전력 주식회사,권용자,17923,경기도 평택시 화촌1길 52-48 (통복동),031-647-3211
4262,경기(남),평택시,공사업,전문,주식회사 에이아이코리아,안진호,17704,"경기도 평택시 서탄면 서탄2로 206-24 , 206-28",031-376-6360
4263,경기(남),평택시,공사업,전문,주식회사 효성소방,하정민,17714,"경기도 평택시 진위면 하북1길 6-10 , 3층",031-664-1196
4264,경기(남),평택시,공사업,전문,주식회사 현대소방안전,김현기,17740,"경기도 평택시 장당길 43-4 , 1동 205호(장당동, 아트프라자)",031-663-0118
4265,경기(남),평택시,공사업,전문,주식회사 대광전기,"김주영,이기연",17724,"경기도 평택시 청원로 1745-27 , 2층(도일동)",031-691-7439
4266,경기(남),평택시,공사업,전문,둥지소방(주),황사은,18018,"경기도 평택시 고덕국제대로 77 , 201동 1805호(고덕동, 힐스테이트고덕센트럴)",
4267,경기(남),평택시,공사업,전문,주식회사 금진이앤씨,김진혁,17823,경기도 평택시 평택지제역로 13 (지제동),031-647-4417
4268,경기(남),평택시,공사업,전문,주식회사 희성이앤씨,신현숙,18014,"경기도 평택시 고덕중앙로 290 , 302호(고덕동, 에이스퍼스트고덕)",
4269,경기(남),평택시,공사업,전문,주식회사 유니온솔루션,이창용,17823,경기도 평택시 지제중앙로 149-38 (지제동),031-655-4652
4270,경기(남),평택시,공사업,전문,주식회사 제이씨전기,오병종,17952,경기도 평택시 포승읍 거산길 16-16 (도곡리),031-682-2681
4271,경기(남),평택시,공사업,전문,안심소방건설 주식회사,윤학수,17747,경기도 평택시 경기대로 882 (모곡동),031-662-7306
4272,경기(남),평택시,공사업,전문,주식회사 대상파워텍,김형석,17726,"경기도 평택시 원칠원길 31-1 , 3층(칠원동)",031-651-9638
4273,경기(남),평택시,공사업,전문,주식회사 을지건설,"이병진,이봉수",17936,경기도 평택시 안중읍 안현로서2길 12 .,031-682-0040
4274,경기(남),하남시,공사업,전문,(주)윤영이앤씨,윤종혁,13023,"경기도 하남시 검단산로218번길 30 , 2층(창우동)",031-796-4101
4275,경기(남),하남시,공사업,전문,우리전력(주),"최종필,최성학",12949,"경기도 하남시 하남대로 812  802호(신장동,우리빌딩)",031-796-2131
4276,경기(남),하남시,공사업,전문,(주)승화엔지니어링,허재길,465-030,경기도 하남시 신장동 564-7 우리빌딩 지층,031-796-4512
4277,경기(남),하남시,공사업,전문,원진기술산업(주),김재균,12927,"경기도 하남시 덕풍동로 111-15 , 1동 505호(덕풍동, 리치플러스 하남센터)",031-795-9902
4278,경기(남),하남시,공사업,전문,(주)지에스방재,이익규,12930,"경기도 하남시 조정대로 150 567호(덕풍동,하남아이테코)",031-790-4620
4279,경기(남),하남시,공사업,전문,(주)서희건설,"김원철,김팔수",12913,"경기도 하남시 미사강변중앙로 210 , 304호(망월동, 메디피아타워)",031-781-4242
4280,경기(남),하남시,공사업,전문,(주)도명디앤이,"김동진,김수경",12930,"경기도 하남시 조정대로 150  232호(덕풍동,아이테코) ",031-790-4334
4281,경기(남),하남시,공사업,전문,엘티스 주식회사,"윤석순,임훈",12982,"경기도 하남시 하남대로 947 , 씨동 910호(풍산동, 하남테크노밸리 유-1센터)",031-657-1074
4282,경기(남),하남시,공사업,전문,(주)한림미다스,김영성,12912,"경기도 하남시 미사강변한강로 270-1 , 201동 3층 105호(망월동, 미사강변호반써밋)",031-792-0019
4283,경기(남),하남시,공사업,전문,(주)네오티스,이운학,12925,"경기도 하남시 미사대로 520 ,7층 씨에이동 705, 706호(덕충동, 현대지식산업센터 한강미사 2차)",02-2144-1400
4284,경기(남),하남시,공사업,전문,(주)한국종합기술,김치헌,12927,"경기도 하남시 덕풍동로 111-21 , (덕풍동)",070-8898-9459
4285,경기(남),하남시,공사업,전문,(주)시우,이주백,12925,"경기도 하남시 미사대로 550 , 씨1-0052호 (덕풍동, 현대지식산업센터한강미사)",02-476-7241
4286,경기(남),하남시,공사업,일반(기계),(주)서진이엔지,류서현,12918,"경기도 하남시 조정대로 45 , 에프236호(풍산동, 미사센텀비즈)",02-454-5237
4287,경기(남),하남시,공사업,전문,유한책임회사 엠케이지,"한혜숙,이동렬",12992,경기도 하남시 서하남로 56 (감북동),02-478-6060
4288,경기(남),하남시,공사업,전문,유일전척(주),유수영,12976,"경기도 하남시 신장로 151  (덕풍동,대동피렌체 216호)",031-791-4588
4289,경기(남),하남시,공사업,전문,(주)아이에스이앤씨,박기자,12991,경기도 하남시 서하남로 95  2층(감북동),02-477-2750
4290,경기(남),하남시,공사업,전문,(주)신광전기,"서경환,윤은옥",13024,경기도 하남시 검단산로34번길 35-17 (하산곡동),031-792-8504
4291,경기(남),하남시,공사업,전문,(주)명하이앤지,"박정수,현재주",12952,경기도 하남시 천현로39번길 53 1층(신장동),031-795-9911
4292,경기(남),하남시,공사업,전문,(주)동아방재이엔지,정우진,12993,"경기도 하남시 감일남로52번길 43 , 1층, 2층(감일동)",02-6959-7100
4293,경기(남),하남시,공사업,전문,(주)대성방재산업,임원택,12918,"경기도 하남시 조정대로 45 , 에프 413호(풍산동, 미사센텀비즈)",02-428-1194
4294,경기(남),하남시,공사업,전문,(주)비우이엔씨,이우충,12918,"경기도 하남시 미사강변서로 16 , 에프332호(풍산동, 하우스디스마트밸리)",031-796-0119
4295,경기(남),하남시,공사업,전문,위니온 주식회사,이정일,12918,"경기도 하남시 조정대로 35 , 하우스디 엘타워 제에프동 708,709호(풍산동)",02-858-0119
4296,경기(남),하남시,공사업,전문,청명이엔지 주식회사,김형준,12982,"경기도 하남시 세미로1길 5 , 312호(풍산동, 힐즈파크프라자)",031-792-3858
4297,경기(남),하남시,공사업,전문,(주)한양건설,안순걸,12992,"경기도 하남시 서하남로 60 , 2층(감북동)",02-2240-4800
4298,경기(남),하남시,공사업,전문,주식회사 가온방재,송재선,12984,"경기도 하남시 안터로 16-14 , 1동 3층(풍산동, 윤우재빌딩)",02-6242-0119
4299,경기(남),하남시,공사업,전문,명인이엔씨(주),박형일,12909,"경기도 하남시 미사강변대로 212 , 508(망월동, 미사센트럴프라자)",031-794-5501
4300,경기(남),하남시,공사업,전문,(주)윤성지앤티,박성수,12918,"경기도 하남시 조정대로 35 , 6층 에프618호(풍산동, 미사하우스디엘타워)",02-3411-2119
4301,경기(남),하남시,공사업,전문,주식회사 부경이엔지,강해수,12927,"경기도 하남시 덕풍동로 111-33 , 547호(덕풍동, 하남푸르지오시티)",031-769-6023
4302,경기(남),하남시,공사업,전문,주식회사 영신,김성진,12939,"경기도 하남시 미사강변중앙로7번안길 25 , 이동 115-1호(풍산동, 유테크밸리)",031-8027-9700
4303,경기(남),하남시,공사업,전문,하이일일구소방 주식회사,정일균,12991,"경기도 하남시 서하남로41번길 12 , 2층(감북동)",02-6471-3119
4304,경기(남),하남시,공사업,전문,주식회사 동해전기,"임봉규,이건해",13024,경기도 하남시 검단산로 37 (하산곡동),031-791-8556
4305,경기(남),하남시,공사업,전문,리더스파워텍(주),김형수,12918,"경기도 하남시 미사강변서로 25 , 9층 70호(풍산동, 미사테스타타워)",031-5175-6222
4306,경기(남),하남시,공사업,전문,주식회사 이즈테크,엄태평,12918,"경기도 하남시 미사강변서로 16 , 에프433호(풍산동, 하우스디스마트밸리)",031-523-9331
4307,경기(남),하남시,공사업,전문,주식회사 태원소방,김태원,12986,경기도 하남시 초이로160번길 19 (초이동),02-428-0119
4308,경기(남),하남시,공사업,전문,주식회사 피앤씨전기,최행배,12984,"경기도 하남시 하남대로 1031-5 , 1층,2층(풍산동)",031-794-1045
4309,경기(남),하남시,공사업,전문,주식회사 메가헤르츠,이환욱,12982,"경기도 하남시 하남대로 947 , 디동 1307호(풍산동, 하남테크노밸리 유원센터)",02-6929-3331
4310,경기(남),하남시,공사업,전문,디비에이치 주식회사,한창환,12991,경기도 하남시 서하남로 85-17 (감북동),02-427-4147
4311,경기(남),하남시,공사업,전문,명성이엔씨 주식회사,김형각,12918,"경기도 하남시 미사강변서로 22 , 408호(풍산동, 에코큐브지식산업센터)",02-470-0029
4312,경기(남),하남시,공사업,전문,주식회사 혜림이엔지,이명숙,12944,"경기도 하남시 대청로 119-1 , 3층 302호(창우동, 부영아파트상가동)",02-418-2280
4313,경기(남),하남시,공사업,전문,(주)엠에스방재,이정훈,13024,"경기도 하남시 하산곡로 90 , 3층(하산곡동)",031-794-4119
4314,경기(남),하남시,공사업,전문,주식회사 에스에이치한성소방 하남,이승헌,12986,경기도 하남시 초이로99번길 41-50 (초이동),02-433-3833
4315,경기(남),하남시,공사업,전문,주식회사 금성소방이앤씨,이상무,12985,경기도 하남시 초일로105번길 65-1 (초일동),
4316,경기(남),하남시,공사업,전문,(주)두민,김상래,13024,경기도 하남시 검단산로126번길 65 (창우동),031-767-4489
4317,경기(남),하남시,공사업,전문,주식회사 미성,"박미숙,이규함",12930,"경기도 하남시 조정대로 150 , 318호(덕풍동, 아이테코)",031-790-0758
4318,경기(남),하남시,공사업,전문,건국방재이엔씨 주식회사,조길선,12919,"경기도 하남시 조정대로 65 , 301호(풍산동, 미사강변유림노르웨이숲)",031-794-0119
4319,경기(남),하남시,공사업,전문,주식회사 금강씨엔에스,"장정익,장수현",12918,"경기도 하남시 미사강변서로 25 , 제10오에프 106호(풍산동, 미사테스타타워지식산업센터)",02-422-0650
4320,경기(남),하남시,공사업,전문,주식회사 서정이엔씨,이정원,12973,"경기도 하남시 덕풍공원로 34 , 제1층 제101호(덕풍동, 하남자이 제상가동)",031-795-6309
4321,경기(남),하남시,공사업,전문,가산소방전기 주식회사,김미경,12925,"경기도 하남시 미사대로 550 , 제10층 에이동 1062호-알42(덕풍동,현대지식산업센터 한강미사)",02-6949-1195
4322,경기(남),하남시,공사업,전문,건우기계설비(주),"김병석,김용관",12947,"경기도 하남시 대청로 33 , 1007호(신장동, 현대베스코아빌딩)",02-577-5060
4323,경기(남),하남시,공사업,전문,주식회사 한영이엔씨,허선,12918,"경기도 하남시 미사강변서로 16 , 알 206호(풍산동, 하우스디스마트밸리)",02-3664-5578
4324,경기(남),하남시,공사업,전문,지담이엔씨 주식회사,박준일,12918,"경기도 하남시 미사강변서로 16 , 에프330호(풍산동, 하우스디스마트밸리)",02-486-1119
4325,경기(남),하남시,공사업,전문,(주)스마트비전,조성천,12930,"경기도 하남시 조정대로 150 , 845호(덕풍동, 아이테코)",031-790-1420
4326,경기(남),하남시,공사업,전문,승보방재설비,방정숙,12918,"경기도 하남시 조정대로 45 , 413호(풍산동, 미사센텀비즈)",031-699-2220
4327,경기(남),하남시,공사업,전문,주식회사 디에이치엔지니어링,김두호,12925,"경기도 하남시 미사대로 540 , 근린생활시설동 2층 에이씨02-012호(덕풍동, 현대지식산업센터 한강미사 2차(26블럭))",031-795-4104
4328,경기(남),하남시,공사업,전문,신의소방,최승식,13025,경기도 하남시 산곡동로86번길 36 (하산곡동),031-792-2041
4329,경기(남),하남시,공사업,전문,우리기업 주식회사,최성원,12949,"경기도 하남시 하남대로 812 , 지하1층 2호(신장동, 우리빌딩)",031-796-2131
4330,경기(남),하남시,공사업,전문,라온소방이엔지,김동현,12991,"경기도 하남시 서하남로43번길 167 , 2층",
4331,경기(남),하남시,공사업,전문,주식회사 새움,이세희,12925,"경기도 하남시 미사대로 540 , 9층 제비에이 928호, 929호, 930호, 2층 제비씨02-021호(덕풍동, 현대지식산업센터 한강미사2차)",02-468-5755
4332,경기(남),하남시,공사업,전문,나이스방재 주식회사,강기원,12991,"경기도 하남시 서하남로95번길 5 , 3층(감북동, 대성빌딩)",02-488-1119
4333,경기(남),하남시,공사업,전문,주식회사 신화이앤씨,신대식,13023,"경기도 하남시 검단산로 213 , 2층(창우동)",031-791-8001
4334,경기(남),하남시,공사업,전문,주식회사 제이방재,장재석,12913,"경기도 하남시 미사강변중앙로 212 , 604호(망월동, 미사강변 안강프라이빗뷰)",031-792-2119
4335,경기(남),하남시,공사업,전문,주식회사 씨에스소방,강남혁,12962,"경기도 하남시 신장로38번길 6 , 1층(천현동)",031-795-0119
4336,경기(남),하남시,공사업,전문,(주)유안이엔씨,유경렬,12902,"경기도 하남시 미사강변한강로 135 , 나동 508호(망월동, 미사강변스카이폴리스)",02-6952-0127
4337,경기(남),하남시,공사업,전문,주식회사 씨엠피파트너스,이창렬,12939,"경기도 하남시 하남대로 990 , 201호(풍산동, 로얄팰리스테크노1차)",031-795-9633
4338,경기(남),하남시,공사업,전문,"에쓰와이이앤씨 주식회사(SY ENC.,Ltd)",안희정,12902,"경기도 하남시 미사강변한강로 135 , 다동209호(망월동, 미사강변스카이폴리스)",054-850-5204
4339,경기(남),하남시,공사업,전문,주식회사 한국소방공사,"양종석,손종국",13025,"경기도 하남시 산곡동로106번길 19 , 1층(하산곡동)",031-794-1914
4340,경기(남),화성시,공사업,전문,(주)동호이엔씨,성명환,18385,경기도 화성시 효행로 1205-17 (기산동),031-203-0151
4341,경기(남),화성시,공사업,전문,명성종합소방설비(주),"홍인호,이재웅",18428,경기도 화성시 남여울2길 23 (능동),031-8003-2115
4342,경기(남),화성시,공사업,전문,보령전력(주),이병길,18326,경기도 화성시 안녕길 92  (안녕동) ,031-898-5090
4343,경기(남),화성시,공사업,전문,(주)스마트이앤씨,곽효석,18581,"경기도 화성시 장안면 3.1만세로322번길 58 , 나동 101호",02-899-7260
4344,경기(남),화성시,공사업,전문,혜성전기(주),김순엽,18295,"경기도 화성시 봉담읍 삼봉길24번길 49 (상리,240-2)",031-440-9870
4345,경기(남),화성시,공사업,전문,우성기업(주),이해준,18287,경기도 화성시 매송면 매송로 38 2층,031-297-7371
4346,경기(남),화성시,공사업,전문,(주)영도,정회용,18537,경기도 화성시 마도면 마도북로 329 (),031-357-8216
4347,경기(남),화성시,공사업,전문,(주)세종엔지니어링,표용만,18392,경기도 화성시 병점동로164번길 35  (진안동),031-221-6758
4348,경기(남),화성시,공사업,전문,(주)도솔방재,김환연,18587,경기도 화성시 향남읍 삼천병마로 281-15  205(상가동) ,031-353-2793
4349,경기(남),화성시,공사업,전문,(주)청명엔지니어링,이병장,18334,경기도 화성시 봉담읍 모세골길 29-2 (),031-238-5095
4350,경기(남),화성시,공사업,전문,주식회사 제이에스 이엔지,조성제,18260,경기도 화성시 남양읍 하나문길 7-18 (),031-990-7233
4351,경기(남),화성시,공사업,전문,성원전력기술(주),김상민,18332,"경기도 화성시 봉담읍 주석로 1134 , 나동 2층",031-222-5527
4352,경기(남),화성시,공사업,전문,(주)나로소방,김영오,18255,"경기도 화성시 남양읍 주석로 82  ,2층(북양동)",031-357-9116
4353,경기(남),화성시,공사업,전문,(주)피앤케이파워시스,구본관,18327,"경기도 화성시 봉담읍 수기웃말길 46 ,",031-224-7778
4354,경기(남),화성시,공사업,전문,한양이엔지(주),"김윤상,이종근",18380,경기도 화성시 영통로26번길 72 (반월동),031-695-0062
4355,경기(남),화성시,공사업,전문,에스아이티이엔지(주),홍순환,18379,"경기도 화성시 영통로26번길 15 301호(반월동,명성프라자)",031-203-1173
4356,경기(남),화성시,공사업,전문,(주)동원전력개발,정광섭,18324,경기도 화성시 세자로441번길 28  (안녕동) ,031-223-0901
4357,경기(남),화성시,공사업,전문,(주)진성전력테크,이근식,18347,경기도 화성시 용주로152번길 74 (송산동),031-226-0488
4358,경기(남),화성시,공사업,전문,(주)엔에스건설,원용주,18525,경기도 화성시 언창길 52-45 (2동 1층),070-8807-5584
4359,경기(남),화성시,공사업,전문,대보건설(주),김성호,18290,"경기도 화성시 매송면 매송고색로375번길 5-1 , 203호",02-3016-9027
4360,경기(남),화성시,공사업,전문,(주)홍진전기,진영두,18517,경기도 화성시 정남면 발산2길 41-12 (),031-352-4071
4361,경기(남),화성시,공사업,전문,(주)승우소방전력,이여진,18255,경기도 화성시 주석로 35-4 (북양동),031-357-0426
4362,경기(남),화성시,공사업,전문,(주)오케이119소방,유종철,18327,"경기도 화성시 봉담읍 수기안길 7-4 ,",031-269-4119
4363,경기(남),화성시,공사업,전문,에스에스이엔씨(주),김진광,18530,경기도 화성시 팔탄면 서해로987번길 24 비동 201호(발안유통공구상가),031-235-1190
4364,경기(남),화성시,공사업,전문,삼상이엔지(주),"김은수,김상희",18335,경기도 화성시 봉담읍 창작마을길 15-5 (),031-227-6384
4365,경기(남),화성시,공사업,전문,(주)드림소방이엔지,류재춘,18298,"경기도 화성시 봉담읍 와우안길 109 , 104동 212호(화성공구유통밸리)",031-291-2895
4366,경기(남),화성시,공사업,일반(기계),(주)조성냉동시스템,표옥자,18559,경기도 화성시 우정읍 매바위로237번길 46-275 .,031-358-4473
4367,경기(남),화성시,공사업,전문,(주)기광전기,이음복,18468,"경기도 화성시 동탄대로 683 , 4층(영천동, 에스에이치스퀘어투)",02-445-0755
4368,경기(남),화성시,공사업,전문,(주)대원전력공사,정진선,18584,"경기도 화성시 장안면 덕다길 121 , 1동",031-374-6685
4369,경기(남),화성시,공사업,전문,(주)에스에프에이,김영민,18472,경기도 화성시 영천로 38 (영천동),031-379-7303
4370,경기(남),화성시,공사업,전문,(주)한남엔지니어링,한승민,18411,"경기도 화성시 병점3로 22  3층(병점동,하산빌딩) ",031-223-2119
4371,경기(남),화성시,공사업,전문,(주)세종전기,신희경,18344,경기도 화성시 배양남길 110-3 (배양동),031-237-5399
4372,경기(남),화성시,공사업,전문,동원전설(주),승미례,18298,경기도 화성시 봉담읍 와우안길 109 105동 123호(화성유통밸리),031-267-1788
4373,경기(남),화성시,공사업,전문,주식회사 시티종합건설,강래길,18591,"경기도 화성시 향남읍 향남로 430-16 ,",031-352-5926
4374,경기(남),화성시,공사업,전문,신원종합개발(주),김성민,18298,"경기도 화성시 봉담읍 와우안길 109 , 제지하동 제상가층 제1호(화성공구유통밸리)",02-6908-7121
4375,경기(남),화성시,공사업,전문,(주)신우전자,이기원,18580,"경기도 화성시 장안면 3.1만세로281번길 144-6 , 1층",031-354-3210
4376,경기(남),화성시,공사업,일반(기계),(주)한국엔지니어링,박종덕,18377,"경기도 화성시 영통로61번길 6 , 308호(반월동, 제일프라자)",031-482-6484
4377,경기(남),화성시,공사업,전문,새빛이앤엘(주),"이해규,심용철",18332,"경기도 화성시 봉담읍 생수길 100 , 1동",031-232-4530
4378,경기(남),화성시,공사업,전문,에코엠이엔씨 주식회사,이민아,18324,"경기도 화성시 세자로475번길 29 , 3층 303호(안녕동)",031-233-8005
4379,경기(남),화성시,공사업,전문,(주)선정소방,이창환,18530,"경기도 화성시 팔탄면 노하길 513 , 센트럴 공구타운 1동 107호, 108호",031-352-2119
4380,경기(남),화성시,공사업,전문,(주)세광이앤씨,우성진,18528,"경기도 화성시 팔탄면 시청로 971 , 201호",070-4237-2612
4381,경기(남),화성시,공사업,전문,경인종합방재(주),최기현,18468,"경기도 화성시 동탄대로 677-5 , 3층 317호(영천동, 비젼아이티타워)",031-373-9112
4382,경기(남),화성시,공사업,전문,(주)유진소방,유진학,18411,"경기도 화성시 경기대로 1014 , 6층 605-19호(병점동)",031-298-6119
4383,경기(남),화성시,공사업,전문,대일건설(주),천경중,18423,"경기도 화성시 동탄원천로 354-28 302호(능동,이너매스)",031-8003-7937
4384,경기(남),화성시,공사업,전문,(주)한국소방이앤씨,박용진,18529,"경기도 화성시 팔탄면 시청로 934-6 , 디동 310호",031-354-1195
4385,경기(남),화성시,공사업,전문,(주)고현이엔지,박현영,18302,"경기도 화성시 봉담읍 동화길 85 , 407-1호",031-278-9674
4386,경기(남),화성시,공사업,전문,(주)인성전기통신,박중규,18588,"경기도 화성시 향남읍 향봉로 39-11 ,",031-353-0245
4387,경기(남),화성시,공사업,전문,주식회사 태평양전설,조상욱,18581,"경기도 화성시 장안면 3.1만세로322번길 58 , 나동",031-376-3811
4388,경기(남),화성시,공사업,전문,주식회사 블루원건설,문효성,18626,경기도 화성시 향남읍 토성로 456-5 .,031-359-8050
4389,경기(남),화성시,공사업,전문,(주)송원이앤씨,이금미,18324,"경기도 화성시 세자로475번길 29 , 302호(안녕동)",070-8234-3886
4390,경기(남),화성시,공사업,전문,(주)경원종합방재,김상훈,18469,"경기도 화성시 동탄첨단산업1로 63-12 , 506호(영천동, 동탄비즈타워)",031-8014-2550
4391,경기(남),화성시,공사업,전문,주연소방(주),김성권,18327,경기도 화성시 봉담읍 최루백로381번길 27 (),031-222-3119
4392,경기(남),화성시,공사업,전문,주식회사 삼원이엔씨,임경해,18534,"경기도 화성시 팔탄면 고주동방길 51-23 ,",031-8047-5075
4393,경기(남),화성시,공사업,일반(전기),(주)경기에프앤에스,김동식,18528,경기도 화성시 팔탄면 시청로 955 103호(창희빌딩),031-8059-3911
4394,경기(남),화성시,공사업,전문,(주)세종이앤씨,김진영,18332,"경기도 화성시 봉담읍 삼천병마로1028번길 20-3 ,",031-211-1362
4395,경기(남),화성시,공사업,전문,주식회사 금화전통,송영준,18289,"경기도 화성시 매송면 화성로 2372 , 402호(용화빌딩)",031-292-7611
4396,경기(남),화성시,공사업,전문,주식회사 호반산업,"송종민,김용일",18478,"경기도 화성시 동탄오산로 86-11 , 402호(오산동)",02-6177-4776
4397,경기(남),화성시,공사업,전문,한주케미칼(주),김동준,18260,경기도 화성시 남양읍 쌍송북로 52-18 (),02-850-6683
4398,경기(남),화성시,공사업,전문,에스제이이엔지(주),송용우,18339,경기도 화성시 기안말길 22 (기안동),031-223-1801
4399,경기(남),화성시,공사업,전문,(주)웰크론한텍,"이영규,이기창,이영식",18623,경기도 화성시 향남읍 발안공단로 92-36 (),031-350-8900
4400,경기(남),화성시,공사업,전문,주식회사 창인산업,최선아,18453,"경기도 화성시 노작로 207 , 1820호(반송동, 삼성스마트쉐르빌)",031-613-1195
4401,경기(남),화성시,공사업,전문,(주)종우앤종우소방기술단,허동필,18282,"경기도 화성시 비봉면 남이로 221 ,",031-438-6517
4402,경기(남),화성시,공사업,전문,성원전기(주),조범성,18324,"경기도 화성시 세자로475번길 29 , 2층(안녕동)",031-376-6886
4403,경기(남),화성시,공사업,일반(기계),유니슨엔지니어링(주),이미숙,18542,경기도 화성시 마도면 마도공단로1길 96 (마도산업단지8-8블럭),02-563-9313
4404,경기(남),화성시,공사업,일반(전기),단일전력 주식회사,차영호,18298,"경기도 화성시 봉담읍 동화역말길 73-49 , 2층",031-226-6767
4405,경기(남),화성시,공사업,전문,(주)대한이앤에프,"박수진,이은경",18405,"경기도 화성시 효행로 1068 , 801호(병점동, 리더스프라자)",070-4403-3119
4406,경기(남),화성시,공사업,전문,주식회사 대호이엔씨,박현주,18577,경기도 화성시 팔탄면 터넉골로120번길 39-46 (),031-352-4538
4407,경기(남),화성시,공사업,전문,주식회사 선진이엔지,서동훈,18326,경기도 화성시 안녕길24번길 15-6 (안녕동),031-244-3928
4408,경기(남),화성시,공사업,일반(전기),(주)우영종합전기,"이화영,안병우",18542,"경기도 화성시 마도면 마도공단로1길 8 , 마동 104호(마도지구유통업무및지원시설)",031-355-4255
4409,경기(남),화성시,공사업,전문,주식회사 태산전자,김필영,18332,경기도 화성시 봉담읍 건배길 30 (),031-297-8794
4410,경기(남),화성시,공사업,전문,상림종합전설(주),박한서,18321,"경기도 화성시 봉담읍 와우로73번길 6 , 917호(태천센타빌딩)",02-477-7477
4411,경기(남),화성시,공사업,전문,미래전설 주식회사,"서계원,송재은",18511,경기도 화성시 금곡로193번길 16 (금곡동),031-374-4523
4412,경기(남),화성시,공사업,전문,(주)한양씨앤텍,김정열,18255,경기도 화성시 남양읍 주석로80번길 26-52 .,031-8058-0337
4413,경기(남),화성시,공사업,전문,주식회사 청우전설,김미영,18324,경기도 화성시 안녕북길 21-3 (안녕동),031-223-1053
4414,경기(남),화성시,공사업,전문,(주)현진소방엔지니어링,이한홍,18398,"경기도 화성시 효행로 1069 , 701호(진안동, 메디피아)",031-238-1046
4415,경기(남),화성시,공사업,전문,미리소방,박종인,18487,"경기도 화성시 동탄기흥로257번나길 24-8 , 101호(방교동)",031-374-1198
4416,경기(남),화성시,공사업,전문,주식회사 대림안전관리,최승분,18389,"경기도 화성시 병점중앙로242번길 9-7 , 401호(진안동, 성산타운)",031-237-1191
4417,경기(남),화성시,공사업,전문,성진이앤씨(주),구청수,18471,"경기도 화성시 동탄대로21길 10 , 1506호(영천동, 더퍼스트타워)",031-613-0508
4418,경기(남),화성시,공사업,전문,쏠엘앤씨 주식회사,유경학,18469,"경기도 화성시 동탄첨단산업1로 27 , 비동 2253호(영천동, 동탄금강펜테리움 아이엑스타워)",031-784-8188
4419,경기(남),화성시,공사업,전문,주식회사 태화이에프씨,안영주,18584,경기도 화성시 장안면 기아자동차로 830-31 .,031-364-8341
4420,경기(남),화성시,공사업,전문,주식회사 케이에스방재,김명진,18529,"경기도 화성시 팔탄면 서해로1121번길 3 , 503동 301호(발안현대공구타운)",031-354-4588
4421,경기(남),화성시,공사업,전문,(주)태성이앤씨,정청진,18352,"경기도 화성시 장조2로 12 , 512호(안녕동, 엠디센터프라자)",031-223-2310
4422,경기(남),화성시,공사업,전문,퍼스트디앤씨 주식회사,성진용,18423,경기도 화성시 동탄하나2길 8-2 (능동),02-1833-8014
4423,경기(남),화성시,공사업,전문,(주)원클라스,김형수,18468,"경기도 화성시 동탄순환대로 830 ,1315호(영천동, 동탄에스케이브이원센터)",031-8058-2148
4424,경기(남),화성시,공사업,전문,주식회사 피앤에스프로,박영재,18469,"경기도 화성시 동탄기흥로 557 , 10층1008호(영천동, 금강펜테리움아이티타워)",031-5183-4911
4425,경기(남),화성시,공사업,전문,(주)벨이앤씨,박문례,18512,"경기도 화성시 정남면 가장로 230 ,",02-362-3600
4426,경기(남),화성시,공사업,일반(전기),주식회사 서울영상테크,한두성,18469,"경기도 화성시 동탄첨단산업1로 27 , 제6층 제에이604호(영천동, 금강펜테리움아이엑스타워)",031-784-8440
4427,경기(남),화성시,공사업,전문,백석이엔지 주식회사,이희상,18551,"경기도 화성시 송산면 사강로 136 , 302호",031-357-4630
4428,경기(남),화성시,공사업,전문,주식회사 제이에스테크산업,김대진,18373,경기도 화성시 반정로 43 (반정동),031-235-8713
4429,경기(남),화성시,공사업,전문,도화이엔씨(주),서재훈,18374,경기도 화성시 반정로154번길 7 (반정동),031-285-4900
4430,경기(남),화성시,공사업,전문,비디아이(주),안승만,18529,"경기도 화성시 팔탄면 서해로 1155 ,",070-7495-3424
4431,경기(남),화성시,공사업,전문,피에스소방 엔지니어링,박표진,18471,"경기도 화성시 동탄대로21길 10 , 16층 08호(영천동, 더퍼스트타워)",070-7124-1918
4432,경기(남),화성시,공사업,일반(전기),삼일전력,조하영,18527,경기도 화성시 팔탄면 서촌길 7 .,031-354-6685
4433,경기(남),화성시,공사업,전문,주식회사 씨에스제이,정원욱,18469,"경기도 화성시 동탄기흥로 594-7 , 10층 1016호(영천동)",031-613-2151
4434,경기(남),화성시,공사업,전문,센서소방,이진호,18421,"경기도 화성시 효행로1156번길 22 , 102동 504호(병점동)",070-8095-5119
4435,경기(남),화성시,공사업,전문,주식회사 비젼엔지니어링,김동일,18626,경기도 화성시 양감면 솔안길 70-25 (사창리 1101-2),031-227-6177
4436,경기(남),화성시,공사업,전문,명진전력 주식회사,백정현,18334,"경기도 화성시 봉담읍 시청로 1399 ,",031-366-3160
4437,경기(남),화성시,공사업,전문,(주)보광티에스,박보선,18255,"경기도 화성시 남양읍 현대기아로 694 ,",031-356-6915
4438,경기(남),화성시,공사업,일반(기계),(주) 다마텍엔지니어링,서은갑,18363,경기도 화성시 안녕남로50번길 5 (안녕동),031-224-1520
4439,경기(남),화성시,공사업,전문,(주)한성엔지니어링,"한호동,한상준",18487,경기도 화성시 동탄산단8길 15-23 .,031-216-2526
4440,경기(남),화성시,공사업,전문,(주)협인,이병천,18516,"경기도 화성시 정남면 보통내길 210 ,",031-352-9772
4441,경기(남),화성시,공사업,전문,아이엠방재이엔지 주식회사,김현웅,18405,"경기도 화성시 효행로 1060 , 1004호 에이243(병점동, 이타운4)",031-235-5119
4442,경기(남),화성시,공사업,전문,(주)신호이엔씨,이희미,18629,"경기도 화성시 양감면 정문송산로 160-27 ,",02-2066-7031
4443,경기(남),화성시,공사업,전문,주식회사 소방인,인대환,18325,경기도 화성시 효행로614번길 46-5 (안녕동),031-222-5119
4444,경기(남),화성시,공사업,전문,주식회사 범진아이앤씨,조영진,18589,"경기도 화성시 향남읍 백토관리길 113-128 ,",031-8059-6860
4445,경기(남),화성시,공사업,전문,미성전력 주식회사,지정식,18298,"경기도 화성시 봉담읍 동화역말길 73-35 , 2층",031-226-8088
4446,경기(남),화성시,공사업,일반(기계),유립기공(주),홍성연,18575,"경기도 화성시 팔탄면 서근내길 59-8 ,",031-358-7336
4447,경기(남),화성시,공사업,전문,백산전기소방 주식회사,김미경,445-897,"경기도 화성시 봉담읍 와우리 45-8, 6층(윤성빌딩)",031-8039-6111
4448,경기(남),화성시,공사업,전문,원평 소방전기,변기미,18289,경기도 화성시 매송면 화성로 2351 .,031-8013-2121
4449,경기(남),화성시,공사업,전문,주식회사 영신에프앤씨,장승원,18541,경기도 화성시 마도면 마도로620번길 22-15 .,031-366-8474
4450,경기(남),화성시,공사업,전문,(주)풍산건설,신화경,18469,"경기도 화성시 동탄기흥로 602 , 209호(영천동, 더퍼스트타워쓰리)",031-8003-6400
4451,경기(남),화성시,공사업,전문,송주전기(주),한덕규,18536,"경기도 화성시 팔탄면 시청로 668 , 2층",031-355-1439
4452,경기(남),화성시,공사업,전문,주식회사 한진전력,전수영,18537,"경기도 화성시 마도면 화성로696번길 57-20 , 2층",070-8899-7766
4453,경기(남),화성시,공사업,전문,국제엔지이(주),박광국,445-010,경기도 화성시 남양읍 북양리 523-3,031-356-6045
4454,경기(남),화성시,공사업,전문,주식회사 한별이엔씨,최주희,18373,"경기도 화성시 덕영대로1376번길 225 , 2동 2층(반정동)",031-232-1223
4455,경기(남),화성시,공사업,전문,(주)대민이엔씨,이지영,18341,경기도 화성시 배양남길50번길 3 (기안동),031-8043-5288
4456,경기(남),화성시,공사업,전문,티에스지디피 주식회사,이석주,18635,"경기도 화성시 양감면 은행나무로 121 , 비동",031-366-4879
4457,경기(남),화성시,공사업,일반(기계),로이이엔씨 주식회사,이명근,18453,"경기도 화성시 동탄중심상가2길 8 , 제4층 제401호(반송동)",031-221-2347
4458,경기(남),화성시,공사업,전문,주식회사 부송전력,양인실,18363,경기도 화성시 안녕남로58번길 17 (안녕동),031-402-8230
4459,경기(남),화성시,공사업,전문,주식회사 백풍,장재혁,18374,"경기도 화성시 반정로153번길 5 , 2층(반정동)",031-8050-0095
4460,경기(남),화성시,공사업,전문,주식회사 대양전기엔지니어링,정창수,18581,경기도 화성시 장안면 3.1만세로 481 .,1544-2342
4461,경기(남),화성시,공사업,전문,(주)대창전기기술단,조민재,18463,"경기도 화성시 동탄대로 706 , 1동 3층 329호(영천동, 동탄아이티밸리2)",070-4900-3550
4462,경기(남),화성시,공사업,전문,주식회사 경우엔지니어링,김해경,18468,"경기도 화성시 동탄대로23길 101 , 2층 217호(영천동, 더블유 스페이스)",1566-2116
4463,경기(남),화성시,공사업,전문,혜윰이엔씨 주식회사,윤한봉,18479,"경기도 화성시 동탄광역환승로 62 , 제201동 제11층 1116호,1117호,1118호(오산동, 동탄역 삼정그린코아더시티)",070-4139-9998
4464,경기(남),화성시,공사업,전문,형제소방,김의진,18467,"경기도 화성시 동탄대로 636-3 , C동 10층 1001호(영천동, 메가비즈타워)",031-375-7119
4465,경기(남),화성시,공사업,전문,에스케이피오 주식회사,이숙희,18522,경기도 화성시 정남면 동오4길 11-15 .,031-352-6303
4466,경기(남),화성시,공사업,전문,주식회사 보우엠이씨,"이학성,이은심",18529,"경기도 화성시 팔탄면 시청로 934-10 , 이동 303호(우리들유통타운)",031-8050-8558
4467,경기(남),화성시,공사업,전문,엠알솔루션,박순례,18469,"경기도 화성시 동탄기흥로 602 , 3층 308호(영천동, 더퍼스트타워3차)",031-373-4669
4468,경기(남),화성시,공사업,전문,주식회사 한국소방기술,김재춘,18469,"경기도 화성시 동탄첨단산업1로 58 , 727호(영천동, 퍼스트코리아)",031-345-1411
4469,경기(남),화성시,공사업,전문,대양에프엔지,김종석,18522,경기도 화성시 정남면 문학로68번길 26-12 .,031-354-3214
4470,경기(남),화성시,공사업,전문,와이비소방 주식회사,"정미자,김종문",18390,"경기도 화성시 경기대로 1071 , 3층(진안동)",031-222-6011
4471,경기(남),화성시,공사업,전문,(주)시온엔지니어링,양기훈,18292,"경기도 화성시 비봉면 쌍학안길 56 , 2동",031-357-7625
4472,경기(남),화성시,공사업,전문,(주)엠제이테크,정재영,18508,"경기도 화성시 동탄장지천5길 30-3 , 3층(장지동)",031-664-7770
4473,경기(남),화성시,공사업,전문,(주)성주전기,이석환,18298,"경기도 화성시 봉담읍 와우안길 109 , 103동 213호(화성공구유통밸리)",031-235-0945
4474,경기(남),화성시,공사업,전문,다빈이엔씨(주),김홍일,18468,"경기도 화성시 동탄대로 683 , 308호(영천동, 에스에이치 타임스퀘어 2)",031-377-9697
4475,경기(남),화성시,공사업,전문,주연소방ENG,조미향,18329,"경기도 화성시 봉담읍 동화길 161 , 가동 2층",031-222-3119
4476,경기(남),화성시,공사업,전문,주식회사 허브,김성욱,18469,"경기도 화성시 동탄첨단산업1로 27 , 에이동 에이3201호(영천동, 금강펜테리움 아이엑스타워)",031-723-0200
4477,경기(남),화성시,공사업,전문,주식회사 이수방재,유선덕,18336,경기도 화성시 봉담읍 덕우공단1길 65-23 .,031-227-0947
4478,경기(남),화성시,공사업,전문,더에이원 주식회사,강두연,18269,"경기도 화성시 남양읍 신남안길 7-19 , 2동",031-357-2380
4479,경기(남),화성시,공사업,전문,현대소방,이동훈,18244,"경기도 화성시 수노을중앙로 142 , 507호(새솔동, 센타프라자)",031-506-7503
4480,경기(남),화성시,공사업,전문,코오롱이앤씨(주),조현철,18504,"경기도 화성시 동탄순환대로10길 20 , 상가동 205호(산척동, 경기행복주택)",032-420-9040
4481,경기(남),화성시,공사업,전문,주식회사 유신소방,강인철,18340,경기도 화성시 배양북길32번길 18-12 (배양동),031-238-1191
4482,경기(남),화성시,공사업,전문,주식회사 대명전기,조선자,18549,경기도 화성시 송산면 삼존로 90-5 .,031-356-9503
4483,경기(남),화성시,공사업,전문,제이에이치엔지니어링(주),한곤현,18396,경기도 화성시 반월체육공원길 28-4 (반월동),031-895-4121
4484,경기(남),화성시,공사업,전문,에스티안전,송익선,18283,"경기도 화성시 비봉면 일묵동안길 17 ,",031-366-9118
4485,경기(남),화성시,공사업,전문,한국소방관리 주식회사,이승원,18284,"경기도 화성시 비봉면 푸른들판로1430번길 32-26 , 2층",031-615-4119
4486,경기(남),화성시,공사업,전문,주식회사 송암이엔지,허다영,18515,"경기도 화성시 정남면 덕절창말길 29 , 1호",031-376-2718
4487,경기(북),가평군,공사업,전문,(주)세양전기,최분남,12451,경기도 가평군 청평면 경춘로 871 3층(청평리),031-585-5666
4488,경기(북),가평군,공사업,전문,선원건설(주),김학선,12467,"경기도 가평군 설악면 신천중앙로 79 , 6층",02-6470-5200
4489,경기(북),가평군,공사업,전문,(주)이명전기,이명덕,12444,"경기도 가평군 상면 조종로 950 , 가동 101호",031-585-0971
4490,경기(북),고양시,공사업,전문,(주)미광이티씨,오광수,10495,"경기도 고양시 덕양구 중앙로 554 , 606호(행신동, 희성프라자)",031-971-2180
4491,경기(북),고양시,공사업,전문,(주)육전사,박미숙,10446,경기도 고양시 일산동구 백석로86번길 41 1층(백석동),031-908-8485
4492,경기(북),고양시,공사업,전문,신한종합건설(주),박용수,10460,"경기도 고양시 덕양구 고양시청로 13-4  501호(주교동,내외빌딩)",02-3703-0354
4493,경기(북),고양시,공사업,전문,(주)광원,"이승돈,조동호",10404,"경기도 고양시 일산동구 중앙로 1322  1609호(정발산동,일산현대아이스페이스)",031-919-6422
4494,경기(북),고양시,공사업,전문,범진성업(주),최병권,10594,"경기도 고양시 덕양구 통일로 140 , A동 2층 205호(동산동,삼송테크노밸리)",02-372-0833
4495,경기(북),고양시,공사업,전문,수도전기(주),이인식,10326,경기도 고양시 일산동구 동국로 94  (식사동),031-965-3600
4496,경기(북),고양시,공사업,전문,태영종합설비(주),정재영,10464,경기도 고양시 덕양구 호국로 772 5층(성사동),02-733-5231
4497,경기(북),고양시,공사업,전문,지도엔지니어링,정천록,10439,경기도 고양시 덕양구 행주로99번길 18-10 (행주내동),031-970-8824
4498,경기(북),고양시,공사업,전문,(주)일우엠이씨,"피일용,권선명",10544,"경기도 고양시 덕양구 으뜸로 130 , 비동 13층 1320호(덕은동, 위프라임트윈타워)",031-903-5305
4499,경기(북),고양시,공사업,전문,(주)지앤에스이엔지,박선영,10246,경기도 고양시 일산동구 고봉로551번길 17  2층(성석동),070-7011-3790
4500,경기(북),고양시,공사업,전문,봉등전기(주),정기선,10279,경기도 고양시 덕양구 동헌로 319-15 (대자동),02-353-0051
4501,경기(북),고양시,공사업,전문,(주)블루이에프씨,이상훈,10594,"경기도 고양시 덕양구 동축로 70 , 제1층 제비-에이-01-27호(동산동, 현대프리미어캠퍼스지축역지식산업센터)",02-788-7474
4502,경기(북),고양시,공사업,전문,청석전기(주),"노공환,김성룡",10260,경기도 고양시 일산동구 공릉천로175번길 93-59  (사리현동) ,031-969-2390
4503,경기(북),고양시,공사업,전문,청명전기(주),안상연,10220,경기도 고양시 일산서구 송포로113번길 191-140 (법곳동),031-924-0495
4504,경기(북),고양시,공사업,전문,(주)엠비씨씨앤아이,도인태,10403,"경기도 고양시 일산동구 호수로 596  5층(장항동,엠비씨드림센터)",02-789-9303
4505,경기(북),고양시,공사업,전문,(주)송현엔지니어링,김을영,10594,"경기도 고양시 덕양구 통일로 140 B-314호(동산동,삼송테크노밸리)",02-2219-3500
4506,경기(북),고양시,공사업,전문,(주)신한이에스,박종주,10253,경기도 고양시 일산동구 장진천길108번길 24-13 (설문동),031-964-0640
4507,경기(북),고양시,공사업,전문,(주)영화이엔씨,임영자,10212,경기도 고양시 일산서구 송포백송길 9  (덕이동),031-914-8123
4508,경기(북),고양시,공사업,전문,(주)한라소방,전완기,10460,"경기도 고양시 덕양구 고양대로1315번길 44 , 1층 1호(주교동)",031-967-0116
4509,경기(북),고양시,공사업,전문,(주)중옥,신현찬,10433,경기도 고양시 일산동구 장항로 39-16  (백석동),031-908-8190
4510,경기(북),고양시,공사업,전문,(주)동일이앤드엘,강점임,10551,"경기도 고양시 덕양구 도래울안길 56 , 1층(도내동)",031-972-0006
4511,경기(북),고양시,공사업,전문,주식회사 양지,윤준영,10542,경기도 고양시 덕양구 대덕로200번길 122 (현천동),02-322-0724
4512,경기(북),고양시,공사업,전문,(주)태화소방방재,임혜경,10540,경기도 고양시 덕양구 화랑로 38-1 (화전동),02-374-9119
4513,경기(북),고양시,공사업,전문,내덕건설(주),박영찬,10381,"경기도 고양시 일산서구 강성로 275  402호(대화동,스타타워)",031-924-7277
4514,경기(북),고양시,공사업,전문,(주)해태소방,최태준,10333,경기도 고양시 일산동구 탄중로 326-16  (중산동) 가든프라자 605호,031-976-1976
4515,경기(북),고양시,공사업,전문,봉신이앤씨(주),"봉종필,봉필석",10270,경기도 고양시 덕양구 호국로 1801  (고양동),031-963-4000
4516,경기(북),고양시,공사업,전문,대방건설(주),구찬우,10447,경기도 고양시 일산동구 중앙로 1072  (백석동) 아이비프라자 5층,031-975-7988
4517,경기(북),고양시,공사업,전문,(주)재웅이앤씨,허원석,10523,"경기도 고양시 덕양구 무원로6번길 12  510호(행신동,대흥빌딩)",031-973-2522
4518,경기(북),고양시,공사업,전문,주식회사 화승이엔아이,장진숙,10503,"경기도 고양시 덕양구 화신로 259 , 401호 (화정동)",031-970-5104
4519,경기(북),고양시,공사업,전문,(주)주경이앤씨,김주희,10323,"경기도 고양시 일산동구 위시티2로 43-14 , 202호(식사동)",070-4419-2024
4520,경기(북),고양시,공사업,전문,효림종합건설(주),"고해상,김문정",10233,"경기도 고양시 일산서구 탄중로 111 , 4동 303호(덕이동, 덕이동양우로데오메인타운)",031-924-2211
4521,경기(북),고양시,공사업,전문,주식회사 대덕콘트롤,이희성,10542,"경기도 고양시 덕양구 해포길 44 , 2층(현천동)",02-718-6188
4522,경기(북),고양시,공사업,전문,(주)신호에너텍,전현국,10299,"경기도 고양시 일산동구 고양대로1119번길 11 , 102호(식사동)",031-964-2690
4523,경기(북),고양시,공사업,전문,한국소방안전(주),강성심,10402,"경기도 고양시 일산동구 정발산로 19 301호(장항동,지평프라자)",031-913-1192
4524,경기(북),고양시,공사업,전문,삼영방재산업(주),김경곤,10449,"경기도 고양시 일산동구 장백로 19 , 634호(백석동, 더루벤스카운티)",02-516-2870
4525,경기(북),고양시,공사업,전문,(주)성산전기통신,이해붕,10401,"경기도 고양시 일산동구 무궁화로 8-38  620호(장항동,호수그린오피스텔)",031-904-8171
4526,경기(북),고양시,공사업,전문,두로산전(주),"이윤재,이정훈",10571,"경기도 고양시 덕양구 권율대로 896-17 , 4층(신원동, 세중스테이)",031-964-3220
4527,경기(북),고양시,공사업,전문,(주)청석엔지니어링,조은자,10260,경기도 고양시 일산동구 공릉천로175번길 93-61 (사리현동),031-969-2375
4528,경기(북),고양시,공사업,전문,(주)천일,이민자,10377,경기도 고양시 일산서구 대산로 213 (대화동) 302호,031-871-2624
4529,경기(북),고양시,공사업,전문,(주)동연전설,홍영자,10253,"경기도 고양시 일산동구 장진천길 102 , 202호(설문동)",031-914-7749
4530,경기(북),고양시,공사업,전문,(주)신한에프앤씨,김귀형,10556,경기도 고양시 덕양구 삼송로205번안길 2 (삼송동),02-3158-1119
4531,경기(북),고양시,공사업,전문,두경기업(주),김경자,10237,"경기도 고양시 일산서구 덕이로 30-24  3에프-106(덕이동,양우씨네플렉스)",031-911-1520
4532,경기(북),고양시,공사업,전문,메가일렉(주),이경화,10564,"경기도 고양시 덕양구 권율대로 656 , 1624호(원흥동, 클래시아 더 퍼스트)",031-970-6717
4533,경기(북),고양시,공사업,전문,(주)중원이엔지,심성섭,10569,"경기도 고양시 덕양구 신원2로 45-4 , 3-4층(신원동)",02-389-9343
4534,경기(북),고양시,공사업,전문,동양종합엔지니어링 주식회사,"김대성,김세련,김용순,최준오",10364,"경기도 고양시 일산동구 무궁화로 7-45 , 13층 1340호(장항동, 양우로데오시티플러스)",070-8285-5254
4535,경기(북),고양시,공사업,전문,한국소방이엔지 주식회사,양일택,10460,"경기도 고양시 덕양구 원당로33번길 3 , 2층(주교동)",031-965-1195
4536,경기(북),고양시,공사업,전문,주식회사 젠알에프티,강대성,10550,"경기도 고양시 덕양구 삼원로 51 , 7층 708호, 709호, 710호, 711호(삼송동, 고양원흥지식산업센터)",02-333-5186
4537,경기(북),고양시,공사업,전문,주식회사 플랭클린전력,최동익,10403,"경기도 고양시 일산동구 백마로 195 , 11층 11009호(장항동, 엠시티타워)",031-919-3224
4538,경기(북),고양시,공사업,전문,(주)고양일산소방공사,조광연,10359,경기도 고양시 일산동구 일산로463번길 64-4 (정발산동),031-903-9119
4539,경기(북),고양시,공사업,전문,유영이앤씨(주),김은숙,10364,"경기도 고양시 일산동구 무궁화로 37 , 3층 303-에이호(장항동, 노블리제)",031-911-0184
4540,경기(북),고양시,공사업,전문,주식회사 신아엔지니어링,박진영,10271,경기도 고양시 덕양구 혜음로 237-6 (벽제동),031-963-3900
4541,경기(북),고양시,공사업,전문,(주)어울림소방,김경우,10202,경기도 고양시 일산서구 송산로192번길 44 (구산동),031-917-9110
4542,경기(북),고양시,공사업,전문,디케이건설 주식회사,김동식,10402,"경기도 고양시 일산동구 정발산로 43-7 , 310호(장항동, 메리트윈빌딩)",031-932-0971
4543,경기(북),고양시,공사업,전문,(주)현우엠앤이,권미경,10492,"경기도 고양시 덕양구 중앙로472번길 65 , 지하1층(행신동)",031-973-9800
4544,경기(북),고양시,공사업,전문,열두방재 주식회사,김종래,10453,경기도 고양시 일산동구 경의로256번길 38 (산황동),031-902-7119
4545,경기(북),고양시,공사업,전문,(주)지엠엔지니어링,최영미,10496,"경기도 고양시 덕양구 화정로 29 , 제상가2동 308호(화정동)",031-966-1634
4546,경기(북),고양시,공사업,전문,유한회사 우진이엔지,이동우,10523,"경기도 고양시 덕양구 무원로6번길 61 , 제5층 제503-7호(행신동, 지엘리치빌2차)",031-630-2277
4547,경기(북),고양시,공사업,전문,준이엔지소방 주식회사,차화연,10205,경기도 고양시 일산서구 덕산로121번길 12-1 (가좌동),031-923-2101
4548,경기(북),고양시,공사업,전문,엠앤케이소방 주식회사,김종민,10449,"경기도 고양시 일산동구 장백로 19 , 634호 (백석동, 더루벤스카운티)",031-905-2876
4549,경기(북),고양시,공사업,전문,조은건설(주),이성욱,10246,경기도 고양시 일산동구 고봉로531번길 23-51 (성석동),031-969-9655
4550,경기(북),고양시,공사업,전문,가람소방 주식회사,전병섭,10461,"경기도 고양시 덕양구 고양대로 1341 , 3층 (주교동, 동남빌딩)",031-963-7119
4551,경기(북),고양시,공사업,전문,주식회사 나우엠이씨,김진욱,10477,"경기도 고양시 덕양구 은빛로 53 , 601호(화정동, 코스미온빌)",031-969-6818
4552,경기(북),고양시,공사업,전문,이화소방공사,이윤복,10236,"경기도 고양시 일산서구 탄중로101번길 35 , 103호 (덕이동)",031-918-2119
4553,경기(북),고양시,공사업,전문,석교플랜트(주),이웅진,10299,"경기도 고양시 일산동구 고양대로1119번길 11 , 204호(식사동)",031-966-5550
4554,경기(북),고양시,공사업,전문,주식회사 우진에프이엠,박강민,10462,"경기도 고양시 덕양구 마상로140번길 48 , 509호, 510호(주교동, 신양빌딩)",031-966-6117
4555,경기(북),고양시,공사업,전문,경기소방방재 주식회사,이현화,10455,"경기도 고양시 덕양구 호국로 525 , 1층(대장동)",031-968-5119
4556,경기(북),고양시,공사업,전문,주식회사 영광이엔씨,채성훈,10480,경기도 고양시 덕양구 충장로350번길 175-12 (성사동),031-967-4570
4557,경기(북),고양시,공사업,전문,라성이앤씨 주식회사,손기열,10497,"경기도 고양시 덕양구 화정로 53-1 , 제7층 제709호(화정동, 글로리아프라자)",031-994-2201
4558,경기(북),고양시,공사업,전문,주식회사 한창종합건설,김명환,10387,"경기도 고양시 일산서구 주엽로 134 , 205호(주엽동, 시대프라자빌딩)",031-922-0971
4559,경기(북),고양시,공사업,전문,주식회사 해우이엔씨,정재완,10464,"경기도 고양시 덕양구 호국로 772 , 3층 2호(성사동, 태영빌딩)",031-969-7774
4560,경기(북),고양시,공사업,전문,(주)신화전공,최형진,10510,"경기도 고양시 덕양구 토당로42번길 13-15 , 2층 203호(토당동)",031-926-3311
4561,경기(북),고양시,공사업,전문,주식회사 영광이에프씨,김영권,10284,경기도 고양시 덕양구 통일로 541-31 (대자동),031-962-1144
4562,경기(북),고양시,공사업,전문,주식회사 신우콘트롤,위강철,10477,"경기도 고양시 덕양구 은빛로 43 , 701호(화정동, 은하수빌딩)",031-901-8630
4563,경기(북),고양시,공사업,전문,한국소방주식회사,이춘집,10496,"경기도 고양시 덕양구 은빛로 12 , 상가1동 3층 303호(화정동, 은빛마을6단지)",031-967-8116
4564,경기(북),고양시,공사업,전문,일도전력산업 주식회사,유병화,10460,"경기도 고양시 덕양구 고양시청로 24 , 2층(주교동)",031-965-0133
4565,경기(북),고양시,공사업,전문,주식회사 에이에프,박범근,10594,"경기도 고양시 덕양구 통일로 140 , 비동 333호(동산동, 삼송테크노밸리)",02-6956-1194
4566,경기(북),고양시,공사업,전문,주식회사 믿음소방,채수오,10526,"경기도 고양시 덕양구 용현로 9 , 307호,308호(행신동, 대경티앤에스빌딩)",031-978-1190
4567,경기(북),고양시,공사업,전문,주식회사 다온이엔씨,김주일,10431,경기도 고양시 일산동구 장항로225번길 89 (장항동),031-994-6090
4568,경기(북),고양시,공사업,전문,하기지앤텍,노달호,10477,"경기도 고양시 덕양구 은빛로 45 , 4층 406호 (화정동, 꽃무리조합프라자)",031-963-6740
4569,경기(북),고양시,공사업,일반(기계),주식회사 거양,김종규,10456,"경기도 고양시 덕양구 대장길50번길 57-4 , 1층 1호(대장동)",031-969-5701
4570,경기(북),고양시,공사업,전문,(주)가원이엔씨,조성용,10468,"경기도 고양시 덕양구 고양대로1384번길 19-15 , 203호 (성사동, 새롬프라자)",031-962-5119
4571,경기(북),고양시,공사업,전문,주식회사 이앤엠테크,홍정구,10353,"경기도 고양시 일산서구 일중로15번길 23 , 6층(일산동, 이앤엠23)",031-924-1473
4572,경기(북),고양시,공사업,전문,주식회사 이스트씨에이,김현우,10544,"경기도 고양시 덕양구 으뜸로 130 , 830호(덕은동, 위프라임트윈타워)",02-733-5048
4573,경기(북),고양시,공사업,전문,주식회사 팬웨스트에스앤티,김건호,10251,경기도 고양시 일산동구 고봉로658번길 61-17 (성석동),031-916-7012
4574,경기(북),고양시,공사업,전문,주식회사 대명이엔지,김종학,10462,"경기도 고양시 덕양구 마상로134번길 16 , 1층(주교동)",031-968-8016
4575,경기(북),고양시,공사업,전문,주식회사 앤트,전종수,10246,"경기도 고양시 일산동구 고봉로551번길 15 , 비동 2층(성석동)",070-7011-2868
4576,경기(북),고양시,공사업,전문,주식회사 혜성,정철,10380,"경기도 고양시 일산서구 중앙로 1542 , 1008호(대화동, 신동아노블타워)",031-923-7030
4577,경기(북),고양시,공사업,전문,에너지엑스 주식회사,"박성현,홍두화",10546,"경기도 고양시 덕양구 향기로 152 , 5층(향동동, 에너지엑스 디와이빌딩)",02-554-9114
4578,경기(북),고양시,공사업,전문,(주)두성에프엔씨,오승만,10550,"경기도 고양시 덕양구 삼원로 63 , 12층 1211호, 1212호(원흥동, 고양아크비즈",02-3159-1158
4579,경기(북),고양시,공사업,전문,준에너지테크 주식회사,박금선,10299,"경기도 고양시 일산동구 고양대로1119번길 11 , 101호(식사동)",031-966-2590
4580,경기(북),고양시,공사업,전문,창성전력 주식회사,김태홍,10545,"경기도 고양시 덕양구 향동로 201 , 1216(향동동, 지엘메트로시티)",
4581,경기(북),고양시,공사업,전문,주식회사 우주종합전력,임지안,10206,경기도 고양시 일산서구 덕이로 281-12 (덕이동),031-975-5474
4582,경기(북),고양시,공사업,전문,태양이엔지 주식회사,박지영,10257,경기도 고양시 일산동구 문봉길 6-48 (문봉동),02-2644-9166
4583,경기(북),고양시,공사업,전문,주식회사 미성이앤씨,"한인호,김명식",10495,"경기도 고양시 덕양구 충장로 134 , 608호(행신동, 아이프라자)",032-822-9051
4584,경기(북),고양시,공사업,전문,주식회사 세명이엔씨,김현철,10556,"경기도 고양시 덕양구 삼송로205번길 5-1 , 3층(삼송동)",02-381-0409
4585,경기(북),고양시,공사업,전문,주식회사 우진에프앤에프,이승재,10526,"경기도 고양시 덕양구 충장로 2 , 409호(행신동, 센트럴빌딩)",031-972-0119
4586,경기(북),고양시,공사업,전문,주식회사 유림이앤지,강가림,10539,"경기도 고양시 덕양구 중앙로 48 , 102(덕은동)",070-4808-0558
4587,경기(북),고양시,공사업,전문,주식회사 씨에이치텍,신샛별,10526,"경기도 고양시 덕양구 충장로 2 , 508호(행신동, 센트럴빌딩)",031-971-4322
4588,경기(북),고양시,공사업,전문,주식회사 진홍테크,임진홍,10324,"경기도 고양시 일산동구 원중1길 16 , 601호(식사동, 예일엠타워)",031-975-0301
4589,경기(북),고양시,공사업,전문,디비이앤씨 주식회사,김미령,10550,"경기도 고양시 덕양구 삼원로 51 , 6층 602호(원흥동, 줌하이필드지식산업센터)",02-358-0003
4590,경기(북),고양시,공사업,전문,주식회사 대우전기건설공사,박동배,10318,경기도 고양시 일산동구 성석로146번안길 138-9 (성석동),031-976-6900
4591,경기(북),고양시,공사업,전문,주식회사 주원소방,장승옥,10234,"경기도 고양시 일산서구 하이파크2로 40 , 803호(덕이동, 금문프라자)",031-904-0119
4592,경기(북),고양시,공사업,전문,주식회사 에스엠이엔지,김용임,10500,"경기도 고양시 덕양구 화신로272번길 11 , 8층 802호(화정동, 우경싸이트빌)",031-970-9897
4593,경기(북),고양시,공사업,전문,주식회사 스틸이앤지,전영일,10564,"경기도 고양시 덕양구 원흥3로 6-17 , 201호(원흥동)",1588-9487
4594,경기(북),고양시,공사업,전문,주식회사 유유산업개발,유정은,10507,"경기도 고양시 덕양구 토당로168번길 7-4 , 3층 303호(토당동, 동아4빌딩)",1544-1638
4595,경기(북),고양시,공사업,전문,주식회사 유이이엔씨,이희상,10461,"경기도 고양시 덕양구 마상로126번길 91 , 7층 709호(주교동, 고양 원당줌시티)",031-969-7375
4596,경기(북),구리시,공사업,전문,(주)통광이앤씨,김대인,11914,경기도 구리시 동구릉로103번길 8 2층(인창동),031-553-2553
4597,경기(북),구리시,공사업,전문,진영씨엠(주),이진호,11902,"경기도 구리시 갈매순환로 17 , 201호(갈매동, 월드프라자)",031-528-8065
4598,경기(북),구리시,공사업,전문,(주)현대전기건설,김희성,11907,"경기도 구리시 왕숙천로 507 , 4층(인창동)",031-563-4881
4599,경기(북),구리시,공사업,전문,명성산업(주),김주찬,11954,경기도 구리시 아차산로 411 2층(교문동),031-562-7444
4600,경기(북),구리시,공사업,일반(전기),(주)아림방재,김현삼,11943,경기도 구리시 검배로93번길 16-4  (수택동),031-557-1197
4601,경기(북),구리시,공사업,전문,(주)남양이앤씨,"원용선,정용준",11956,"경기도 구리시 아치울길22번길 7 , 201호(아천동)",031-564-8500
4602,경기(북),구리시,공사업,전문,진성건설 주식회사,김광진,11906,경기도 구리시 동구릉로 460  (사노동),031-572-1420
4603,경기(북),구리시,공사업,전문,(주)에스제이엔지니어링,설진일,11938,"경기도 구리시 장자대로 7 , 4층(교문동)",031-568-7119
4604,경기(북),구리시,공사업,전문,(주)거성방재시스템,오기윤,11961,"경기도 구리시 벌말로 81-10 , 2층 (토평동)",031-564-7014
4605,경기(북),구리시,공사업,전문,뉴텍방재 주식회사,김종빈,11937,"경기도 구리시 이문안로 53 , 2층 2호(교문동, 한성상가동)",031-569-7119
4606,경기(북),구리시,공사업,전문,(주)바오름엔지니어링,김효상,11933,"경기도 구리시 체육관로 140 , 9층 901호(교문동, 구리일군타워)",031-568-6700
4607,경기(북),구리시,공사업,일반(기계),(주)광성엠이씨,류영선,11956,경기도 구리시 아치울길3번길 86 (아천동),02-928-3540
4608,경기(북),구리시,공사업,전문,(주)청수엔지니어링,이상욱,11916,경기도 구리시 동구릉로136번길 90 (인창동) 청과동 3층 53168호,031-528-5549
4609,경기(북),구리시,공사업,전문,(주)옥토,이영수,11935,"경기도 구리시 안골로 4 402호(교문동,프라자빌딩)",031-563-8331
4610,경기(북),구리시,공사업,전문,주식회사 삼영설비,박호영,11905,경기도 구리시 동구릉로389번길 55-11 (사노동),031-567-9204
4611,경기(북),구리시,공사업,전문,주식회사 새빛전력,류성천,11935,경기도 구리시 안골로8번길 35 (교문동),031-566-5998
4612,경기(북),구리시,공사업,전문,주식회사 동원에프앤씨,이형석,11958,"경기도 구리시 우미내길 18 , 202호 (아천동)",02-3436-4119
4613,경기(북),구리시,공사업,전문,주식회사 보광산업이엔지,이준일,11901,"경기도 구리시 갈매중앙로 190 , 3층 에이동 3079호(갈매동, 휴밸나인지식산업센터)",031-524-9792
4614,경기(북),구리시,공사업,일반(전기),주식회사 대은이엔씨,정은주,11901,"경기도 구리시 갈매순환로166번길 45 , 6층 에이치648(갈매동, 갈매아너시티)",02-962-4925
4615,경기(북),구리시,공사업,전문,에이치에스솔루션(주),김병주,11901,"경기도 구리시 갈매순환로166번길 45 , 에이치 415호(갈매동, 구리갈매아너시티)",031-879-0119
4616,경기(북),구리시,공사업,전문,주식회사 광산,"이설범,백승표",11901,"경기도 구리시 갈매순환로166번길 45 , 8층 에이치814호(갈매동, 구리갈매아너시티)",
4617,경기(북),구리시,공사업,전문,주식회사 유한방재산업,김준경,11929,"경기도 구리시 검배로15번길 12 , 1층 101호(수택동)",031-566-1192
4618,경기(북),구리시,공사업,전문,주식회사 경동이앤지,장정임,11909,"경기도 구리시 동구릉로 206 , 제1동 2층 204호(인창동)",031-558-3815
4619,경기(북),구리시,공사업,전문,다올소방,최진혁,11906,경기도 구리시 동구릉로390번길 3 (사노동) 2층,031-574-1199
4620,경기(북),남양주시,공사업,전문,동하이앤에프(주),전영길,12284,"경기도 남양주시 다산지금로 202 , 2층 알02-0076호(다산동, 현대테라타워디아이엠씨)",02-458-2033
4621,경기(북),남양주시,공사업,전문,한양전기(주),조미희,12030,경기도 남양주시 수동면 남가로 1795-75 .,031-563-7613
4622,경기(북),남양주시,공사업,전문,(주)김호건설,김호영,12077,경기도 남양주시 별내면 청학로54번길 55-15 .,070-4762-9977
4623,경기(북),남양주시,공사업,전문,(주)새한이엔씨,김현미,12150,"경기도 남양주시 늘을2로14번길 5  (호평동,샤르망메디칼프라자) 804호",031-511-4119
4624,경기(북),남양주시,공사업,전문,대상건설(주),채승철,12113,"경기도 남양주시 별내중앙로 26 , 404호(별내동)",031-510-7970
4625,경기(북),남양주시,공사업,전문,(주)대해전기통신,김상문,12238,경기도 남양주시 경춘로990번길 8  (금곡동) 2층,031-591-0955
4626,경기(북),남양주시,공사업,전문,(주)진솔이앤지,김도선,12247,경기도 남양주시 진건읍 진관로 292 (배양리),031-528-2030
4627,경기(북),남양주시,공사업,전문,(주)우수전력,김종욱,12036,"경기도 남양주시 오남읍 경복대로 120-90 , 2동 102호 (양지리)",031-566-1590
4628,경기(북),남양주시,공사업,전문,주식회사 에스엠테크뉴,"조송연,김은식",12106,"경기도 남양주시 순화궁로 272 , 927호(별내동, 동광비즈타워)",031-851-6119
4629,경기(북),남양주시,공사업,전문,주식회사 이노기술단,김은하,12267,"경기도 남양주시 가운로2길 75 , 2층 205호(다산동, 비앤드엠주차빌딩)",031-593-2996
4630,경기(북),남양주시,공사업,전문,태영건설산업(주),이희진,12036,"경기도 남양주시 오남읍 경복대로17번안길 5 , 202호",031-529-7102
4631,경기(북),남양주시,공사업,전문,삼원특수건설(주),류경호,12034,경기도 남양주시 수동면 소래비로440번길 38-27 .,031-554-0514
4632,경기(북),남양주시,공사업,전문,(주)신한소방,안선규,12224,"경기도 남양주시 평내로 10 , 평내동 1층 101호(평내동, 센스빌)",031-591-9199
4633,경기(북),남양주시,공사업,전문,에이피엘모아 주식회사,이근효,12113,"경기도 남양주시 순화궁로 116 , 708호(별내동, 별내노블레스)",02-973-4304
4634,경기(북),남양주시,공사업,전문,세정건설 주식회사,박준하,12180,"경기도 남양주시 화도읍 마석중앙로 120 , 센트럴153타워 1002호",031-562-7736
4635,경기(북),남양주시,공사업,전문,(주)중앙한결에프앤씨,유재학,12149,"경기도 남양주시 늘을1로16번안길 13-15 , 204호 (호평동)",031-594-9414
4636,경기(북),남양주시,공사업,전문,(주)신성씨엔씨,김성봉,12021,경기도 남양주시 진접읍 경복대로 454 .,031-574-5760
4637,경기(북),남양주시,공사업,전문,성우건업(주),라도찬,12241,경기도 남양주시 고재로152번길 44-16 (진건읍),031-523-2700
4638,경기(북),남양주시,공사업,전문,범진에너지건설(주),김현준,12284,"경기도 남양주시 다산지금로36번길 21-8 , 비동 706, 707호(다산동, 트윈타워)",031-562-9308
4639,경기(북),남양주시,공사업,전문,(주)성신전업,노인덕,12017,경기도 남양주시 진접읍 팔야로 109-75 .,031-527-3468
4640,경기(북),남양주시,공사업,전문,주식회사 코어라이트,최경미,12021,경기도 남양주시 진접읍 진벌로188번길 74 .,070-8810-7510
4641,경기(북),남양주시,공사업,전문,경일이엔지(주),"권영일,권일혁",12150,"경기도 남양주시 호평로46번길 8 , 713호(호평동, 홍조프라자)",031-592-4226
4642,경기(북),남양주시,공사업,전문,삼화종합전기(주),문상헌,12187,경기도 남양주시 화도읍 마치로284번길 110-23 (녹촌리),031-569-3111
4643,경기(북),남양주시,공사업,전문,세화방재,이화춘,12133,경기도 남양주시 진건읍 진건오남로 77 심미에셈빌 206호,031-527-2119
4644,경기(북),남양주시,공사업,전문,태호전기통신 주식회사,"이호승,박애자",12097,"경기도 남양주시 별내3로 340 , 206호(별내동, 천보프라자)",031-529-0565
4645,경기(북),남양주시,공사업,전문,웰시스템(주),김종길,12248,"경기도 남양주시 다산순환로 20 , 비동 1019호(다산동, 다산현대프리미어캠퍼스)",031-553-0012
4646,경기(북),남양주시,공사업,전문,대동종합전설(주),윤명숙,12284,"경기도 남양주시 다산지금로16번길 43 , 512호(다산동, 다산타임프라자)",031-567-2101
4647,경기(북),남양주시,공사업,전문,(주)명동전기공사,남궁성,12031,경기도 남양주시 수동면 지둔로 42 .,031-584-8576
4648,경기(북),남양주시,공사업,전문,(주)청마이엔씨,최정숙,12267,"경기도 남양주시 가운로2길 75 , 210호(다산동, 비앤드엠 주차타워)",031-557-119
4649,경기(북),남양주시,공사업,전문,지음이엔아이(주),유형민,12284,"경기도 남양주시 다산지금로16번길 43 , 512호 (다산동, 다산타임프라자)",031-771-2634
4650,경기(북),남양주시,공사업,전문,덕성전력(주),김덕성,12138,경기도 남양주시 진건읍 진건오남로 50 (용정리) 덕성빌딩 6층,031-563-9346
4651,경기(북),남양주시,공사업,전문,(주)정한엔지니어링,박향숙,12026,경기도 남양주시 수동면 비룡로 1257 .,02-895-1172
4652,경기(북),남양주시,공사업,전문,(주)티이엔지니어링,박태선,12113,"경기도 남양주시 별내중앙로 30 , 301호(별내동, 로데오몰)",070-7777-9905
4653,경기(북),남양주시,공사업,전문,(주)가진엔지니어링,박종호,12140,경기도 남양주시 진건읍 사릉로156번길 80-8 (송능리),02-548-9090
4654,경기(북),남양주시,공사업,전문,주식회사 경원전력,안강섭,12032,경기도 남양주시 화도읍 가곡로89번길 48 (가곡리),031-594-4023
4655,경기(북),남양주시,공사업,일반(전기),신동아전기주식회사,이정재,12036,"경기도 남양주시 오남읍 경복대로17번안길 5 , 201호",031-521-1703
4656,경기(북),남양주시,공사업,전문,주식회사 대영소방,김영숙,12234,경기도 남양주시 사릉로 41 서전빌딩 비동 203호(금곡동),031-594-8807
4657,경기(북),남양주시,공사업,일반(전기),세진전력(주),"임종배,조성권",12199,경기도 남양주시 화도읍 수레로1092번길 40-7 .,02-972-3304
4658,경기(북),남양주시,공사업,전문,(주)한결,조은정,12217,"경기도 남양주시 경춘로 1245-53 , 3층(평내동)",031-511-7790
4659,경기(북),남양주시,공사업,전문,(주)웅비소방방재관리,최정희,12203,경기도 남양주시 와부읍 수레로 174 (월문리) 월문빌딩 203호,031-576-6119
4660,경기(북),남양주시,공사업,전문,주식회사 서진이앤아이,김규옥,12039,경기도 남양주시 오남읍 진건오남로580번길 30 .,031-529-2171
4661,경기(북),남양주시,공사업,전문,(주)세이브이앤씨,김강환,12106,"경기도 남양주시 순화궁로 249 , 엔동 1704호(별내동, 별내역파라곤스퀘어)",031-529-9110
4662,경기(북),남양주시,공사업,전문,주식회사 동성엔지니어링,기삼도,12106,"경기도 남양주시 순화궁로 272 , 1126호(별내동, 동광비즈타워별내)",031-853-6119
4663,경기(북),남양주시,공사업,전문,주식회사 대명,서명자,12126,"경기도 남양주시 퇴계원면 경춘북로 567 , 2층",070-7771-0757
4664,경기(북),남양주시,공사업,전문,주식회사 화이날기업,박창작,12000,경기도 남양주시 진접읍 부마로80번길 71-10 .,031-529-6270
4665,경기(북),남양주시,공사업,전문,신한전기 주식회사,이숙현,12097,"경기도 남양주시 덕송2로 62 , 601호(별내동, 강산타워)",031-529-3807
4666,경기(북),남양주시,공사업,전문,혜안이엔씨 주식회사,박욱조,12262,"경기도 남양주시 경춘로 368 , 708호 (다산동, 브릭스타워)",031-557-0864
4667,경기(북),남양주시,공사업,전문,주식회사 세현피앤에프,박성범,12274,"경기도 남양주시 와부읍 덕소로 196-14 , 도곡빌딩 301-6호",031-576-9799
4668,경기(북),남양주시,공사업,전문,은성이엔씨 주식회사,지상근,12036,"경기도 남양주시 오남읍 경복대로 120-36 , 나동 1층",070-4477-7009
4669,경기(북),남양주시,공사업,전문,주식회사 이산이씨에프,전충식,12015,"경기도 남양주시 진접읍 장현로광동1길 6 , 1층 3호",031-522-4750
4670,경기(북),남양주시,공사업,전문,동인전기,정진우,12136,경기도 남양주시 진건읍 사릉로392번길 35-3 .,031-574-1590
4671,경기(북),남양주시,공사업,전문,주식회사 이지스기공,신순례,12216,"경기도 남양주시 와부읍 덕소로2번길 37 , 205호(상가동 강변삼익아파트)",031-513-3025
4672,경기(북),남양주시,공사업,전문,동방산업건설 주식회사,정성조,12248,"경기도 남양주시 다산순환로 20 , 디에이05-020호(다산동, 다산현대프리미어캠퍼스)",
4673,경기(북),남양주시,공사업,전문,(주)선엔지니어링,엄선명,12097,"경기도 남양주시 별내3로 402 , 509호(별내동, 블루오션별내주건축물)",031-527-0799
4674,경기(북),남양주시,공사업,전문,주식회사 동양에너지,진삼남,12240,"경기도 남양주시 석실로 680 , 202호(금곡동)",031-567-1295
4675,경기(북),남양주시,공사업,전문,주식회사 한진설비,한광희,12071,경기도 남양주시 진접읍 내각1로73번길 30 .,031-571-2536
4676,경기(북),남양주시,공사업,전문,태진종합전기 주식회사,김규남,12223,"경기도 남양주시 경춘로 1260 , 7층 704호(평내동, 하나프라자)",031-595-8864
4677,경기(북),남양주시,공사업,전문,주식회사 동호이에프씨,임용규,12248,"경기도 남양주시 다산중앙로145번길 15 , 802-90호(다산동, 신해센트럴 타워 2차)",02-2038-0906
4678,경기(북),남양주시,공사업,일반(기계),영우소방,장재원,12248,"경기도 남양주시 다산중앙로145번길 15 , 8층 801-98호(다산동, 신해센트럴타워2)",070-4098-0706
4679,경기(북),남양주시,공사업,전문,주식회사 부성이엔지,김희동,12021,"경기도 남양주시 진접읍 진벌로199번길 32-20 , 다동",031-577-2119
4680,경기(북),남양주시,공사업,전문,엠제이소방 주식회사,이경희,12096,"경기도 남양주시 순화궁로 418 , 4층 비4-0016호(별내동, 현대그리너리캠퍼스별가람역주건축물제1동)",070-8858-1190
4681,경기(북),남양주시,공사업,전문,에스앤이 주식회사,채상훈,12017,"경기도 남양주시 진접읍 팔야산단로 58-12 , 주6",070-4647-4836
4682,경기(북),남양주시,공사업,전문,대성에프엔이,윤승아,12138,경기도 남양주시 진건읍 사릉로 423 .,031-529-9111
4683,경기(북),남양주시,공사업,전문,남양방재(주),김천용,12106,"경기도 남양주시 순화궁로 249 , 지식산업센터-1동 9층 엔901호,902호(별내동, 별내역파라곤스퀘어)",031-573-5911
4684,경기(북),남양주시,공사업,전문,주식회사 한울이엔씨,박주현,12106,"경기도 남양주시 순화궁로 249 , 엔동 813호(별내동, 별내역파라곤스퀘어)",031-830-4479
4685,경기(북),남양주시,공사업,전문,주식회사 한울이앤씨,이은하,12036,"경기도 남양주시 오남읍 진건오남로884번길 56-50 , 나동 101호",031-528-9443
4686,경기(북),남양주시,공사업,전문,주식회사 대한산업,김정배,12047,"경기도 남양주시 오남읍 양지로삭다니1길 14-33 , 나동",031-566-2330
4687,경기(북),남양주시,공사업,전문,김호이앤씨 주식회사,이현진,12077,경기도 남양주시 별내면 청학로54번길 55-15 .,070-8600-3889
4688,경기(북),남양주시,공사업,전문,강일이엔에프 주식회사,하덕찬,12244,"경기도 남양주시 경강로 111 , 2층(일패동)",031-552-7935
4689,경기(북),남양주시,공사업,일반(전기),주식회사 샤인전기,박광세,12093,"경기도 남양주시 송산로339번길 20-12 , 101호(별내동)",031-528-1226
4690,경기(북),남양주시,공사업,전문,관산플랜트,심관식,12170,"경기도 남양주시 화도읍 경춘로 1606 , 104호(경성큰마을아파트)",031-511-1030
4691,경기(북),남양주시,공사업,일반(기계),주식회사 가람이엔지,김봉근,12138,"경기도 남양주시 진건읍 진건오남로 49-8 , 골든빌 202호",031-575-7977
4692,경기(북),남양주시,공사업,전문,주식회사 대양방재,이호석,12268,"경기도 남양주시 강변북로661번길 50 , 1동(수석동)",031-555-8916
4693,경기(북),남양주시,공사업,전문,주식회사 중앙소방,윤종신,12218,"경기도 남양주시 경춘로 1298 , 218호(평내동, 혜림빌딩)",031-594-9414
4694,경기(북),남양주시,공사업,전문,대흥전력기술 주식회사,양혜숙,12128,경기도 남양주시 진건읍 독정로성지2길 58-45 (진건읍),031-552-7952
4695,경기(북),남양주시,공사업,전문,주식회사 제이알엠에스,하정호,12106,"경기도 남양주시 순화궁로 249 , 엠동 2012호(별내동, 별내역 파라곤스케어)",031-931-1440
4696,경기(북),남양주시,공사업,일반(기계),주식회사 창성휴먼텍,사희영,12131,"경기도 남양주시 진건읍 사릉로620번길 76 , 1층",031-528-9195
4697,경기(북),남양주시,공사업,전문,주식회사 한양아이앤디,김정숙,12269,경기도 남양주시 와부읍 석실로자운길 117-10 .,031-511-0058
4698,경기(북),남양주시,공사업,전문,주식회사 별내이엔씨,김호정,12097,"경기도 남양주시 덕송2로 62 , 410-1호(별내동, 강산타워)",031-572-7776
4699,경기(북),남양주시,공사업,전문,럭키소방 주식회사,조치현,12096,"경기도 남양주시 순화궁로 418 , 현대그리너리 비동 324호(별내동)",031-719-8819
4700,경기(북),남양주시,공사업,전문,주식회사 지엔티,하동현,12248,"경기도 남양주시 다산순환로 20 , 이동 919호(다산동, 다산현대프리미어캠퍼스)",031-516-1000
4701,경기(북),남양주시,공사업,전문,주식회사 비케이산업,이경신,12248,"경기도 남양주시 다산중앙로19번길 25-23 , 10층1008호(다산동, 다산진건 블루웨일 지식산업센타2차)",031-522-5422
4702,경기(북),남양주시,공사업,전문,에스지건설전기 주식회사,송혜련,12284,"경기도 남양주시 경춘로 508-8 , 411호(다산동, 안강프라이빗)",031-941-5355
4703,경기(북),남양주시,공사업,전문,주식회사 화인위너텍,최소현,12106,"경기도 남양주시 순화궁로 272 , 324호(별내동, 동광비즈타워)",031-571-7119
4704,경기(북),남양주시,공사업,전문,주식회사 내일솔루션,신중헌,12248,"경기도 남양주시 다산중앙로19번길 21 , 616호, 617호(다산동, 블루웨일)",070-5100-0661
4705,경기(북),동두천시,공사업,전문,(주)아이티소방설비,최종민,11321,경기도 동두천시 광암로 23-1  1층(광암동),031-867-7931
4706,경기(북),동두천시,공사업,전문,서부전기(주),이영훈,11317,"경기도 동두천시 평화로 2408 , 1층(생연동)",031-862-9701
4707,경기(북),동두천시,공사업,전문,성현소방,나성현,11317,경기도 동두천시 방죽로 11  (생연동) ,
4708,경기(북),동두천시,공사업,전문,(주)대경엔지니어링,박경식,11333,"경기도 동두천시 중앙로 220 , 207호(생연동, 센츄럴시티빌딩)",031-575-9960
4709,경기(북),동두천시,공사업,전문,에프엠119,허영준,11339,경기도 동두천시 어수로 7 (상패동),031-865-9119
4710,경기(북),동두천시,공사업,전문,주식회사 한성전력,김민정,11310,경기도 동두천시 동광로154번길 13-3 (보산동) .,031-584-8576
4711,경기(북),동두천시,공사업,전문,주식회사 하랑이엔씨,안병훈,11328,"경기도 동두천시 중앙로295번길 9 , 301호 (생연동)",02-3493-3710
4712,경기(북),동두천시,공사업,전문,유한회사 엠에스종합건설,김민수,11350,"경기도 동두천시 지행로 60 , 405-2호(지행동)",031-853-8955
4713,경기(북),동두천시,공사업,전문,신화전력,김태웅,11326,경기도 동두천시 동광로 29 (생연동),031-821-0420
4714,경기(북),동두천시,공사업,전문,주식회사 큐파워테크,선우영,11315,경기도 동두천시 평화로 2441 (생연동),
4715,경기(북),양주시,공사업,전문,태광산업전기(주),김운현,11419,경기도 양주시 광적면 가래비6길 26 (석우리),031-836-0660
4716,경기(북),양주시,공사업,전문,(주)신우전기엔지니어링,"고전주,이기철",11501,경기도 양주시 외미로 16 (남방동),031-840-8094
4717,경기(북),양주시,공사업,전문,대성이엔지(주),신지선,11423,경기도 양주시 광적면 현석로495번길 140 (우고리),031-836-5342
4718,경기(북),양주시,공사업,전문,동양기산(주),소경빈,11415,경기도 양주시 광적면 그루고개로188번길 7-128 (가납리),031-836-5111
4719,경기(북),양주시,공사업,전문,신우전기안전관리(주),김진선,11501,"경기도 양주시 외미로 16 , 102호(남방동)",031-845-5729
4720,경기(북),양주시,공사업,전문,(주)범양이엔씨,안선희,11497,경기도 양주시 평화로1203번길 17  (산북동),02-3493-3710
4721,경기(북),양주시,공사업,전문,유호전기공업(주),"유인창,한국찬",11517,경기도 양주시 백석읍 권율로1253번길 39-42 .,031-828-9000
4722,경기(북),양주시,공사업,전문,부경에프이엠 주식회사,하추심,11519,"경기도 양주시 장흥면 권율로 445 , 나동",031-966-6117
4723,경기(북),양주시,공사업,전문,(주)우리방재,권부산,11512,경기도 양주시 백석읍 호명로 135-36 (),031-873-0119
4724,경기(북),양주시,공사업,전문,주식회사 대한소방,장세연,11497,"경기도 양주시 평화로 1222 , 디동(산북동)",031-875-9199
4725,경기(북),양주시,공사업,전문,주식회사 시우방재,최호근,11510,"경기도 양주시 백석읍 호명로 53-16 , 씨동",031-836-1119
4726,경기(북),양주시,공사업,전문,주식회사 이삭,민은정,11473,"경기도 양주시 회천남로 80 , 101동 1022호(옥정동, 대방 엘리움 어반시티)",031-858-7018
4727,경기(북),양주시,공사업,전문,(주)만양,이상미,11429,경기도 양주시 은현면 화합로1080번길 55 .,031-879-9673
4728,경기(북),양주시,공사업,전문,주식회사 제이엠시스템즈,이종명,482-861,경기도 양주시 은현면 도하리 168-2,031-825-1193
4729,경기(북),양주시,공사업,일반(전기),(주)인터엠,조남용,11451,경기도 양주시 화합로1402번길 73 (덕정동),02-2289-8151
4730,경기(북),양주시,공사업,전문,송민방재(주),송민석,11498,"경기도 양주시 부흥로 1511 , 1층(남방동)",031-821-3119
4731,경기(북),양주시,공사업,전문,주식회사 아이티엠에스,전준식,11427,경기도 양주시 은현면 은현로56번길 187-38 .,070-4218-0400
4732,경기(북),양주시,공사업,전문,주식회사 서경에스지씨,송용주,11489,경기도 양주시 원학로147번길 2 (광사동),031-821-9721
4733,경기(북),양주시,공사업,전문,주식회사 새서울이앤지,김선범,11497,경기도 양주시 평화로 1279 (산북동),031-840-8282
4734,경기(북),양주시,공사업,전문,주식회사 다인소방,김중수,11438,"경기도 양주시 평화로1570번길 36 , 105-1402(회정동)",031-867-1190
4735,경기(북),양주시,공사업,전문,주식회사 대현소방공사,황대훈,11485,"경기도 양주시 부흥로 2152-4 , 3층 301호(삼숭동)",031-846-4119
4736,경기(북),양주시,공사업,전문,중부산업 주식회사,윤승민,11407,경기도 양주시 남면 감악산로199번길 71-21 (구암리),031-866-0471
4737,경기(북),양주시,공사업,전문,영한산업 주식회사,"권지영,권성준,권태인",11501,"경기도 양주시 부흥로1422번길 228 (남방동) , 1층",070-4066-3227
4738,경기(북),양주시,공사업,전문,대광전력(주),엄도현,11413,"경기도 양주시 광적면 광적로 443 , 제3동",031-876-8182
4739,경기(북),양주시,공사업,전문,(주)신한전력,신한철,11459,"경기도 양주시 고덕로 243 , 신한빌딩 제4층 401호(고읍동)",031-858-0346
4740,경기(북),양주시,공사업,전문,주식회사 동방파스텍,지춘남,11517,경기도 양주시 백석읍 권율로1203번길 39-31 .,031-847-9872
4741,경기(북),양주시,공사업,전문,주식회사 신우이엔아이,김인희,11431,경기도 양주시 은현면 그루고개로384번길 159 .,031-867-7345
4742,경기(북),양주시,공사업,전문,주식회사 금성이엔씨,채오석,11403,"경기도 양주시 남면 삼육사로327번길 57-8 , 제2동",031-864-8364
4743,경기(북),양주시,공사업,전문,(주)양주방재,김은섭,11465,"경기도 양주시 화합로1710번길 12 , 제지2층 제비230호(옥정동, 양주옥정듀클래스1)",031-843-0288
4744,경기(북),양주시,공사업,전문,주식회사 유진이엔에프,신명규,11480,경기도 양주시 청담로116번길 157-7 (고암동),031-861-4363
4745,경기(북),양주시,공사업,전문,주식회사 상은,강영미,11416,"경기도 양주시 광적면 부흥로 877 ,  2층",031-874-1082
4746,경기(북),양주시,공사업,전문,주식회사 바른소방엔지니어링,박선영,11473,"경기도 양주시 옥정동로7다길 12-21 , 4층 405호(옥정동, 폴리프라자2)",031-868-3119
4747,경기(북),연천군,공사업,전문,(주)광동,강승관,11027,경기도 연천군 전곡읍 선사로81번길 55 (전곡리),031-832-3134
4748,경기(북),연천군,공사업,전문,세화전기(주),김남훈,11038,경기도 연천군 전곡읍 전곡로 81 케이티전곡빌딩 1층,031-834-7213
4749,경기(북),연천군,공사업,전문,(주)대흥,정혜진,11012,경기도 연천군 연천읍 문화로 150 (옥산리),031-834-5119
4750,경기(북),연천군,공사업,전문,(주)선우이엔씨,송영주,11049,경기도 연천군 백학면 청정로 217 .,031-478-3931
4751,경기(북),의정부시,공사업,전문,(주)경기방재,최대현,11672,경기도 의정부시 의정로110번길 15  (가능동),031-871-1119
4752,경기(북),의정부시,공사업,전문,(주)지에프에스,"김태호,김현식",11781,경기도 의정부시 산단로76번길 56  (용현동) ,031-850-0119
4753,경기(북),의정부시,공사업,전문,남양전기통신(주),정찬영,11736,경기도 의정부시 시민로254번길 33  (신곡동),031-876-0140
4754,경기(북),의정부시,공사업,전문,건안소방공사,육성환,11736,"경기도 의정부시 시민로 258 , 108동 706호(신곡동, 한일유앤아이아파트)",031-876-1198
4755,경기(북),의정부시,공사업,전문,동일건설(주),정기용,11696,"경기도 의정부시 평화로 467 , 7층(의정부동, 디베뉴스타)",031-877-1121
4756,경기(북),의정부시,공사업,전문,(주)한가람방재,박상준,11796,경기도 의정부시 시민로416번길 14 (용현동),031-852-5119
4757,경기(북),의정부시,공사업,전문,(주)진성방재,서명기,11787,"경기도 의정부시 산단로152번길 25 , 나동 신관 3층(용현동)",031-837-7070
4758,경기(북),의정부시,공사업,전문,한북이엔지(주),김희섭,11677,경기도 의정부시 신촌로 43 (가능동),031-874-9114
4759,경기(북),의정부시,공사업,전문,금성소방기기산업(주),조원준,11663,경기도 의정부시 가능로 82-1  2층(의정부동),031-872-2971
4760,경기(북),의정부시,공사업,전문,(주)다우이앤씨,이남옥,11625,경기도 의정부시 범골로107번길 40  201호,031-875-6155
4761,경기(북),의정부시,공사업,전문,(주)서진방재엔지니어링,박지식,11670,경기도 의정부시 신흥로258번길 25  (의정부동) 해태프라자 401호,031-836-9119
4762,경기(북),의정부시,공사업,일반(기계),주식회사 현대종합설비,윤영선,11796,경기도 의정부시 만가대길 15 (용현동),031-841-4119
4763,경기(북),의정부시,공사업,전문,(주)신일이엔지,이양호,11762,"경기도 의정부시 금오로23번길 29  2층(금오동,중금오경로당)",031-836-1192
4764,경기(북),의정부시,공사업,전문,신현대전력공사,백인성,11813,"경기도 의정부시 송현로82번길 82-9 , 1층 (민락동)",031-874-2204
4765,경기(북),의정부시,공사업,전문,(주)화이어캅스 경기북,김형찬,11712,경기도 의정부시 평화로168번길 11-4  (호원동) ,031-877-6119
4766,경기(북),의정부시,공사업,전문,(주)정우이엔씨,최명희,11751,경기도 의정부시 부용로 23 (금오동),031-879-8340
4767,경기(북),의정부시,공사업,전문,일신건영(주),조태성,11670,경기도 의정부시 신흥로 272 (의정부동),02-480-3126
4768,경기(북),의정부시,공사업,전문,주식회사 주운,윤신영,11764,"경기도 의정부시 상금로 33 403호(금오동,이롬프라자)",031-841-5796
4769,경기(북),의정부시,공사업,전문,삼영소방공사,김진호,11653,경기도 의정부시 경의로55번길 16  (의정부동),031-875-1586
4770,경기(북),의정부시,공사업,전문,주식회사 제이에스에프앤이,서명기,11787,"경기도 의정부시 산단로152번길 25 ,  신관3층 우측 1호(용현동)",031-837-7070
4771,경기(북),의정부시,공사업,전문,(주)희산이엔지,최정훈,11772,경기도 의정부시 부용로203번길 6-3 1층 101호(신곡동),031-853-8735
4772,경기(북),의정부시,공사업,전문,한국소방(주),유상민,11775,"경기도 의정부시 장곡로 626 , 7층 에이-701호(신곡동, 금오종합상가)",031-847-4219
4773,경기(북),의정부시,공사업,전문,(주)우람,김갑수,11672,"경기도 의정부시 의정로110번길 15 ,1층(가능동)",070-8789-9919
4774,경기(북),의정부시,공사업,전문,(주)용원테크,최기열,11725,"경기도 의정부시 동일로 106-12 , 2층(장암동)",031-876-7311
4775,경기(북),의정부시,공사업,전문,에스앤케이 주식회사,사공주,11801,"경기도 의정부시 문화로 10 , 씨동 211호(고산동, 한강 듀클래스 의정부고산 지식산업센터)",070-4189-3446
4776,경기(북),의정부시,공사업,전문,주식회사 태성소방엔지니어링,김태식,11739,"경기도 의정부시 동일로454번길 6 , 제주상가동 제2층 201-1, 201-2호(신곡동, 풍림한국아파트)",031-877-0119
4777,경기(북),의정부시,공사업,전문,119소방복지단재난안전공사(주),김현순,11659,경기도 의정부시 흥선로 26 (가능동),031-837-5570
4778,경기(북),의정부시,공사업,전문,동부건설 주식회사,전주현,11697,"경기도 의정부시 평화로474번길 19 , 301호(의정부동)",031-841-0600
4779,경기(북),의정부시,공사업,전문,주식회사 화이온방재,나양분,11772,"경기도 의정부시 부용로213번길 37-11 , 1호 (신곡동)",031-841-1119
4780,경기(북),의정부시,공사업,전문,주식회사 티에스엔지니어링,권희선,11684,"경기도 의정부시 평화로 724 , 가동 2층 207호(가능동, 의정부제이몰)",031-840-5119
4781,경기(북),의정부시,공사업,전문,피에프에스 주식회사,김형호,11796,"경기도 의정부시 송산로1181번길 160 , 1층(용현동)",031-852-2119
4782,경기(북),의정부시,공사업,전문,주식회사 덕진파워,박희종,11673,"경기도 의정부시 시민로 29 , 514호(의정부동, 제일퍼스트빌3차)",032-667-8540
4783,경기(북),의정부시,공사업,전문,주식회사 정림이엔씨,이봉호,11813,"경기도 의정부시 오목로205번길 29 ,303호(민락동, 골든프라자-2)",031-851-7691
4784,경기(북),의정부시,공사업,전문,(주)수정환경플랜트,윤인구,11670,"경기도 의정부시 신흥로258번길 25 , 1208호(의정부동, 해태프라자)",031-877-1694
4785,경기(북),의정부시,공사업,전문,(주)정이앤에프,정찬모,11784,경기도 의정부시 시민로 391-7 (용현동),031-848-4548
4786,경기(북),의정부시,공사업,전문,주식회사 진도,김용회,11781,"경기도 의정부시 산단로132번길 98 , 1층 (용현동)",031-359-9149
4787,경기(북),의정부시,공사업,전문,주식회사 엔케이이엔지,"정은하,이진우",11813,"경기도 의정부시 오목로205번길 42 , 3층 303호 (민락동)",031-876-3119
4788,경기(북),의정부시,공사업,전문,주식회사 삼우이엔지,강근호,11610,"경기도 의정부시 체육로 298-7 , 202호 (녹양동)",031-837-0051
4789,경기(북),의정부시,공사업,전문,주식회사 이륙,김미경,11766,경기도 의정부시 호국로1723번길 114-13 (자일동),031-871-2626
4790,경기(북),의정부시,공사업,전문,주식회사 영진건설산업,홍세기,11686,"경기도 의정부시 가능로159번길 2 , 1층 (의정부동)",031-846-4410
4791,경기(북),의정부시,공사업,전문,주식회사 씨앤테크,이진만,11652,"경기도 의정부시 경의로 91-1 , 6층 (의정부동)",031-838-6377
4792,경기(북),의정부시,공사업,전문,성동기술,양일동,11653,"경기도 의정부시 범골로158번길 46 , 202호(의정부동)",
4793,경기(북),의정부시,공사업,전문,주식회사 아성이엔지,심재현,11813,"경기도 의정부시 오목로 196 , 제1층 제1-096호(민락동, 민락2지구 제일풍경채 센텀 애비뉴모나코))",031-853-8172
4794,경기(북),의정부시,공사업,전문,주식회사 마인,안혜정,11724,경기도 의정부시 동일로 216-17 (장암동),031-829-8378
4795,경기(북),의정부시,공사업,전문,주식회사 이에이치소방,박태희,11632,"경기도 의정부시 백석로68번길 24 , 2층(호원동)",031-928-5489
4796,경기(북),의정부시,공사업,전문,주식회사 에이치와이이앤씨,서호연,11650,"경기도 의정부시 범골로157번길 5 , 504호(의정부동)",031-312-6294
4797,경기(북),의정부시,공사업,전문,주식회사 에이스방재,김형석,11673,"경기도 의정부시 시민로19번길 10 , 401호(의정부동)",031-872-1191
4798,경기(북),의정부시,공사업,전문,(주)광림전력,이현자,11813,"경기도 의정부시 오목로205번길 29 , 303호(민락동, 골든프라자-2)",031-838-1011
4799,경기(북),의정부시,공사업,전문,주식회사 삼영전기,안재숙,11655,경기도 의정부시 경의로 80 (의정부동),031-876-5885
4800,경기(북),의정부시,공사업,전문,주식회사 서경테크,김태훈,11725,"경기도 의정부시 동일로 104 , 비1호(장암동)",031-877-7877
4801,경기(북),의정부시,공사업,전문,주식회사 동광,이준영,11789,경기도 의정부시 충의로57번길 13-20 (용현동),031-873-8823
4802,경기(북),의정부시,공사업,전문,(주)케이텔,김용기,11749,"경기도 의정부시 동일로 713 , 708호(금오동, 을지타워)",031-852-7372
4803,경기(북),의정부시,공사업,전문,주식회사 피앤씨,허재원,11822,"경기도 의정부시 문충로 74 , 비동 제9층 제945호(고산동, 고산한강듀클래스)",031-928-5781
4804,경기(북),의정부시,공사업,전문,주식회사 수현,양태영,11740,"경기도 의정부시 추동로 9 , 3층 306호(신곡동, 휴먼시티)",031-843-0557
4805,경기(북),파주시,공사업,전문,대승건설전기공사,허임무,10831,경기도 파주시 광탄면 보광로1492번길 55 (방축리),031-941-0056
4806,경기(북),파주시,공사업,전문,재성전기(주),유한성,10848,"경기도 파주시 검산로 144 , 1동(검산동)",031-941-2215
4807,경기(북),파주시,공사업,전문,(주)대연전력기술,김창중,10955,경기도 파주시 광탄면 양지말길 20 .,0502-836-3904
4808,경기(북),파주시,공사업,전문,선제이앤씨(주),전면식,10896,"경기도 파주시 경의로 1204 , 501호(와동동, 월드타워10차)",031-948-3194
4809,경기(북),파주시,공사업,전문,(주)대한전기,장면섭,10945,경기도 파주시 월롱면 한태말길 149 .,031-949-8577
4810,경기(북),파주시,공사업,전문,보성테크(주),이용술,10858,경기도 파주시 탄현면 새오리로427번길 24 (만우리),02-2237-2465
4811,경기(북),파주시,공사업,전문,승보산업(주),신유현,10880,"경기도 파주시 지목로 70-38 , 5동 2층 207호(문발동, 파비뇽아울렛)",031-8035-6614
4812,경기(북),파주시,공사업,전문,(주)우원일렉티,이주태,10860,경기도 파주시 탄현면 국원말길 119 .,02-2671-2763
4813,경기(북),파주시,공사업,전문,(주)한라소방이앤씨,백금오,10931,경기도 파주시 아동로 54  (아동동) ,031-948-7119
4814,경기(북),파주시,공사업,전문,(주)지에스이앤씨,양명모,10938,경기도 파주시 조리읍 내산길 5 (봉일천리) 103호,031-8071-5000
4815,경기(북),파주시,공사업,전문,(주)우호건설,유명환,10931,경기도 파주시 새꽃로 240  (아동동),031-945-1610
4816,경기(북),파주시,공사업,전문,시온건설전력(주),윤종윤,10944,경기도 파주시 앞골길 213-14 (아동동),031-944-0159
4817,경기(북),파주시,공사업,전문,에이치엘비일렉(주),정영우,10880,경기도 파주시 신촌2로 7-19 (신촌동),031-944-0500
4818,경기(북),파주시,공사업,전문,건우종합전기(주),김복기,10910,경기도 파주시 운정로 146-111  (상지석동),031-975-6431
4819,경기(북),파주시,공사업,전문,(주)대원소방,이원석,10923,경기도 파주시 금정4길 43-8  (금촌동),031-943-5826
4820,경기(북),파주시,공사업,전문,(주)이레소방엔지니어링,황환성,10915,"경기도 파주시 금빛로 15 , 908호(금촌동, 미라클프라자)",031-935-5711
4821,경기(북),파주시,공사업,전문,주식회사 금호방재산업,최일훈,10949,경기도 파주시 조리읍 등원로91번길 31-2 .,031-948-0119
4822,경기(북),파주시,공사업,전문,주식회사 한빛에스엔씨,나홍현,10896,"경기도 파주시 가람로116번길 107 , 501호(와동동, 운정한강듀클래스)",070-8957-7119
4823,경기(북),파주시,공사업,전문,(주)형원이엔지,김정환,10896,"경기도 파주시 경의로 1204 , 1007호(와동동, 월드타워 10차)",031-934-0455
4824,경기(북),파주시,공사업,전문,주식회사 더윈테크,김대규,10946,"경기도 파주시 월롱면 통일로 909-17 ,  1동 1층",070-4194-9110
4825,경기(북),파주시,공사업,일반(기계),(주)삼화플랜,이상민,10865,"경기도 파주시 해올1길 20 , 101호, 102호(다율동, 우미프라자)",031-947-9424
4826,경기(북),파주시,공사업,전문,대우건철 주식회사,김건철,10954,경기도 파주시 광탄면 장지산로 173 .,031-943-0765
4827,경기(북),파주시,공사업,전문,하나방재 주식회사,정희철,10915,"경기도 파주시 금빛로 15 , 612호 (금촌동, 미라클프라자)",031-945-1192
4828,경기(북),파주시,공사업,전문,주식회사 아이엠디,김민성,10857,"경기도 파주시 탄현면 엘지로717번길 54 , 2동 2층",031-945-5480
4829,경기(북),파주시,공사업,전문,에이엠테크 주식회사,노병훈,10896,"경기도 파주시 가람로116번길 107 ,1009호(와동동, 운정한강듀클래스)",070-7011-3738
4830,경기(북),파주시,공사업,전문,영인공영 주식회사,이길재,10857,경기도 파주시 탄현면 한산로 62-5 (금승리),031-944-3603
4831,경기(북),파주시,공사업,전문,덕암 전설,박춘화,10844,"경기도 파주시 월롱면 휴암로79번길 40-2 , (1호)",031-944-8837
4832,경기(북),파주시,공사업,전문,주식회사 제이에스이엔씨,민병연,10906,"경기도 파주시 경의로 1030 , 운정야당역헤리움오피스텔 1514호 (야당동)",031-947-4576
4833,경기(북),파주시,공사업,전문,성민소방 주식회사,김환희,10861,"경기도 파주시 탄현면 법흥로 116 , 에이동 101호(소담빌라)",031-946-2118
4834,경기(북),파주시,공사업,전문,(주)유한소방,전병일,10866,경기도 파주시 어을매로 64-11 (교하동),031-944-3119
4835,경기(북),파주시,공사업,전문,가온소방,전성배,10860,"경기도 파주시 탄현면 평화로 586 , 2층",031-924-3119
4836,경기(북),파주시,공사업,전문,주식회사 동현전력,최은정,10896,"경기도 파주시 가람로116번길 107-12 , 903호(와동동, 운정아르젠)",031-957-4516
4837,경기(북),파주시,공사업,전문,대성기공,이성우,10857,경기도 파주시 탄현면 한산로 47 .,031-942-0725
4838,경기(북),파주시,공사업,전문,주식회사 세현에이엠씨,김원일,10858,경기도 파주시 탄현면 새오리로 390-40 .,031-957-9903
4839,경기(북),파주시,공사업,전문,주식회사 뉴탑엔지니어링,박옥래,10923,"경기도 파주시 중앙로 239 , 204호(금촌동)",031-945-0161
4840,경기(북),파주시,공사업,전문,주식회사 제이제이일렉트릭,이현재,10866,경기도 파주시 어을매로 62-49 (교하동),031-947-5577
4841,경기(북),파주시,공사업,전문,주식회사 유진이엔에프,홍아름,10845,"경기도 파주시 월롱면 엘씨디로 316 , 2층 에이222호",070-4632-9689
4842,경기(북),파주시,공사업,전문,(주)동일이엔지,이동식,10949,경기도 파주시 조리읍 고산말길 14-47 .,031-948-1104
4843,경기(북),포천시,공사업,전문,주식회사 씨제이전력,이미애,11167,경기도 포천시 가산면 너배기1길 23 .,031-865-2997
4844,경기(북),포천시,공사업,전문,이에스방재(주),김은수,11182,"경기도 포천시 소흘읍 응골길 54-12 , 다동",031-826-0836
4845,경기(북),포천시,공사업,전문,(주)송우방재,황성호,11171,경기도 포천시 소흘읍 태봉로63번길 44 .,031-541-1119
4846,경기(북),포천시,공사업,전문,(주)재경이앤에프,공종천,11160,"경기도 포천시 해룡로 130-38 , 가동 2층 (동교동)",031-544-0341
4847,경기(북),포천시,공사업,전문,고은종합전기(주),최두열,11160,경기도 포천시 해룡로 130-38  (동교동),031-542-9771
4848,경기(북),포천시,공사업,전문,프로테크(주),구강서,11164,경기도 포천시 가산면 포천로898번길 135 (금현리),031-542-9119
4849,경기(북),포천시,공사업,전문,(주)엘케이엔지니어링,최지혜,11178,"경기도 포천시 소흘읍 솔모루로 33 , 2층 202호",031-542-0425
4850,경기(북),포천시,공사업,전문,백운이엔지(주),황운길,11158,경기도 포천시 호국로 1195-1 (),031-543-9000
4851,경기(북),포천시,공사업,전문,(주)삼양소방,백승준,11169,"경기도 포천시 소흘읍 호국로 634 , 나-3(솔모루타운)",031-871-2622
4852,경기(북),포천시,공사업,전문,(주)한누리소방,손영문,11184,경기도 포천시 호국로 433 3층(이동교리 93-2),031-544-4119
4853,경기(북),포천시,공사업,전문,가나소방 주식회사,김정만,11158,경기도 포천시 자작로 11 (자작동),031-535-1119
4854,경기(북),포천시,공사업,전문,해솔이엔씨 주식회사,황동준,11160,경기도 포천시 송선로151번길 82 (설운동),031-534-9350
4855,경기(북),포천시,공사업,전문,삼아이앤지 주식회사,이재근,11139,경기도 포천시 신북면 아트밸리로 47-7 (기지리),031-874-6432
4856,경기(북),포천시,공사업,전문,주식회사 보명시스템,이숙현,11184,"경기도 포천시 소흘읍 무란2길 32-48 , 2층",02-954-8600
4857,경기(북),포천시,공사업,전문,한빛에이아이 주식회사,최태정,11174,"경기도 포천시 소흘읍 호국로 717 , 201호",031-544-7154
4858,경기(북),포천시,공사업,전문,이엔티씨 주식회사,김창근,11188,경기도 포천시 내촌면 금강로2820번길 30 .,02-922-8622
4859,강원,강릉시,공사업,전문,진일전기(주),김종선,25584,"강원특별자치도 강릉시 부기길 11  ,(입암동) ",033-643-7751
4860,강원,강릉시,공사업,전문,다보소방전설(주),박재성,25530,강원특별자치도 강릉시 강릉대로194번길 15  (임당동) ,033-647-0458
4861,강원,강릉시,공사업,전문,주식회사 현대전설,이상성,25439,"강원특별자치도 강릉시 사천면 덕실길 85-11 ,(덕실리)",033-641-8412
4862,강원,강릉시,공사업,전문,(주)동호엔지니어링,정의권,25492,강원특별자치도 강릉시 강릉대로 347 (포남동),033-651-7257
4863,강원,강릉시,공사업,전문,(주)삼영기업,이태훈,25561,강원특별자치도 강릉시 경강로 2496-32 (송정동),033-651-4582
4864,강원,강릉시,공사업,전문,(주)백두,최문규,25488,강원특별자치도 강릉시 명륜로120번길 8 (포남동),033-648-7172
4865,강원,강릉시,공사업,전문,(주)명승기업,권응규,25568,"강원특별자치도 강릉시 성덕포남로168번길 31  ,(포남동)",033-653-1546
4866,강원,강릉시,공사업,전문,(주)한솔엔지니어링,전광표,25480,강원특별자치도 강릉시 보래미하길65번길 15  (포남동) ,033-652-8884
4867,강원,강릉시,공사업,전문,주식회사 에스제이,박용모,25465,"강원특별자치도 강릉시 율곡로 3203 , 2층 (죽헌동)",033-648-6978
4868,강원,강릉시,공사업,전문,(주)솔향전기,장동호,25575,강원특별자치도 강릉시 월대산로149번길 34  (두산동),033-652-9927
4869,강원,강릉시,공사업,전문,강원소방설비(주),김남이,25488,"강원특별자치도 강릉시 가작로 248-1  ,(포남동)",033-652-0119
4870,강원,강릉시,공사업,전문,대성이엔지(주),이상현,25449,강원특별자치도 강릉시 장안길 27 (성산면),033-644-5214
4871,강원,강릉시,공사업,전문,(합)동신소방설비,전성표,25503,"강원특별자치도 강릉시 임영로 228-1  ,(교동)",033-648-2983
4872,강원,강릉시,공사업,전문,진흥전기공업(주),"이재훈,진성근",25551,"강원특별자치도 강릉시 옥가로 11 , 2층(옥천동)",033-436-5661
4873,강원,강릉시,공사업,전문,혁진건설(주),박형국,25492,"강원특별자치도 강릉시 강릉대로 337-10  ,(포남동) ",033-643-2111
4874,강원,강릉시,공사업,전문,(주)일광,조영숙,25622,"강원특별자치도 강릉시 구정면 구정중앙로 207-21 ,(여찬리)",033-653-0490
4875,강원,강릉시,공사업,전문,(주)광명전설,한광석,25584,"강원특별자치도 강릉시 부기길 11  ,(입암동) ",033-643-7753
4876,강원,강릉시,공사업,전문,(주)에프이씨방재,김유태,25515,"강원특별자치도 강릉시 솔올로5번길 43 ,2층(교동)",033-642-1190
4877,강원,강릉시,공사업,전문,강원방재시스템(주),허태건,25455,강원특별자치도 강릉시 죽헌길 83 (지변동),033-642-5119
4878,강원,강릉시,공사업,전문,에스엔티 주식회사,김순교,25521,강원특별자치도 강릉시 공제로 377 (홍제동),033-655-1365
4879,강원,강릉시,공사업,전문,주식회사 금화,김태인,25453,"강원특별자치도 강릉시 사임당로572번길 24 , (대전동)",033-651-1197
4880,강원,강릉시,공사업,전문,주식회사 대원,문영진,25575,"강원특별자치도 강릉시 성덕로216번길 34 ,(두산동)",033-645-4730
4881,강원,강릉시,공사업,전문,주식회사 서희전기,김경율,25627,"강원특별자치도 강릉시 강동면 임곡로 217 , 2층",033-652-4228
4882,강원,강릉시,공사업,전문,(주)지원소방설비,최승한,25480,강원특별자치도 강릉시 보래미하길 81 (포남동),033-651-6182
4883,강원,강릉시,공사업,전문,주식회사 봉화조명정보기술,홍창빈,25422,"강원특별자치도 강릉시 주문진읍 농공단지길 28-9 ,",033-645-6887
4884,강원,강릉시,공사업,전문,주식회사 우성이엔지,박광옥,25570,"강원특별자치도 강릉시 경강로 2292 , (포남동)",033-920-9824
4885,강원,강릉시,공사업,전문,(주)부광이엔지,이혜영,25552,강원특별자치도 강릉시 경강로 2185 (옥천동),033-648-3333
4886,강원,강릉시,공사업,전문,주식회사 영동방재,허창균,25572,"강원특별자치도 강릉시 강릉대로 406 , 2층(포남동)",033-653-5119
4887,강원,강릉시,공사업,전문,주식회사 가람소방,최순남,25505,"강원특별자치도 강릉시 화부산로 14 , 2층 (교동)",033-642-3119
4888,강원,강릉시,공사업,전문,주식회사 승헌,김남군,25453,"강원특별자치도 강릉시 사임당로572번길 24 , 가동",033-651-7119
4889,강원,강릉시,공사업,전문,낙원기업(주),안경미,25449,강원특별자치도 강릉시 성산면 금산안길 35-11 .,033-643-7753
4890,강원,강릉시,공사업,전문,엠씨이엔지 주식회사,안창일,25584,"강원특별자치도 강릉시 부기길 11 , (입암동)",033-641-3823
4891,강원,강릉시,공사업,전문,정화통신(주),우동명,25440,강원특별자치도 강릉시 사천면 과학단지로 137-134 .,033-653-0066
4892,강원,고성군,공사업,전문,현대아산(주),이백훈,24706,"강원특별자치도 고성군 현내면 화진포서길 10 ,(초도리)",02-3669-3976
4893,강원,고성군,공사업,전문,(주)일진이에프씨,함상열,24736,"강원특별자치도 고성군 간성읍 간성로 51-14 ,2층",033-681-1248
4894,강원,고성군,공사업,전문,(주)동부전력,김소영,24732,강원특별자치도 고성군 간성읍 남천마루길 40 .,033-633-8400
4895,강원,고성군,공사업,전문,주식회사 케이피전력,박정희,24764,"강원특별자치도 고성군 토성면 봉포4길 32 , 2층",033-631-1735
4896,강원,고성군,공사업,전문,흥진전기소방공사,박황보,24770,"강원특별자치도 고성군 토성면 동해대로 4573 ,(용촌리)",033-631-1197
4897,강원,고성군,공사업,전문,동진이엔씨 주식회사,강준규,24732,강원특별자치도 고성군 간성읍 남천마루2길 7 301호,033-681-8511
4898,강원,고성군,공사업,전문,주식회사 대영전기소방,김대영,24770,"강원특별자치도 고성군 토성면 중앙로 501 , 2층",033-636-2515
4899,강원,동해시,공사업,전문,(주)보경소방,최병철,25725,"강원특별자치도 동해시 발한로 130  ,(발한동) ",033-535-8300
4900,강원,동해시,공사업,전문,(주)보호,오인옥,25771,"강원특별자치도 동해시 동굴2길 8  101호(천곡동, 신영골든빌라) ",033-521-7256
4901,강원,동해시,공사업,전문,(주)엘림엔지니어링,차재헌,25778,"강원특별자치도 동해시 감추로 25-1 1,2층(천곡동)",033-533-0300
4902,강원,동해시,공사업,일반(전기),동해이엔씨 주식회사,천남영,25804,강원특별자치도 동해시 효자로 547 (쇄운동),033-522-0439
4903,강원,동해시,공사업,전문,태광전기소방(주),박성호,25788,강원특별자치도 동해시 동해항1길 30 (송정동),033-533-8119
4904,강원,동해시,공사업,전문,(주)동해소방,함성희,25777,강원특별자치도 동해시 감추4길 40-3 (천곡동),033-531-7119
4905,강원,동해시,공사업,전문,(합)동해방재,김상국,25781,"강원특별자치도 동해시 감추7길 37  ,(천곡동) ",033-532-7119
4906,강원,동해시,공사업,전문,(주)고려방재기술단,김창권,25778,강원특별자치도 동해시 감추로 33 (천곡동) 2층,033-532-9111
4907,강원,동해시,공사업,전문,거림소방 주식회사,"김명옥,조복현",25799,강원특별자치도 동해시 공단2로 74-3 (구호동),033-535-5119
4908,강원,동해시,공사업,전문,(주)창선소방,신세영,25786,"강원특별자치도 동해시 송정중앙로 61 , 1층(송정동)",033-522-1195
4909,강원,동해시,공사업,전문,주식회사 현웅이엔지,김희원,25749,"강원특별자치도 동해시 평릉길 32 , 203호 (평릉동, 현웅빌딩)",033-521-7088
4910,강원,동해시,공사업,전문,동부전기 주식회사,유만재,25818,"강원특별자치도 동해시 이원길 72 , 1층(이도동)",033-521-8472
4911,강원,동해시,공사업,전문,주식회사 동해소방설비,김희원,25749,"강원특별자치도 동해시 평릉길 32 , 206호(평릉동, 현웅빌딩)",033-521-6119
4912,강원,동해시,공사업,전문,제일소방(주),김후균,25799,강원특별자치도 동해시 공단2로 87 (구호동),033-521-1192
4913,강원,동해시,공사업,전문,주식회사 대명건설,서경선,25700,"강원특별자치도 동해시 동해대로 6314 , 2층 (망상동)",02-2222-3976
4914,강원,삼척시,공사업,전문,명신엔지니어링(주),심진섭,25930,"강원특별자치도 삼척시 중앙로 110-12  ,(사직동) ",033-574-6274
4915,강원,삼척시,공사업,전문,(주)한국소방방재산업,김성근,25925,"강원특별자치도 삼척시 새천년도로 34  ,3층(정하동) ",033-575-6119
4916,강원,삼척시,공사업,전문,동남전기통신(주),최승효,25921,"강원특별자치도 삼척시 사대안길 16  ,(남양동)",033-572-2734
4917,강원,삼척시,공사업,전문,성우기업(주),차인철,25921,"강원특별자치도 삼척시 사대안길 50  ,(남양동)",033-574-7888
4918,강원,삼척시,공사업,전문,만리산업(주),이태신,25907,강원특별자치도 삼척시 오십천로 84 (등봉동),033-572-5511
4919,강원,삼척시,공사업,전문,(주)중앙이에스엠,홍순천,25913,"강원특별자치도 삼척시 언장1길 27 ,208호(교동)",033-572-6077
4920,강원,삼척시,공사업,전문,주식회사 경동,"성유경,송재호",25948,"강원특별자치도 삼척시 도계읍 도상로 512 ,",033-541-0071
4921,강원,삼척시,공사업,전문,주식회사 파트너,오상록,25926,"강원특별자치도 삼척시 정상안길 97 , 222호(정상동, 삼척금강프라자)",070-8834-3544
4922,강원,삼척시,공사업,전문,합자회사 유비넷,권오영,25930,강원특별자치도 삼척시 남산길 124 (남양동),033-572-3123
4923,강원,삼척시,공사업,전문,일신전기 주식회사,김병수,25912,"강원특별자치도 삼척시 동해대로 4273 , 201호 (교동, 동부상가)",033-534-8800
4924,강원,삼척시,공사업,전문,주식회사 성원전기,윤정애,25946,강원특별자치도 삼척시 도계읍 늑구2길 18-33 .,033-541-7811
4925,강원,속초시,공사업,전문,(주)금강이엔지,정래영,24804,강원특별자치도 속초시 중앙로 416 (장사동),033-631-6119
4926,강원,속초시,공사업,전문,(주)소야방재기술,정명일,24868,강원특별자치도 속초시 사당골길 28 (노학동),033-638-1119
4927,강원,속초시,공사업,전문,합자회사 보성소방,김정희,24804,강원특별자치도 속초시 중앙로 416 (장사동),033-633-2788
4928,강원,속초시,공사업,전문,(주)신흥이엔지,지철환,24897,"강원특별자치도 속초시 논산길 8 , 1층 (조양동)",033-636-9119
4929,강원,속초시,공사업,전문,한미소방설비,김동열,24847,"강원특별자치도 속초시 만천7길 19-13  ,(교동)",033-631-3512
4930,강원,속초시,공사업,전문,(주)한빛이엔지,김영호,24864,강원특별자치도 속초시 노리4길 21 (노학동),033-638-9110
4931,강원,속초시,공사업,전문,(주)국제설비소방,박상희,24838,"강원특별자치도 속초시 중앙로46번길 34-5  ,(교동) ",033-631-1144
4932,강원,속초시,공사업,전문,(합)진광전기소방공사,김관식,24899,"강원특별자치도 속초시 농공단지2길 15-48 ,(대포동)",033-636-0202
4933,강원,속초시,공사업,전문,(주)조은냉열,권광쇠,24860,강원특별자치도 속초시 도리원1길 12 (노학동),033-636-2280
4934,강원,속초시,공사업,전문,(주)제일전력,함미경,24899,강원특별자치도 속초시 농공단지2길 15-52 (대포동),033-638-0202
4935,강원,양구군,공사업,전문,(주)삼광전기,성광용,24555,강원특별자치도 양구군 국토정중앙면 정중앙로 548 .,033-482-8555
4936,강원,양구군,공사업,전문,동신전기소방(주),박미량,24535,"강원특별자치도 양구군 양구읍 중심로 145 ,(상리)",033-481-3254
4937,강원,양구군,공사업,전문,서림종합건설 주식회사,송재구,24546,"강원특별자치도 양구군 양구읍 황강길 12 , 2층 203호",031-705-2501
4938,강원,양구군,공사업,전문,라성전력 주식회사,이국찬,24513,강원특별자치도 양구군 양구읍 죽곡로 147 (죽곡리),033-481-7880
4939,강원,양구군,공사업,전문,주식회사 새빛전기,심효주,24513,강원특별자치도 양구군 양구읍 죽곡로 47 .,033-481-8478
4940,강원,양구군,공사업,전문,주식회사 호진이엔지,장호진,24524,강원특별자치도 양구군 양구읍 중심로 182-1 (상리),070-8869-5454
4941,강원,양양군,공사업,전문,(주)동양기전,이윤석,25058,"강원특별자치도 양양군 현남면 지경길 9-29 ,(지경리)",033-651-3205
4942,강원,양양군,공사업,전문,주식회사 태완기전,홍태완,25058,"강원특별자치도 양양군 현남면 화상천로 114-59 ,",033-671-6643
4943,강원,영월군,공사업,전문,보승개발(주),강송숙,26229,"강원특별자치도 영월군 영월읍 중리1길 57 ,(덕포리)",033-374-5802
4944,강원,영월군,공사업,전문,삼아산업(주),"장민숙,김진홍",26229,"강원특별자치도 영월군 영월읍 중리1길 54 , 2층 1호(덕포리)",033-375-8111
4945,강원,영월군,공사업,전문,아남전기공사,최만태,26226,"강원특별자치도 영월군 영월읍 청령포로 42 ,(방절리)",033-373-0232
4946,강원,영월군,공사업,전문,성진건설(주),김복래,26229,"강원특별자치도 영월군 영월읍 덕포시장길 77 , 2층",033-375-9116
4947,강원,영월군,공사업,전문,우리방재 주식회사,성명진,26227,"강원특별자치도 영월군 영월읍 단종로 28 ,",033-374-4119
4948,강원,영월군,공사업,전문,(주)신성전기소방공사,김석원,26229,강원특별자치도 영월군 영월읍 영월로 2103 .,033-373-9511
4949,강원,원주시,공사업,전문,요진건설산업(주),"송선호,정찬욱",26383,"강원특별자치도 원주시 시청로 21  ,7층(무실동,요진타워) ",02-3438-9334
4950,강원,원주시,공사업,전문,남양종합건설(주),오상추,26446,"강원특별자치도 원주시 남원로 614  ,(개운동) ",033-762-9669
4951,강원,원주시,공사업,전문,(주)창영,안영준,26399,"강원특별자치도 원주시 판부면 서곡널다리길 51 ,(서곡리)",033-764-9513
4952,강원,원주시,공사업,전문,(주)믿음,강진원,26456,"강원특별자치도 원주시 오리현길 265  ,(행구동)",033-746-2372
4953,강원,원주시,공사업,전문,(주)유비파워텍,송병호,26322,"강원특별자치도 원주시 치악로 2239-16 ,1층 (태장동)",033-766-2373
4954,강원,원주시,공사업,전문,(주)한성기술단,오상구,26431,강원특별자치도 원주시 감영길 4 (원동),033-764-6982
4955,강원,원주시,공사업,전문,선일전기산업(주),김영춘,26356,"강원특별자치도 원주시 지정면 질마재로 65 ,(보통리)",033-747-9476
4956,강원,원주시,공사업,전문,엘타임(주),유대석,26398,강원특별자치도 원주시 판부면 남원로 333-7 (엘타임주식회사),033-761-0078
4957,강원,원주시,공사업,전문,강력이앤씨(주),송명순,26333,강원특별자치도 원주시 점실길 31-1 (가현동),033-764-7707
4958,강원,원주시,공사업,전문,(주)동방,김석한,26456,"강원특별자치도 원주시 영랑길 107-3 , 1층(행구동)",033-734-1179
4959,강원,원주시,공사업,전문,(주)북원소방,유기창,26310,강원특별자치도 원주시 소초면 노루고개길 102 .,033-744-0704
4960,강원,원주시,공사업,전문,현대기계건설(주),성현옥,26375,"강원특별자치도 원주시 호저면 하만종1길 77 ,(만종리)",033-731-4323
4961,강원,원주시,공사업,전문,조은엔지니어링(주),주현철,26314,"강원특별자치도 원주시 가치래미길 39 , 조은빌딩 2층(가현동)",033-735-6119
4962,강원,원주시,공사업,전문,(주)우정기계건설,이미정,26400,강원특별자치도 원주시 판부면 오성마을길 67-10 101호,033-763-1489
4963,강원,원주시,공사업,전문,청화설비(주),김강복,26465,"강원특별자치도 원주시 혁신로 53 , 606호(반곡동, 혁신빌딩)",033-735-9790
4964,강원,원주시,공사업,전문,(주)우진,이성녀,26311,강원특별자치도 원주시 태장공단길 50 (태장동),033-761-4243
4965,강원,원주시,공사업,전문,(주)도민소방설비,이한욱,26400,"강원특별자치도 원주시 판부면 오성마을길 67-10 , 1층",033-766-1489
4966,강원,원주시,공사업,전문,(주)이지스,최진경,26424,"강원특별자치도 원주시 단구로37번길 2  ,1층(단계동)",033-744-7153
4967,강원,원주시,공사업,전문,(주)이젠미래,권영관,26310,"강원특별자치도 원주시 소초면 송문2길 69 ,(흥양리)",033-733-3303
4968,강원,원주시,공사업,전문,주식회사 대승,김도봉,26323,강원특별자치도 원주시 치악로 2076  (태장동) ,033-733-7889
4969,강원,원주시,공사업,전문,(주)대림방재엔지니어링,정태진,26382,"강원특별자치도 원주시 이화6길 78  ,(단계동)",033-733-7119
4970,강원,원주시,공사업,전문,동일건설(주),김순식,26446,강원특별자치도 원주시 치악로1735번길 56-16 2층 (개운동),02-561-3900
4971,강원,원주시,공사업,전문,다원이엔지(주),김다슬,26303,"강원특별자치도 원주시 호저면 호매곡1길 41 ,",033-764-2762
4972,강원,원주시,공사업,전문,상지전업사,최양호,26373,"강원특별자치도 원주시 문막읍 원문로 1809-1 ,(문막리)",033-735-1119
4973,강원,원주시,공사업,전문,(주)혁진이엔지,채규혁,26455,강원특별자치도 원주시 서천담길 35 (행구동),033-748-6119
4974,강원,원주시,공사업,전문,(주)현진기계건설,남창현,26434,강원특별자치도 원주시 남산로 91 (일산동),033-763-0490
4975,강원,원주시,공사업,전문,주식회사 원주방재,전춘용,26326,"강원특별자치도 원주시 새동네2길 37 ,(태장동)",033-748-8119
4976,강원,원주시,공사업,전문,주식회사 덕성소방,이덕성,26400,"강원특별자치도 원주시 판부면 오성마을길 22 , 1층",033-763-1176
4977,강원,원주시,공사업,전문,(자)진성설비,김양태,26454,강원특별자치도 원주시 화실유암길 120 (봉산동),033-746-6120
4978,강원,원주시,공사업,전문,주식회사 삼화전기,성백린,26316,"강원특별자치도 원주시 북원상가길 13 , 1층 1-13호(태장동)",033-744-1873
4979,강원,원주시,공사업,전문,세경산전 주식회사,신홍환,26315,"강원특별자치도 원주시 가현로 26 ,(가현동)",033-747-0446
4980,강원,원주시,공사업,전문,동양방재기술(주),박정애,26482,"강원특별자치도 원주시 소방서길 46-6 ,(명륜동)",033-765-6119
4981,강원,원주시,공사업,전문,주식회사 신우,고진희,26492,"강원특별자치도 원주시 흥업면 해삼터길 68-3 ,",033-761-9652
4982,강원,원주시,공사업,전문,(주)지산,최영회,26475,강원특별자치도 원주시 이화1길 2-10 (단계동),033-766-2601
4983,강원,원주시,공사업,전문,주식회사 신일방재,신광일,26452,"강원특별자치도 원주시 치악로1570번길 2 ,1층(단구동)",033-765-3690
4984,강원,원주시,공사업,전문,주식회사 나로테크,손인영,26404,"강원특별자치도 원주시 흥업면 사제로 204 , 201호",033-734-9021
4985,강원,원주시,공사업,전문,주식회사 유남전력,곽남신,26404,"강원특별자치도 원주시 흥업면 사제로 57-3 ,",033-765-2582
4986,강원,원주시,공사업,전문,대경소방 주식회사,오성일,26310,강원특별자치도 원주시 소초면 노루고개길 139 .,033-747-1375
4987,강원,원주시,공사업,전문,(주)일구소방,이강희,26486,강원특별자치도 원주시 구곡길 10-29 1층 102 (단구동),033-765-0009
4988,강원,원주시,공사업,전문,(주)한국이엔씨,"강석대,강세명",26311,강원특별자치도 원주시 태장공단길 42-13 (태장동),033-734-5435
4989,강원,원주시,공사업,전문,(주)한일티앤씨,유제황,26362,강원특별자치도 원주시 문막읍 문막공단길 69 .,033-735-5682
4990,강원,원주시,공사업,전문,주식회사 삼일기계설비,강경호,26383,강원특별자치도 원주시 시청로 25 601호 (무실동),033-765-2865
4991,강원,원주시,공사업,전문,주식회사 네오플럭스,양임숙,26309,"강원특별자치도 원주시 소초면 동부순환로 809 , 1동",033-745-9841
4992,강원,원주시,공사업,전문,주식회사 대신소방정보통신,이대화,26487,"강원특별자치도 원주시 서원대로 500 , 411호 (단구동)",033-762-9885
4993,강원,원주시,공사업,전문,주식회사 성일소방,안승룡,26404,"강원특별자치도 원주시 흥업면 사제로 66 , 1층",033-764-0476
4994,강원,원주시,공사업,전문,주식회사 원창전력,신무열,26331,강원특별자치도 원주시 개륜1길 52-14 (봉산동),033-742-8977
4995,강원,원주시,공사업,전문,주식회사 씨앤엘방재,채정숙,26455,"강원특별자치도 원주시 서천담길 35 , 101호(행구동)",033-747-6119
4996,강원,원주시,공사업,전문,주식회사 유수,박만식,26455,강원특별자치도 원주시 화실유암길 229-14 (행구동),033-765-8801
4997,강원,원주시,공사업,전문,씨에스건설(주),최선숙,26454,"강원특별자치도 원주시 행구로 195 , 2층 203호(행구동)",033-744-0455
4998,강원,원주시,공사업,전문,(주)유로이앤씨,김원자,26404,"강원특별자치도 원주시 흥업면 사제로 204 , 203호",033-765-8854
4999,강원,원주시,공사업,전문,에스지건설 주식회사,조형범,26456,"강원특별자치도 원주시 행구로 170 , 2층(행구동)",033-735-9210
5000,강원,원주시,공사업,전문,주식회사 신흥소방,박종수,26444,"강원특별자치도 원주시 치악로 1732-60 , 1층(개운동)",033-904-4166
5001,강원,원주시,공사업,전문,합자회사 도원전력,김영복,26397,강원특별자치도 원주시 둔전길 45-4 (무실동),033-765-0400
5002,강원,원주시,공사업,전문,에스원건설 주식회사,김동필,26492,"강원특별자치도 원주시 흥업면 대안은행정길 99 , 2동 2층",033-731-7661
5003,강원,원주시,공사업,전문,주식회사 대원소방,강동삼,26399,"강원특별자치도 원주시 판부면 매봉길 10-6 , 1층 101호",033-761-6634
5004,강원,원주시,공사업,전문,주식회사 대한소방,오나영,26471,"강원특별자치도 원주시 라옹정길 3-1 , 101호(관설동)",033-901-0119
5005,강원,원주시,공사업,전문,주식회사 퍼펙트소방전기,심소연,26451,강원특별자치도 원주시 홍판서길 67 (단구동),
5006,강원,원주시,공사업,전문,(주)창영소방,최혜진,26399,강원특별자치도 원주시 판부면 서곡널다리길 51 (서곡리),033-764-9515
5007,강원,원주시,공사업,전문,(주)삼일기공,박상숙,26455,강원특별자치도 원주시 고문골길 39 (행구동),033-745-3785
5008,강원,원주시,공사업,전문,주식회사 함께소방,박현홍,26424,강원특별자치도 원주시 북원로2246번길 22 (단계동),
5009,강원,원주시,공사업,전문,주식회사 오성이엔지,오민숙,26404,"강원특별자치도 원주시 흥업면 한라대길 28 , 센터2-205호",033-762-4204
5010,강원,원주시,공사업,전문,(주)흥업전기,"권혁만,김정수",26441,"강원특별자치도 원주시 교촌길 11-9 , (명륜동)",033-765-6668
5011,강원,원주시,공사업,전문,대륜소방 주식회사,김종필,26450,"강원특별자치도 원주시 치악로 1629 , 2층(단구동)",033-763-9111
5012,강원,원주시,공사업,전문,중부소방 주식회사,최은정,26403,강원특별자치도 원주시 흥업면 남원로 125 .,033-761-0119
5013,강원,원주시,공사업,전문,오스타건설 주식회사,김창준,26454,"강원특별자치도 원주시 행구로 195 , 2층 202호",033-744-0455
5014,강원,원주시,공사업,전문,(주)이강이앤씨,강성현,26454,"강원특별자치도 원주시 동부순환로 325 , 2층(행구동)",033-744-7678
5015,강원,원주시,공사업,전문,주식회사 에프엔방재기술,장미라,26396,"강원특별자치도 원주시 복거리길 60-23 , 2층(무실동)",033-533-0300
5016,강원,인제군,공사업,전문,주식회사 국제전력,박용숙,24637,"강원특별자치도 인제군 인제읍 인제로 250-7 , 101호 (하이빌에이동)",033-462-0050
5017,강원,인제군,공사업,전문,(주)나진,안규섭,24648,"강원특별자치도 인제군 남면 신남로 57-1 , 2층",033-261-7862
5018,강원,인제군,공사업,전문,(주)성지전력,함수연,24662,강원특별자치도 인제군 기린면 창암길 18 .,033-433-2258
5019,강원,인제군,공사업,전문,주식회사 천광,홍성표,24632,"강원특별자치도 인제군 인제읍 인제로178번길 10 , 203호",033-255-9049
5020,강원,인제군,공사업,전문,주식회사 대림기업,"박정준,홍순철",24626,"강원특별자치도 인제군 인제읍 설악로 2350 , 102호",033-251-2071
5021,강원,정선군,공사업,전문,(주)유경,전현미,26132,강원특별자치도 정선군 정선로 1162 (정선읍),033-562-2135
5022,강원,정선군,공사업,전문,(주)동신소방방재,전형준,26129,"강원특별자치도 정선군 정선읍 비봉로 67-7 ,1층 101호",033-591-9117
5023,강원,정선군,공사업,전문,(주)태호이엔지,안성주,26110,"강원특별자치도 정선군 임계면 서동로 4543 ,",033-562-7903
5024,강원,정선군,공사업,전문,한덕철광산업(주),노상혁,26141,"강원특별자치도 정선군 신동읍 조동1길 154 ,",033-378-5577
5025,강원,정선군,공사업,전문,주식회사 영민,방지혜,26132,강원특별자치도 정선군 정선읍 정선로 1162 .,033-521-0134
5026,강원,정선군,공사업,전문,이스타건설 주식회사,김찬우,26101,"강원특별자치도 정선군 북평면 북평7길 11 , 101호",070-4895-4178
5027,강원,정선군,공사업,전문,주식회사 다인오엠,이경숙,26146,"강원특별자치도 정선군 남면 도원3길 9 , 202호(신진빌딩)",033-591-1197
5028,강원,철원군,공사업,전문,주식회사 동서이엔에프,김민석,24039,강원특별자치도 철원군 갈말읍 명성로174번길 50-1 .,033-452-1190
5029,강원,철원군,공사업,전문,(주)희성,"이현국,이아름",24025,강원특별자치도 철원군 동송읍 금학로 31-80 .,033-452-1700
5030,강원,철원군,공사업,전문,(주)세진전설,김종한,24033,"강원특별자치도 철원군 갈말읍 호국로 5062 ,",033-452-0472
5031,강원,철원군,공사업,전문,세종기업(주),윤주용,24034,강원특별자치도 철원군 갈말읍 호국로 4860-22 .,033-452-0422
5032,강원,철원군,공사업,전문,주식회사 동지전력,구자성,24055,"강원특별자치도 철원군 김화읍 연동길 54-1 , 1층",033-452-9845
5033,강원,춘천시,공사업,전문,(주)명훈전력,박경선,24211,강원특별자치도 춘천시 가산로 167 (동면),033-252-2213
5034,강원,춘천시,공사업,전문,주식회사 영은전기,방승기,24217,"강원특별자치도 춘천시 동면 만천로 87 ,(만천리) ",033-255-7724
5035,강원,춘천시,공사업,전문,광운전업사,백경욱,24405,"강원특별자치도 춘천시 동내면 거두택지길4번길 29 ,(거두리)",033-262-4801
5036,강원,춘천시,공사업,전문,(주)천경,김차종,24408,"강원특별자치도 춘천시 동내면 영서로 1766 ,(학곡리)",033-263-9415
5037,강원,춘천시,공사업,전문,(주)우인,정종순,24389,"강원특별자치도 춘천시 공지로 111  ,신우상가 B5호(석사동)",033-263-0989
5038,강원,춘천시,공사업,전문,동일소방(주),유시열,24408,"강원특별자치도 춘천시 동내면 학곡서3길 20-12 ,(학곡리)",033-264-3119
5039,강원,춘천시,공사업,전문,신흥개발(주),최장우,24399,강원특별자치도 춘천시 동내면 고은길 84-9 .,033-263-2161
5040,강원,춘천시,공사업,전문,건국방재 주식회사,임무재,24465,"강원특별자치도 춘천시 남산면 소주고개로 641 ,",033-251-6904
5041,강원,춘천시,공사업,전문,(합)천우,"강현우,강정규",24296,"강원특별자치도 춘천시 춘천로 396-1  ,(후평동)",033-253-7948
5042,강원,춘천시,공사업,일반(전기),(주)퓨렌텍,권순백,24399,"강원특별자치도 춘천시 동내면 거두길 125-10 , 2층",033-262-2738
5043,강원,춘천시,공사업,전문,동일전력(주),박희홍,24210,"강원특별자치도 춘천시 동면 하일길 203-12 ,(장학리)",033-255-8989
5044,강원,춘천시,공사업,전문,주식회사 석미,원현주,24212,"강원특별자치도 춘천시 동면 금베이길 100 ,(만천리)",033-251-2614
5045,강원,춘천시,공사업,전문,유림전기소방,박경숙,24213,"강원특별자치도 춘천시 동면 소당골길 87 ,(만천리)",033-256-6928
5046,강원,춘천시,공사업,전문,상리건설(주),양홍기,24360,"강원특별자치도 춘천시 공지로 453 , 201호(근화동)",033-261-7791
5047,강원,춘천시,공사업,전문,(주)봄내이엔씨,백기창,24399,"강원특별자치도 춘천시 동내면 금촌로 45-17 ,(신촌리)",033-256-0235
5048,강원,춘천시,공사업,전문,용산방재,김용범,24273,강원특별자치도 춘천시 금강로 12 (소양로3가),033-252-7677
5049,강원,춘천시,공사업,전문,현대소방(주),최문진,24461,강원특별자치도 춘천시 서면 박사로 1079-13 .,033-252-7119
5050,강원,춘천시,공사업,전문,국도건설(주),김기범,24210,강원특별자치도 춘천시 춘천순환로 846 (장학리 615),033-251-1374
5051,강원,춘천시,공사업,전문,(주)중앙에프엔씨,이기주,24206,강원특별자치도 춘천시 신북읍 사랑말2길 55-18 .,033-256-6119
5052,강원,춘천시,공사업,전문,(주)북림,김영래,24360,강원특별자치도 춘천시 공지로451번길 12 (근화동),033-251-9483
5053,강원,춘천시,공사업,전문,(주)대호,변병건,24211,강원특별자치도 춘천시 가산로 10 (동면) 203호,033-241-8598
5054,강원,춘천시,공사업,전문,주식회사 호반이엔지,고옥화,24465,"강원특별자치도 춘천시 남산면 추곡고개길 301-197 ,",033-262-6119
5055,강원,춘천시,공사업,전문,도강방재 주식회사,김오규,24438,강원특별자치도 춘천시 충혼길52번길 5-5 (온의동),033-241-1199
5056,강원,춘천시,공사업,전문,주식회사 대한소방,민금옥,24343,강원특별자치도 춘천시 공지로242번길 12 (효자동),033-263-2288
5057,강원,춘천시,공사업,전문,(주)한국전기소방,김명남,24394,"강원특별자치도 춘천시 새롬공원길4번길 13 , 102호(석사동)",033-910-6661
5058,강원,춘천시,공사업,전문,주식회사 서광,조동우,24408,강원특별자치도 춘천시 동내면 대룡산길 139 .,033-262-8967
5059,강원,춘천시,공사업,전문,주식회사 케이씨,길숙희,24399,"강원특별자치도 춘천시 동내면 금촌로 45-17 ,",033-256-0235
5060,강원,춘천시,공사업,전문,두산큐벡스 주식회사,"문희종,곽승환",24412,"강원특별자치도 춘천시 신동면 칠전동길 72 ,",02-3398-0712
5061,강원,춘천시,공사업,전문,(주)우진일렉트,박현식,24276,"강원특별자치도 춘천시 공지로 474 ,1층(근화동)",031-895-8200
5062,강원,춘천시,공사업,전문,주식회사 중앙이에스엠,박정숙,24204,"강원특별자치도 춘천시 신북읍 배후령길 21 , 1층",033-242-7073
5063,강원,춘천시,공사업,전문,(주)성익이엔에프,김은희,24408,강원특별자치도 춘천시 동내면 원창고개길 174-12 .,033-252-4509
5064,강원,춘천시,공사업,전문,가람이엔지 주식회사,이상진,24211,"강원특별자치도 춘천시 동면 가산로 58-27 ,",033-261-5303
5065,강원,춘천시,공사업,전문,(주)세원이앤씨,정은정,24399,강원특별자치도 춘천시 동내면 거두길 106-5 .,033-252-1969
5066,강원,춘천시,공사업,전문,라온이엔씨 주식회사,권성미,24212,"강원특별자치도 춘천시 동면 금베이길 100 , 202호",070-7548-7192
5067,강원,춘천시,공사업,전문,(주)대성소방방재,전미순,24443,강원특별자치도 춘천시 춘주로195번길 7 (퇴계동),033-241-1196
5068,강원,춘천시,공사업,전문,(주)천운,김미진,24427,"강원특별자치도 춘천시 퇴계농공로 87 , 4층 409호(퇴계동)",033-255-5879
5069,강원,춘천시,공사업,전문,(주)대양이엔씨,이균영,24377,"강원특별자치도 춘천시 퇴계로146번길 8-3 , 1층(퇴계동)",033-263-7713
5070,강원,춘천시,공사업,전문,주식회사 오성건설,김남수,24408,강원특별자치도 춘천시 동내면 학곡서길 10 .,033-261-0204
5071,강원,춘천시,공사업,전문,주식회사 신성씨앤아이,신현갑,24437,"강원특별자치도 춘천시 춘주로 102-2 , 2층(온의동)",033-242-9598
5072,강원,춘천시,공사업,전문,주식회사 하진,김현택,24213,강원특별자치도 춘천시 동면 건일길 98 .,033-256-6260
5073,강원,춘천시,공사업,전문,주식회사 영우,김영우,24212,강원특별자치도 춘천시 동면 금촌로 336 .,033-257-4104
5074,강원,춘천시,공사업,전문,주식회사 더나은,권영희,24296,강원특별자치도 춘천시 동광길 6 (후평동),033-241-7782
5075,강원,춘천시,공사업,전문,주식회사 한국엘이디,박형필,24427,"강원특별자치도 춘천시 퇴계공단2길 72 , 제1동(퇴계동)",033-263-1430
5076,강원,춘천시,공사업,전문,주식회사 대아,정임순,24369,"강원특별자치도 춘천시 남춘로5번길 13-2 (퇴계동), 2층",033-910-0509
5077,강원,춘천시,공사업,전문,(자)삼성소방,최신걸,24335,"강원특별자치도 춘천시 효자로 129 , 2층(효자동)",033-255-3150
5078,강원,춘천시,공사업,전문,(주)현성,유경옥,24427,강원특별자치도 춘천시 퇴계공단2길 33 (퇴계동),033-254-2039
5079,강원,춘천시,공사업,전문,주식회사 가람,최욱,24211,강원특별자치도 춘천시 동면 가산로 41 .,033-243-8204
5080,강원,춘천시,공사업,전문,(합)동양아이텍,고광만,24427,"강원특별자치도 춘천시 퇴계공단2길 60 , 2층 (퇴계동)",033-257-8111
5081,강원,춘천시,공사업,전문,주식회사 고센,최정열,24221,강원특별자치도 춘천시 마장2길 4 (사농동),033-263-0794
5082,강원,춘천시,공사업,전문,주식회사 세한,노옥례,24213,강원특별자치도 춘천시 동면 소당골길 87 .,033-256-6928
5083,강원,춘천시,공사업,전문,주식회사 한결,연금란,24212,강원특별자치도 춘천시 동면 금촌로 334 .,033-257-4104
5084,강원,춘천시,공사업,전문,주식회사 춘천소방,윤동주,24210,강원특별자치도 춘천시 동면 소양강로 170 .,033-257-3129
5085,강원,춘천시,공사업,전문,(주)인세이프소방안전,정경연,24296,"강원특별자치도 춘천시 동광길 6 , 2호(후평동)",033-257-2710
5086,강원,태백시,공사업,전문,(주)광명전력,박문규,26025,"강원특별자치도 태백시 장수길 42  ,(황지동) ",033-552-6104
5087,강원,태백시,공사업,전문,(주)정진,김진욱,26046,"강원특별자치도 태백시 철암공단길 50 , (철암동)",033-552-1554
5088,강원,태백시,공사업,전문,주식회사 건우에프이씨,이건우,26005,강원특별자치도 태백시 황지로 290 (황지동),033-552-4477
5089,강원,태백시,공사업,전문,(주)미승전력소방,강정민,26037,강원특별자치도 태백시 상장남길 54 (황지동),033-581-5890
5090,강원,태백시,공사업,전문,주식회사 서문산업,신동필,26034,강원특별자치도 태백시 반딧불길 35 (황지동),033-554-3995
5091,강원,평창군,공사업,전문,동서이엔씨(주),"한계현,황운천",25374,강원특별자치도 평창군 평창읍 향교길 136 .,070-4616-0951
5092,강원,평창군,공사업,전문,주식회사 건원이에프티,이화진,25365,"강원특별자치도 평창군 방림면 평창대로 84-23 ,",033-333-2816
5093,강원,평창군,공사업,전문,세명전력 주식회사,손명주,25376,강원특별자치도 평창군 군청길 32 (평창읍),033-242-4369
5094,강원,평창군,공사업,전문,주식회사 동강이엔씨,류일걸,25365,"강원특별자치도 평창군 방림면 평창대로 84-43 ,",033-334-8339
5095,강원,평창군,공사업,전문,주식회사 태광,최찬웅,25378,강원특별자치도 평창군 평창읍 원동재로 415 (마지리),033-334-7723
5096,강원,홍천군,공사업,전문,국제전설주식회사,유석재,25126,"강원특별자치도 홍천군 홍천읍 홍천로 1005 ,(결운리)",033-434-9381
5097,강원,홍천군,공사업,전문,탑종합건설 주식회사,안인호,25114,"강원특별자치도 홍천군 북방면 성동로 66 ,(화동리)",033-433-7717
5098,강원,홍천군,공사업,전문,(주)유승산업개발,손영권,25164,"강원특별자치도 홍천군 두촌면 철정길126번길 13-16 ,(철정리)",033-435-3895
5099,강원,홍천군,공사업,전문,(주)성광전력,신은섭,25126,강원특별자치도 홍천군 홍천로 757-6 (홍천읍),033-433-2258
5100,강원,홍천군,공사업,전문,(주)명성전력,이용종,25115,강원특별자치도 홍천군 북방면 하화계길 52 .,033-436-0517
5101,강원,홍천군,공사업,전문,(주)중앙개발,전호철,25112,"강원특별자치도 홍천군 북방면 능평길 5 ,(능평리)",033-435-1608
5102,강원,홍천군,공사업,전문,(주)대해일렉스,김광수,25101,강원특별자치도 홍천군 서면 한치골길 843-19 .,033-435-6721
5103,강원,홍천군,공사업,전문,(주)동서전력,이건선,25133,강원특별자치도 홍천군 홍천읍 희망진리길 37 .,033-434-2492
5104,강원,홍천군,공사업,전문,주식회사 홍천이에프씨,조진원,25125,"강원특별자치도 홍천군 홍천읍 큰골길 49 , 2층",033-432-2022
5105,강원,홍천군,공사업,전문,주식회사 강산,한동현,25131,"강원특별자치도 홍천군 홍천읍 닭바위1길 17 , 3층",033-257-4104
5106,강원,홍천군,공사업,전문,주식회사 한양전기,허병철,25140,강원특별자치도 홍천군 홍천읍 송학로 12 .,033-435-1606
5107,강원,화천군,공사업,전문,동진전기(주),양인자,24120,강원특별자치도 화천군 화천읍 산수화로 6-1 .,033-442-1846
5108,강원,화천군,공사업,일반(전기),금강종합건설 주식회사,박규민,24144,"강원특별자치도 화천군 하남면 논미로 384 , 201호",033-244-1381
5109,강원,화천군,공사업,전문,금원전력(주),최봉옥,24144,강원특별자치도 화천군 하남면 논미로 384 .,033-244-1381
5110,강원,화천군,공사업,전문,유성전설 주식회사,최복남,24117,강원특별자치도 화천군 화천읍 산수화로 21 .,033-243-0907
5111,강원,화천군,공사업,전문,새미테크 유한회사,김다은,24137,"강원특별자치도 화천군 간동면 간척월명로 305 ,",033-243-4488
5112,강원,화천군,공사업,전문,주식회사 천봉,이문규,24140,강원특별자치도 화천군 하남면 용화산로 1294 .,033-244-9590
5113,강원,횡성군,공사업,전문,(주)두산전기,김은정,25239,강원특별자치도 횡성군 횡성로 41 (제1호),033-900-3329
5114,강원,횡성군,공사업,전문,(주)횡성방재,이수진,25225,"강원특별자치도 횡성군 횡성읍 화성로 14 ,1층(읍상리)",033-343-9111
5115,강원,횡성군,공사업,전문,주식회사 기백,백승희,25222,"강원특별자치도 횡성군 횡성읍 읍하남로17번길 5 ,1층",033-343-2200
5116,강원,횡성군,공사업,전문,한일소방 주식회사,김영은,25214,"강원특별자치도 횡성군 횡성읍 마산로 86-22 , 1동 102호",033-344-1178
5117,강원,횡성군,공사업,전문,주식회사 도현전력기술단,이준우,25227,"강원특별자치도 횡성군 횡성읍 읍마남로25번길 14-9 , 302호",041-353-4620
5118,강원,횡성군,공사업,전문,주식회사 대한전기기술단,김정훈,25246,"강원특별자치도 횡성군 우천면 하대2길 1 ,",033-344-8816
5119,강원,횡성군,공사업,전문,프라임건설 주식회사,김옥자,25225,강원특별자치도 횡성군 횡성읍 태기로 55 (읍상리),033-345-0028
5120,강원,횡성군,공사업,전문,영서소방,이진향,25210,"강원특별자치도 횡성군 횡성읍 경강로 1642 , 1층 3호",033-343-4119
5121,충북,괴산군,공사업,전문,(주)영호소방전기,조영호,28046,충청북도 괴산군 사리면 방축길 8 .,043-838-5388
5122,충북,괴산군,공사업,전문,(주)태원전력공사,장중우,28050,충청북도 괴산군 청안면 청안읍내로 43-1 .,070-7763-2709
5123,충북,괴산군,공사업,전문,고려이엔티(주),오진숙,28052,충청북도 괴산군 청안면 운곡길 132 (),043-838-7204
5124,충북,괴산군,공사업,전문,주식회사 해종,김명희,28003,충청북도 괴산군 불정면 신흥5길 16-8 .,043-834-7204
5125,충북,괴산군,공사업,전문,주식회사 토광전력,연제인,28046,충청북도 괴산군 사리면 모래재로 414-10 .,043-838-8286
5126,충북,괴산군,공사업,전문,세종전력 주식회사,이종관,28031,"충청북도 괴산군 괴산읍 읍내로14길 1 ,3층",043-221-0530
5127,충북,단양군,공사업,전문,주식회사 가온전력,장용환,27012,충청북도 단양군 단양읍 도전1길 2 (),043-422-2844
5128,충북,단양군,공사업,전문,주식회사 천지전력,문성환,27002,"충청북도 단양군 매포읍 단양로 2128 , 2층",043-651-3119
5129,충북,단양군,공사업,전문,주식회사 이에프씨벼리,설동국,27027,충청북도 단양군 대강면 대강농공길 16-3 .,043-421-0119
5130,충북,단양군,공사업,전문,주식회사 디케이이앤씨,김철한,27001,"충청북도 단양군 매포읍 도곡파랑로 515 , 주2동",043-873-2777
5131,충북,보은군,공사업,전문,세광전설(주),이용희,28920,충청북도 보은군 수한면 후평바리미길 10 (),043-542-9901
5132,충북,보은군,공사업,전문,(주)대광전설,김영숙,28942,충청북도 보은군 보은읍 보은로 156-1 .,043-215-7755
5133,충북,보은군,공사업,전문,주식회사 정민전력공사,지학기,28949,"충청북도 보은군 보은읍 삼산남로 8 , 102동",043-773-7799
5134,충북,영동군,공사업,전문,(주)시온전력,박진하,29148,충청북도 영동군 상부용로 8-7 (부용리 423-4),043-745-0002
5135,충북,영동군,공사업,전문,주식회사 명성전력,박정훈,29113,"충청북도 영동군 황간면 영동황간로 1211 , 가동 2층",043-745-7474
5136,충북,영동군,공사업,전문,주식회사 세명,강성만,29113,충청북도 영동군 황간면 영동황간로 1209 .,070-7528-2587
5137,충북,영동군,공사업,전문,주식회사 삼원이엔씨,박승용,29166,충청북도 영동군 학산면 학산양산로 5 .,043-742-9334
5138,충북,영동군,공사업,전문,주식회사 삼도전력,박인호,29141,충청북도 영동군 영동읍 회동로 40 .,043-745-7474
5139,충북,옥천군,공사업,전문,(주)경보전설,김정혁,29046,충청북도 옥천군 옥천읍 중앙로9길 4 .,043-731-8380
5140,충북,옥천군,공사업,전문,대성방재(주),김현성,29034,충청북도 옥천군 옥천읍 가화길 21 .,043-732-7119
5141,충북,옥천군,공사업,전문,도남건설 주식회사,이진형,29045,충청북도 옥천군 옥천읍 송신길 196-5 .,043-733-2305
5142,충북,옥천군,공사업,전문,(주)신광전력,구성서,29050,충청북도 옥천군 옥천읍 응천1길 9 .,043-716-0008
5143,충북,옥천군,공사업,전문,(주)대진소방,김진만,29050,충청북도 옥천군 옥천읍 응천1길 91-10 (),043-731-2118
5144,충북,옥천군,공사업,전문,주식회사 원,박명숙,29045,"충청북도 옥천군 옥천읍 장야4길 51 , 104호(더퍼스트이안 상가동)",043-733-0866
5145,충북,옥천군,공사업,전문,주식회사 유덕전기소방공사,박선혜,29059,충청북도 옥천군 군서면 성왕로 513 .,062-381-7119
5146,충북,음성군,공사업,전문,(주)정동전력,이현호,27695,"충청북도 음성군 음성읍 중앙로132번길 13 ,2층",043-836-5052
5147,충북,음성군,공사업,전문,우창전력(주),권선욱,27695,충청북도 음성군 음성읍 중앙로132번길 13  2층,043-873-2588
5148,충북,음성군,공사업,전문,삼우산기(주),정형로,369-812,충청북도 음성군 맹동면 인곡리 668,02-2057-0119
5149,충북,음성군,공사업,전문,(주)21세기소방,윤장헌,27644,충청북도 음성군 대소면 멍심이길 102 .,043-877-2119
5150,충북,음성군,공사업,전문,(주)금강소방안전,진상모,27643,충청북도 음성군 금왕읍 대금로 1101 가동,043-877-7119
5151,충북,음성군,공사업,전문,(주)대일방재이엔지,김진구,27633,충청북도 음성군 금왕읍 무극로244번길 24 (),043-883-3119
5152,충북,음성군,공사업,전문,(주)하나방재,김정원,27633,"충청북도 음성군 금왕읍 무극로244번길 40 , 101호",043-877-1996
5153,충북,음성군,공사업,전문,(주)예원정보통신,김영두,27633,충청북도 음성군 금왕읍 탑골7길 16 (무극리),043-878-8855
5154,충북,음성군,공사업,전문,케이엔솔 주식회사,"구자겸,정우현",27642,충청북도 음성군 금왕읍 금율로30번길 32-10 .,02-6230-7112
5155,충북,음성군,공사업,전문,주식회사 맥이엔에스,이운용,27606,충청북도 음성군 감곡면 오갑길192번길 35 .,070-4410-0119
5156,충북,음성군,공사업,전문,주식회사 홍우,최정희,27696,충청북도 음성군 음성읍 수정로 61 (홍우빌딩 3층),043-872-4033
5157,충북,음성군,공사업,전문,주식회사 안도종합건설,박철우,27702,충청북도 음성군 음성읍 수정로 68 .,043-872-2777
5158,충북,음성군,공사업,전문,한세전력 주식회사,이경희,27629,충청북도 음성군 금왕읍 무극로265번길 1 .,043-877-3404
5159,충북,음성군,공사업,전문,주식회사 대호유앤씨,이한경,27678,충청북도 음성군 대소면 한삼로91번길 29-4 .,043-882-9221
5160,충북,음성군,공사업,전문,주식회사 가온소방방재,최미영,27733,"충청북도 음성군 맹동면 덕금로 385 , 206호",043-883-9119
5161,충북,음성군,공사업,전문,(주)한얼누리,권택조,27654,충청북도 음성군 삼성면 선정로97번길 90-4 .,043-883-6731
5162,충북,제천시,공사업,전문,주식회사 원엔지니어링,정철호,27126,충청북도 제천시 송학면 송학주천로2길 46 (),043-651-3119
5163,충북,제천시,공사업,전문,한국전설(주),최명순,27163,충청북도 제천시 명륜로4길 3 (청전동),043-644-6405
5164,충북,제천시,공사업,전문,(주)남강,민윤정,27126,충청북도 제천시 송학면 송학로 167 (),043-643-0073
5165,충북,제천시,공사업,전문,(주)신안전력,장은수,27157,충청북도 제천시 대학로 29 (신월동),043-646-7331
5166,충북,제천시,공사업,전문,(주)성익에너지산업,"주혜옥,김윤미",27161,충청북도 제천시 용두대로 209  (하소동),043-652-5534
5167,충북,제천시,공사업,전문,(주)장안소방공사,홍현표,27176,충청북도 제천시 독순로23길 18 (교동),043-645-7119
5168,충북,제천시,공사업,전문,(주)대광전력,서지훈,27157,"충청북도 제천시 대학로 31 , 2층(신월동)",043-643-7723
5169,충북,제천시,공사업,전문,(주)건주,"안병만,안태혁",27161,충청북도 제천시 용두대로 209 (하소동),043-646-5533
5170,충북,제천시,공사업,전문,(주)명문전기,진순이,27187,충청북도 제천시 용두대로 37 (하소동),043-648-8946
5171,충북,제천시,공사업,전문,주식회사 가나전력,김순자,27178,충청북도 제천시 탑안로 7-1 (신백동),043-643-8262
5172,충북,제천시,공사업,전문,주식회사 빛나라전기,김지태,27159,"충청북도 제천시 바이오밸리2로 18 ,2층(왕암동)",043-643-0814
5173,충북,제천시,공사업,전문,나이스전력,정종관,27113,충청북도 제천시 봉양읍 주포로 82 .,043-648-5453
5174,충북,제천시,공사업,전문,주식회사 청풍소방안전공사,유호경,27171,"충청북도 제천시 숭문로6길 7 , 1층 2호(명동)",043-643-2119
5175,충북,제천시,공사업,전문,주식회사 태은전기전력,박태곤,27138,충청북도 제천시 둔전로 45 (고암동),043-645-9300
5176,충북,제천시,공사업,전문,주식회사 하나엔지니어링(E.N.G),송준용,27177,충청북도 제천시 내토로 738 (장락동),043-651-3119
5177,충북,제천시,공사업,전문,주식회사 제이엔지니어링,이원섭,27134,충청북도 제천시 고명로 248 (고명동),043-645-2363
5178,충북,제천시,공사업,전문,태산전력 주식회사,조경미,27136,충청북도 제천시 제천북로 633 (신월동).,043-645-8300
5179,충북,제천시,공사업,전문,주식회사 행운소방,서상일,27151,"충청북도 제천시 용두천로36길 25 ,1층 (장락동)",043-920-7119
5180,충북,증평군,공사업,전문,보람전설(주),권소영,27913,"충청북도 증평군 증평읍 반여울길 32 , 4층 404호",070-8875-5858
5181,충북,증평군,공사업,전문,(주)두원전기소방,김동욱,27916,충청북도 증평군 증평읍 단지바우로2길 41 (),043-838-1009
5182,충북,증평군,공사업,전문,우석전기소방(주),윤수로,27909,충청북도 증평군 증평읍 석현길 31 (),043-832-0302
5183,충북,증평군,공사업,전문,세종전기(주),박종순,27943,충청북도 증평군 증평읍 가장골길 21 (),043-216-0530
5184,충북,증평군,공사업,전문,주식회사 제이에스건설,지종근,27939,"충청북도 증평군 증평읍 초중로 41 ,2층",043-838-1187
5185,충북,증평군,공사업,전문,중원방재 주식회사,최종섭,27939,충청북도 증평군 증평읍 초중12길 23 .,043-836-9119
5186,충북,진천군,공사업,전문,세대전력(주),최경숙,27840,충청북도 진천군 진천읍 남산길 28 (),043-534-5340
5187,충북,진천군,공사업,전문,화신전기 주식회사,권송이,27840,"충청북도 진천군 진천읍 남산길 28 , 4층 에이호",043-835-4326
5188,충북,진천군,공사업,전문,(주)가람방재,성락선,27843,충청북도 진천군 진천읍 장관1길 16-1 (),043-232-9119
5189,충북,진천군,공사업,전문,일진소방(주),이일석,27841,"충청북도 진천군 진천읍 원덕로 243 , 주2",043-533-1104
5190,충북,진천군,공사업,전문,(주)홍우전기소방공사,권혁대,27840,충청북도 진천군 진천읍 문화로 118 .,043-873-0301
5191,충북,진천군,공사업,전문,(합)한승전력,최상희,27832,충청북도 진천군 진천읍 상산로 10-10 (교성리),043-537-6677
5192,충북,진천군,공사업,전문,주식회사 창전사,권명희,27840,"충청북도 진천군 진천읍 남산길 28 , 4층 비호",043-836-0101
5193,충북,진천군,공사업,전문,주식회사 대우에스티,김해근,27850,충청북도 진천군 덕산읍 한삼로 289 .,02-2288-0800
5194,충북,진천군,공사업,전문,주식회사 원탑,원범수,27868,충청북도 진천군 문백면 도하1길 50-4 .,043-217-0492
5195,충북,진천군,공사업,전문,주식회사 성광전기,최상욱,27829,충청북도 진천군 진천읍 문화로 195 .,043-534-1173
5196,충북,청원군,공사업,전문,(주)국제소방,권홍숙,28154,충청북도 청원군 내수읍 묵방국동로 158 (),043-222-8119
5197,충북,청주시,공사업,전문,(주)세리공영,백충기,28477,충청북도 청주시 흥덕구 1순환로535번길 2 (봉명동),043-267-1119
5198,충북,청주시,공사업,전문,(주)우성소방,엄영욱,28485,충청북도 청주시 청원구 우암로 13-1 (우암동),043-222-2119
5199,충북,청주시,공사업,전문,(주)유학엔지니어링,김학정,28570,충청북도 청주시 흥덕구 1순환로570번길 19  (봉명동) ,043-266-9119
5200,충북,청주시,공사업,전문,원진소방(주),이상구,28770,충청북도 청주시 상당구 용암북로44번길 4  (용암동) ,043-294-8819
5201,충북,청주시,공사업,전문,(주)일성종합소방,남기진,28355,충청북도 청주시 흥덕구 남촌로 48 (남촌동),043-237-9119
5202,충북,청주시,공사업,전문,(주)대원,"전응식,김두식",28443,충청북도 청주시 흥덕구 직지대로435번길 15 (송정동),043-264-1115
5203,충북,청주시,공사업,전문,세진전력 주식회사,박종민,28219,충청북도 청주시 서원구 남이면 가마3길 39-4 (),043-256-2347
5204,충북,청주시,공사업,전문,(주)대륙엔지니어링,김선주,28758,충청북도 청주시 상당구 다리실로69번길 75 (월오동).,043-284-0018
5205,충북,청주시,공사업,전문,동림엔지니어링(주),장병호,28180,충청북도 청주시 서원구 남이면 대림로 351-11 .,043-262-1133
5206,충북,청주시,공사업,전문,대원전기(주),권세원,28137,충청북도 청주시 청원구 북이면 대율내추길 307 .,043-533-2723
5207,충북,청주시,공사업,전문,광진기업(주),김태웅,28219,충청북도 청주시 서원구 남이면 가마길 51 .,043-296-9642
5208,충북,청주시,공사업,전문,(주)남향,"정은자,이종국",28358,충청북도 청주시 흥덕구 직지대로 61  (지동동) ,043-273-2553
5209,충북,청주시,공사업,전문,청보엔지니어링 주식회사,이미화,28114,충청북도 청주시 흥덕구 옥산면 신촌길 82 .,043-275-7204
5210,충북,청주시,공사업,전문,태웅이엔에스(주),정상군,28355,충청북도 청주시 흥덕구 평동로126번길 6  (평동),043-231-9000
5211,충북,청주시,공사업,전문,주연전기(주),최수자,28307,충청북도 청주시 청원구 팔결로 178  (외남동) ,043-265-3034
5212,충북,청주시,공사업,전문,(주)예주엔지니어링,최기수,28641,"충청북도 청주시 흥덕구 충대로14번길 43 ,2층 (복대동)",043-268-8204
5213,충북,청주시,공사업,전문,주식회사 에스 씨 티,문지연,28182,충청북도 청주시 서원구 남이면 척산길 7-44 (),02-860-9600
5214,충북,청주시,공사업,전문,(주)세명이앤씨,섭동현,28140,충청북도 청주시 청원구 북이면 신기초정로 73 ,043-214-3119
5215,충북,청주시,공사업,전문,(주)한진전기소방,이성노,28180,충청북도 청주시 서원구 남이면 석판2길 2 (석판리),043-222-4451
5216,충북,청주시,공사업,전문,(주)다산전기소방,정태숙,28190,충청북도 청주시 상당구 남일면 고은두산로 15 (),043-256-3202
5217,충북,청주시,공사업,전문,(주)신영방재,백원돈,28308,충청북도 청주시 청원구 내수로 23  (주중동),043-225-7770
5218,충북,청주시,공사업,전문,(주)태일방재,안효빈,28353,충청북도 청주시 청원구 토성로120번길 84-1 (사천동),043-272-9713
5219,충북,청주시,공사업,전문,주식회사 네오스페이스,박종두,28735,충청북도 청주시 상당구 영운로96번길 20 (금천동),043-263-9940
5220,충북,청주시,공사업,전문,동일이앤씨,최원미,360-220,충청북도 청주시 상당구 발산로 105 (사천동),043-215-9119
5221,충북,청주시,공사업,전문,(주)성우에프씨,이승희,28741,충청북도 청주시 상당구 영운천로83번길 22  (영운동) ,043-260-4119
5222,충북,청주시,공사업,전문,(주)장원,김병관,28326,"충청북도 청주시 청원구 율봉로201번길 8-2 ,3층 (율량동)",043-264-0102
5223,충북,청주시,공사업,전문,온누리이앤씨(주),양복기,28353,충청북도 청주시 청원구 발산로 98-8 (사천동),043-223-3711
5224,충북,청주시,공사업,전문,(주)대아이엔지,박노형,28307,충청북도 청주시 청원구 주중로128번길 163  (주중동) ,043-211-7102
5225,충북,청주시,공사업,전문,대청산업(주),홍순영,28483,충청북도 청주시 청원구 1순환로 343 (내덕동),043-257-7551
5226,충북,청주시,공사업,전문,"주식회사 화신(HWASHIN CO.,LTD.)",홍진혁,28353,충청북도 청주시 청원구 발산로 98-20 (사천동),043-294-8119
5227,충북,청주시,공사업,전문,진우공영(주),이철기,28179,충청북도 청주시 서원구 남이면 남석로 388 .,043-266-1051
5228,충북,청주시,공사업,전문,삼성이앤지(주),배석한,28750,충청북도 청주시 상당구 영운천로179번길 8-1 (용정동),043-295-2119
5229,충북,청주시,공사업,전문,주식회사 동성,여운창,28385,충청북도 청주시 흥덕구 서부로1124번길 104  (석곡동) ,043-235-4411
5230,충북,청주시,공사업,전문,영광기업(주),장순경,28569,충청북도 청주시 흥덕구 직지대로 556 302호(봉명동),043-274-5591
5231,충북,청주시,공사업,전문,(주)썬전력,박윤희,28358,충청북도 청주시 흥덕구 동촌로8번길 12 (지동동),043-235-9011
5232,충북,청주시,공사업,전문,금성전기(주),임희정,28498,충청북도 청주시 청원구 안덕벌로69번길 41 (내덕동),043-222-6181
5233,충북,청주시,공사업,전문,(주)우전소방,김철영,28381,"충청북도 청주시 흥덕구 호암로 110-1 , 101호(강서동)",043-266-9113
5234,충북,청주시,공사업,전문,(주)일양엔지니어링,김은정,28741,"충청북도 청주시 상당구 수영로156번길 55 , 1층 102호(영운동)",043-254-9953
5235,충북,청주시,공사업,전문,에스엠전기(주),박응순,28376,충청북도 청주시 흥덕구 가로수로1144번길 5  (비하동) ,043-235-7488
5236,충북,청주시,공사업,전문,(주)신세기이앤씨,함정희,28190,충청북도 청주시 상당구 남일면 고은길 2-9 .,043-298-4119
5237,충북,청주시,공사업,전문,일양산업(주),이상균,28386,충청북도 청주시 서원구 대림로 426-10  (죽림동) ,043-296-6020
5238,충북,청주시,공사업,전문,(주)광성전기,송세호,28358,"충청북도 청주시 흥덕구 동촌로 56 ,2동(서촌동)",043-271-2230
5239,충북,청주시,공사업,전문,(주)거성에너지,박종범,28758,충청북도 청주시 상당구 다리실로69번길 61 (월오동),043-543-3721
5240,충북,청주시,공사업,전문,두원소방 주식회사,이장원,28403,충청북도 청주시 흥덕구 풍년로112번길 18 (가경동),043-236-1197
5241,충북,청주시,공사업,전문,세이프방재(주),박도호,28309,충청북도 청주시 청원구 충청대로320번길 33 (주성동),043-218-8540
5242,충북,청주시,공사업,전문,(주)공신,박금순,28805,충청북도 청주시 서원구 2순환로1814번길 72-21 (장성동),043-272-0016
5243,충북,청주시,공사업,전문,(주)오션엔지니어링,한재익,28374,충청북도 청주시 흥덕구 가포산로76번길 175-8 (휴암동),043-236-6400
5244,충북,청주시,공사업,전문,(주)대왕산전,지봉구,360-568,충청북도 청주시 상당구 내수로 25-1 (주중동),043-258-4648
5245,충북,청주시,공사업,일반(기계),성진코퍼레이션(주),문기학,28184,충청북도 청주시 서원구 남이면 저산척북로 413 (갈원리),043-260-3640
5246,충북,청주시,공사업,전문,(주)명성전기공사,소성태,28172,충청북도 청주시 흥덕구 강내면 다락탑연길 306 (탑연리),043-235-5119
5247,충북,청주시,공사업,전문,삼경종합방재(주),정경숙,28379,"충청북도 청주시 흥덕구 서현중로 47  209동 402호(가경동, 가로수마을호반베르디움아파트)",043-224-7119
5248,충북,청주시,공사업,전문,주식회사 경기전력,남기태,28805,충청북도 청주시 서원구 가장로355번길 132 (장성동),043-286-4200
5249,충북,청주시,공사업,전문,(주)이레종합방재,안경욱,28672,충청북도 청주시 서원구 모충로140번길 36-8 (모충동),043-231-9110
5250,충북,청주시,공사업,전문,토광방재안전관리(주),이민재,28154,충청북도 청주시 청원구 내수읍 묵방2길 59-36 .,043-294-4244
5251,충북,청주시,공사업,전문,(주)거성개발,김만정,28310,충청북도 청주시 청원구 상리로 21 (율량동),043-215-9868
5252,충북,청주시,공사업,전문,(주)우남전기소방,우영택,28129,충청북도 청주시 청원구 오창읍 장대길 5-1 (),043-216-2157
5253,충북,청주시,공사업,전문,(주)대하이.엔.지,박종선,28500,충청북도 청주시 청원구 충청대로22번길 14-1 (내덕동),043-273-0172
5254,충북,청주시,공사업,전문,(주)나이스이엔씨,윤미정,28181,충청북도 청주시 서원구 남이면 청남로 1508-45 (),043-283-7720
5255,충북,청주시,공사업,전문,(주)기전사,신해식,28805,충청북도 청주시 서원구 3순환로 230 (장암동),043-283-0460
5256,충북,청주시,공사업,전문,(주)한솔소방이앤지,바야르새항바담체첵,28741,"충청북도 청주시 상당구 수영로156번길 55 , 2층 201호(영운동)",043-257-9953
5257,충북,청주시,공사업,전문,(주)미래소방에너지,김경자,28353,충청북도 청주시 청원구 발산로 59  (사천동) 1층,043-236-1191
5258,충북,청주시,공사업,전문,금성종합방재(주),서동성,28180,"충청북도 청주시 서원구 남이면 대림로 279 , 나동",043-292-2119
5259,충북,청주시,공사업,전문,천광 주식회사,김상규,28355,충청북도 청주시 흥덕구 평동로 80 (남촌동),043-218-6119
5260,충북,청주시,공사업,전문,(주)원건설,이상용,28543,충청북도 청주시 상당구 상당로 127  (북문로2가) ,043-229-2300
5261,충북,청주시,공사업,전문,성진전력(주),이은진,28170,충청북도 청주시 흥덕구 강내면 강내석화길 21-29 (),043-217-0472
5262,충북,청주시,공사업,전문,대원삼물(주),장인숙,28381,충청북도 청주시 흥덕구 호암로 110-1 (강서동),043-273-9115
5263,충북,청주시,공사업,전문,진성전력(주),백경현,28754,충청북도 청주시 상당구 이정골로 88  (용정동) ,043-271-2611
5264,충북,청주시,공사업,전문,(주)광운정보,이강석,28571,충청북도 청주시 흥덕구 1순환로594번길 48 (봉명동),043-267-3333
5265,충북,청주시,공사업,전문,(주)씨앤씨엔지니어링,임순철,28294,충청북도 청주시 흥덕구 원터로 13-86 (송절동),043-271-1741
5266,충북,청주시,공사업,전문,주식회사 국문이엔지,"최주종,장기덕",28805,충청북도 청주시 서원구 남이면 양촌3길 8-22 .,043-235-8119
5267,충북,청주시,공사업,전문,(주)충북소방,구본휴,28456,충청북도 청주시 흥덕구 사운로 330 3층(신봉동),043-716-0119
5268,충북,청주시,공사업,전문,(주)아산이.엔.지,김충호,28576,"충청북도 청주시 흥덕구 공단로 134 510호(송정동,세중테크노밸리)",043-233-7970
5269,충북,청주시,공사업,전문,에스에이치소방(주),이수호,28149,충청북도 청주시 청원구 내수읍 도원세교로 562 .,043-214-5452
5270,충북,청주시,공사업,전문,주식회사 드림이앤지,박홍섭,28709,충청북도 청주시 서원구 수영로36번길 32 (수곡동),070-7772-4306
5271,충북,청주시,공사업,전문,(주)대성전설,"이제룡,이태훈",28187,충청북도 청주시 상당구 남일면 효촌송암길 73 ,043-298-7020
5272,충북,청주시,공사업,전문,(주)동일,"이일섭,임창빈",28353,충청북도 청주시 청원구 발산로 105 (사천동) .,043-216-4455
5273,충북,청주시,공사업,전문,태정에너지산업(주),전효정,28355,충청북도 청주시 흥덕구 신성로108번길 9-6 (신성동),043-274-0030
5274,충북,청주시,공사업,전문,(주)두림전설,문기형,28151,"충청북도 청주시 청원구 내수읍 충청대로 587-2 ,1층",043-292-8153
5275,충북,청주시,공사업,전문,(주)미래이앤지,함경태,28576,"충청북도 청주시 흥덕구 공단로 134 (송정동,세중테크노밸리 802,803)",043-212-5460
5276,충북,청주시,공사업,전문,충청방재(주),박재성,361-834,충청북도 청주시 흥덕구 구룡산로 402-1 (수곡동 52-36번지),043-288-0119
5277,충북,청주시,공사업,전문,(주)세한이엔씨,조영일,28181,충청북도 청주시 서원구 남이면 청남로 1484-30 .,043-223-6101
5278,충북,청주시,공사업,전문,(주)천지건설,정성옥,28549,충청북도 청주시 서원구 무심서로 613 (사직동),043-253-1472
5279,충북,청주시,공사업,전문,예광전설(주),손영환,28357,충청북도 청주시 흥덕구 강촌로 197 (서촌동 606-1번지),043-234-1919
5280,충북,청주시,공사업,전문,덕일소방 주식회사,황수연,28153,충청북도 청주시 청원구 내수읍 구성새동네길 79-60 .,043-216-7881
5281,충북,청주시,공사업,전문,(주)대륙이앤지,원종태,28353,충청북도 청주시 청원구 사천로18번길 15 (사천동),043-216-1240
5282,충북,청주시,공사업,전문,(주)비제이소방,조금화,28805,충청북도 청주시 서원구 가장로353번길 250 (장암동),043-215-1119
5283,충북,청주시,공사업,전문,주식회사 경성테크,이상용,28140,충청북도 청주시 청원구 북이면 신기초정로 73 .,070-8887-5472
5284,충북,청주시,공사업,전문,남양이엔지 주식회사,김태순,28738,"충청북도 청주시 상당구 단재로 123 , 2층 (영운동)",043-256-4706
5285,충북,청주시,공사업,전문,오성씨앤아이 주식회사,이영수,28469,"충청북도 청주시 흥덕구 무심서로 639 , 2층(운천동)",043-268-5869
5286,충북,청주시,공사업,전문,주식회사 성근테크,강성호,28369,충청북도 청주시 흥덕구 강촌로 63 (수의동),043-232-5813
5287,충북,청주시,공사업,전문,주식회사 세연아이텍,김은회,28353,충청북도 청주시 청원구 사천로 90-13 (사천동),043-214-8588
5288,충북,청주시,공사업,전문,삼성기전(주),원은희,28353,충청북도 청주시 청원구 토성로362번길 75 (오동동),043-276-8096
5289,충북,청주시,공사업,전문,주식회사 정안이엔지,김미연,28328,"충청북도 청주시 청원구 율봉로159번길 48-20 , 2층(율량동)",043-272-0471
5290,충북,청주시,공사업,전문,주식회사 대명파워텍,노승미,28153,충청북도 청주시 청원구 내수읍 충청대로 371 .,043-838-8286
5291,충북,청주시,공사업,전문,충청북도학교안전공제회,김진균,28546,충청북도 청주시 상당구 교서로 17 (영동),043-252-7109
5292,충북,청주시,공사업,전문,주식회사 반석기업,고소영,28476,"충청북도 청주시 흥덕구 1순환로549번길 75 , 2층(봉명동)",043-260-8897
5293,충북,청주시,공사업,전문,(주)고려방재,김경식,28181,충청북도 청주시 서원구 남이면 청남로 1484-63 .,043-292-8119
5294,충북,청주시,공사업,전문,주식회사 좋은엔지니어링,김병희,28662,"충청북도 청주시 서원구 창신로6번길 7 ,1층(사창동)",043-902-8088
5295,충북,청주시,공사업,전문,주식회사 진정보,김소진,28762,"충청북도 청주시 상당구 용암북로168번길 48-8 ,1층(용암동)",043-285-5670
5296,충북,청주시,공사업,전문,주식회사 가포엔지니어링,송원근,28805,충청북도 청주시 서원구 가장로313번길 86 (장암동),043-294-3141
5297,충북,청주시,공사업,전문,덕원전기 주식회사,류주현,28357,충청북도 청주시 흥덕구 내거로 67 (서촌동),043-238-4242
5298,충북,청주시,공사업,전문,태성전기 주식회사,이경희,28132,충청북도 청주시 청원구 오창읍 신평중신1길 88-17 .,043-233-4866
5299,충북,청주시,공사업,전문,디더블유대원 주식회사,전계향,28320,"충청북도 청주시 청원구 율량로190번길 63 , 3층 303-1호(율량동, 더에이치빌딩)",043-275-9183
5300,충북,청주시,공사업,전문,주식회사 우림이엔지,고병도,28354,충청북도 청주시 청원구 사천로 159-47 (사천동),043-276-6854
5301,충북,청주시,공사업,전문,주식회사 직지소방,"이인영,유진희",28181,충청북도 청주시 서원구 남이면 양촌2길 83-17 .,043-286-1190
5302,충북,청주시,공사업,전문,재원소방,이병양,28667,"충청북도 청주시 서원구 모충로 49 , 4층(개신동, 남산빌딩)",043-268-1190
5303,충북,청주시,공사업,전문,주식회사 정은,이형우,28150,충청북도 청주시 청원구 내수읍 풍정3길 7 .,043-216-0530
5304,충북,청주시,공사업,전문,주식회사 동성소방,이기훈,28805,충청북도 청주시 서원구 남이면 양촌4길 23-1 .,043-232-1190
5305,충북,청주시,공사업,전문,주식회사 원,장원,28805,"충청북도 청주시 서원구 남이면 양촌4길 22 , 1층",043-233-4117
5306,충북,청주시,공사업,전문,주식회사 태웅전기앤소방,최영순,28353,충청북도 청주시 청원구 사천로18번길 5-70 (사천동),043-216-1190
5307,충북,청주시,공사업,전문,주식회사 이엔씨테크,이종희,28294,충청북도 청주시 흥덕구 2순환로742번길 2 (화계동),043-234-0006
5308,충북,청주시,공사업,전문,주식회사 엠솔루션,정희섭,28307,충청북도 청주시 청원구 외남로 70-37 (외남동),043-215-3340
5309,충북,청주시,공사업,전문,주식회사 뉴탑이앤지,신기영,28633,"충청북도 청주시 서원구 청남로1887번길 9 , 에프동 1층 1호(미평동)",043-285-1119
5310,충북,청주시,공사업,전문,주식회사 대영이앤에프,김용범,28804,충청북도 청주시 서원구 용평로 102 (분평동),043-286-3301
5311,충북,청주시,공사업,전문,주식회사 서원소방,정한직,28359,충청북도 청주시 흥덕구 고락로40번길 45-2 (지동동),043-266-8119
5312,충북,청주시,공사업,전문,광명전력 주식회사,성영철,28182,충청북도 청주시 서원구 남이면 척산2길 24-8 .,043-213-9991
5313,충북,청주시,공사업,전문,메가이엔씨,이병재,28180,충청북도 청주시 서원구 대림로 351-19 (죽림동),043-236-7283
5314,충북,청주시,공사업,전문,주식회사 대진소방,정봉매,28802,충청북도 청주시 서원구 궁뜰로33번길 91-12 (미평동),043-212-1190
5315,충북,청주시,공사업,전문,주식회사 신성이엔지,안기왕,28354,충청북도 청주시 청원구 2순환로446번길 55 (사천동),043-225-1105
5316,충북,청주시,공사업,전문,주식회사 성화텍,안윤기,28355,충청북도 청주시 흥덕구 남촌로 30 (남촌동),043-232-4736
5317,충북,청주시,공사업,전문,주식회사 도반전력,김봉수,28187,충청북도 청주시 상당구 남일면 단재로 565-1 .,043-288-0491
5318,충북,청주시,공사업,전문,(주)대신엔지니어링,한현동,28179,충청북도 청주시 서원구 남이면 남석로 409 .,043-264-6119
5319,충북,청주시,공사업,전문,주식회사 대양테크,이현정,28633,충청북도 청주시 서원구 청남로 1865-16 (미평동),043-296-2220
5320,충북,청주시,공사업,전문,(주)대신공영,이경진,28460,충청북도 청주시 흥덕구 월명로236번길 105-1 (봉명동),043-224-3500
5321,충북,청주시,공사업,전문,주식회사 대명,김창성,28480,충청북도 청주시 청원구 향군로 104 (우암동) .,043-256-2138
5322,충북,청주시,공사업,전문,주식회사 가인엔지니어링,박상희,28578,"충청북도 청주시 흥덕구 직지대로 530 , 1동 413호(송정동,청주테크노에스타워)",043-238-3788
5323,충북,청주시,공사업,전문,주식회사 동성소방안전,백영실,28805,충청북도 청주시 서원구 남이면 양촌4길 23-1 .,043-232-1190
5324,충북,청주시,공사업,전문,우리종합개발 주식회사,조영일,28150,충청북도 청주시 청원구 내수읍 도원세교로 113-22 .,043-215-5388
5325,충북,청주시,공사업,전문,주식회사 서원이에스티,김동철,28152,충청북도 청주시 청원구 내수읍 내수로 193 .,043-241-0340
5326,충북,청주시,공사업,전문,주식회사 동우이앤에스,김민경,28181,"충청북도 청주시 서원구 남이면 양촌1길 34-23 , 주2동 2층",043-286-3615
5327,충북,청주시,공사업,전문,대신물류개발 주식회사,권혁도,28537,"충청북도 청주시 청원구 상당로203번길 18 , 3층(우암동)",070-4313-5053
5328,충북,청주시,공사업,전문,주식회사 명성에이앤티(A&T),황희석,28129,충청북도 청주시 청원구 오창읍 장대길 13-16 .,043-715-9580
5329,충북,청주시,공사업,전문,주식회사 우리방재컨설팅,최성진,28497,"충청북도 청주시 청원구 안덕벌로102번길 9 (내덕동), 1층",043-214-4119
5330,충북,청주시,공사업,전문,주식회사 우진이앤씨,이재남,28353,충청북도 청주시 청원구 발산로 98-45 (사천동),043-217-7312
5331,충북,청주시,공사업,전문,(주)세종소방,이선분,28622,"충청북도 청주시 서원구 성화로40번길 46-36 , 지하층(성화동)",043-236-1119
5332,충북,청주시,공사업,전문,(주)원방재엔지니어링,이종선,28557,"충청북도 청주시 흥덕구 1순환로577번길 3 ,3층 303호 (봉명동)",043-216-6119
5333,충북,청주시,공사업,전문,주식회사 김앤드이청주,이준희,28355,충청북도 청주시 흥덕구 신성로 155-1 (신성동),070-7811-9570
5334,충북,청주시,공사업,전문,주식회사 케이소방,조인현,28491,"충청북도 청주시 청원구 공항로70번길 1 ,101호(내덕동)",043-212-1192
5335,충북,청주시,공사업,전문,케이에스소방공사,김상범,28168,"충청북도 청주시 흥덕구 오송읍 가로수로 180-5 , 1층 103-4호",043-235-1911
5336,충북,청주시,공사업,전문,주식회사 세원전기(Sewon Electric Co.),손정환,28120,"충청북도 청주시 청원구 오창읍 중심상업로 17 ,114호",043-213-0645
5337,충북,청주시,공사업,전문,주식회사 에이탑소방,노승진,28345,"충청북도 청주시 청원구 1순환로282번길 26 , 2층 (내덕동)",043-217-5119
5338,충북,청주시,공사업,전문,주식회사 상원테크,송옥순,28541,"충청북도 청주시 상당구 교서로 86-6 ,104호(영동)",043-286-7792
5339,충북,청주시,공사업,전문,삼주전력 주식회사,박상순,28353,충청북도 청주시 청원구 사천로18번길 5-66 (사천동),043-286-3501
5340,충북,청주시,공사업,전문,주식회사 새한소방,황영희,28180,"충청북도 청주시 서원구 남이면 대림로 279 , 나동",043-298-2119
5341,충북,청주시,공사업,전문,주식회사 중원산업개발,김민정,28395,"충청북도 청주시 흥덕구 풍년로 168 , 4층(가경동, 웅비빌딩)",043-236-0677
5342,충북,청주시,공사업,전문,주식회사 수호소방,"곽정훈,박준용",28153,"충청북도 청주시 청원구 내수읍 구성길 16-30 , 2층",043-216-0119
5343,충북,청주시,공사업,전문,주식회사 모든전기,박연조,28403,충청북도 청주시 흥덕구 풍년로96번길 8 (가경동),
5344,충북,청주시,공사업,전문,주식회사 새늘,안대관,28762,충청북도 청주시 상당구 용암북로160번길 10 (용암동) .,043-238-3839
5345,충북,청주시,공사업,전문,(주)한엔지니어링,하대수,28187,충청북도 청주시 상당구 남일면 효촌송암1길 81 .,043-271-1945
5346,충북,청주시,공사업,전문,동해전력(주),조성준,28292,충청북도 청주시 흥덕구 신정로81번길 45-20 (송절동),043-276-9743
5347,충북,청주시,공사업,전문,주식회사 유현에스에이피,나미숙,28181,충청북도 청주시 서원구 남이면 청남로 1484-30 .,043-223-6103
5348,충북,청주시,공사업,전문,주식회사 이에스방재,성낙길,28469,"충청북도 청주시 흥덕구 사운로 204 ,2층 (운천동)",043-233-1197
5349,충북,청주시,공사업,전문,주식회사 지산이엔씨,유현순,28804,"충청북도 청주시 서원구 용평로94번길 101 , 1동 3층(분평동)",043-293-3738
5350,충북,청주시,공사업,전문,주식회사 미르이앤씨,강병태,28186,충청북도 청주시 상당구 남일면 가좌신송로 290 .,043-283-2434
5351,충북,청주시,공사업,일반(기계),주식회사 태영앤씨,박종근,28181,충청북도 청주시 서원구 남이면 가좌신송로 61 .,043-231-7441
5352,충북,청주시,공사업,전문,주식회사 한강전기,장건수,28307,충청북도 청주시 청원구 외남로15번길 71 (외남동) .,043-266-9143
5353,충북,청주시,공사업,전문,주식회사 바로이엔씨,곽병열,28578,"충청북도 청주시 흥덕구 직지대로 530 , 1동 403호(송정동, 청주테크노에스타워)",043-295-8504
5354,충북,청주시,공사업,전문,주식회사 삼학전력공사,임윤경,28371,충청북도 청주시 흥덕구 신전로175번길 104-42 (신전동),043-272-5487
5355,충북,청주시,공사업,전문,주식회사 삼성방재,신명철,28113,"충청북도 청주시 흥덕구 옥산면 청주역로 668-1 ,2층",043-267-7119
5356,충북,청주시,공사업,전문,주식회사 경성이엔지,박찬영,28187,충청북도 청주시 상당구 남일면 효촌송암1길 51-3 .,043-297-5004
5357,충북,청주시,공사업,전문,미래산전 주식회사,민천기,28632,"충청북도 청주시 서원구 산미로 67-1 , 2층(미평동)",043-211-5114
5358,충북,충주시,공사업,전문,(주)원성,조민용,27431,충청북도 충주시 상방3길 9  (봉방동) ,043-848-2714
5359,충북,충주시,공사업,전문,(주)이화엔지니어링,김익환,27426,충청북도 충주시 봉방16길 6 (봉방동),043-854-8119
5360,충북,충주시,공사업,전문,한국소방설비 합자회사,류호기,27438,충청북도 충주시 능바우길 47 (칠금동),043-848-2828
5361,충북,충주시,공사업,전문,(주)건우전력,김영선,27333,충청북도 충주시 목행산단3로 54  (목행동),043-857-2290
5362,충북,충주시,공사업,전문,(주)동일이엔씨,곽준철,27431,충청북도 충주시 상방6길 24  (봉방동),043-851-8285
5363,충북,충주시,공사업,전문,우진방재,김두식,27439,충청북도 충주시 칠지6길 22 (칠금동),043-843-5119
5364,충북,충주시,공사업,전문,우일건설(주),이건철,27486,충청북도 충주시 안림로 94  (안림동),043-848-5544
5365,충북,충주시,공사업,전문,금강전기산업(주),안재환,27330,"충청북도 충주시 금봉대로 736 , 1층(연수동)",043-845-5622
5366,충북,충주시,공사업,전문,주식회사 중앙방재,박철균,27463,충청북도 충주시 주덕읍 신덕로 1190 .,043-847-2119
5367,충북,충주시,공사업,전문,삼정전기통신 주식회사,전정진,27441,충청북도 충주시 새말4길 12 가동 1층(칠금동),043-845-9938
5368,충북,충주시,공사업,전문,주식회사 금성소방,최기환,27412,충청북도 충주시 지현천변1길 17 (지현동),043-842-6470
5369,충북,충주시,공사업,전문,주식회사 하나이엔지,이춘형,27473,충청북도 충주시 대소원면 창현로 1138 .,043-857-8511
5370,충북,충주시,공사업,전문,대흥건설 주식회사,"김광현,김정우",27448,충청북도 충주시 중앙탑면 감노로 2230 (),043-841-0553
5371,충북,충주시,공사업,전문,주식회사 에이스소방,신찬식,27337,충청북도 충주시 팽고리산길 117 (금릉동),043-848-8119
5372,충북,충주시,공사업,전문,주식회사 나로,정지혜,27439,충청북도 충주시 칠지9길 10 (칠금동),043-854-0404
5373,충북,충주시,공사업,전문,주식회사 에이스방재,하장용,27330,충청북도 충주시 연수양지말길 33-1 (연수동),043-848-8117
5374,충북,충주시,공사업,전문,주식회사 대청전기소방,이병춘,27423,"충청북도 충주시 연못1길 65-4 , 1층(문화동)",043-743-3166
5375,충북,충주시,공사업,전문,주식회사 다산전력,신동열,27486,충청북도 충주시 약막7길 45 (안림동).,043-857-8812
5376,충북,충주시,공사업,전문,주식회사 대유전설,김성구,27430,충청북도 충주시 봉현로 18 (봉방동),043-848-1173
5377,충북,충주시,공사업,전문,주식회사 우리소방,김용환,27336,"충청북도 충주시 금봉대로 844-5 , 2층(금릉동)",043-845-0411
5378,충북,충주시,공사업,전문,삼영전력 주식회사,이춘희,27449,충청북도 충주시 중앙탑면 탄금대로 753-22 (중앙탑면),043-845-9759
5379,충북,충주시,공사업,전문,주식회사태룡전설,박용규,27315,충청북도 충주시 산척면 천등박달로 90 .,043-856-6908
5380,충북,충주시,공사업,전문,주식회사 원엔지니어링,양승욱,27426,"충청북도 충주시 탄금대로 73 , 2층(봉방동)",043-854-9183
5381,충북,충주시,공사업,전문,대원소방,김재성,27368,"충청북도 충주시 탄금대로 93 , 2층(봉방동)",043-853-1190
5382,충북,충주시,공사업,전문,주식회사 대건전력,엄희춘,27449,충청북도 충주시 중앙탑면 갈마1길 11 .,043-533-2113
5383,충북,충주시,공사업,전문,주식회사 강산에너지,임석규,27440,충청북도 충주시 낙수당1길 32 (칠금동),043-857-0669
5384,충북,충주시,공사업,전문,금평전설(주),김순희,27433,충청북도 충주시 충주호수로 65 (목행동),043-846-8056
5385,충북,충주시,공사업,전문,(주)가람엔지니어링,손광희,27440,충청북도 충주시 낙수당1길 32 (칠금동),043-854-0669
5386,충남,계룡시,공사업,전문,비에스건설(주),문명희,32826,"충청남도 계룡시 장안로 39 ,303호(금암동)",042-841-1145
5387,충남,공주시,공사업,전문,(주)태영전기통신,김창현,32589,충청남도 공주시 연수원길 14 (금흥동),041-856-2992
5388,충남,공주시,공사업,전문,(주)세종소방,박영순,32621,충청남도 공주시 원당3길 5 (반포면),041-852-9931
5389,충남,공주시,공사업,전문,(주)다경종합건설,경태현,32577,"충청남도 공주시 신금1길 11 , 2층(신관동)",041-855-7626
5390,충남,공주시,공사업,전문,(주)우림컴퍼니,정영숙,32517,충청남도 공주시 의당면 돌모루2길 6 .,041-854-3732
5391,충남,공주시,공사업,전문,(주)우석건설,박해상,32575,"충청남도 공주시 관골1길 49 ,2층(신관동)",042-472-0026
5392,충남,공주시,공사업,전문,(주)중도소방설비공사,맹세영,32563,충청남도 공주시 웅진로 124 (중동),041-857-3613
5393,충남,공주시,공사업,전문,주식회사 국전사,고기배,32517,충청남도 공주시 의당면 의당전의로 247 .,042-526-5101
5394,충남,공주시,공사업,전문,주식회사 제일소방전기공사,조복현,314-810,충청남도 공주시 의당면 율정리 205-9,041-858-7931
5395,충남,공주시,공사업,전문,(주)성심전력,박제경,32613,충청남도 공주시 계룡면 차령로 824 .,02-2685-1006
5396,충남,공주시,공사업,전문,주식회사 동인플러스에스,박경용,32622,충청남도 공주시 반포면 공암제방길 12 .,041-857-8550
5397,충남,공주시,공사업,전문,연합이엔씨 주식회사,"최지영,김종덕",32561,충청남도 공주시 우금티로 789-1 (옥룡동),042-626-1191
5398,충남,공주시,공사업,전문,(주)고려소방산업,이태원,32588,충청남도 공주시 무령로 439 2층(신관동),041-854-9119
5399,충남,공주시,공사업,전문,주식회사 성원이엔씨,신동현,32589,충청남도 공주시 차령로 2019 (송선동),041-400-8888
5400,충남,공주시,공사업,전문,신웅종합건설 주식회사,남신현,32622,충청남도 공주시 반포면 수실1길 8-6 .,041-856-8131
5401,충남,공주시,공사업,전문,주식회사 태원건설,김용민,32578,"충청남도 공주시 번영1로 163 , 3층 301호(신관동)",041-881-9633
5402,충남,공주시,공사업,전문,(주)더푸른방재,최철영,32539,충청남도 공주시 용당길 18 (산성동),041-858-3119
5403,충남,공주시,공사업,전문,일신이앤씨 주식회사,김경란,32589,충청남도 공주시 연수원길 37 (금흥동),041-852-6902
5404,충남,공주시,공사업,전문,주식회사 비젼아이티,이지환,32569,충청남도 공주시 한적2길 47 (금흥동),041-856-6551
5405,충남,공주시,공사업,전문,주식회사 명진전설,박상신,32561,"충청남도 공주시 중골1길 6 , 1층 1호 (옥룡동)",041-853-1253
5406,충남,공주시,공사업,전문,주식회사 진광전력,박성진,32538,충청남도 공주시 미나리3길 12-3 (금성동),041-857-8555
5407,충남,금산군,공사업,전문,합동소방이엔지(주),신철구,32710,충청남도 금산군 추부면 신평공단로 9-13 (1층),070-7663-6119
5408,충남,금산군,공사업,일반(전기),(주)장원전기소방공사,장양래,32723,충청남도 금산군 제원면 울바우1길 35 .,041-751-4565
5409,충남,금산군,공사업,전문,(주)계룡소방공사,한승호,32701,충청남도 금산군 복수면 문암길 148-5 .,042-531-9110
5410,충남,금산군,공사업,전문,금산소방방재(주),이수미,32727,충청남도 금산군 금산읍 비호산로 38-9 .,041-753-5119
5411,충남,금산군,공사업,전문,동광전력 주식회사,유순돌,32711,"충청남도 금산군 추부면 숭암로 94 , 동광전력(주)",070-4907-2185
5412,충남,금산군,공사업,전문,주식회사 금풍전기소방,김장석,32739,"충청남도 금산군 금산읍 인삼약초로 45 , 1동 1층 3호",041-751-0795
5413,충남,금산군,공사업,전문,(주)제일전력,최정희,32714,충청남도 금산군 추부면 마전1길 22 (),041-751-0807
5414,충남,금산군,공사업,전문,제이에스통신건설 주식회사,장현규,32711,충청남도 금산군 추부면 자부길 6 (추부면),041-751-1080
5415,충남,금산군,공사업,전문,주식회사 환한세상,최재숙,32701,충청남도 금산군 복수면 실학로 713 .,041-732-2462
5416,충남,논산시,공사업,전문,(주)태양전기통신,이정호,33003,충청남도 논산시 안심로277번길 30-11 (은진면),041-742-9581
5417,충남,논산시,공사업,전문,일산종합건설(주),박재현,32910,충청남도 논산시 계백로 2514 (연산면),042-471-4567
5418,충남,논산시,공사업,전문,(주)미래공사,민경수,32959,충청남도 논산시 논산대로241번길 17 (강산동),041-735-1333
5419,충남,논산시,공사업,전문,(자)도매전기소방공사,이한홍,33020,충청남도 논산시 가야곡면 육곡길 13-8 .,041-735-8787
5420,충남,논산시,공사업,전문,(주)밝은전기,송종선,33000,충청남도 논산시 은진면 탑정로 490-8 (),042-822-3384
5421,충남,논산시,공사업,전문,(주)우송전기,김희중,32997,충청남도 논산시 시민로 85 (내동),041-742-2503
5422,충남,논산시,공사업,전문,에스에이치기업(주),신철,33001,충청남도 논산시 은진면 매죽헌로 54-8 .,041-733-3331
5423,충남,논산시,공사업,전문,(주)그린전기소방,박봉선,32979,충청남도 논산시 논산대로351번길 13 (취암동),041-735-0787
5424,충남,논산시,공사업,전문,명진전력(주),김민경,32984,충청남도 논산시 중앙로260번길 23 (취암동),041-734-8119
5425,충남,논산시,공사업,전문,(주)밝은전력,윤은실,33000,충청남도 논산시 은진면 탑정로 490-8 .,041-732-2462
5426,충남,논산시,공사업,전문,(주)엔에스소방,정경한,32948,충청남도 논산시 대화로 91 (대교동),041-736-0015
5427,충남,논산시,공사업,전문,(주)그린이엔지,박덕규,32979,충청남도 논산시 논산대로351번길 13 (취암동),041-735-0725
5428,충남,논산시,공사업,전문,(주)대일소방,양민석,32988,충청남도 논산시 득안대로 1302 (강산동),041-735-3022
5429,충남,논산시,공사업,전문,(주)한국소방산업,박채은,32958,충청남도 논산시 강변로 158-6 (등화동),041-732-7911
5430,충남,논산시,공사업,전문,(주)태양종합건설,송인희,33003,충청남도 논산시 은진면 안심로277번길 30-11 .,041-742-9583
5431,충남,논산시,공사업,전문,주식회사 온누리전기,이상미,33007,충청남도 논산시 연무읍 연무로 214-1 .,041-952-4576
5432,충남,논산시,공사업,전문,주식회사 비에스이엔씨,이상미,33000,충청남도 논산시 은진면 탑정로 490-8 .,041-732-2462
5433,충남,논산시,공사업,전문,주식회사 신원전력,이석태,32959,충청남도 논산시 논산대로241번길 17 (강산동),041-733-4332
5434,충남,논산시,공사업,전문,주식회사 온빛건설,이동길,32997,충청남도 논산시 시민로 85 (내동),041-742-9091
5435,충남,논산시,공사업,전문,주식회사 경원소방,전남기,32971,"충청남도 논산시 계백로 1055 , 1층 101호(반월동, 형욱빌딩)",041-734-1119
5436,충남,당진시,공사업,전문,서진산업(주),유희창,31767,충청남도 당진시 원당로 9-17 (원당동),041-356-4500
5437,충남,당진시,공사업,전문,세광전기(주),이성만,31734,충청남도 당진시 영금절골길 13 (송악읍),041-355-1800
5438,충남,당진시,공사업,전문,호준전업(주),인순이,31772,충청남도 당진시 당진중앙2로 332-31 (원당동),041-355-4516
5439,충남,당진시,공사업,전문,(주)하나소방,김석태,31785,"충청남도 당진시 백암로 148 , 2층(채운동)",041-358-1911
5440,충남,당진시,공사업,전문,(주)해원이앤지,김현배,31801,충청남도 당진시 정미면 서해로 5312 .,041-358-1067
5441,충남,당진시,공사업,전문,(주)공단소방,이환규,31724,충청남도 당진시 송악읍 신복운로4길 12 (1층 샛별빌딩),041-353-3118
5442,충남,당진시,공사업,전문,(주)에스케이소방,최광일,31779,충청남도 당진시 어리로 71-8 (채운동),041-357-1195
5443,충남,당진시,공사업,전문,주식회사 진광이앤씨,이미란,31811,충청남도 당진시 합덕읍 남부로 1771 .,041-363-3059
5444,충남,당진시,공사업,전문,(주)서부전기,방승희,31811,충청남도 당진시 합덕읍 운곡새말길 8 .,041-363-1983
5445,충남,당진시,공사업,전문,(주)다원엔지니어링,김경영,31764,"충청남도 당진시 서해로 6105 , 203호(시곡동)",041-356-7520
5446,충남,당진시,공사업,전문,주식회사 금성엔지니어링,황윤국,31712,충청남도 당진시 원무수길 8-28 (송산면),041-355-7215
5447,충남,당진시,공사업,전문,주식회사 태성공영,이증용,31774,"충청남도 당진시 무수동1길 25-22 (읍내동, 흥환빌딩 4층)",042-633-7860
5448,충남,당진시,공사업,전문,(주)그린산전,김문우,31739,충청남도 당진시 신평면 독암골길 30-15 (거산리),041-355-9900
5449,충남,당진시,공사업,전문,(주)벽우,한기흥,31765,충청남도 당진시 시곡로 327 (시곡동),041-357-4444
5450,충남,당진시,공사업,전문,(주)한솔이피씨,이재현,31778,"충청남도 당진시 대덕1로 45 , 당진하우시스 514호(대덕동)",041-352-8398
5451,충남,당진시,공사업,전문,거산소방(주),김기철,31748,"충청남도 당진시 신평면 덕평로 1375-1 , 2층",041-354-5119
5452,충남,당진시,공사업,전문,(주)경동이앤지,황일재,31784,충청남도 당진시 백암로 75-4 (채운동),041-356-5118
5453,충남,당진시,공사업,전문,(주)서룡전기,김경미,31774,충청남도 당진시 무수동1길 11 (읍내동),041-355-0366
5454,충남,당진시,공사업,전문,(주)대원전력,이만구,31801,충청남도 당진시 정미면 아래말길 3 (),041-356-2555
5455,충남,당진시,공사업,전문,주식회사 청원전력개발,유은주,31816,충청남도 당진시 합덕읍 면천로 1393 .,041-363-0750
5456,충남,당진시,공사업,전문,주식회사 인덕,유정아,31816,충청남도 당진시 합덕읍 면천로 1393 .,041-531-9444
5457,충남,당진시,공사업,전문,주식회사 새미래소방,조용영,31771,"충청남도 당진시 밤절로 136 , 7층 5호(수청동,시티타워빌딩)",042-719-2119
5458,충남,당진시,공사업,전문,(주)창신,박종휴,31721,충청남도 당진시 송악읍 부곡공단4길 28-333 .,02-588-7862
5459,충남,당진시,공사업,전문,주식회사 일일구소방,유경식,31785,"충청남도 당진시 서부로 39-9 ,1층(채운동,솔라움4차)",041-358-9119
5460,충남,당진시,공사업,전문,유한회사 에스디플랜트,최경임,31784,충청남도 당진시 백암로 75-4 (채운동),070-4699-7133
5461,충남,당진시,공사업,전문,주식회사 엠케이전력,"윤용휘,김광욱",31737,충청남도 당진시 송악읍 반촌로 295 .,041-358-2586
5462,충남,당진시,공사업,전문,서광건설산업(주),강철언,31771,"충청남도 당진시 밤절로 132-113 , 302호, 303호(수청동,위너스시티)",041-354-5000
5463,충남,당진시,공사업,전문,한울소방,"김경태,황주연",31786,충청남도 당진시 대덕로 8 (대덕동),041-357-3119
5464,충남,당진시,공사업,전문,주식회사 국보전력,박영옥,31712,"충청남도 당진시 송산면 원무수길 8-28 , 2층 202호",041-352-4924
5465,충남,당진시,공사업,전문,주식회사 서광전기통신,구본충,31783,충청남도 당진시 남부로 58 (채운동),041-356-1234
5466,충남,당진시,공사업,전문,주식회사 정명,정용준,31763,충청남도 당진시 원당골길 27 (원당동),041-357-1191
5467,충남,당진시,공사업,전문,주식회사 신일전기,성호용,31783,충청남도 당진시 채원들길 88 (행정동),041-352-5008
5468,충남,당진시,공사업,전문,주식회사 일오삼,손우경,31816,"충청남도 당진시 합덕읍 면천로 1393 ,2 층",041-531-9448
5469,충남,당진시,공사업,전문,주식회사 명신일렉트릭,임영용,31711,충청남도 당진시 송산면 유두골길 101 .,041-352-7054
5470,충남,당진시,공사업,전문,주식회사 구주전력,황원의,31816,충청남도 당진시 합덕읍 면천로 1393 .,041-362-8300
5471,충남,당진시,공사업,전문,주식회사 태강전설,이선영,31715,"충청남도 당진시 송산면 장파길 1 , 비동",070-7724-1077
5472,충남,당진시,공사업,일반(기계),(주)명정플랜트,곽명식,31702,충청남도 당진시 석문면 산단3로7길 40 .,041-358-3616
5473,충남,당진시,공사업,전문,명우네오텍 주식회사,이효원,31715,충청남도 당진시 송산면 녹동로 210-1 .,041-357-5910
5474,충남,당진시,공사업,전문,유신이앤씨 주식회사,유장환,343-824,충청남도 당진시 송악읍 반촌리 846-7,041-356-5670
5475,충남,보령시,공사업,전문,일오삼전력 주식회사,박휘병,33428,충청남도 보령시 독정길 73-7 (죽정동),041-935-1530
5476,충남,보령시,공사업,전문,주식회사 디와이,신상준,33435,충청남도 보령시 큰오랏1길 94-15 (동대동),041-932-8558
5477,충남,보령시,공사업,전문,천우전기(주),허헌,33429,충청남도 보령시 옥마로 316 (화산동),041-935-6555
5478,충남,보령시,공사업,전문,대보전설(주),김태수,33436,충청남도 보령시 신설5길 48  (동대동),041-932-0460
5479,충남,보령시,공사업,전문,엔에스시스템(주),전혜숙,33415,충청남도 보령시 배재길 6-77 (주포면),041-935-7388
5480,충남,보령시,공사업,전문,한아전설(주),이경재,33428,충청남도 보령시 죽성로 65 (죽정동),041-931-1418
5481,충남,보령시,공사업,전문,충남전력기술(주),"최병주,조종근",33492,충청남도 보령시 여상길 6 (내항동),041-931-7119
5482,충남,보령시,공사업,전문,대동아전력(주),서은영,33449,"충청남도 보령시 구시7길 78 , 1층(대천동)",041-935-7994
5483,충남,보령시,공사업,전문,(주)해냄소방,김덕규,33475,충청남도 보령시 흥덕굴안길 9 (명천동),041-935-1191
5484,충남,보령시,공사업,전문,주식회사 보령에스,김영미,33436,충청남도 보령시 신평로 9 (동대동),041-935-9181
5485,충남,보령시,공사업,전문,보령전설 주식회사,조광현,33492,충청남도 보령시 여상길 43-33 (내항동),041-935-7812
5486,충남,보령시,공사업,전문,주식회사 보령소방,이미옥,33410,"충청남도 보령시 주교면 대천방조제로 751 , 1층",041-934-6119
5487,충남,보령시,공사업,전문,(주)한국전기,서정옥,33441,충청남도 보령시 동죽2로 40 (죽정동) .,041-933-1798
5488,충남,보령시,공사업,전문,주식회사 신동아이엠에스,박하석,33430,충청남도 보령시 옥마로 178 (동대동),041-934-3758
5489,충남,보령시,공사업,전문,주식회사 에이치케이씨,채희관,33435,"충청남도 보령시 큰오랏1길 94-7 , 2층(동대동)",041-936-0485
5490,충남,보령시,공사업,전문,신한전설(주),윤귀열,33430,충청남도 보령시 신평로 10 (동대동),041-933-4964
5491,충남,보령시,공사업,전문,씨아이에스이엔지 주식회사,문진희,33481,"충청남도 보령시 한내로 62 , 2동 110호(명천동)",041-934-3755
5492,충남,보령시,공사업,전문,지스포텍 주식회사,김학철,33436,충청남도 보령시 신설5길 100 (동대동),041-935-9180
5493,충남,보령시,공사업,전문,경동이엔지(주),이장희,33436,"충청남도 보령시 신설1길 15 , 2층(동대동)",041-936-6722
5494,충남,보령시,공사업,전문,중부발전서비스 주식회사,강석중,33475,"충청남도 보령시 명천로4길 23 ,2층 (명천동)",070-4247-0316
5495,충남,보령시,공사업,전문,부경엔지니어링(주),"구종회,백경희",33475,충청남도 보령시 흥곡천변로 21 (명천동) 201호,070-4204-7689
5496,충남,부여군,공사업,전문,신화전기(주),김명종,33153,충청남도 부여군 부여읍 사비로49번길 9-6 (),041-836-8965
5497,충남,부여군,공사업,전문,진우전력(주),송용민,33199,"충청남도 부여군 홍산면 대백제로 699 ,",041-835-1585
5498,충남,부여군,공사업,전문,구일종합건설(주),김찬식,33166,충청남도 부여군 금성로 2 (부여읍),041-836-9191
5499,충남,부여군,공사업,전문,주식회사 네오방재,김영규,33134,충청남도 부여군 부여읍 성왕로 305 .,042-221-0119
5500,충남,부여군,공사업,전문,현대전력 주식회사,김현,33165,충청남도 부여군 부여읍 성왕로36번길 4-25 .,041-571-8229
5501,충남,부여군,공사업,전문,주식회사 원광전력,양재희,33165,충청남도 부여군 부여읍 성왕로36번길 4-25 .,041-837-4996
5502,충남,부여군,공사업,전문,주식회사 동남전기통신,이성호,33156,"충청남도 부여군 부여읍 금성로 31 ,102호",041-834-7589
5503,충남,부여군,공사업,전문,주식회사 원기업,이재규,33112,충청남도 부여군 은산면 충의로622번길 23 (은산산업단지),042-826-4999
5504,충남,서산시,공사업,전문,(주)파라텍,박선기,32010,충청남도 서산시 수석산업로 51 (수석동),02-3780-8742
5505,충남,서산시,공사업,전문,서령전기(주),김용식,32011,충청남도 서산시 남부순환로 95 (오남동),041-667-0844
5506,충남,서산시,공사업,전문,(주)서광,조경상,32002,충청남도 서산시 잠홍2길 110 (잠홍동),041-667-4000
5507,충남,서산시,공사업,전문,(주)에이스에프에스,박병권,31901,충청남도 서산시 대산읍 독곶2로 18 .,041-668-7119
5508,충남,서산시,공사업,전문,(합)성원소방설비공사,서인숙,32009,충청남도 서산시 중앙로 446 (수석동),041-665-2554
5509,충남,서산시,공사업,전문,(주)토탈방재,배대순,31900,충청남도 서산시 대산읍 독곶수등길 51 (대산읍),041-667-9119
5510,충남,서산시,공사업,전문,(주)도원이엔씨,성우종,31982,"충청남도 서산시 고운로 187 ,3층(동문동)",041-667-0086
5511,충남,서산시,공사업,전문,(주)아이티에스,양진석,31931,충청남도 서산시 성연4로 101-56 (성연면),041-666-1804
5512,충남,서산시,공사업,전문,승아전기(주),김태훈,31982,"충청남도 서산시 서령로 14 , 102호(동문동)",041-662-6608
5513,충남,서산시,공사업,전문,서림종합건설(주),"최길학,김경호",31984,"충청남도 서산시 읍내3로 28 ,5층(읍내동)",041-667-1155
5514,충남,서산시,공사업,전문,(주)중앙소방기술사무소,만태권,31994,충청남도 서산시 한마음10길 10 (석림동),041-668-0911
5515,충남,서산시,공사업,전문,(주)문화전기,김요안,31982,충청남도 서산시 서령로 14 (동문동),041-665-2581
5516,충남,서산시,공사업,전문,욱일전설(주),배태원,31907,충청남도 서산시 대산읍 명지2로 183-6 .,041-681-6288
5517,충남,서산시,공사업,전문,(주)동양소방,이금주,31994,충청남도 서산시 한마음13로 13 (석림동),041-666-2119
5518,충남,서산시,공사업,전문,(자)대우소방설비공사,최종덕,31991,충청남도 서산시 한마음5로 71 (석림동),041-667-2119
5519,충남,서산시,공사업,전문,현대공영(주),전준형,32009,충청남도 서산시 한성지1길 51 (수석동),041-665-4590
5520,충남,서산시,공사업,전문,(주)상도소방,박상희,32016,"충청남도 서산시 인지면 애정길 108 ,1층",041-663-3119
5521,충남,서산시,공사업,전문,(주)비앤와이이엔지,윤대호,31988,충청남도 서산시 충의로 29-21 (예천동),041-665-1188
5522,충남,서산시,공사업,전문,주식회사 서해소방,권길중,32005,충청남도 서산시 공림3길 23-1 (예천동),041-662-3119
5523,충남,서산시,공사업,전문,(주)성광소방,박종수,32011,충청남도 서산시 장동1길 16-2 (장동),041-665-2101
5524,충남,서산시,공사업,전문,주식회사 제이엠이엔지,위승철,32009,충청남도 서산시 덕지천로 363 (오남동),041-664-7688
5525,충남,서산시,공사업,전문,주식회사 서일플랜트,김상권,31900,충청남도 서산시 대산읍 독곶1로 37-2 .,041-668-0486
5526,충남,서산시,공사업,전문,주식회사 정인이앤씨,박성호,32004,충청남도 서산시 남원3길 7 (석남동),041-667-5448
5527,충남,서산시,공사업,전문,주식회사 서령소방설비공사,김창숙,32015,충청남도 서산시 인지면 둔산1길 75 .,041-663-1235
5528,충남,서산시,공사업,전문,주식회사 조양전기,엄현지,31961,"충청남도 서산시 해미면 황락1길 27-13 ,302호",041-920-6647
5529,충남,서산시,공사업,전문,주식회사 세이프루트,박명순,31995,충청남도 서산시 덕지천로 40-1 (석남동),041-666-0117
5530,충남,서산시,공사업,전문,주식회사 연두소방,이영옥,32011,"충청남도 서산시 남부순환로 163-4 , 2호 (장동)",
5531,충남,서천군,공사업,전문,(주)보광소방방재,박흥림,33675,충청남도 서천군 장항로 211 (장항읍),041-956-1205
5532,충남,서천군,공사업,전문,한국메가와트(주),정미섭,33647,충청남도 서천군 충절로 146 (서천읍),041-952-6001
5533,충남,서천군,공사업,전문,(주)태화기전,이양우,33647,"충청남도 서천군 서천읍 장서로 853 , 3호",041-953-4041
5534,충남,서천군,공사업,전문,(주)알파앤오메가,이성숙,33637,"충청남도 서천군 서천읍 군사길 39-2 ,2호",041-953-4424
5535,충남,서천군,공사업,전문,주식회사 천우,윤상규,33647,충청남도 서천군 서천읍 충절로 146 .,041-952-4477
5536,충남,서천군,공사업,전문,대원 주식회사,김신애,33637,충청남도 서천군 서천읍 서문로 45 .,041-953-4643
5537,충남,서천군,공사업,전문,주식회사 동조전력,이영신,33637,충청남도 서천군 서천읍 군사길 39-2 .,041-952-5226
5538,충남,서천군,공사업,전문,지심전기 주식회사,송원표,33637,"충청남도 서천군 서천읍 서문로 53 , 1층",041-953-7207
5539,충남,아산시,공사업,전문,주식회사 아산이엔테크,성기탁,31522,충청남도 아산시 삼동로70번길 12 (모종동),041-549-5119
5540,충남,아산시,공사업,전문,주식회사 홍전일렉스,박인원,31581,"충청남도 아산시 설화산길 79-45 , 1동 2층(좌부동)",041-549-2834
5541,충남,아산시,공사업,전문,경남기업(주),이기동,31519,"충청남도 아산시 청운로176번길 25 , 2층(권곡동)",02-6712-5300
5542,충남,아산시,공사업,일반(전기),(주)엠에프이앤아이,김명곤,31459,충청남도 아산시 탕정면 탕정면로 350-34 .,041-547-8552
5543,충남,아산시,공사업,전문,(주)아산소방,노진호,31581,충청남도 아산시 배방읍 순천향로 1016-14 (신흥리),041-544-6119
5544,충남,아산시,공사업,전문,주식회사 아이렙코,이순범,31450,충청남도 아산시 염치읍 송곡길68번길 38 .,041-531-9448
5545,충남,아산시,공사업,전문,(주)대건소방,김동학,31532,충청남도 아산시 온천대로 1144 (득산동),041-544-7119
5546,충남,아산시,공사업,전문,주식회사 대봉건설,박희곤,31581,"충청남도 아산시 고불로 705 , 1층 105호,106호,107호(좌부동)",041-548-0271
5547,충남,아산시,공사업,전문,(주)성화이엔씨,김종갑,31526,충청남도 아산시 번영로230번길 21-3 (모종동),041-545-6956
5548,충남,아산시,공사업,전문,신성엔지니어링(주),박대휘,31458,충청남도 아산시 음봉로 850 (탕정면),02-2600-9605
5549,충남,아산시,공사업,전문,(주)동국방재,권기안,31502,"충청남도 아산시 문화로 33-11 ,201호(실옥동)",041-547-7119
5550,충남,아산시,공사업,전문,주식회사 태경소방,전연희,31486,"충청남도 아산시 배방읍 모산로126번길 17-6 , 201호",041-541-3817
5551,충남,아산시,공사업,전문,(주)대상이엔지,양영주,31548,충청남도 아산시 선장면 서들북로 173-23 .,
5552,충남,아산시,공사업,전문,(주)금광전기,김용광,31415,충청남도 아산시 음봉면 연암산로 67 (동암리),041-541-8237
5553,충남,아산시,공사업,전문,우남전력 주식회사,박연수,31529,충청남도 아산시 배미로 40 (배미동),041-548-3921
5554,충남,아산시,공사업,전문,(주)일신이엔지,윤진식,31508,충청남도 아산시 번영로85번길 6 (온천동),041-545-6060
5555,충남,아산시,공사업,전문,해유건설(주),"한세우,최홍윤",31415,"충청남도 아산시 음봉면 연암산로 71-16 ,비동",041-543-1891
5556,충남,아산시,공사업,일반(전기),진우안전 주식회사,김종률,31460,"충청남도 아산시 탕정면 선문로221번길 40-16 , 1층 101호",041-533-3115
5557,충남,아산시,공사업,전문,주식회사 대운소방,오찬수,31460,충청남도 아산시 탕정면 선문로 225 .,041-549-7331
5558,충남,아산시,공사업,전문,주식회사 에스엔엘이엔지,김성우,31457,"충청남도 아산시 탕정면 용머리길 82 , 10층 1001호(갤럭시엠타워)",031-949-9964
5559,충남,아산시,공사업,전문,아이비전기 주식회사,서영민,31560,충청남도 아산시 순천향로 882 1동 2층(읍내동),041-666-5478
5560,충남,아산시,공사업,전문,우리이앤아이(주),김구,31413,충청남도 아산시 음봉면 연암율금로295번길 2 .,041-534-3216
5561,충남,아산시,공사업,전문,주식회사 거성소방,정치영,31518,충청남도 아산시 권곡로14번길 26-26 (권곡동),041-543-0119
5562,충남,아산시,공사업,전문,(주)청우디엔시,"김숙화,이민규",31470,"충청남도 아산시 배방읍 희망로46번길 11-16 ,1108호(파모스라움)",02-3434-8888
5563,충남,아산시,공사업,전문,(주)더함이엔지,강성일,31464,"충청남도 아산시 배방읍 용연로 12 , 203호(중앙프라자)",041-545-9696
5564,충남,아산시,공사업,전문,천아전기 주식회사,한에스더,31581,"충청남도 아산시 설화산길 79-45 , 1동 2층(좌부동)",041-549-2834
5565,충남,아산시,공사업,전문,주식회사 선명산업,한재용,31445,충청남도 아산시 염치읍 쌍죽길 144-11 (쌍죽리),041-541-1351
5566,충남,아산시,공사업,전문,주식회사 태원방재,이기태,31479,"충청남도 아산시 배방읍 배방로 92-2 , 1층(1호)",041-542-3119
5567,충남,아산시,공사업,전문,상도종합건설 주식회사,박동필,31470,"충청남도 아산시 배방읍 희망로46번길 42-6 , 2층(호인빌딩)",041-544-6337
5568,충남,아산시,공사업,전문,(주)에프씨방재,문웅근,31533,"충청남도 아산시 신창면 행목로 72 , 102호",041-547-7991
5569,충남,아산시,공사업,전문,주식회사 진성이엔지,장준재,31415,충청남도 아산시 음봉면 연암산로 88-15 .,041-534-7554
5570,충남,아산시,공사업,전문,정엔지니어링 주식회사,양우진,31581,"충청남도 아산시 순천향로 931-1 , 2층(201호)(좌부동)",041-545-3811
5571,충남,아산시,공사업,전문,에프엠이앤씨 주식회사,심상훈,31477,충청남도 아산시 배방읍 갈산교로 56 .,041-547-8116
5572,충남,아산시,공사업,전문,주식회사 거명소방전기,박영호,31453,"충청남도 아산시 탕정면 삼성로 325 , 204호",041-542-2119
5573,충남,아산시,공사업,전문,(주)명문이엔지,정경아,31581,충청남도 아산시 고불로 697 (좌부동),041-533-3827
5574,충남,아산시,공사업,전문,충무소방기술,박세진,31559,"충청남도 아산시 초사길 3-90 , 3동(초사동)",041-548-7119
5575,충남,아산시,공사업,전문,(주)중부이엔지,김선옥,31560,"충청남도 아산시 순천향로 882 , 2층(읍내동)",041-547-1330
5576,충남,아산시,공사업,전문,주식회사 경일전기,최범진,31424,충청남도 아산시 영인면 토정로 148 .,041-534-5570
5577,충남,아산시,공사업,전문,주식회사 충청소방,장인숙,31461,"충청남도 아산시 탕정면 선문로 213 , 102호",041-425-1056
5578,충남,아산시,공사업,일반(기계),나이스텍(주),신두국,31434,"충청남도 아산시 인주면 인주로 197 ,",041-547-9010
5579,충남,아산시,공사업,전문,다우이엔씨 주식회사,정구열,31488,"충청남도 아산시 배방읍 배방로105번길 31 , 상가동 107호(대우 푸르지오 아파트)",041-428-9411
5580,충남,예산군,공사업,전문,(주)삼성이엔지,이정숙,32434,충청남도 예산군 예산읍 예산로 315-1 에이동2층,041-335-1125
5581,충남,예산군,공사업,전문,(자)삼원소방,김서길,32425,"충청남도 예산군 오가면 오가중앙로 146-5 ,",041-335-0119
5582,충남,예산군,공사업,전문,주식회사 에프에스방재,황연홍,32421,충청남도 예산군 예산읍 창말로 22-7 .,041-331-9119
5583,충남,예산군,공사업,전문,주식회사 시온,조영호,32431,"충청남도 예산군 예산읍 벚꽃로 43-8 , 101호 (샤인빌)",041-332-2222
5584,충남,예산군,공사업,전문,삼흥전기 주식회사,"주지훈,주창현",32440,충청남도 예산군 예산읍 천변남길 33-3 .,041-335-2286
5585,충남,예산군,공사업,전문,주식회사 프라임,임창희,32428,"충청남도 예산군 예산읍 벚꽃로 149-4 , 3층",041-335-6767
5586,충남,예산군,공사업,전문,주식회사 삼화이엔지,오민택,32416,"충청남도 예산군 삽교읍 의향로 315 , 3층 309호(내포 에드가프라자3차)",041-331-3778
5587,충남,예산군,공사업,전문,주식회사 삼성이엔씨,이영재,32438,충청남도 예산군 예산읍 예산로 320-7 .,041-331-1125
5588,충남,예산군,공사업,전문,주식회사 이레이앤씨,조승규,32432,"충청남도 예산군 예산읍 벚꽃로 40-6 , 101호",041-331-9200
5589,충남,천안시,공사업,전문,주식회사 기천,조덕승,31227,충청남도 천안시 동남구 목천읍 미죽로 461-1 .,041-562-9411
5590,충남,천안시,공사업,전문,주식회사 대우이엔지,임세환,31069,충청남도 천안시 동남구 천안대로 562 (구성동),041-551-5378
5591,충남,천안시,공사업,전문,(주)한국소방설비이엔지,김영중,31153,"충청남도 천안시 동남구 천안천2길 11 ,101호(봉명동)",041-558-4119
5592,충남,천안시,공사업,전문,인창방재,"최준양,최상호",31138,충청남도 천안시 서북구 서부11길 10  (성정동) ,041-565-7797
5593,충남,천안시,공사업,전문,(주)광전사,박현석,31215,충청남도 천안시 동남구 풍세면 미죽로 352 .,041-578-2885
5594,충남,천안시,공사업,전문,원광이앤지(주),임연성,31038,충청남도 천안시 서북구 직산읍 부송3길 23-31 (부송리),041-585-0101
5595,충남,천안시,공사업,전문,글로벌텍(주),강석원,31026,충청남도 천안시 서북구 입장면 연곡길 392 .,070-7018-5405
5596,충남,천안시,공사업,전문,(주)삼호엔지니어링,임시경,31192,충청남도 천안시 동남구 구성1길 19 (구성동),041-563-1190
5597,충남,천안시,공사업,전문,주식회사 화인포스텍,박문선,31068,충청남도 천안시 동남구 태조산길 49 (유량동),041-552-9644
5598,충남,천안시,공사업,전문,(주)디에이치전설,정인수,31183,충청남도 천안시 동남구 용곡4길 10-29 (용곡동),041-578-5410
5599,충남,천안시,공사업,전문,(주)다솔하이텍,김윤정,31036,충청남도 천안시 서북구 직산읍 직산로 135-21 .,041-622-4221
5600,충남,천안시,공사업,전문,(주)해성전기,장상영,31197,"충청남도 천안시 동남구 청수10길 4-64 , 101호(청당동)",070-8657-2520
5601,충남,천안시,공사업,전문,(주)범일엔지니어링,전기용,31202,충청남도 천안시 동남구 용수골길 62 (용곡동),041-576-8672
5602,충남,천안시,공사업,전문,명광기업(주),이규호,31208,충청남도 천안시 동남구 통정7길 4 (신방동),041-523-1595
5603,충남,천안시,공사업,전문,기룡전기 주식회사,이중선,31227,"충청남도 천안시 동남구 목천읍 학수소사길 92 ,1동 101호",041-567-8744
5604,충남,천안시,공사업,전문,(주)대진방재,임영묵,31148,충청남도 천안시 동남구 봉서6길 8 (봉명동),041-578-1971
5605,충남,천안시,공사업,전문,신한이엔지(주),정지윤,31076,충청남도 천안시 서북구 2공단3로 96-9 (업성동),041-573-6615
5606,충남,천안시,공사업,전문,(주)수산인더스트리,"한봉섭,김병현",31081,충청남도 천안시 서북구 천일고3길 47 (신당동),02-2017-8114
5607,충남,천안시,공사업,전문,(주)대한이엔지,이기영,31076,충청남도 천안시 서북구 2공단3로 102-14 (업성동),041-548-7947
5608,충남,천안시,공사업,전문,(주)전진소방,전춘영,31099,"충청남도 천안시 서북구 늘푸른1길 16 (두정동,201호)",041-564-3119
5609,충남,천안시,공사업,전문,(주)세종이십일,"임건태,공하희",31083,충청남도 천안시 서북구 신당새터2길 33 (신당동),041-523-1197
5610,충남,천안시,공사업,전문,(주)범일소방,주양자,31047,충청남도 천안시 서북구 복덕길 23 (성거읍),041-592-5119
5611,충남,천안시,공사업,전문,(주)대성소방설비공사,윤춘식,31167,"충청남도 천안시 서북구 미라16길 12 ,101호(쌍용동)",041-592-1400
5612,충남,천안시,공사업,전문,(주)푸른소방이엔지,성기만,31135,충청남도 천안시 서북구 서부18길 49 (성정동),041-578-5119
5613,충남,천안시,공사업,전문,태림전기(주),장화순,31069,충청남도 천안시 동남구 천안대로 562 (구성동),041-532-8811
5614,충남,천안시,공사업,전문,(주)태승,이태왕,31212,충청남도 천안시 동남구 중리1길 81 (구룡동),041-573-5527
5615,충남,천안시,공사업,전문,천둥방재소방(주),"나기영,이재영",31135,"충청남도 천안시 서북구 동서대로 186 , 3층(지하층, 4층)(성정동)",041-578-6188
5616,충남,천안시,공사업,전문,(주)동일토건,고동현,31090,충청남도 천안시 서북구 두정로 106 (두정동) 엠프라자 4층,02-2007-2401
5617,충남,천안시,공사업,일반(기계),엘리트방재(주),안원석,31177,충남 천안시 동남구 신방동 784-1 번지 천안산업기자재유통단지 3071호,041-570-6911
5618,충남,천안시,공사업,전문,(주)엔에스컴퍼니,이종화,31245,충청남도 천안시 동남구 성남면 성남로 349 .,041-555-7290
5619,충남,천안시,공사업,"일반(전기),일반(기계)",(주)대우소방설비,유진성,31172,충청남도 천안시 서북구 쌍용15길 76 (쌍용동),041-573-3604
5620,충남,천안시,공사업,전문,주식회사 영흥방재산업,이윤자,31182,충청남도 천안시 동남구 다가말4길 22 (다가동),041-578-8119
5621,충남,천안시,공사업,전문,대교전설 주식회사,권용일,31039,충청남도 천안시 서북구 직산읍 모시1길 36 .,041-583-5456
5622,충남,천안시,공사업,전문,(주)중부전기,문순복,31068,충청남도 천안시 동남구 태조산길 195-8 (유량동),041-563-1693
5623,충남,천안시,공사업,전문,(주)성진전기,조만형,31128,"충청남도 천안시 동남구 버들로 17 , 4층 411호(문화동, 까뮤이스테이트엔트리움)",031-457-6444
5624,충남,천안시,공사업,전문,(주)범일방재,황영수,31047,충청남도 천안시 서북구 복덕길 23 (성거읍),041-578-2001
5625,충남,천안시,공사업,전문,(주)광원전력,"원진희,김정옥",31068,충청남도 천안시 동남구 양지말2길 15 (유량동),041-577-4472
5626,충남,천안시,공사업,전문,대신방재(주),김용재,31186,충청남도 천안시 동남구 충무로 475 (원성동),041-557-1119
5627,충남,천안시,공사업,전문,(자)천안소방설비공사,장인수,31187,충청남도 천안시 동남구 고재15길 43 (원성동),041-553-9447
5628,충남,천안시,공사업,전문,(주)대림엔지니어링,이태희,31148,충청남도 천안시 동남구 봉서6길 8  (봉명동),041-578-1972
5629,충남,천안시,공사업,일반(전기),(주)대광전기,정승재,31128,충청남도 천안시 동남구 중앙로 155 (성황동),041-522-8900
5630,충남,천안시,공사업,전문,(주)제일기건,박창재,31081,충청남도 천안시 서북구 천일고2길 68 (신당동),041-584-2766
5631,충남,천안시,공사업,전문,동성건설(주),"이영찬,김주환",31109,"충청남도 천안시 서북구 성정두정로 19 , 2층 207호(성정동)",042-829-0218
5632,충남,천안시,공사업,전문,(유)대하종합설비,이용철,31138,충청남도 천안시 서북구 서부15길 3-2 (성정동),041-575-5389
5633,충남,천안시,공사업,"일반(전기),일반(기계)",(주)청계소방,강달순,31132,충청남도 천안시 동남구 중앙로 72 (오룡동),041-551-4503
5634,충남,천안시,공사업,전문,(주)창성소방엔지니어링,박상순,31069,충청남도 천안시 동남구 유량로 42 (구성동),041-553-9800
5635,충남,천안시,공사업,전문,세원전기(주),임은철,31069,충청남도 천안시 동남구 천안대로 562 (구성동),041-551-5380
5636,충남,천안시,공사업,전문,(주)대현방재,소병준,31126,"충청남도 천안시 동남구 천안대로 707-1 (원성동, JC빌딩 1층)",041-584-9111
5637,충남,천안시,공사업,전문,주식회사 에프코리아,김정호,31191,"충청남도 천안시 동남구 대흥로 48 , 2층(구성동)",041-551-2119
5638,충남,천안시,공사업,전문,정연코퍼레이션 주식회사,장두희,31158,"충청남도 천안시 서북구 백석3로 130-14 , 4층(백석동)",041-565-7010
5639,충남,천안시,공사업,전문,창성이엔지(주),"박종수,이선훈",31208,충청남도 천안시 동남구 통정1로 5-6 (신방동),041-574-7748
5640,충남,천안시,공사업,전문,(주)대림엠이씨,이용철,31104,"충청남도 천안시 서북구 1공단4길 27 , 3층 (두정동, 새론타워)",041-564-5354
5641,충남,천안시,공사업,전문,주식회사 하나소방1ST,김석태,31067,충청남도 천안시 동남구 만남의길 24 (신부동),041-579-1919
5642,충남,천안시,공사업,전문,(주)우리소방,윤주헌,31068,충청남도 천안시 동남구 태조산길 120-10 (유량동),041-566-1911
5643,충남,천안시,공사업,전문,동은엔지니어링(주),임장순,31221,충청남도 천안시 동남구 광덕면 신흥리1길 66 .,02-6925-2557
5644,충남,천안시,공사업,전문,주식회사 에이치디이엔지,김형도,31076,충청남도 천안시 서북구 2공단3로 96-7 (업성동),041-551-1564
5645,충남,천안시,공사업,전문,주식회사 우성소방,우성열,31106,"충청남도 천안시 서북구 두정상가1길 5 ,201호(두정동, 새아스빌오피스텔)",041-578-1191
5646,충남,천안시,공사업,일반(전기),건우이앤지 주식회사,김만중,31076,충청남도 천안시 서북구 2공단3로 96-6 (업성동),041-522-7630
5647,충남,천안시,공사업,전문,(주)대진방재엔지니어링,"서종분,김병훈",31148,충청남도 천안시 동남구 봉서6길 6 (봉명동) 201호,041-579-5119
5648,충남,천안시,공사업,전문,(주)신흥이앤씨,최병석,31096,충청남도 천안시 서북구 한들1로 34-3 (백석동),041-531-0102
5649,충남,천안시,공사업,전문,주식회사 범창소방,이상구,31179,"충청남도 천안시 서북구 월봉1길 5 , 2층 (쌍용동)",041-575-5776
5650,충남,천안시,공사업,전문,주식회사 제이에스방재,김주,31108,"충청남도 천안시 서북구 성정중5길 3 , 라동 401호(성정동,쌍둥이빌딩)",041-577-1190
5651,충남,천안시,공사업,일반(전기),주식회사 테라이에프씨,최종명,31126,"충청남도 천안시 동남구 버들로 115-2 , 701호(원성동)",041-558-4666
5652,충남,천안시,공사업,전문,주식회사 진영전기,김성수,31053,충청남도 천안시 서북구 성거읍 마당재길 49 .,041-556-6220
5653,충남,천안시,공사업,일반(전기),제일방재(주),강현호,31123,"충청남도 천안시 동남구 충절로 14 (신부동, 현대오피스텔 812)",041-557-9978
5654,충남,천안시,공사업,전문,한성건설(주),송용상,31103,"충청남도 천안시 서북구 두정역서3길 43 301호(두정동,한성빌딩)",041-556-4611
5655,충남,천안시,공사업,전문,주식회사 대한이엔씨,김소연,31164,충청남도 천안시 서북구 불당8길 5-8 (불당동),041-573-5119
5656,충남,천안시,공사업,일반(전기),(주)우주전기,이병수,31048,충청남도 천안시 서북구 성거읍 신월소우길 318 .,041-563-3305
5657,충남,천안시,공사업,전문,신창에너텍(주),황평식,31070,"충청남도 천안시 동남구 삼룡2길 14-20 , 101호(구성동)",041-575-9873
5658,충남,천안시,공사업,전문,주식회사 신한이앤아이,이상민,31038,충청남도 천안시 서북구 직산읍 부송로 385-17 .,041-522-0386
5659,충남,천안시,공사업,전문,진보전력(주),전원철,31191,"충청남도 천안시 동남구 구성7길 28 ,202호(구성동)",041-558-4267
5660,충남,천안시,공사업,전문,진보이엔지 주식회사,진영란,31217,충청남도 천안시 동남구 풍세면 태학산로 10 .,041-573-0495
5661,충남,천안시,공사업,전문,주식회사 천우이앤씨,이차진,31224,충청남도 천안시 동남구 목천읍 응원5길 63 .,041-553-2204
5662,충남,천안시,공사업,전문,주식회사 백산이엔지,노기호,31209,충청남도 천안시 동남구 신흥1길 47 (신방동),041-574-4235
5663,충남,천안시,공사업,전문,주식회사 케이원소방,이상미,31204,충청남도 천안시 동남구 통정1로 27-10 (신방동),041-551-1978
5664,충남,천안시,공사업,전문,(주)태영기공,차승만,31261,"충청남도 천안시 동남구 동면 화복로 98 ,",041-523-0366
5665,충남,천안시,공사업,전문,반도엔지니어링 주식회사,김제남,31203,충청남도 천안시 동남구 풍세로 757-20 (신방동),041-554-3365
5666,충남,천안시,공사업,일반(기계),제노이엔씨 주식회사,박대희,31204,"충청남도 천안시 동남구 통정12로 23-1 ,2층(신방동)",041-417-0047
5667,충남,천안시,공사업,전문,천안방재 주식회사,"김락현,김태효",31125,"충청남도 천안시 동남구 신부7길 14 , 3층 304호(신부동, 여흥빌딩)",041-574-3119
5668,충남,천안시,공사업,전문,라임이엔씨 주식회사,김헌원,31134,"충청남도 천안시 서북구 서부20길 21 , 2층 201호(성정동)",041-414-9309
5669,충남,천안시,공사업,전문,주식회사 와이제이종합전기,김충겸,31246,"충청남도 천안시 동남구 성남면 용원2길 36 ,",041-577-3211
5670,충남,천안시,공사업,전문,(주)경일,김일열,31204,"충청남도 천안시 동남구 통정5로 67 ,404호(신방동,한성프라자)",041-576-5518
5671,충남,천안시,공사업,전문,(주)청석엔지니어링,이영석,31212,충청남도 천안시 동남구 중리1길 81 (구룡동),041-579-5527
5672,충남,천안시,공사업,전문,주식회사 아이엘사이언스,송성근,31252,충청남도 천안시 동남구 수신면 장산동길 32 .,031-757-5100
5673,충남,천안시,공사업,전문,서진기술 주식회사,최재일,31111,"충청남도 천안시 서북구 두정역동6길 11 , 1층(두정동)",041-522-2022
5674,충남,천안시,공사업,전문,동방에프에이시스템 주식회사,송정헌,31106,"충청남도 천안시 서북구 두정상가3길 33 , 3층 330호(두정동, 영산프라자)",070-8843-5865
5675,충남,천안시,공사업,전문,(유)일석,조인환,31123,"충청남도 천안시 동남구 만남로 14 , 제15층 제1505호(신부동, 천안랜드마크타워)",070-4871-4514
5676,충남,천안시,공사업,전문,주식회사 평호전력,양계숙,31154,"충청남도 천안시 동남구 신용로 70 ,  102호(다가동, 유림회관)",041-577-1527
5677,충남,천안시,공사업,일반(전기),주식회사 제이에스이엔지,정재신,31029,충청남도 천안시 서북구 직산읍 신갈2길 25-9 .,041-588-0111
5678,충남,천안시,공사업,전문,주식회사 대한전기,최재운,31210,"충청남도 천안시 동남구 신방남부길 35 (신방동) ,",041-572-9907
5679,충남,천안시,공사업,전문,주식회사 천가소방,천기성,31197,"충청남도 천안시 동남구 청수12로 41-60 , 1층(삼룡동)",041-522-0119
5680,충남,천안시,공사업,전문,대원소방,안소은,31231,"충청남도 천안시 동남구 목천읍 삼방로 193 ,",041-522-6209
5681,충남,천안시,공사업,전문,주식회사 케이에스소방,강성표,31090,"충청남도 천안시 서북구 노태산로 86 , 201호(두정동, 은석빌딩)",041-414-1191
5682,충남,천안시,공사업,전문,주식회사 아진이앤씨,박현미,31213,"충청남도 천안시 동남구 풍세면 수원지길 65-13 , 913동",041-579-2154
5683,충남,천안시,공사업,전문,세원소방 주식회사,현영한,31217,"충청남도 천안시 동남구 풍세면 태학산로 10 , 1층",041-522-9116
5684,충남,천안시,공사업,전문,주식회사 다온소방,박숙희,31158,"충청남도 천안시 서북구 백석4길 31 ,409호(백석동, 천안백석종합상가)",041-558-0119
5685,충남,천안시,공사업,전문,주식회사 삼흥이엔지,김선례,31068,충청남도 천안시 동남구 양지말2길 2-8 (유량동),
5686,충남,천안시,공사업,전문,주식회사 파트너소방,문원영,31108,"충청남도 천안시 서북구 성정중7길 3 , 204호(성정동, 극동프라자)",041-418-9696
5687,충남,천안시,공사업,전문,주식회사 재우전기,최병옥,31221,"충청남도 천안시 동남구 광덕면 신흥리1길 102 ,",041-574-0418
5688,충남,천안시,공사업,전문,주식회사 탑엔지니어링,조기훈,31156,"충청남도 천안시 서북구 불당25로 226 , 제6층 제 625호, 제626호, 제627호(불당동, 골든스퀘어 2)",041-522-7122
5689,충남,천안시,공사업,전문,활인테크,조상수,31035,"충청남도 천안시 서북구 직산읍 직산로 136 , 정보영상융합센터 지원동 1층 04호((재)충남테크노파크천안밸리)",041-581-9441
5690,충남,천안시,공사업,전문,주식회사 청수소방,이윤원,31198,"충청남도 천안시 동남구 청수14로 60 , 서미법조타워 603호(청당동)",041-563-0706
5691,충남,천안시,공사업,전문,주식회사 우승전력,이정자,31135,"충청남도 천안시 서북구 동서대로 186 , 2층 201호(성정동)",041-903-6187
5692,충남,천안시,공사업,전문,하이스산업 주식회사,정재권,31106,"충청남도 천안시 서북구 두정상가8길 30 , 201호(두정동, 하이스타운)",041-564-3740
5693,충남,천안시,공사업,전문,주식회사 에프엠소방,박상구,31157,"충청남도 천안시 서북구 시청로 229 , 3층 302호(백석동)",041-558-1119
5694,충남,청양군,공사업,전문,(주)태평이앤지,이산수,33325,"충청남도 청양군 청양읍 칠갑산로 263 , 1층",041-1566-8211
5695,충남,청양군,공사업,전문,주식회사 덕양이엔씨,이성현,33322,충청남도 청양군 청양읍 안적길 88 .,041-944-1476
5696,충남,청양군,공사업,전문,주식회사 덕양이엔티,박선영,33328,"충청남도 청양군 청양읍 중앙로 157 , 2층",041-944-1476
5697,충남,태안군,공사업,전문,(주)서림전기,류익희,32144,충청남도 태안군 정주내2길 16 (동문리),041-672-0456
5698,충남,태안군,공사업,전문,대웅건설주식회사,"정관영,정원웅",32144,충청남도 태안군 군청1길 28 (태안읍),042-476-4300
5699,충남,태안군,공사업,전문,주식회사 삼성라인,이정순,32148,충청남도 태안군 태안읍 서해로 1964 (),041-673-2472
5700,충남,태안군,공사업,전문,(주)태성전력,이복규,32148,충청남도 태안군 태안읍 냉천골길 5 (평천리),041-673-2321
5701,충남,태안군,공사업,전문,충남전기(주),이병돈,32148,충청남도 태안군 태안읍 냉천골길 5 (평천리),041-672-0222
5702,충남,태안군,공사업,전문,(주)태안전기,가재돈,32144,충청남도 태안군 군청4길 34 (태안읍),041-672-0472
5703,충남,태안군,공사업,전문,(주)태산엔지니어링건축사사무소,이용수,32144,충청남도 태안군 군청로 2 (태안읍),041-675-0567
5704,충남,태안군,공사업,전문,주식회사 유니온,한경섭,32146,충청남도 태안군 태안읍 순환길 26 .,041-356-5118
5705,충남,태안군,공사업,전문,엠제이 주식회사,가민진,32143,"충청남도 태안군 태안읍 동백로 265 ,2층",041-672-0476
5706,충남,태안군,공사업,전문,코웨포서비스(주),김향기,32143,충청남도 태안군 태안읍 동백로 319 .,041-675-7126
5707,충남,태안군,공사업,전문,대륙건설산업 주식회사,"김병호,김상권",32144,충청남도 태안군 태안읍 군청4길 33-5 ,042-637-4927
5708,충남,태안군,공사업,전문,주식회사 수성엔지니어링,김수현,32146,충청남도 태안군 태안읍 안면대로 208-10 .,
5709,충남,태안군,공사업,전문,우리전력 주식회사,강혜교,32134,"충청남도 태안군 태안읍 원이로 341-13 , 1층 7호",041-675-2408
5710,충남,홍성군,공사업,전문,(주)동성전기통신,오대규,32251,충청남도 홍성군 홍북면 이응노로 41 (),041-631-0052
5711,충남,홍성군,공사업,전문,호성전력(주),배주현,32217,"충청남도 홍성군 홍성읍 도청대로 155-22 , 2층",041-633-9835
5712,충남,홍성군,공사업,전문,(주)용천전력,이용천,32214,"충청남도 홍성군 구항면 충서로872번길 3 , 1호",070-7607-2800
5713,충남,홍성군,공사업,전문,(주)우주전기통신,조성호,32280,충청남도 홍성군 금마면 광금북로482번길 189 (부평리),041-632-2182
5714,충남,홍성군,공사업,전문,주식회사 월산이앤씨,이청형,32276,충청남도 홍성군 홍북읍 첨단산단1길 72 .,041-631-1135
5715,충남,홍성군,공사업,전문,(주)선경전기,권유나,32234,충청남도 홍성군 홍성읍 충절로 979 (),041-632-0029
5716,충남,홍성군,공사업,전문,(주)한울이앤씨,차지원,32280,충청남도 홍성군 금북로 118 (금마면),041-631-6722
5717,충남,홍성군,공사업,전문,충남안전소방(주),서성철,32214,충청남도 홍성군 구항면 충서로 963-15 .,041-631-8119
5718,충남,홍성군,공사업,전문,예원전기통신(주),김선희,32282,충청남도 홍성군 금마면 충서로 1893-10 .,041-632-7833
5719,충남,홍성군,공사업,전문,주식회사 럭스,김혜란,32280,"충청남도 홍성군 금마면 충서로 1971 , 101호",041-352-0692
5720,충남,홍성군,공사업,전문,한국소방방재 주식회사,박완준,32251,충청남도 홍성군 홍북읍 용봉산3길 55-25 .,041-635-1194
5721,충남,홍성군,공사업,전문,주식회사 서해전력,최동순,32213,충청남도 홍성군 구항면 구항길61번길 60 .,041-633-8005
5722,충남,홍성군,공사업,전문,주식회사 부샘건설,김소연,32219,"충청남도 홍성군 홍성읍 의사로64번길 13 , 1층 101호",041-634-0680
5723,충남,홍성군,공사업,전문,주식회사 아라,조선주,32263,"충청남도 홍성군 홍북읍 상하천로 31 , 6층 630호(국제아르페온1차)",041-633-9930
5724,전북,고창군,공사업,전문,대성전력(주),권광식,56443,"전북특별자치도 고창군 신상길 46 (고창읍, 101호)",063-563-3212
5725,전북,고창군,공사업,전문,우진이엔티(주),박봉춘,56410,전북특별자치도 고창군 상하면 상하1길 12-1 (),063-562-8671
5726,전북,고창군,공사업,전문,(주)그린엔지니어링,김영태,56410,전북특별자치도 고창군 상하1길 12-1 ,063-563-4221
5727,전북,고창군,공사업,전문,(주)세종,박영은,56442,전북특별자치도 고창군 고창읍 들반계길 4 (),062-682-4051
5728,전북,고창군,공사업,전문,주식회사 기명전력,김봉선,56410,전북특별자치도 고창군 상하면 상하로 33 .,062-671-0548
5729,전북,군산시,공사업,전문,상명이엔씨 주식회사,"이종원,이기상",54001,"전북특별자치도 군산시 산단남북로 189 (오식도동) ,505호",063-467-9710
5730,전북,군산시,공사업,전문,(유)덕양소방,전성만,54013,전북특별자치도 군산시 칠성안2길 98 (소룡동),063-468-1192
5731,전북,군산시,공사업,전문,해냄기업(주),조성철,54056,전북특별자치도 군산시 임피면 항쟁로 43-5 1층,063-465-2846
5732,전북,군산시,공사업,전문,주식회사 기태,박태숙,54085,"전북특별자치도 군산시 진포로 91 ,401호(미장동)",063-468-6658
5733,전북,군산시,공사업,전문,(주)신광,이종호,54075,전북특별자치도 군산시 양안로 67  (조촌동),063-452-7111
5734,전북,군산시,공사업,전문,호원건설(주),이윤범,54033,전북특별자치도 군산시 경촌안3길 50  (경암동),063-442-6554
5735,전북,군산시,공사업,전문,(유)서해소방공사,박지혜,54076,전북특별자치도 군산시 조촌4길 88-1 (조촌동),063-464-0119
5736,전북,군산시,공사업,전문,(유)일광전력공사,유일환,54071,전북특별자치도 군산시 삼수길 16 (사정동),063-443-2383
5737,전북,군산시,공사업,전문,(주)삼성이엔씨,김진경,54078,"전북특별자치도 군산시 조촌로 9  (조촌동,3층)",063-451-1192
5738,전북,군산시,공사업,전문,(유)전북소방,오희석,54160,전북특별자치도 군산시 공항로 350  (산북동),063-463-9987
5739,전북,군산시,공사업,전문,(주)군장전기소방공사,유기정,54079,전북특별자치도 군산시 조촌로 34  (조촌동),063-452-4119
5740,전북,군산시,공사업,전문,유한회사 정원이엔지,강성자,54161,전북특별자치도 군산시 칠성1길 47 (산북동),063-468-7026
5741,전북,군산시,공사업,전문,(유)한양소방공사,"김용대,강순덕",54123,전북특별자치도 군산시 서흥안2길 30 (문화동),063-445-3566
5742,전북,군산시,공사업,전문,(주)에스아이,박력,54166,전북특별자치도 군산시 칠성4길 105 (산북동),063-471-4005
5743,전북,군산시,공사업,전문,(주)선진이엔지,김태완,54064,전북특별자치도 군산시 개정면 모갱이1길 65 .,063-443-5479
5744,전북,군산시,공사업,전문,(주)성일엔지니어링,양제민,54160,전북특별자치도 군산시 공항로 350 (산북동),063-465-0403
5745,전북,군산시,공사업,전문,(주)도원,김영탁,54161,전북특별자치도 군산시 산북로 51 (산북동),063-467-5582
5746,전북,군산시,공사업,전문,(주)준소방,조준호,54078,전북특별자치도 군산시 조촌1길 10 (경장동),063-465-5502
5747,전북,군산시,공사업,전문,주식회사 지중해전기소방,장인수,54084,전북특별자치도 군산시 들땅리길 23 (미장동) 301호,063-443-0434
5748,전북,군산시,공사업,전문,주식회사 상원이앤지,이현정,54056,전북특별자치도 군산시 임피면 서원석곡로 488-3 (),063-453-8896
5749,전북,군산시,공사업,전문,주식회사 진포소방이앤씨,이석순,54097,전북특별자치도 군산시 공단대로 147 (미장동) 102호-103호,063-468-1190
5750,전북,군산시,공사업,전문,(주)세인,김인선,54071,전북특별자치도 군산시 삼수길 16 (사정동),063-442-0213
5751,전북,군산시,공사업,전문,(주)에스와이이엔씨,이승엽,54077,"전북특별자치도 군산시 번영로 81 ,2층201호(경장동)",063-466-1021
5752,전북,군산시,공사업,전문,주식회사 부윤,유정욱,54096,전북특별자치도 군산시 미장남로 61 (미장동) 3층,063-453-9687
5753,전북,군산시,공사업,전문,주식회사 진명전력,장종민,54068,전북특별자치도 군산시 동안길 17 (개정동),063-451-2332
5754,전북,군산시,공사업,전문,성운전력 주식회사,오병주,54075,전북특별자치도 군산시 법원로 95 (조촌동),063-452-5573
5755,전북,군산시,공사업,전문,(주)일성이엔씨,김영남,54063,전북특별자치도 군산시 대야면 번영로 1433-4 .,063-445-0616
5756,전북,군산시,공사업,전문,주식회사 다올,전원효,54094,전북특별자치도 군산시 미장안7길 8 2층 201호(미장동),063-451-0751
5757,전북,군산시,공사업,전문,케이비종합방재(주),유재구,54085,전북특별자치도 군산시 번영로 72 (경장동) 402호,063-584-1195
5758,전북,군산시,공사업,전문,유한회사 아리울소방,고욱,54150,전북특별자치도 군산시 원당길 34-11 (미룡동),063-443-3119
5759,전북,군산시,공사업,전문,세종소방,박성욱,54078,전북특별자치도 군산시 번영로 121 (경장동),063-452-2119
5760,전북,군산시,공사업,전문,주식회사 솔보,육금수,54071,전북특별자치도 군산시 삼수길 56 (사정동),063-451-6880
5761,전북,군산시,공사업,전문,주식회사 금도건설,문창,54147,전북특별자치도 군산시 현충로 35 (나운동),063-461-3442
5762,전북,군산시,공사업,전문,주식회사 자인전기,양현용,54022,"전북특별자치도 군산시 구영6길 65 ,2층(신창동)",063-442-8700
5763,전북,군산시,공사업,전문,주식회사 군장종합건설,채승석,54085,전북특별자치도 군산시 번영로 104 (경장동),063-442-5442
5764,전북,군산시,공사업,전문,주식회사 선진기술,박영범,54064,"전북특별자치도 군산시 개정면 모갱이1길 65 ,4호",070-4195-5284
5765,전북,군산시,공사업,전문,유한회사 에프에이시스템,홍진군,54160,전북특별자치도 군산시 십자다리길 47 (산북동),063-471-2285
5766,전북,군산시,공사업,전문,주식회사 제이제이소방,송진희,54144,"전북특별자치도 군산시 백토로 232 ,상가동 305호(나운동, 군산나운동우성아파트)",063-255-1192
5767,전북,군산시,공사업,전문,삼일 주식회사,전성진,54004,"전북특별자치도 군산시 새만금북로 424 ,2동 401호, 402호, 403호, 404호, 405호(오식도동, 삼일빌딩)",063-466-3104
5768,전북,군산시,공사업,전문,주식회사 태진이엔씨,이성권,54167,"전북특별자치도 군산시 임사길 11 ,2동 1호(산북동)",070-4365-5786
5769,전북,군산시,공사업,전문,유한회사 우정설비,오상규,54005,전북특별자치도 군산시 요죽2길 16-6 (오식도동),063-463-4203
5770,전북,군산시,공사업,전문,주식회사 레이테크,강대욱,54004,"전북특별자치도 군산시 외항로 796 , 1동 2층(소룡동)",063-466-0472
5771,전북,군산시,공사업,전문,주식회사 다산테크,이수복,54073,"전북특별자치도 군산시 백릉로 212 ,1층(조촌동)",063-732-8421
5772,전북,김제시,공사업,전문,(유)하나산업개발,정덕일,54395,전북특별자치도 김제시 도작8길 76-11  (신풍동),063-543-8900
5773,전북,김제시,공사업,전문,(유)신성소방,추교원,54408,전북특별자치도 김제시 신풍길 223  (요촌동),063-546-0193
5774,전북,김제시,공사업,전문,(주)새론,윤희정,54325,전북특별자치도 김제시 백산면 지평선산단5길 162 (),063-548-0025
5775,전북,김제시,공사업,전문,주식회사 성보,안춘희,54352,전북특별자치도 김제시 황산로 27 (순동),063-547-8798
5776,전북,김제시,공사업,전문,주식회사 대국,주남산,54352,전북특별자치도 김제시 황산로 27 (순동),063-547-8798
5777,전북,김제시,공사업,전문,주식회사 나라소방,정근형,54366,"전북특별자치도 김제시 서흥공단2길 81 ,2층(흥사동)",063-543-1197
5778,전북,김제시,공사업,전문,지엘 주식회사,유득한,54372,전북특별자치도 김제시 벽성로 386 (서암동),063-548-1116
5779,전북,김제시,공사업,전문,주식회사 미래이엔지,권재필,54328,전북특별자치도 김제시 백구면 백구공단1길 38 .,063-842-4241
5780,전북,남원시,공사업,전문,(유)남양전기,박종일,55752,전북특별자치도 남원시 시청동로 10-6  (도통동),063-625-0567
5781,전북,남원시,공사업,전문,주식회사 테마이엔씨,임우석,55801,전북특별자치도 남원시 시묘길 56-86 (노암동),063-635-0454
5782,전북,남원시,공사업,전문,주식회사 현대전력,이재훈,55759,전북특별자치도 남원시 시청로 29 (도통동),063-633-1811
5783,전북,남원시,공사업,전문,주식회사 광원전력,이병진,55744,전북특별자치도 남원시 매골길 6 (화정동),063-635-7300
5784,전북,남원시,공사업,전문,주식회사 재현산업,백미성,55727,전북특별자치도 남원시 광치산업1길 20-16 (용정동),063-652-0554
5785,전북,남원시,공사업,전문,주식회사 재현소방,유재덕,55727,전북특별자치도 남원시 광치산업2길 28 (용정동),063-652-0554
5786,전북,남원시,공사업,전문,(유)케이에스소방,우한식,55759,전북특별자치도 남원시 시청로 23-1 (도통동),063-241-5009
5787,전북,남원시,공사업,전문,가나소방이엔씨 유한회사,강부호,55739,전북특별자치도 남원시 옥정5길 11 (향교동),063-626-7119
5788,전북,남원시,공사업,전문,유한회사 도담,백영주,55779,전북특별자치도 남원시 대산면 남문로 125-5 .,063-904-2400
5789,전북,남원시,공사업,전문,주식회사 태성전설,김종두,55737,전북특별자치도 남원시 용중1길 30 (도통동),062-574-6607
5790,전북,남원시,공사업,전문,주식회사 원탑,김홍순,55748,"전북특별자치도 남원시 충정로 45 , 2층(동충동)",063-625-8812
5791,전북,남원시,공사업,전문,유한회사 누리이엔지,김영숙,55801,전북특별자치도 남원시 시묘길 43-66 (노암동),063-626-7060
5792,전북,남원시,공사업,전문,주식회사 대선산업개발,염귀화,55758,전북특별자치도 남원시 큰들4길 15 (도통동),062-381-7119
5793,전북,남원시,공사업,전문,고려전기,박성옥,55747,전북특별자치도 남원시 의총로 117-6 (왕정동),063-632-8778
5794,전북,남원시,공사업,전문,갑을전기,박갑순,55737,전북특별자치도 남원시 용중1길 5-31 (도통동) 갑을전기,063-625-0806
5795,전북,무주군,공사업,전문,영재전기(주),기호성,55515,"전북특별자치도 무주군 무주읍 한풍루로 387-5 ,1층",063-322-7220
5796,전북,무주군,공사업,전문,(유)우리소방,김영희,55522,"전북특별자치도 무주군 적천로 331 (무주읍,2층)",063-324-3119
5797,전북,무주군,공사업,전문,주식회사 명성엔지니어링,이길자,568-830,전북특별자치도 무주군 적상면 옥소동길 11(적상면),070-8882-4598
5798,전북,무주군,공사업,전문,주식회사 동성전기,지형수,55527,전북특별자치도 무주군 적상면 적상산로 12 (사천리),063-251-2106
5799,전북,무주군,공사업,전문,주식회사 강전사,김정관,55502,전북특별자치도 무주군 부남면 굴암로 170 .,042-624-4533
5800,전북,부안군,공사업,전문,한솔(주),최효영,56310,"전북특별자치도 부안군 행안면 번영로 19 ,제2동 제8호",063-582-9020
5801,전북,부안군,공사업,전문,금화군 주식회사,류미순,56310,"전북특별자치도 부안군 행안면 번영로 19 ,제2동 제8호",063-582-9020
5802,전북,부안군,공사업,전문,유한회사 상원전력,조일곤,56309,전북특별자치도 부안군 부안읍 서외길 32-1 (),063-581-1964
5803,전북,순창군,공사업,전문,유한회사 혁신엔지니어링,이현아,56015,전북특별자치도 순창군 인계면 인덕로 427-108 (),063-652-0454
5804,전북,순창군,공사업,전문,주식회사 광명이엔지,송재수,56038,전북특별자치도 순창군 순창읍 순화로 21 .,063-544-0454
5805,전북,순창군,공사업,전문,주식회사 자연에너지,조진숙,56026,전북특별자치도 순창군 동계면 귀미로 282-11 .,062-384-2353
5806,전북,순창군,공사업,전문,주식회사 동성전기,송민정,56036,전북특별자치도 순창군 순창읍 옥천로 57 .,062-515-1414
5807,전북,완주군,공사업,전문,티앤제이건설(주),"고태유,김지혜",55327,전북특별자치도 완주군 봉동읍 봉동로 79 .,063-260-9700
5808,전북,완주군,공사업,전문,주식회사 태광이엔지,이미경,55362,전북특별자치도 완주군 구이면 두방길 32-12 .,063-228-3119
5809,전북,완주군,공사업,전문,원창(주),김미라,55349,전북특별자치도 완주군 용진면 봉서로 121 (),063-229-6006
5810,전북,완주군,공사업,전문,유한회사 이젠,양광섭,55340,전북특별자치도 완주군 역참로 80-5 (삼례읍),063-291-4119
5811,전북,완주군,공사업,전문,(주)장일엔지니어링,"이승부,김상욱",55360,전북특별자치도 완주군 상관면 춘향로 4357 주2동 1층,063-226-4846
5812,전북,완주군,공사업,전문,주식회사 인화전기,김순언,55351,전북특별자치도 완주군 용진읍 초포다리로 251 .,063-244-6464
5813,전북,완주군,공사업,전문,(유)유복이엔지,신동식,55319,전북특별자치도 완주군 봉동읍 완주산단8로 10 (),063-263-1661
5814,전북,완주군,공사업,전문,(주)찬성신,성유정,55351,전북특별자치도 완주군 용진면 초포다리로 253 (),063-271-7553
5815,전북,완주군,공사업,전문,유한회사 천호소방,정길호,55366,"전북특별자치도 완주군 이서면 이서로 37-5 ,103호",063-222-2368
5816,전북,완주군,공사업,전문,(주)세흥이엔지,오민옥,55359,"전북특별자치도 완주군 상관면 신리로 79 ,1층",063-253-4638
5817,전북,완주군,공사업,전문,주식회사 성호방재,"최은경,송성호",55340,"전북특별자치도 완주군 삼례읍 웃삼례길 55 , 102호(성호빌딩)",063-291-5119
5818,전북,완주군,공사업,전문,주식회사 블루이,김주성,55365,전북특별자치도 완주군 이서면 갈산1로 10 제상가동 202호,063-229-0904
5819,전북,완주군,공사업,전문,주식회사 세계소방,정민호,55329,전북특별자치도 완주군 봉동읍 낙평신월2길 9 .,063-261-0119
5820,전북,완주군,공사업,전문,주식회사 제광기업,박영숙,55327,"전북특별자치도 완주군 봉동읍 봉동로 79 ,1층",063-260-9725
5821,전북,완주군,공사업,전문,주식회사 태유전력,문태영,55327,전북특별자치도 완주군 봉동읍 봉동로 85 .,063-260-9722
5822,전북,익산시,공사업,전문,진흥설비(주),"송호용,류국선",54621,"전북특별자치도 익산시 선화로 259  (남중동,제일빌딩 1층)",063-855-8631
5823,전북,익산시,공사업,전문,(주)제일전력,"문경식,김진성",54598,전북특별자치도 익산시 서동로5길 49-1  (마동),063-858-0705
5824,전북,익산시,공사업,전문,유강호소방 주식회사,김용철,54646,전북특별자치도 익산시 동서로21길 94-17 (신동) 102동 지하1층 101호,063-857-1610
5825,전북,익산시,공사업,전문,(주)제일건설,윤여웅,54601,전북특별자치도 익산시 익산대로 124  (중앙동2가),063-859-1220
5826,전북,익산시,공사업,전문,지오방재이엔씨(주),장영철,54614,전북특별자치도 익산시 하나로1길 16 (금강동),063-843-1119
5827,전북,익산시,공사업,전문,(유)부건소방설비,정준호,54595,전북특별자치도 익산시 선화로16길 11 (남중동),063-841-4119
5828,전북,익산시,공사업,전문,소방관제시스템(주),조성현,54609,전북특별자치도 익산시 서동로8길 43 (동산동),063-252-9100
5829,전북,익산시,공사업,전문,(주)월드소방설비산업,김희창,54600,전북특별자치도 익산시 중앙로 70  (갈산동),063-853-4004
5830,전북,익산시,공사업,전문,(유)창성엔지니어링,이창호,54644,전북특별자치도 익산시 동서로39길 10-4  (영등동),063-842-3111
5831,전북,익산시,공사업,전문,(유)동성이엔지,황기용,54656,"전북특별자치도 익산시 배산로24길 62  (모현동1가,명일아파트상가) 102호",063-855-3157
5832,전북,익산시,공사업,전문,주식회사 아람엔지니어링,고영태,54670,전북특별자치도 익산시 오산면 평동로 282 (),063-851-8188
5833,전북,익산시,공사업,전문,(유)육영건설,김종원,54571,전북특별자치도 익산시 구룡길 57-17 (금마면),063-835-6338
5834,전북,익산시,공사업,전문,우리방재건설 주식회사,이균재,54664,전북특별자치도 익산시 학곤로 82-1 (송학동) 행운빌딩 3층,063-836-3876
5835,전북,익산시,공사업,전문,주식회사 기선전력,이경화,54670,전북특별자치도 익산시 오산면 장항길 22 (),063-853-2256
5836,전북,익산시,공사업,전문,주식회사 세움소방기술단,홍성현,54568,전북특별자치도 익산시 부송로4길 38 (부송동) 1층,063-834-1190
5837,전북,익산시,공사업,전문,진성산업개발(주),손경석,54598,전북특별자치도 익산시 서동로5길 65 (마동),063-851-1119
5838,전북,익산시,공사업,전문,(유)제일엔지니어링,김진구,54621,전북특별자치도 익산시 선화로 259 (남중동) 제일빌딩 1층,063-858-1302
5839,전북,익산시,공사업,전문,유한회사 우리미래기술단,이현숙,54607,전북특별자치도 익산시 서동로6길 13 (동산동) 2층,063-842-5119
5840,전북,익산시,공사업,전문,(유)한성소방,김옥성,54540,전북특별자치도 익산시 어곳2길 22 (어양동),063-857-1155
5841,전북,익산시,공사업,전문,주식회사 코리아소방,김가연,54544,"전북특별자치도 익산시 고봉로34길 5-4 (영등동) ,상가 106동 205호",063-917-0404
5842,전북,익산시,공사업,전문,(유)에스엠소방,김승무,54527,"전북특별자치도 익산시 삼기면 서두길 66 ,2동 102호",063-858-9442
5843,전북,익산시,공사업,전문,한국설비건설협동조합,송주만,54677,전북특별자치도 익산시 목천로 272 (인화동1가),063-858-5959
5844,전북,익산시,공사업,전문,주식회사 백송건축,송진섭,54590,전북특별자치도 익산시 서동로46길 94-19 (석암동),063-843-7704
5845,전북,익산시,공사업,전문,주식회사 케이지소방,김응곤,54568,"전북특별자치도 익산시 부송로6길 1 ,1층 103호(부송동)",063-833-5119
5846,전북,익산시,공사업,전문,주식회사 한광,이경이,54528,전북특별자치도 익산시 삼기면 삼기농공단지길 6-30 .,063-842-4240
5847,전북,익산시,공사업,전문,주식회사 금강이엔지,이영호,54535,전북특별자치도 익산시 다가포길 22 (만석동),063-855-3157
5848,전북,익산시,공사업,전문,주식회사 민수,서상현,54589,전북특별자치도 익산시 석암로11길 48-6 (석암동),063-831-5408
5849,전북,익산시,공사업,전문,주식회사 우리엔텍,김인정,54509,전북특별자치도 익산시 용안면 칠목1길 29 .,063-862-4240
5850,전북,익산시,공사업,전문,주식회사 지오엔지니어링,김근옥,54569,"전북특별자치도 익산시 무왕로33길 7 ,2층(석왕동)",063-832-7665
5851,전북,익산시,공사업,전문,주식회사 마한전력공사,소춘오,54531,전북특별자치도 익산시 하나로 681 (임상동),063-835-5331
5852,전북,익산시,공사업,전문,주식회사 태현소방,하태부,54535,전북특별자치도 익산시 신곳길 22 (신용동),063-852-8301
5853,전북,익산시,공사업,전문,주식회사 다온이엔지,조은서,54677,전북특별자치도 익산시 목천로2길 93 (인화동2가),063-835-9977
5854,전북,임실군,공사업,전문,(주)서강,신현을,55926,"전북특별자치도 임실군 봉황로 176-1 (임실읍, 2호)",063-642-1331
5855,전북,임실군,공사업,전문,주식회사 리치이엔씨,김동진,55930,전북특별자치도 임실군 임실읍 임운로 8 .,061-374-6958
5856,전북,임실군,공사업,전문,대한방재 주식회사,"김태수,성명렬",55925,전북특별자치도 임실군 임실읍 봉황로 203 .,063-247-5119
5857,전북,임실군,공사업,전문,주식회사 남도전공,박봉순,55930,전북특별자치도 임실군 임실읍 임운로 8 .,062-515-1412
5858,전북,임실군,공사업,전문,주식회사 건진,이상건,55910,전북특별자치도 임실군 관촌면 사선로 54 .,063-643-8767
5859,전북,장수군,공사업,전문,나래방재 주식회사,고태영,55614,전북특별자치도 장수군 장계면 한들로 90 .,063-247-3119
5860,전북,장수군,공사업,전문,주식회사 덕진소방,박동규,55614,전북특별자치도 장수군 장계면 천변안길 17 .,063-274-8119
5861,전북,장수군,공사업,전문,119소방 주식회사,심금덕,55628,전북특별자치도 장수군 장수읍 장수로 2606-4 .,070-8802-7114
5862,전북,전주시,공사업,전문,(유)제일이엔지,김학래,54817,전북특별자치도 전주시 덕진구 장재길 40-10  (우아동3가),063-214-6119
5863,전북,전주시,공사업,전문,(유)전북종합방재,김양자,54993,전북특별자치도 전주시 덕진구 팔달로 304-6  (진북동),063-272-0111
5864,전북,전주시,공사업,전문,(유)대신산업개발,최용호,55069,전북특별자치도 전주시 완산구 천잠로 261 (효자동3가),063-222-8990
5865,전북,전주시,공사업,전문,(주)태림소방시설원,손정환,54883,전북특별자치도 전주시 덕진구 상리로 54  (팔복동2가),063-214-3119
5866,전북,전주시,공사업,전문,(유)천일이엔지,"송상호,백정옥",55105,전북특별자치도 전주시 완산구 안행7길 5-5  (효자동1가),063-231-1190
5867,전북,전주시,공사업,전문,(주)삼승엔지니어링,이도희,55144,전북특별자치도 전주시 완산구 중인1길 128 (중인동),063-253-0472
5868,전북,전주시,공사업,전문,주식회사 다우,진승원,54993,전북특별자치도 전주시 덕진구 안덕원로 106-3 (진북동),063-253-2666
5869,전북,전주시,공사업,전문,(유)삼부소방,전승식,54961,전북특별자치도 전주시 완산구 척동4길 15-4 (효자동3가),063-274-3553
5870,전북,전주시,공사업,전문,(유)하나소방방재,김종순,55086,"전북특별자치도 전주시 완산구 삼천천변2길 39 (삼천동1가, 2층)",063-221-6911
5871,전북,전주시,공사업,전문,(유)동양공사,김승원,54920,전북특별자치도 전주시 덕진구 안덕원로 239  (인후동1가),063-244-1866
5872,전북,전주시,공사업,전문,진성산업(주),손성덕,54810,전북특별자치도 전주시 덕진구 장동유통로 29-5 (장동),063-212-7119
5873,전북,전주시,공사업,전문,(주)주연이엔지,김종배,55062,전북특별자치도 전주시 완산구 호암로 82 402호(그린빌딩) (효자동2가),063-227-6606
5874,전북,전주시,공사업,전문,(유)승대전설,유기로,55024,전북특별자치도 전주시 덕진구 가재미로 13  (인후동1가),063-242-2726
5875,전북,전주시,공사업,전문,(주)한석소방기술사사무소,임응수,54852,전북특별자치도 전주시 덕진구 여산로 114 (여의동) 3층,063-271-9119
5876,전북,전주시,공사업,전문,주식회사 엘리트소방,김시영,54860,"전북특별자치도 전주시 덕진구 만성중앙로 17-47 (만성동) 위너스빌딩, 401호",063-246-6433
5877,전북,전주시,공사업,전문,(유)지오이엔지,이경복,54921,전북특별자치도 전주시 덕진구 거북바우로 69 (금암동1605-14),063-275-2064
5878,전북,전주시,공사업,전문,(유)대현소방,백부현,54884,전북특별자치도 전주시 덕진구 추천로 47-8 (팔복동3가),063-251-2118
5879,전북,전주시,공사업,전문,(유)하나엔지니어링,장현상,54847,전북특별자치도 전주시 덕진구 쪽구름5길 48-14 (동산동),063-212-8841
5880,전북,전주시,공사업,전문,(주)대건기업,홍석범,55072,전북특별자치도 전주시 완산구 월선길 4 (삼천동3가),063-237-5266
5881,전북,전주시,공사업,전문,주식회사 엠케이소방,이봉기,54810,전북특별자치도 전주시 덕진구 장동유통로 29-9 (장동),063-275-5519
5882,전북,전주시,공사업,전문,(유)신광종합방재,강남규,54997,전북특별자치도 전주시 완산구 대동로 25  (태평동),063-271-1119
5883,전북,전주시,공사업,전문,(유)세원안전소방공사,유계엽,54991,전북특별자치도 전주시 완산구 공북4길 37  (태평동),063-274-1119
5884,전북,전주시,공사업,전문,(유)서진,양갑석,55013,전북특별자치도 전주시 덕진구 진버들3길 21-12  (인후동1가),063-274-1190
5885,전북,전주시,공사업,전문,(주)탑엔지니어링,유길용,54837,전북특별자치도 전주시 덕진구 솔내1길 37-2  (송천동1가),063-255-1163
5886,전북,전주시,공사업,전문,(유)이엔피엔지니어링,강승찬,54910,전북특별자치도 전주시 덕진구 도당산로 63 (우아동3가),063-225-1247
5887,전북,전주시,공사업,전문,(유)동성엔지니어링,김연태,55068,전북특별자치도 전주시 완산구 백마산길 5-5  (효자동3가),063-226-1414
5888,전북,전주시,공사업,전문,주식회사 연우이엔지,최성일,55125,전북특별자치도 전주시 완산구 평화2길 7 (평화동2가),063-228-4930
5889,전북,전주시,공사업,전문,(유)태정소방,김수정,55085,전북특별자치도 전주시 완산구 거마평로 109-13 (효자동1가) 상가동 105호,063-273-1119
5890,전북,전주시,공사업,전문,(유)성호개발,김춘원,54858,"전북특별자치도 전주시 덕진구 만성북로 11 ,3층(만성동, 대궁빌딩)",
5891,전북,전주시,공사업,전문,(주)진솔이엔지,서창환,54873,"전북특별자치도 전주시 덕진구 오공로 138 ,1층 102호(만성동)",02-909-4650
5892,전북,전주시,공사업,전문,(유)장원소방,장형익,55012,전북특별자치도 전주시 덕진구 안덕원로 322  (인후동1가),063-210-8960
5893,전북,전주시,공사업,전문,종합소방 주식회사,정종희,55084,전북특별자치도 전주시 완산구 송정로 16 (삼천동1가),063-223-1141
5894,전북,전주시,공사업,전문,(유)호남소방,김성은,55019,"전북특별자치도 전주시 덕진구 서가재미1길 15 (인후동1가, 정림월드빌) 상가 101호",063-286-7330
5895,전북,전주시,공사업,전문,유한회사 서해소방,"김갑배,왕영주",54868,"전북특별자치도 전주시 덕진구 만성중앙로 70 , 203호(만성동, 드림타워)",063-236-1192
5896,전북,전주시,공사업,전문,(주)삼부종합건설,"윤재호,윤석",54954,전북특별자치도 전주시 완산구 전룡로 78 (서신동) 삼부빌딩 3층,063-277-5321
5897,전북,전주시,공사업,전문,(유)주석엔지니어링,안형열,54939,전북특별자치도 전주시 덕진구 태진로 87  (진북동),063-547-0507
5898,전북,전주시,공사업,전문,주식회사 나노엔지니어링,김성희,54857,전북특별자치도 전주시 덕진구 온고을로 557 (여의동),063-253-6846
5899,전북,전주시,공사업,전문,(유)신태양전력공사,임낙범,55074,전북특별자치도 전주시 완산구 계룡산길 81 (삼천동2가) 102호,063-245-0834
5900,전북,전주시,공사업,전문,(유)한국방재,김종화,55018,"전북특별자치도 전주시 덕진구 건산로 256 ,402호(인후동1가, 지산빌딩)",063-273-0869
5901,전북,전주시,공사업,전문,유한회사 현진소방,박경희,55115,전북특별자치도 전주시 완산구 내원당길 81-9 (대성동),063-236-5262
5902,전북,전주시,공사업,전문,(유)국제소방공사,강은경,55088,전북특별자치도 전주시 완산구 거마서로 7 (삼천동1가),063-284-9119
5903,전북,전주시,공사업,전문,부일건설(주),조병두,55074,전북특별자치도 전주시 완산구 용산마을길 27  (삼천동2가),063-229-8393
5904,전북,전주시,공사업,전문,(유)대능전력,하태수,55062,"전북특별자치도 전주시 완산구 호암로 84  (효자동2가, 에코비젼빌딩 101호)",063-229-4679
5905,전북,전주시,공사업,전문,(주)신일,최상헌,54966,전북특별자치도 전주시 완산구 홍산로 275 춘광빌딩501호 (효자동2가),063-287-6100
5906,전북,전주시,공사업,전문,(유)삼성방재,유정화,55011,전북특별자치도 전주시 완산구 인봉1길 48-8  (중노송동),063-286-2119
5907,전북,전주시,공사업,전문,(유)동국엔지니어링,최득현,55088,전북특별자치도 전주시 완산구 거마중앙로 16-1 (삼천동1가),063-227-6119
5908,전북,전주시,공사업,전문,(유)상신설비,안재상,55009,전북특별자치도 전주시 덕진구 인후2길 2  (인후동1가),063-242-4478
5909,전북,전주시,공사업,전문,(주)신성건설,이용호,54932,"전북특별자치도 전주시 덕진구 전주천동로 473 4층(금암동, 르네블루빌딩)",063-232-2244
5910,전북,전주시,공사업,전문,유한회사 호연비에스,전행진,54964,전북특별자치도 전주시 완산구 배학4길 26 (효자동3가) 1층,063-224-8119
5911,전북,전주시,공사업,전문,(주)휘성소방,정성민,54817,전북특별자치도 전주시 덕진구 사거리길 23 (호성동2가),063-245-3119
5912,전북,전주시,공사업,전문,(주)동서엔지니어링,모상남,55076,전북특별자치도 전주시 완산구 구덕마을길 7 (용복동),063-224-3879
5913,전북,전주시,공사업,전문,(주)이원,"임근신,박훈규",54871,"전북특별자치도 전주시 덕진구 오공로 43-34 (중동) 601호,603호",063-229-2805
5914,전북,전주시,공사업,전문,유한회사 하늘이엔지,오성희,54806,"전북특별자치도 전주시 덕진구 용신길 66 ,1층(용정동)",063-237-1193
5915,전북,전주시,공사업,전문,주식회사 휴먼산업개발,김종희,54812,전북특별자치도 전주시 덕진구 전미월평1길 76 (전미동2가),063-214-5238
5916,전북,전주시,공사업,전문,(유)완산방재,김화수,54890,전북특별자치도 전주시 덕진구 가리내6길 10-7 (덕진동2가) 101호,063-222-2030
5917,전북,전주시,공사업,전문,(유)일광산업사,조계석,54929,전북특별자치도 전주시 덕진구 권삼득로 131 (진북동),063-273-1711
5918,전북,전주시,공사업,전문,주식회사 KJ엔지니어링,강맹환,55049,전북특별자치도 전주시 완산구 따박골로 52 (중화산동2가) 1층 3호,063-282-2112
5919,전북,전주시,공사업,전문,금성기계건설 주식회사,전길수,55074,전북특별자치도 전주시 완산구 용산마을길 55 (삼천동2가),063-227-0481
5920,전북,전주시,공사업,전문,주식회사 용선,탁병용,54957,전북특별자치도 전주시 완산구 서곡7길 18-7 (효자동3가) 101호,063-226-3494
5921,전북,전주시,공사업,전문,(유)신강이엔지,성동진,54926,전북특별자치도 전주시 덕진구 모래내6길 59 (금암동),063-277-4119
5922,전북,전주시,공사업,전문,(유)우리전력,이선형,55088,전북특별자치도 전주시 완산구 거마남로 19 (삼천동1가),063-228-2497
5923,전북,전주시,공사업,전문,(유)유한전력개발,이연,54972,전북특별자치도 전주시 완산구 메너머2길 33-5 (중화산동2가),063-236-7121
5924,전북,전주시,공사업,전문,주식회사 유닉스방재,정진만,54811,전북특별자치도 전주시 덕진구 삼례로 98 (고랑동),063-245-5119
5925,전북,전주시,공사업,전문,세움종합건설(주),"안석문,김종원",54966,"전북특별자치도 전주시 완산구 우전로 260 (효자동2가,세움펠리피아오피스텔) 301호",063-228-5833
5926,전북,전주시,공사업,전문,주식회사 모빌,김성,54977,전북특별자치도 전주시 완산구 중산2길 4 (중화산동2가),063-227-0091
5927,전북,전주시,공사업,전문,주식회사 금옥,박혜영,54816,전북특별자치도 전주시 덕진구 고내천변로 24-55 (송천동2가),063-277-7768
5928,전북,전주시,공사업,전문,계성건설(주),박종완,54969,전북특별자치도 전주시 완산구 홍산로 246 (효자동2가),063-228-9239
5929,전북,전주시,공사업,전문,(유)은아설비,김형곤,54938,전북특별자치도 전주시 덕진구 전주천동로 408 (진북동) 2층,063-276-8845
5930,전북,전주시,공사업,전문,주식회사 건국,이재수,54841,전북특별자치도 전주시 덕진구 감수길 30-26 (팔복동4가),063-214-6427
5931,전북,전주시,공사업,전문,한국소방안전 유한회사,송애란,54814,"전북특별자치도 전주시 덕진구 중오길 13 , 3동 2층(호성동3가)",063-351-7119
5932,전북,전주시,공사업,전문,(주)수성테크,정경술,54916,전북특별자치도 전주시 덕진구 명주4길 20-5 (인후동2가),063-241-8685
5933,전북,전주시,공사업,전문,기린산업개발 주식회사,차호권,55049,전북특별자치도 전주시 완산구 따박골5길 8 (효자동1가),063-226-5354
5934,전북,전주시,공사업,전문,유한회사 제일안전소방,"최일규,최준영",54881,전북특별자치도 전주시 덕진구 기린대로 787 (팔복동2가),063-231-7119
5935,전북,전주시,공사업,전문,유한회사 대승방재,제용래,54938,전북특별자치도 전주시 덕진구 전주천동로 416 (진북동),063-271-3999
5936,전북,전주시,공사업,전문,주식회사 삼화엔지니어링,조남훈,54854,전북특별자치도 전주시 덕진구 원만성로 21-14 (팔복동3가),063-211-1134
5937,전북,전주시,공사업,전문,주식회사 한백종합건설,소응두,54856,전북특별자치도 전주시 덕진구 혁신로 526 (여의동),063-242-4120
5938,전북,전주시,공사업,전문,미동이엔씨 주식회사,최현수,55127,전북특별자치도 전주시 완산구 구이로 1999-3 (평화동3가),063-228-8007
5939,전북,전주시,공사업,전문,(유)명진종합소방,강명진,55051,전북특별자치도 전주시 완산구 서원로 198 (효자동1가),063-221-5119
5940,전북,전주시,공사업,전문,유한회사 시온이엔씨,이병만,54806,"전북특별자치도 전주시 덕진구 서당길 12 ,2층(용정동)",063-224-5514
5941,전북,전주시,공사업,전문,주식회사 오성산업개발,서기섭,55067,전북특별자치도 전주시 완산구 정여립로 688-14 (상림동),070-4327-2170
5942,전북,전주시,공사업,전문,유한회사 요한전기,오선화,54807,전북특별자치도 전주시 덕진구 반월4길 7 (반월동) 209호,063-213-5654
5943,전북,전주시,공사업,전문,(유)대한방재기술,윤석로,55144,전북특별자치도 전주시 완산구 중인1길 136-27 (중인동),063-237-1919
5944,전북,전주시,공사업,전문,주식회사 성역전력,김귀철,54813,"전북특별자치도 전주시 덕진구 전미중앙로 141-82 (전미동2가) ,2동 2층",063-253-7762
5945,전북,전주시,공사업,전문,주식회사 진양전력,양미란,55130,전북특별자치도 전주시 완산구 구이로 1957-6 (석구동) 2층 201호,063-241-4354
5946,전북,전주시,공사업,전문,주식회사 태주공사,오승인,54943,전북특별자치도 전주시 완산구 고사평9길 23-2 (서신동),063-274-3222
5947,전북,전주시,공사업,전문,주식회사 전주소방,신동선,54814,"전북특별자치도 전주시 덕진구 중오길 13 , 3동 1층 2호(호성동3가)",063-271-7119
5948,전북,전주시,공사업,전문,유한회사 에스케이소방,송락준,55022,"전북특별자치도 전주시 덕진구 아중7길 13-7 (우아동2가), 104호",063-245-6119
5949,전북,전주시,공사업,전문,주식회사 에이스방재,이원석,54956,전북특별자치도 전주시 완산구 서곡로 72 (효자동3가) 2층,063-247-6119
5950,전북,전주시,공사업,전문,주식회사 천만전력,구천만,54812,"전북특별자치도 전주시 덕진구 전미월평1길 76 ,101호(전미동2가)",063-236-4799
5951,전북,전주시,공사업,전문,(주)지오엔지니어링,이삼기,54966,전북특별자치도 전주시 완산구 바우배기2길 17-5 (효자동2가) 2층 202호,063-223-7764
5952,전북,전주시,공사업,전문,주식회사 다온개발,이명진,54812,전북특별자치도 전주시 덕진구 전미월평1길 76 (전미동2가) 104호,063-214-5238
5953,전북,전주시,공사업,전문,유한회사 지에이시스템,"원승연,정미지",54973,전북특별자치도 전주시 완산구 백제대로 305 (중화산동2가),063-241-2000
5954,전북,전주시,공사업,일반(전기),전북특별자치도학교안전공제회,유정기,55065,전북특별자치도 전주시 완산구 홍산로 111 (효자동2가),063-239-3649
5955,전북,전주시,공사업,전문,유한회사 가람엔지니어링,정건수,54963,"전북특별자치도 전주시 완산구 효자로 161 ,1122호(효자동3가, 웨스트빌)",063-225-5119
5956,전북,전주시,공사업,전문,유한회사 테마아이디시,이춘성,54943,전북특별자치도 전주시 완산구 고사평3길 21-5 (서신동) 1층,063-243-3770
5957,전북,전주시,공사업,전문,주식회사 세림냉동플랜트,전형권,55139,전북특별자치도 전주시 완산구 난전들로 30-62 (평화동3가),063-271-1204
5958,전북,전주시,공사업,전문,(유)플러스건설,"나춘균,나정곤",54969,"전북특별자치도 전주시 완산구 홍산북로 83 제상가동 제2층 제209호(효자동3가, 코오롱스카이타워)",063-226-6576
5959,전북,전주시,공사업,전문,주식회사 신화방재,김기흥,54956,"전북특별자치도 전주시 완산구 서곡3길 13-23 ,202호(효자동3가)",063-277-4111
5960,전북,전주시,공사업,전문,유한회사 전국소방안전,이지현,55124,"전북특별자치도 전주시 완산구 평화7길 22 , 상가동 402호(평화동2가, 송정써미트아파트)",063-278-8463
5961,전북,전주시,공사업,전문,유한회사 에스디테크,최명희,54950,전북특별자치도 전주시 완산구 안터3길 12-1 1층,063-908-6770
5962,전북,전주시,공사업,전문,주식회사 아라기술,전한철,54816,전북특별자치도 전주시 덕진구 전미중앙로 54-13 (전미동2가),063-278-9191
5963,전북,전주시,공사업,전문,주식회사 퍼스트에너지,노정숙,54807,전북특별자치도 전주시 덕진구 반월4길 7 (반월동) 209호,063-901-5653
5964,전북,전주시,공사업,전문,주식회사 지아이,"주동수,조창우",54905,전북특별자치도 전주시 덕진구 호성1길 33 (호성동1가),063-247-4860
5965,전북,전주시,공사업,전문,주식회사 해성하우징,김경배,54806,"전북특별자치도 전주시 덕진구 쪽구름로 186 ,1동 202호(반월동)",063-211-0333
5966,전북,전주시,공사업,전문,제일기업 주식회사,황수빈,55141,"전북특별자치도 전주시 완산구 모악로 4485 ,제2동 2층(석구동)",063-237-1588
5967,전북,전주시,공사업,전문,주식회사 세화이엔지,허은주,55075,"전북특별자치도 전주시 완산구 석산마을길 13 ,2층(삼천동3가)",063-221-8911
5968,전북,전주시,공사업,전문,유한회사 코로나일렉,한창수,54832,전북특별자치도 전주시 덕진구 시천로 29-15 (송천동1가),063-908-8259
5969,전북,전주시,공사업,전문,주식회사 이오테크,송은초,55054,"전북특별자치도 전주시 완산구 밤나무1길 15-3 , 1층(효자동1가)",063-278-3111
5970,전북,전주시,공사업,전문,조은소방방재 주식회사,손환,54980,전북특별자치도 전주시 완산구 산월2길 19-5 (중화산동2가),063-223-3119
5971,전북,전주시,공사업,전문,유한회사 세한이엔지,윤택용,54982,전북특별자치도 전주시 덕진구 어은골1길 12-11 (진북동),063-232-6557
5972,전북,전주시,공사업,전문,유한회사 탑이앤씨(TOPENC),"김봉철,한상훈",55030,"전북특별자치도 전주시 덕진구 아중로 140 ,3층(인후동1가)",063-246-1119
5973,전북,전주시,공사업,전문,주식회사 지제이소방,안건형,55035,"전북특별자치도 전주시 완산구 마당재1길 22-6 ,102호(남노송동)",063-288-9712
5974,전북,전주시,공사업,전문,(유)광성소방,윤봉길,55105,전북특별자치도 전주시 완산구 안행2길 31 (삼천동1가) 102호,063-273-2119
5975,전북,전주시,공사업,전문,주식회사 대신소방,이동환,54962,"전북특별자치도 전주시 완산구 마전들로 71 ,3층 301호(효자동3가, 서림빌딩)",
5976,전북,전주시,공사업,전문,효성중전기 주식회사,김용희,55073,전북특별자치도 전주시 완산구 쑥고개로 284-112 (효자동2가),063-236-3333
5977,전북,전주시,공사업,전문,유한회사 창우,강욱,54817,전북특별자치도 전주시 덕진구 새논밭길 35 (호성동1가),063-253-3337
5978,전북,전주시,공사업,전문,주식회사 천일엔지니어링,천은정,54957,전북특별자치도 전주시 완산구 서곡로 12 (효자동3가) 204호,063-255-3494
5979,전북,전주시,공사업,전문,주식회사 가야,김종혁,54963,"전북특별자치도 전주시 완산구 효자로 161 ,720호(효자동3가)",063-277-1113
5980,전북,전주시,공사업,전문,삼광건설 주식회사,이우재,54985,전북특별자치도 전주시 완산구 한두평2길 6 (중화산동2가) 8층,063-282-3696
5981,전북,전주시,공사업,전문,주식회사 멀티,황진아,54845,전북특별자치도 전주시 덕진구 추천로 177-10 (팔복동1가),063-226-2222
5982,전북,전주시,공사업,전문,주식회사 덕진방재,박수연,54830,"전북특별자치도 전주시 덕진구 두간5길 4-9 , 1층(송천동1가)",063-272-7119
5983,전북,전주시,공사업,전문,주식회사 신후,이창용,54801,"전북특별자치도 전주시 덕진구 번영로 237 ,3층(성덕동)",063-214-9044
5984,전북,전주시,공사업,전문,주식회사 신원건설,강범준,55038,전북특별자치도 전주시 완산구 충경로 26-6 (중앙동1가),063-221-1140
5985,전북,전주시,공사업,전문,주식회사 광민산업개발,김정권,55070,"전북특별자치도 전주시 완산구 쑥고개로 229 ,4동 101호(효자동2가)",063-277-1113
5986,전북,전주시,공사업,전문,주식회사 대용,이명숙,54921,"전북특별자치도 전주시 덕진구 거북바우로 73 (금암동) ,1층",063-255-9400
5987,전북,전주시,공사업,전문,주식회사 혁신방재,장희재,54966,"전북특별자치도 전주시 완산구 바우배기2길 11 , 4층 406호(효자동2가)",063-223-7119
5988,전북,전주시,공사업,전문,주식회사 엠엔제이,정미경,54954,전북특별자치도 전주시 완산구 전룡6길 6-1 (서신동),063-252-5688
5989,전북,전주시,공사업,전문,(유)도성소방,이현정,54801,전북특별자치도 전주시 덕진구 번영로 245-10 (성덕동),063-223-5228
5990,전북,전주시,공사업,전문,주식회사 아진테크노피아,서명순,55084,전북특별자치도 전주시 완산구 송정로 36 (삼천동1가),063-283-2000
5991,전북,전주시,공사업,전문,주식회사 건일소방,김민성,55022,전북특별자치도 전주시 덕진구 아중6길 10-9 (우아동2가),
5992,전북,정읍시,공사업,전문,(유)현대소방,권진수,56197,전북특별자치도 정읍시 송산1길 142-20 (송산동),063-531-0006
5993,전북,정읍시,공사업,전문,성실전기건설(주),박현,56171,전북특별자치도 정읍시 수성6로 8 공원빌리지 1층 상가(수성동),063-538-2258
5994,전북,정읍시,공사업,전문,주식회사 교부전력,박유리,56155,전북특별자치도 정읍시 해평복룡길 33 (농소동),063-536-0425
5995,전북,정읍시,공사업,전문,주식회사 선전이앤씨,조대철,56154,전북특별자치도 정읍시 동곡중앙길 8-35 (망제동),063-465-2846
5996,전북,정읍시,공사업,전문,주식회사 우석엔지니어링,이성준,56162,전북특별자치도 정읍시 대흥3길 16-7 (시기동) 2층,063-538-2752
5997,전북,정읍시,공사업,전문,주식회사 에이비전기,박인홍,56169,전북특별자치도 정읍시 서부산업도로 487 (하북동),063-538-2258
5998,전북,정읍시,공사업,전문,유한회사 더원방재이앤씨,라길성,56169,전북특별자치도 정읍시 서부산업도로 507-8 (하북동),063-536-1192
5999,전북,정읍시,공사업,전문,거상전력 주식회사,이민정,56164,전북특별자치도 정읍시 중앙로 158-16 (시기동),063-533-0440
6000,전북,정읍시,공사업,전문,주식회사 금문전력,김수련,56173,전북특별자치도 정읍시 수성6로 59 (수성동),062-954-0455
6001,전북,정읍시,공사업,전문,주식회사 효신전기,김현정,56136,"전북특별자치도 정읍시 북면 금곡길 17 , 1층",070-8822-1537
6002,전북,정읍시,공사업,전문,유한회사 선명이엔지,이병옥,56166,전북특별자치도 정읍시 정신로 72-1 (하북동),063-537-9204
6003,전북,정읍시,공사업,전문,일진소방 주식회사,이용정,56173,전북특별자치도 정읍시 수성6로 61-14 (수성동),063-538-0119
6004,전북,정읍시,공사업,전문,주식회사 누리소방,김경심,56211,전북특별자치도 정읍시 정읍사로 226 (교암동) 102호,062-955-1197
6005,전북,정읍시,공사업,전문,주식회사 가람소방,권민정,56211,"전북특별자치도 정읍시 정읍사로 226 ,1층 102호(교암동)",063-537-8836
6006,전북,정읍시,공사업,전문,주식회사 신흥전업,"신순옥,전영준",56114,전북특별자치도 정읍시 태인면 왕림길 12 .,063-533-6464
6007,전북,정읍시,공사업,전문,주식회사 대성소방,김희정,56208,전북특별자치도 정읍시 용흥2길 3 (상평동),063-532-3119
6008,전북,정읍시,공사업,전문,주식회사 미르소방,최상현,56211,"전북특별자치도 정읍시 정읍사로 226 (교암동) ,1층 103호",063-537-8836
6009,전북,정읍시,공사업,전문,주식회사 대성전력,정세진,56173,전북특별자치도 정읍시 수성6로 61-14 (수성동),062-432-6847
6010,전북,진안군,공사업,전문,(유)가온테크,김종삼,55410,전북특별자치도 진안군 정천면 용정길 60-7 .,063-212-3280
6011,전북,진안군,공사업,전문,거성소방전기공사,송승호,55436,전북특별자치도 진안군 진안읍 진무로 1014 (),063-432-0196
6012,전북,진안군,공사업,전문,주식회사 동강,임소미,55440,전북특별자치도 진안군 진안읍 거북바위로3길 28 .,063-323-2621
6013,전북,진안군,공사업,전문,주식회사 초이스일렉콤,이선미,55409,전북특별자치도 진안군 정천면 봉학로 111 .,063-242-9115
6014,전남,강진군,공사업,전문,금산전력(주),송병우,59252,전라남도 강진군 신전면 신전중앙길 9-1 .,061-811-3080
6015,전남,강진군,공사업,전문,(주)진도전력,백현란,59255,전라남도 강진군 군동면 석교로 12 (),062-374-3171
6016,전남,강진군,공사업,전문,주식회사 덕양,장성영,59203,전라남도 강진군 성전면 별뫼로 268-2 (),061-432-2119
6017,전남,강진군,공사업,전문,주식회사 마루종합전기,남도우,59255,전라남도 강진군 군동면 석교로 12 가동 1층,070-4027-6565
6018,전남,강진군,공사업,전문,두레건설(주),김종민,59203,전라남도 강진군 성전면 별뫼로 268-2 .,062-385-4353
6019,전남,강진군,공사업,전문,주식회사 유동,고성동,59223,전라남도 강진군 군동면 까치내로 8 (),061-536-7484
6020,전남,강진군,공사업,전문,주식회사 우림전력,장창호,59256,전라남도 강진군 군동면 동관덕길 37 (),062-381-0761
6021,전남,강진군,공사업,전문,(주)도원이엔씨,곽우희,59203,전라남도 강진군 성전면 별뫼로 268-2 (),061-432-2119
6022,전남,강진군,공사업,전문,주식회사 자영,장정하,59223,전라남도 강진군 군동면 까치내로 8 .,061-434-9600
6023,전남,강진군,공사업,전문,주식회사 광동,정강민,59225,전라남도 강진군 강진읍 중앙로 199 (),061-432-0179
6024,전남,고흥군,공사업,전문,(주)동방전력,최영근,59537,전라남도 고흥군 고흥읍 고흥로 1886-9 (),061-834-2121
6025,전남,고흥군,공사업,전문,고흥전력(주),김혜수,59515,전라남도 고흥군 두원면 지등길 11-8 (),061-835-0765
6026,전남,고흥군,공사업,전문,(주)부경전력,박은경,59542,전라남도 고흥군 고흥읍 백련장전길 127 (),061-832-5060
6027,전남,고흥군,공사업,전문,(주)진성전력,노종균,59514,전라남도 고흥군 두원면 동신마전길 108 (),061-833-0215
6028,전남,고흥군,공사업,전문,주식회사 나우,박대철,59511,전라남도 고흥군 과역면 문화마을길 19 .,061-725-0119
6029,전남,고흥군,공사업,전문,주식회사 인성전력,이명희,59536,"전라남도 고흥군 고흥읍 송곡길 4-51 , 나동",061-833-7200
6030,전남,곡성군,공사업,전문,(주)소림기계설비,"위율환,위성현",57504,전라남도 곡성군 옥과면 리문6길 11 (),062-269-2900
6031,전남,곡성군,공사업,전문,(주)서광전력,김은주,57537,전라남도 곡성군 곡성읍 중앙로 71 (),062-944-3384
6032,전남,곡성군,공사업,전문,옥산종합개발(주),양정아,57550,전라남도 곡성군 죽곡면 대황강로 1397-45 (),061-356-4708
6033,전남,곡성군,공사업,전문,(주)금강엔지니어링,"박정갑,최국선",57516,전라남도 곡성군 겸면 곡순로 1960 (),061-381-4125
6034,전남,곡성군,공사업,전문,(주)진영엔지니어링,심한식,57512,전라남도 곡성군 입면 만수운치길 43-3 (),062-952-2119
6035,전남,곡성군,공사업,전문,(주)운경건설,이종근,57515,전라남도 곡성군 곡순로 1722 (겸면),070-8805-2222
6036,전남,곡성군,공사업,전문,주식회사 석주전력,김성희,57540,전라남도 곡성군 곡성읍 곡성로 748 .,062-962-7448
6037,전남,곡성군,공사업,전문,(주)진흥소방산업,김준환,57524,전라남도 곡성군 삼기면 수산길 4 .,061-383-3119
6038,전남,곡성군,공사업,전문,주식회사 대성소방,강문철,57539,"전라남도 곡성군 곡성읍 죽동길 3 ,1층",062-955-1197
6039,전남,곡성군,공사업,전문,주식회사 서문전력,김려옥,57516,전라남도 곡성군 겸면 곡순로 1960 .,062-574-1300
6040,전남,광양시,공사업,전문,(주)금호전력,장명석,57767,전라남도 광양시 옥정로 70-2 (성황동),061-792-3788
6041,전남,광양시,공사업,전문,(주)진성전기,"김종희,이장범",57707,전라남도 광양시 신시3길 13-7 (진상면),061-755-1868
6042,전남,광양시,공사업,전문,(주)대한산업공사,오용호,57761,"전라남도 광양시 광양읍 대림오성로 92 , 2층",061-751-6955
6043,전남,광양시,공사업,전문,광신콘트롤(주),염규일,57774,전라남도 광양시 중마로 331 (마동),061-791-2141
6044,전남,광양시,공사업,전문,(주)현대소방,권순용,57779,전라남도 광양시 진등길 16 (중동 2층),061-793-5588
6045,전남,광양시,공사업,전문,두양산전(주),윤동준,57785,전라남도 광양시 중마중앙로 125 2층(중동),061-791-2212
6046,전남,광양시,공사업,전문,(주)신우전력,윤우혁,57793,전라남도 광양시 항만11로 24  (중동) ,061-791-4515
6047,전남,광양시,공사업,전문,국토건설(주),"황의준,박현숙",57743,전라남도 광양시 광양읍 칠성로 86-3 (),061-762-9901
6048,전남,광양시,공사업,전문,(주)대일소방,이웅기,57798,전라남도 광양시 눈소5길 55-5 (마동),061-793-1198
6049,전남,광양시,공사업,전문,주식회사 우솔이엔씨,이혜경,57787,"전라남도 광양시 중마로 540 ,2층(중동)",
6050,전남,광양시,공사업,전문,중앙방재(주),서인영,57742,전라남도 광양시 광양읍 매일시장길 11-6 (),061-725-4790
6051,전남,광양시,공사업,전문,성신이엔씨(주),김경범,57754,전라남도 광양시 광양읍 인덕로 967-1 (2층),061-751-5511
6052,전남,광양시,공사업,전문,(주)현대이앤아이,진재윤,57783,전라남도 광양시 중마용소5길 13 (중동),061-791-0155
6053,전남,광양시,공사업,전문,유한회사 명보,김점석,57774,전라남도 광양시 사동로 239 2층(마동),061-723-0346
6054,전남,광양시,공사업,전문,(주)거산소방공사,최훈,57740,전라남도 광양시 광양읍 칠성로 16 (),061-763-8567
6055,전남,광양시,공사업,일반(전기),(주)에프에이이,김종효,57714,전라남도 광양시 옥곡면 신금로 241 (),061-772-6306
6056,전남,광양시,공사업,전문,한샘전력(주),김봉호,57790,전라남도 광양시 중촌길 13 (중동),062-373-9761
6057,전남,광양시,공사업,전문,(주)제철공무,안우정,57714,전라남도 광양시 옥곡면 신금산단1길 44-9 (),061-790-5137
6058,전남,광양시,공사업,전문,(주)현대에프엠씨,권순용,57779,전라남도 광양시 진등길 16 (중동 2층),061-792-2888
6059,전남,광양시,공사업,전문,(주)에덴이엔지,김왕준,57736,전라남도 광양시 광양읍 인덕로 1127 (),061-762-3255
6060,전남,광양시,공사업,전문,(주)엔탑엔지니어링,"최공호,강승호",57783,전라남도 광양시 중마용소6길 7-6 (중동),062-654-5000
6061,전남,광양시,공사업,전문,주식회사 동부이엔씨,양총모,57761,전라남도 광양시 광양읍 예구6길 21 (),061-761-7790
6062,전남,광양시,공사업,전문,주식회사 우민전기,윤유하,57784,전라남도 광양시 오류로 49 (중동),061-791-2711
6063,전남,광양시,공사업,전문,거명이앤씨 주식회사,반재경,57723,전라남도 광양시 광포3길 61 (광영동),061-792-2117
6064,전남,광양시,공사업,전문,주식회사 보검,김동석,57754,전라남도 광양시 광양읍 서천1길 70-5 .,061-763-0485
6065,전남,광양시,공사업,전문,주식회사 라인이엔지,안태철,57714,전라남도 광양시 옥곡면 강변로 454 (),061-795-2283
6066,전남,광양시,공사업,전문,주식회사 만보중공업,남양준,57759,전라남도 광양시 광양읍 익신산단4길 47 (),061-762-0931
6067,전남,광양시,공사업,전문,주식회사 우리소방전력,전상원,57742,전라남도 광양시 광양읍 칠성1길 55-10 (),061-761-7491
6068,전남,광양시,공사업,전문,주식회사 건일기업,이희연,545-802,전라남도 광양시 광양읍 도월리 607-2,061-763-5040
6069,전남,광양시,공사업,전문,한려기계산업 주식회사,안영일,57722,전라남도 광양시 금영로 42 (광영동),061-792-8118
6070,전남,광양시,공사업,전문,반석소방 주식회사,김정섭,57753,"전라남도 광양시 광양읍 성북길 39 ,4층",061-763-1196
6071,전남,광양시,공사업,전문,주식회사 포스코지와이알테크,이찬기,57812,전라남도 광양시 제철로 1800 (금호동),061-760-8877
6072,전남,광양시,공사업,전문,주식회사 동신,"강이열,신형임",57797,전라남도 광양시 눈소2길 15 (마동),061-791-4001
6073,전남,광양시,공사업,전문,주식회사 포스코지와이에스테크,서재석,57812,전라남도 광양시 제철로 1800 (금호동),061-760-8436
6074,전남,광양시,공사업,전문,주식회사 하나테크,심상룡,57726,전라남도 광양시 옥곡면 금촌길 1-22 (),061-772-7781
6075,전남,광양시,공사업,전문,주식회사 포스코지와이솔루션,윤훈,57812,전라남도 광양시 제철로 1800 (금호동),061-797-9686
6076,전남,광양시,공사업,전문,주식회사 디와이이(DYE),이광용,57801,"전라남도 광양시 희망길 12-14 (금호동, 제철협력회관3층)",061-795-2212
6077,전남,구례군,공사업,전문,(주)대동전기,전상선,57637,전라남도 구례군 구례읍 5일시장큰길 32 (),061-782-7766
6078,전남,나주시,공사업,전문,남양건설(주),마찬호,58263,전라남도 나주시 예향로 4073 (송월동),062-231-1013
6079,전남,나주시,공사업,전문,금호건설 주식회사,조완석,58263,전라남도 나주시 시청길 4  (송월동) ,02-6303-0205
6080,전남,나주시,공사업,전문,우원이앤지(주),위봉환,58224,전라남도 나주시 산남로 401 (남평읍),062-603-3119
6081,전남,나주시,공사업,전문,(주)풍성,최휴정,58272,전라남도 나주시 영나로 2305 (),061-333-0816
6082,전남,나주시,공사업,전문,(주)정진전력,김대혁,58272,전라남도 나주시 영나로 2305 (부덕동),061-333-1601
6083,전남,나주시,공사업,전문,(주)대진전력,김현순,58262,"전라남도 나주시 나주로 41-17 , 제상가동 제3층 제302호(송월동, 송월부영아파트)",061-686-6256
6084,전남,나주시,공사업,전문,(주)푸른전기,나일도,58243,"전라남도 나주시 신기길 1 , 2층(석현동)",061-332-2354
6085,전남,나주시,공사업,전문,(주)고운전기,김춘열,58265,전라남도 나주시 이창택지길 61 (이창동),061-332-0343
6086,전남,나주시,공사업,전문,(주)금화소방설비공사,심부규,58228,전라남도 나주시 세남로 1672 (남평읍),061-332-0613
6087,전남,나주시,공사업,전문,중흥건설(주),백승권,58231,전라남도 나주시 나주호로 442-129 (남평읍),062-510-2263
6088,전남,나주시,공사업,전문,한전KPS(주),김홍연,58217,전라남도 나주시 문화로 211  (빛가람동),061-345-2214
6089,전남,나주시,공사업,전문,주식회사 창해전기,황성진,58227,"전라남도 나주시 남평읍 지석로 4 , 3층",061-744-0412
6090,전남,나주시,공사업,전문,대양종합건설(주),길현식,58217,전라남도 나주시 상야4길 22 505호(빛가람동),061-334-9111
6091,전남,나주시,공사업,전문,남부솔루션 주식회사,추호철,58296,전라남도 나주시 왕곡면 혁신산단로 160 (),02-451-8721
6092,전남,나주시,공사업,전문,(주)신암전력,김재순,58272,전라남도 나주시 영나로 2305 (),061-333-0815
6093,전남,나주시,공사업,전문,(주)전진전기소방공사,박홍진,58252,전라남도 나주시 청동길 47  (청동) ,061-333-7170
6094,전남,나주시,공사업,전문,주안이엔지(주),김승호,58327,"전라남도 나주시 황동3길 66 , 111호(빛가람동, 비학주차빌딩)",061-334-8228
6095,전남,나주시,공사업,전문,(주)노벨,정헌용,58243,전라남도 나주시 청암길 17 (청동),061-374-7107
6096,전남,나주시,공사업,전문,덕성소방(주),임미령,58288,전라남도 나주시 백련산로 408-15 (동강면),062-954-9222
6097,전남,나주시,공사업,전문,(주)한길이앤씨,서은호,58325,"전라남도 나주시 그린로 351 1동605호(빛가람동, 아주드림타워)",061-334-7119
6098,전남,나주시,공사업,전문,(유)삼화전설,기공서,58325,"전라남도 나주시 배멧2길 39 , 1층 107호(빛가람동, 로데오빌딩)",061-335-0262
6099,전남,나주시,공사업,전문,(주)빛고을산업개발,박길순,58227,전라남도 나주시 남평읍 남평2로 41-63 (),070-8703-3119
6100,전남,나주시,공사업,전문,주식회사 세한이엔아이,김석진,58227,"전라남도 나주시 남평읍 지석로 4 , 3층",062-385-4556
6101,전남,나주시,공사업,전문,(주)전남소방,문석민,58325,전라남도 나주시 그린로 355 아주타워 308호(빛가람동),061-332-0119
6102,전남,나주시,공사업,전문,마인엔지니어링건축사사무소 주식회사,김태식,58217,"전라남도 나주시 빛가람로 685 , 1동 6층 612호(빛가람동,비젼타워)",061-332-7561
6103,전남,나주시,공사업,전문,주식회사 일구산업개발,김석,58326,"전라남도 나주시 교육길 13 ,에이동 104호(빛가람동, 스마트파크지식산업센터)",061-336-4575
6104,전남,나주시,공사업,전문,주식회사 하이텍,김용미,520-841,전라남도 나주시 남평읍 평산리 535-18,061-334-3300
6105,전남,나주시,공사업,전문,주식회사 예스윌테크,유한설,58327,전라남도 나주시 황동3길 7-36 (빛가람동),061-930-5110
6106,전남,나주시,공사업,전문,탑솔라 주식회사,"유병진,오형석",58258,"전라남도 나주시 금성길 3 , 1층(남내동)",062-971-9877
6107,전남,나주시,공사업,전문,경두산업 주식회사,김용현,58262,"전라남도 나주시 재신길 6-10 , 2층(송월동)",061-334-8119
6108,전남,나주시,공사업,전문,주식회사 번계전,구동주,58227,전라남도 나주시 남평읍 지석로 24-10 (),061-332-4222
6109,전남,나주시,공사업,전문,(주)건국,유희옥,58277,전라남도 나주시 혁신산단1길 80 (동수동),062-361-3927
6110,전남,나주시,공사업,전문,에프앤에스 주식회사,조성천,58212,전라남도 나주시 산포면 산남로 112-10 (),061-333-1315
6111,전남,나주시,공사업,전문,새천년종합건설(주),정기승,58260,전라남도 나주시 학생운동길 39  (남외동) ,062-531-0088
6112,전남,나주시,공사업,전문,주식회사 가람산업개발,이순태,58326,"전라남도 나주시 교육길 13 , 스마트파크 디동 5-312호(빛가람동)",061-334-0343
6113,전남,나주시,공사업,전문,주식회사 남전,이은솔,58264,전라남도 나주시 영산포로 291 (삼영동),061-334-8002
6114,전남,나주시,공사업,전문,주식회사 119파이어,차진석,58323,"전라남도 나주시 도민길 3-1 ,101호(빛가람동)",070-4151-3701
6115,전남,나주시,공사업,전문,주식회사 영재산업개발,조동근,58209,전라남도 나주시 노안면 금산로 4 (),061-334-0119
6116,전남,나주시,공사업,전문,주식회사 가온이엔지,최재성,58325,"전라남도 나주시 문화로 238 , 605호(빛가람동, 아주드림타워2)",061-395-4286
6117,전남,나주시,공사업,전문,주식회사 동국산업,심왕섭,58227,"전라남도 나주시 남평읍 남평1로 12 , 4층 402-1-1호",062-251-6114
6118,전남,나주시,공사업,전문,주식회사 제이엠이엔지,김선영,58325,"전라남도 나주시 문화로 238 ,605호(빛가람동, 아주드림타워2)",061-395-4286
6119,전남,담양군,공사업,전문,(주)라인건설,권윤,57359,전라남도 담양군 무정로 538 (무정면),061-383-6171
6120,전남,담양군,공사업,전문,(주)에스제이이엔지,조승준,57352,전라남도 담양군 평신기길 15-8 (금성면),062-251-6678
6121,전남,담양군,공사업,전문,주식회사 대경이엔씨,배춘희,57320,전라남도 담양군 대전면 추성1로 511 (),062-574-7761
6122,전남,담양군,공사업,전문,(유)시온이엔지,이혜정,57320,"전라남도 담양군 대전면 행정길 65-4 ,2동 2층",062-571-0651
6123,전남,담양군,공사업,전문,(주)신우이엔지,하민호,57326,전라남도 담양군 대전면 갈전길 22 (),061-380-1500
6124,전남,담양군,공사업,전문,(주)신한전기,신현출,57319,전라남도 담양군 추성1로 777 (수북면),062-959-6772
6125,전남,담양군,공사업,전문,(주)한일,조현,57386,전라남도 담양군 고서면 방죽안길 2-2 .,062-527-1119
6126,전남,담양군,공사업,전문,하남전기개발(주),박도성,57389,전라남도 담양군 창평면 의병로 165 (),062-269-5600
6127,전남,담양군,공사업,전문,태종이엔씨(주),이동림,57312,전라남도 담양군 월산면 도개길 47 (),062-603-3993
6128,전남,담양군,공사업,전문,(주)태강이앤지,박호영,57330,전라남도 담양군 대전면 중옥길 41-8 가동 1층 103호,061-383-2228
6129,전남,담양군,공사업,전문,(주)엘가전설,이춘택,57320,전라남도 담양군 대전면 행정길 65-4 2동,061-381-3623
6130,전남,담양군,공사업,전문,주식회사 서진건설,김환진,57301,전라남도 담양군 금성면 금성산성길 71 (),062-382-9023
6131,전남,담양군,공사업,전문,주식회사 광신종합건설,이경노,57343,전라남도 담양군 담양읍 천변1길 3 (),061-381-7107
6132,전남,담양군,공사업,전문,대양종합전력 주식회사,김영숙,57380,전라남도 담양군 대덕면 금산길 3 (),062-264-8788
6133,전남,담양군,공사업,전문,아주건설 주식회사,"김수홍,김용환",57328,전라남도 담양군 대전면 대전로 62 (),061-381-6323
6134,전남,담양군,공사업,전문,(자)자유이엔씨,"김재필,임병순",57377,전라남도 담양군 의병로 21 (창평면),062-382-3124
6135,전남,목포시,공사업,전문,(유)우성전력,장준근,58651,전라남도 목포시 송림로36번길 27 (용당동),061-272-5122
6136,전남,목포시,공사업,전문,(주)대불소방전력,김재군,58660,전라남도 목포시 하당로197번길 1  (상동) ,061-284-7753
6137,전남,목포시,공사업,전문,(주)이남성,김경아,58734,전라남도 목포시 용당국민로14번길 7-7 (용당동),061-245-2183
6138,전남,목포시,공사업,전문,주식회사 하나엔지니어링,박성일,58697,"전라남도 목포시 입암로 7-1 301호(상동,동광오피스텔)",061-279-3117
6139,전남,목포시,공사업,전문,(주)선룡,정종오,58696,전라남도 목포시 백년대로280번길 10  (상동),061-282-8297
6140,전남,목포시,공사업,전문,(주)신일소방,오병열,58713,전라남도 목포시 뚝섬길 12  (산정동) ,061-278-1777
6141,전남,목포시,공사업,전문,(주)한국소방,고미주,58703,전라남도 목포시 안장산로 45 (용해동),061-245-1119
6142,전남,목포시,공사업,전문,주식회사 동일건설,윤미선,58603,전라남도 목포시 대박길 118-5 (대양동),061-283-8323
6143,전남,목포시,공사업,전문,(주)백두기연,양정승,58600,전라남도 목포시 대양산단로97번길 33 (대양동),061-278-8204
6144,전남,목포시,공사업,전문,(주)미래소방이엔지,이명호,58712,전라남도 목포시 영산로153번길 3 2층(호남동),061-245-2299
6145,전남,목포시,공사업,전문,(주)에이스전력,박종복,58684,"전라남도 목포시 삼향천로91번길 24-1 ,101호(옥암동)",061-284-0601
6146,전남,목포시,공사업,전문,(주)21세기엔지니어링,김영식,58682,"전라남도 목포시 남악로 22-18 이동 501호(옥암동, 펠리시티몰)",061-285-3119
6147,전남,목포시,공사업,전문,(유)신진전력,조수근,58697,전라남도 목포시 입암로20번길 4-1 (상동),061-282-7551
6148,전남,목포시,공사업,전문,(주)대주에너텍,윤대운,58655,전라남도 목포시 석현로25번길 6  (석현동) ,061-287-5770
6149,전남,목포시,공사업,전문,(유)대성소방,윤선태,58733,전라남도 목포시 자유로71번길 5 (산정동),061-243-1192
6150,전남,목포시,공사업,전문,(유)한개발,박옥란,58655,전라남도 목포시 석현로35번길 3  (석현동) ,061-278-7824
6151,전남,목포시,공사업,전문,세이이엔씨(주),이세평,58604,전라남도 목포시 지적로 34 (대양동),061-282-3201
6152,전남,목포시,공사업,전문,비봉기업(주),최봉호,58642,전라남도 목포시 상동로 66 상동주공3단지상가 210호(상동),062-527-6601
6153,전남,목포시,공사업,전문,주식회사 한성소방전력,김명희,58742,전라남도 목포시 동명로 5-1 (산정동),061-245-7890
6154,전남,목포시,공사업,전문,(주)태화전기,이소경,58639,전라남도 목포시 원산주택로 4 (산정동),061-279-8031
6155,전남,목포시,공사업,전문,(유)태양소방통신,김주성,58743,전라남도 목포시 삼학로123번길 3 (산정동),061-243-3543
6156,전남,목포시,공사업,전문,(주)유일테크,박창현,58737,전라남도 목포시 삼학로223번길 3 (산정동),061-242-1190
6157,전남,목포시,공사업,전문,(주)상원소방전기,김훈,58724,전라남도 목포시 영산로121번길 51-1 (남교동),061-243-7119
6158,전남,목포시,공사업,전문,(주)은하산업개발,박정선,58640,"전라남도 목포시 양을로33번길 12 (산정동, 종원시장아파트상가 18호)",061-278-7762
6159,전남,목포시,공사업,전문,주식회사 연두전기,임미정,58713,전라남도 목포시 터진목로 26 (산정동),061-282-3201
6160,전남,목포시,공사업,전문,주식회사 호반엔지니어링,조이환,58600,전라남도 목포시 대양산단로125번길 11 (대양동),061-261-1229
6161,전남,목포시,공사업,전문,주식회사 옥동전력산업,김현주,58743,전라남도 목포시 삼학로123번길 3 (산정동),061-243-3543
6162,전남,목포시,공사업,전문,금화소방 주식회사,김현철,58600,전라남도 목포시 대양산단로56번길 9-5 (대양동),061-277-0119
6163,전남,목포시,공사업,전문,주식회사 세율소방,김윤영,58600,전라남도 목포시 대양산단로56번길 9-5 (대양동),061-276-9959
6164,전남,목포시,공사업,전문,동백소방 주식회사,김선화,58600,"전라남도 목포시 대양산단로56번길 9-7 , 2호(대양동)",061-279-0119
6165,전남,무안군,공사업,전문,(주)보선,송보슬,58521,전라남도 무안군 무안읍 성남1길 18 (),061-454-0212
6166,전남,무안군,공사업,전문,성진소방(주),문성진,58541,전라남도 무안군 청계면 영산로 1866 .,061-243-0112
6167,전남,무안군,공사업,전문,(주)극동전력,박인지,58527,전라남도 무안군 무안읍 무안로 483 3층,062-525-2215
6168,전남,무안군,공사업,전문,시온전력(주),김병문,58565,"전라남도 무안군 삼향읍 임성로 144-27 ,2호",062-682-5540
6169,전남,무안군,공사업,전문,(주)명성이엔씨,윤영주,58515,전라남도 무안군 고인돌길 174 (2동 2호),062-251-0494
6170,전남,무안군,공사업,전문,도일 주식회사,조태선,58531,전라남도 무안군 무안읍 무안로 522-1 (),061-901-9210
6171,전남,무안군,공사업,전문,주식회사 대성전기,윤성민,58512,전라남도 무안군 현경면 현해로 70 (),061-452-6484
6172,전남,무안군,공사업,전문,주식회사 아름전력,박민희,58521,전라남도 무안군 무안읍 무안로 315-7 (),061-272-0356
6173,전남,무안군,공사업,전문,유한회사 국제소방산업,김민심,58560,"전라남도 무안군 삼향읍 덕산길 75 , 1동",061-284-1120
6174,전남,무안군,공사업,전문,주식회사 기성산업,서성희,58552,전라남도 무안군 청계면 연곡길 14-7 (),061-392-2370
6175,전남,보성군,공사업,전문,(주)원진이엔씨,김수진,59443,전라남도 보성군 농공길 43 (미력면),061-852-7201
6176,전남,보성군,공사업,전문,동도전력(주),김동민,59452,전라남도 보성군 갱맹골길 129 (보성읍),062-515-1414
6177,전남,보성군,공사업,전문,(주)금강전력,"류재선,박종표",59463,전라남도 보성군 우산길 2 (보성읍),062-223-6669
6178,전남,보성군,공사업,전문,우리전력(주),박후자,59463,전라남도 보성군 보성읍 우산길 2 (),070-7724-1077
6179,전남,보성군,공사업,전문,광성소방전력 주식회사,김동중,59459,전라남도 보성군 보성읍 중앙로 30 (),061-853-0094
6180,전남,보성군,공사업,전문,주식회사 동일상,김동기,59452,전라남도 보성군 보성읍 갱맹골길 129 (),062-651-9805
6181,전남,순천시,공사업,전문,(주)제일전기,이정진,57958,전라남도 순천시 동신흥4길 4 (남정동),061-745-0409
6182,전남,순천시,공사업,전문,대호전기소방,"소기원,김대륜",58028,전라남도 순천시 덕정길 3-10 (인월동),050-2123-1592
6183,전남,순천시,공사업,전문,(주)신성이엔지,신종식,57949,"전라남도 순천시 봉화2길 14 6층(조례동, 명인빌딩)",061-725-3500
6184,전남,순천시,공사업,전문,죽암건설(주),"김종욱,김종동",57991,전라남도 순천시 충효로 85 (연향동),061-740-0700
6185,전남,순천시,공사업,전문,(주)신세계소방,박윤식,57953,전라남도 순천시 텃골길 2 (생목동),061-744-5526
6186,전남,순천시,공사업,전문,(주)두일이앤씨,허재현,58024,전라남도 순천시 해룡면 여순로 1211 (),061-721-9969
6187,전남,순천시,공사업,전문,(주)에스디,정숙아,57928,전라남도 순천시 백강로 617 (서면),061-751-2332
6188,전남,순천시,공사업,전문,그린소방(주),이기채,57924,전라남도 순천시 중앙로 491-24 (가곡동),061-742-5119
6189,전남,순천시,공사업,전문,동광이앤지 주식회사,윤점숙,57923,전라남도 순천시 망산1길 26 (가곡동),061-751-0091
6190,전남,순천시,공사업,전문,(주)신원소방,김금석,57939,전라남도 순천시 비행장길 5 (석현동),061-753-7119
6191,전남,순천시,공사업,전문,남광에너지(주),최현경,57957,전라남도 순천시 서문로 2 (저전동),061-752-8778
6192,전남,순천시,공사업,전문,제일방재(주),박순덕,57961,전라남도 순천시 풍덕3길 41 (풍덕동),061-745-8119
6193,전남,순천시,공사업,전문,(주)모든전기,강신석,57959,전라남도 순천시 남산6길 16  (남정동) ,061-744-0404
6194,전남,순천시,공사업,전문,(주)국제이엔씨,김규환,57904,전라남도 순천시 서면 지본금평길 18 .,061-753-1401
6195,전남,순천시,공사업,전문,(주)전남소방이엔지,최영옥,57997,전라남도 순천시 제일대학길 20 (덕월동),061-725-4554
6196,전남,순천시,공사업,전문,(유)한빛이엔씨,조은아,57924,전라남도 순천시 원가곡3길 6-15 (가곡동),061-751-6229
6197,전남,순천시,공사업,전문,유한회사 미래소방이엔지,이춘원,58005,전라남도 순천시 해룡면 상성길 149-4 (103호),061-726-6117
6198,전남,순천시,공사업,전문,(주)금환이엔씨,김성환,57928,전라남도 순천시 서면 화정1길 25 (),061-753-1401
6199,전남,순천시,공사업,전문,주식회사 에스엔에이,김태균,57941,전라남도 순천시 옥천길 406 (옥천동),061-722-0881
6200,전남,순천시,공사업,전문,(주)제일소방,박상철,57992,전라남도 순천시 충효로 32 동원빌딩 제2층 201호(연향동),061-743-7119
6201,전남,순천시,공사업,전문,(주)한길이엔지,이광복,57997,전라남도 순천시 소라2길 28 (덕월동),061-745-2815
6202,전남,순천시,공사업,전문,(주)하늘천,임인수,57966,전라남도 순천시 충효로 131-10 (조례동),061-811-0230
6203,전남,순천시,공사업,전문,주식회사 아이티이엔씨,유정미,58024,전라남도 순천시 해룡면 용전길 40-1 (),061-721-6571
6204,전남,순천시,공사업,전문,대정개발(주),이상우,57942,전라남도 순천시 강남로 93 강남타워 708호(동외동),061-686-3838
6205,전남,순천시,공사업,전문,주식회사 동성소방전기,최진경,57941,전라남도 순천시 금옥길 25 (옥천동),070-7762-8778
6206,전남,순천시,공사업,전문,본이엔지 주식회사,정용채,57924,전라남도 순천시 고지4길 7-24 (가곡동),061-745-8763
6207,전남,순천시,공사업,전문,(주)삼성소방공사,위성출,57903,전라남도 순천시 서면 압곡길 115-109 (),061-741-7119
6208,전남,순천시,공사업,전문,유한회사 예지,정상채,57928,전라남도 순천시 서면 화정길 20 (),061-753-3811
6209,전남,순천시,공사업,전문,주식회사 강남엔지니어링,한효진,57906,전라남도 순천시 서면 동산길 16-30 (),061-741-2628
6210,전남,순천시,공사업,전문,주식회사 한국소방안전,김현주,58022,전라남도 순천시 해룡면 해룡산단5로 71-41 (),061-810-5606
6211,전남,순천시,공사업,전문,우양이엔지 주식회사,정두용,57920,전라남도 순천시 상사면 오실길 54 .,061-811-2581
6212,전남,순천시,공사업,전문,월드소방 주식회사,임정선,58005,전라남도 순천시 해룡면 남가2길 18-2 (),061-744-2388
6213,전남,순천시,공사업,전문,주식회사 국일전력,고은아,58005,전라남도 순천시 해룡면 율산길 106 .,061-725-3115
6214,전남,순천시,공사업,전문,한국소방,임순석,57965,전라남도 순천시 이수1길 24 (덕암동),061-743-3830
6215,전남,순천시,공사업,전문,유한회사 한빛소방,손현석,58005,"전라남도 순천시 해룡면 율산길 120 , 2층 201호",061-811-0911
6216,전남,순천시,공사업,전문,밝으리이엔씨 주식회사,신영빈,58028,"전라남도 순천시 양율길 326 , 1층(인월동)",061-753-2332
6217,전남,순천시,공사업,전문,주식회사 패스테크,모용덕,57935,전라남도 순천시 산단2길 82 (용당동),061-752-8388
6218,전남,순천시,공사업,전문,주식회사 동영산업,조현식,57927,전라남도 순천시 서면 산단4길 34 .,061-755-9070
6219,전남,순천시,공사업,전문,신우엔지니어링 주식회사,박순근,58023,전라남도 순천시 해룡면 해룡산단6로 90 (),061-723-1146
6220,전남,순천시,공사업,전문,유한회사 다온소방,허지훈,58005,전라남도 순천시 해룡면 대가길 7 .,061-722-8643
6221,전남,순천시,공사업,전문,주식회사 현광엔지니어링,임채열,58024,전라남도 순천시 해룡면 용전길 43 (),061-723-7983
6222,전남,순천시,공사업,전문,주식회사 지엘소방,이병모,57961,전라남도 순천시 장평5길 23 (풍덕동),061-742-1190
6223,전남,신안군,공사업,전문,(주)서해전설,임동철,58839,전라남도 신안군 중부로 862 (안좌면),061-273-1103
6224,전남,신안군,공사업,전문,(주)기흥전기,조진숙,58839,전라남도 신안군 안좌면 중부로 862 (),061-246-6000
6225,전남,신안군,공사업,전문,주식회사 건영전력,박종윤,58813,전라남도 신안군 지도읍 읍내길 41 (),062-512-8304
6226,전남,신안군,공사업,전문,주식회사 나라,강유미,58851,전라남도 신안군 도초면 도초서길 543 (),061-272-0356
6227,전남,신안군,공사업,전문,주식회사 부경일레콤,임영춘,58839,전라남도 신안군 안좌면 중부로 779 (),061-276-0210
6228,전남,신안군,공사업,전문,주식회사 덕인,김광길,58839,전라남도 신안군 안좌면 중부로 804 (),061-284-6638
6229,전남,신안군,공사업,전문,주식회사 목성,정영권,58824,전라남도 신안군 압해읍 압해로 980-11 .,061-277-8138
6230,전남,신안군,공사업,전문,주식회사 에이아이이엔지,강서현,58827,전라남도 신안군 압해읍 장감정동길 118-10 .,
6231,전남,여수시,공사업,전문,(주)대아전력,이동길,59616,전라남도 여수시 여수산단로 282  (월하동) ,061-691-3711
6232,전남,여수시,공사업,전문,(유)대성소방공사,김응림,59680,전라남도 여수시 신기북2길 15  (신기동) ,061-683-4417
6233,전남,여수시,공사업,전문,(주)현대계전,"신동호,신석환",59615,전라남도 여수시 여수산단로 579  (중흥동) ,061-686-3661
6234,전남,여수시,공사업,전문,(주)영동이앤씨,박정일,59632,전라남도 여수시 봉계6길 12-1 (봉계동),061-652-8881
6235,전남,여수시,공사업,전문,(주)정원이앤씨,김정배,59610,전라남도 여수시 여수산단1로 310-41 (화치동),061-692-0822
6236,전남,여수시,공사업,전문,(주)화신전력,서병주,59631,전라남도 여수시 봉계3길 51-12 (봉계동),061-691-3555
6237,전남,여수시,공사업,전문,삼원플랜트(주),김남선,59657,전라남도 여수시 소라면 화양로 1784 (),061-686-6340
6238,전남,여수시,공사업,전문,주식회사 새한소방기술,김철순,59605,전라남도 여수시 율촌면 여순로 459 ,061-763-2119
6239,전남,여수시,공사업,전문,유한회사 케이엠티,명경식,59619,전라남도 여수시 상암로 344 (호명동),061-691-8686
6240,전남,여수시,공사업,전문,제이에스이엔씨(주),김영춘,59615,전라남도 여수시 중흥2로 56-33 (중흥동),061-685-6817
6241,전남,여수시,공사업,전문,범우이앤씨 주식회사,김용기,59637,전라남도 여수시 성산로 47  (화장동) ,061-692-3427
6242,전남,여수시,공사업,전문,(유)전남소방전력,박상오,59642,전라남도 여수시 성산6길 27-6 (화장동),061-681-7191
6243,전남,여수시,공사업,전문,(자)신화소방,배남진,59615,전라남도 여수시 중흥3로 1-11 (중흥동),061-652-2217
6244,전남,여수시,공사업,전문,(주)국제전기,김효식,59609,전라남도 여수시 소라면 여순로 163 (),061-652-2852
6245,전남,여수시,공사업,전문,(유)대일소방이엔지,김유봉,59638,전라남도 여수시 대통2길 88 (화장동),061-684-4119
6246,전남,여수시,공사업,전문,(주)대신기공,김철희,59614,전라남도 여수시 여수산단로 735  (중흥동) ,061-685-6165
6247,전남,여수시,공사업,전문,대양전기(주),김재평,59654,전라남도 여수시 소라면 서부로 57-19 (),061-651-7779
6248,전남,여수시,공사업,전문,해동건설(주),"박찬,윤경자",59736,전라남도 여수시 통제영5길 6 (중앙동),061-665-5500
6249,전남,여수시,공사업,전문,유한기술(주),"장승혁,장수송",59614,전라남도 여수시 여수산단로 810  (중흥동) ,061-685-7550
6250,전남,여수시,공사업,전문,(유)신라소방,박노식,59649,전라남도 여수시 조은길 2-23 (화장동),061-653-4848
6251,전남,여수시,공사업,전문,(주)삼흥전력,정석만,59649,전라남도 여수시 소라면 덕양로 295 (),061-684-3144
6252,전남,여수시,공사업,전문,주식회사 성일,박영원,59649,전라남도 여수시 소라면 주삼덕양로 66-2 .,061-683-2990
6253,전남,여수시,공사업,전문,(유)성전이엔씨,정효관,59635,"전라남도 여수시 좌수영로 889 , 2층(여천동)",061-653-8218
6254,전남,여수시,공사업,전문,(유)금성소방,오대헌,59680,전라남도 여수시 신기북4길 16 (신기동),061-682-5028
6255,전남,여수시,공사업,일반(전기),(주)아진전력,배철휴,59631,전라남도 여수시 봉계1길 27 (주삼동),061-685-6960
6256,전남,여수시,공사업,전문,주식회사 남일이엔씨,조용섭,59602,전라남도 여수시 율촌면 서부로 1925 (),061-685-1736
6257,전남,여수시,공사업,일반(전기),시에스이앤아이 주식회사,김철수,59619,전라남도 여수시 상암로 581 (상암동),061-681-0154
6258,전남,여수시,공사업,전문,(주)용호기계기술,정성호,59614,전라남도 여수시 여수산단로 736 (중흥동),061-686-5258
6259,전남,여수시,공사업,전문,주식회사 동강플랜텍,이정주,59609,전라남도 여수시 소라면 봉두로 314 (),061-692-6077
6260,전남,여수시,공사업,전문,한려소방 주식회사,주민철,59699,전라남도 여수시 좌수영로 359 (문수동),061-686-5119
6261,전남,여수시,공사업,전문,유한회사 성전소방이엔지,정삼한,59714,전라남도 여수시 오림4길 26 (오림동),061-651-8218
6262,전남,여수시,공사업,전문,대천소방 주식회사,문덕남,59642,전라남도 여수시 성산6길 27-8 (화장동),061-683-7119
6263,전남,여수시,공사업,전문,(주)태화산업,차준오,59610,전라남도 여수시 여수산단1로 276-29 (화치동),061-655-3350
6264,전남,여수시,공사업,전문,대정소방 주식회사,손경숙,59633,전라남도 여수시 주삼덕양로 203 (주삼동),061-685-0578
6265,전남,여수시,공사업,전문,(주)하이테크엔지니어링,장영,59610,전라남도 여수시 여수산단1로 366 (화치동),061-690-1000
6266,전남,여수시,공사업,전문,주식회사 일성,김정숙,59635,전라남도 여수시 좌수영로 683-17 (봉계동),061-683-3353
6267,전남,여수시,공사업,전문,바른소방 주식회사,김재훈,59676,"전라남도 여수시 흥국로 58 ,2층(학동)",061-682-2119
6268,전남,여수시,공사업,전문,한일기전(주),"김종기,김동훈",59615,전라남도 여수시 흥국사길 50 (중흥동),061-685-4511
6269,전남,여수시,공사업,전문,주식회사 주연기술,김기영,59631,전라남도 여수시 봉계3길 26-19 (봉계동),061-692-1347
6270,전남,여수시,공사업,전문,우주종합건설 주식회사,"김영태,김우주",59609,전라남도 여수시 좌수영로 1262 (해산동),061-686-0414
6271,전남,여수시,공사업,전문,주식회사 엠케이전력,조순옥,59640,전라남도 여수시 화산로 122 (선원동),061-683-2881
6272,전남,여수시,공사업,전문,주식회사 한국소방기술,정수평,59619,전라남도 여수시 상암로 644-12 (상암동),061-684-1197
6273,전남,여수시,공사업,전문,위본건설 주식회사,양회국,59678,"전라남도 여수시 시청로 64 , 2층(학동)",031-729-0052
6274,전남,여수시,공사업,전문,주식회사 한려이엔지,박문수,59730,전라남도 여수시 동문로 83-1 (관문동),061-662-4935
6275,전남,여수시,공사업,전문,주식회사 케이제이아이이앤지,한재우,59655,"전라남도 여수시 소라면 죽림중앙로 7-39 , 312호",061-682-3119
6276,전남,여수시,공사업,일반(전기),지원에너지 주식회사,박문수,59633,전라남도 여수시 주동1길 42 (주삼동),062-945-9603
6277,전남,여수시,공사업,전문,건호이엔씨 주식회사,박정현,59648,전라남도 여수시 소라면 마산로 148-70 (),061-684-8115
6278,전남,여수시,공사업,전문,유한회사 온누리소방,허민,59705,"전라남도 여수시 대치3길 22 ,4층(여서동, 은성빌딩)",061-665-1010
6279,전남,여수시,공사업,전문,주식회사 휴엔텍,김창주,59616,전라남도 여수시 여수산단로 274-17 (월하동),061-692-1767
6280,전남,여수시,공사업,전문,진남토건 주식회사,채선묵,59677,전라남도 여수시 시청로 42 (학동),061-805-1250
6281,전남,여수시,공사업,전문,주식회사 다올소방,신명철,59609,전라남도 여수시 여수산단1로 69 (해산동),061-686-3119
6282,전남,여수시,공사업,전문,주식회사 상신전력,정세훈,59633,전라남도 여수시 주삼덕양로 184 (주삼동),061-684-8204
6283,전남,여수시,공사업,전문,주식회사 청라이엔지,명지환,59615,"전라남도 여수시 중흥3로 25-11 , 2층(중흥동)",061-691-0130
6284,전남,여수시,공사업,일반(전기),유한회사 새한소방이엔지,서혜영,59610,전라남도 여수시 산단중앙로 67 (화치동),061-683-3119
6285,전남,여수시,공사업,전문,주식회사 두영소방,김두만,59638,전라남도 여수시 대통3길 79 (화장동),061-682-1199
6286,전남,여수시,공사업,전문,주식회사 우리플랜트,정인훈,59618,전라남도 여수시 망양로 1116-16 (신덕동),061-691-8040
6287,전남,여수시,공사업,전문,에스아이이앤씨 주식회사,윤승헌,59649,전라남도 여수시 군장길 50 (화장동),061-685-4625
6288,전남,영광군,공사업,전문,주식회사 미금전력,한경숙,57024,전라남도 영광군 영광읍 그린테크로1길 9 (),061-351-3839
6289,전남,영광군,공사업,전문,(주)광진,이은화,57028,전라남도 영광군 백수읍 백수로 1121 (),061-353-0007
6290,전남,영광군,공사업,전문,유한회사 광명이엔시,양경호,57055,전라남도 영광군 대마면 전기차1로 210 2층,061-351-7710
6291,전남,영광군,공사업,전문,대호전기(주),최윤채,57025,전라남도 영광군 백수읍 해안로 1362-70 (),062-528-6161
6292,전남,영광군,공사업,전문,주식회사 우명,조명신,57029,전라남도 영광군 지산길1길 61-37 (백수읍),061-351-1435
6293,전남,영광군,공사업,전문,(주)기원종합건설,한승훈,57041,"전라남도 영광군 영광읍 옥당로 129 ,2층",061-353-5670
6294,전남,영광군,공사업,전문,(주)청림이에프씨,정길용,57050,전라남도 영광군 영광읍 함영로 3454 (),062-655-5572
6295,전남,영광군,공사업,전문,제이씨파워(주),곽봉래,57028,전라남도 영광군 백수읍 백수로 1121 (),061-352-8670
6296,전남,영광군,공사업,전문,(주)서영,장동우,57024,전라남도 영광군 영광읍 그린테크로 13 (),061-352-3451
6297,전남,영광군,공사업,전문,(주)금진,이영애,57029,전라남도 영광군 백수읍 지산길1길 61-37 (),061-351-8655
6298,전남,영광군,공사업,전문,주식회사 대창전력,조문수,57043,전라남도 영광군 영광읍 천년로 1459 (),061-352-6007
6299,전남,영광군,공사업,전문,주식회사 엔탑,곽대형,57045,전라남도 영광군 영광읍 천년로13길 13 (남천리 351-1),061-352-1088
6300,전남,영광군,공사업,전문,주식회사 해찬이엔씨,심명섭,57024,전라남도 영광군 영광읍 그린테크로 35 2동,061-351-9078
6301,전남,영암군,공사업,전문,미래전력개발(주),강대선,58418,전라남도 영암군 영암읍 성밖로 11 (),061-471-3367
6302,전남,영암군,공사업,전문,엔에프건설(주),최성규,58401,전라남도 영암군 예향로 2524 (월평리),061-471-9073
6303,전남,영암군,공사업,전문,(주)세진엔지니어링,박찬갑,58408,전라남도 영암군 덕진면 향월유수동길 101-8 (),062-384-6333
6304,전남,영암군,공사업,전문,(주)덕진전력,최윤정,58409,전라남도 영암군 덕진면 대천동길 24-7 (),061-471-9103
6305,전남,영암군,공사업,전문,(주)풍암,김청희,58417,전라남도 영암군 영암읍 동문로 39 (),061-333-1601
6306,전남,영암군,공사업,전문,(주)성모건설,최남순,58401,전라남도 영암군 예향로 2524 (월평리),061-471-9071
6307,전남,영암군,공사업,전문,주식회사 대원전력,이정희,58415,"전라남도 영암군 영암읍 서문로 11 , 2층",070-5161-2727
6308,전남,영암군,공사업,전문,주식회사 문호전력,문홍진,58416,전라남도 영암군 영암읍 중앙로 76 2층,061-473-0041
6309,전남,영암군,공사업,전문,에이치디현대삼호 주식회사,신현대,58462,전라남도 영암군 삼호읍 대불로 93 (),061-460-2114
6310,전남,영암군,공사업,전문,주식회사 진일,이호재,58434,전라남도 영암군 군서면 구림로 26 201호,062-654-0255
6311,전남,영암군,공사업,전문,주식회사 대오,조계환,58418,"전라남도 영암군 영암읍 동문로 8 , 2층",061-471-0610
6312,전남,영암군,공사업,전문,주식회사 영진이엔지,김영재,58453,전라남도 영암군 삼호읍 자유무역로 13 (),062-351-1197
6313,전남,영암군,공사업,전문,엔에스종합건설 주식회사,마성우,58465,전라남도 영암군 삼호읍 녹색로 1140 (),061-461-8882
6314,전남,영암군,공사업,전문,유한회사 서현기전,박성구,58427,전라남도 영암군 시종면 고분로 10-15 (),062-371-3790
6315,전남,영암군,공사업,전문,주식회사 대천전력,이희정,58418,"전라남도 영암군 영암읍 성밖로 18 ,103동 1층 3호(영암무등파크맨션)",061-473-9104
6316,전남,완도군,공사업,전문,(주)청해이엔씨,김태훈,59109,전라남도 완도군 완도읍 장보고대로 36-1 (),061-552-1001
6317,전남,완도군,공사업,전문,태륭건설(주),안병율,59140,전라남도 완도군 금일로 427 (금일읍),061-552-8188
6318,전남,완도군,공사업,전문,주식회사 남일전력,김선순,59119,전라남도 완도군 완도읍 개포로62번길 12-1 .,070-8717-8204
6319,전남,완도군,공사업,전문,주식회사 우창이엔지,장맹남,59110,"전라남도 완도군 완도읍 청해진서로 379-112 , 101호(청해진레포츠클럽)",061-555-5390
6320,전남,완도군,공사업,전문,주식회사 중앙,최정순,59109,전라남도 완도군 완도읍 장보고대로 36 (),061-552-2102
6321,전남,장성군,공사업,전문,대승전기(주),차준석,57210,전라남도 장성군 장성읍 미락단지길 53 (),062-373-9760
6322,전남,장성군,공사업,전문,주식회사 신진이엔지,박보석,57248,전라남도 장성군 남면 나노산단1로 62-9 (),061-392-2119
6323,전남,장성군,공사업,전문,태조전기(주),천선하,57227,전라남도 장성군 황룡면 강변로 484-21 (),062-375-2560
6324,전남,장성군,공사업,전문,(주)동명산업개발,김동성,57218,전라남도 장성군 장성읍 영천로 107-1 (),062-574-5200
6325,전남,장성군,공사업,전문,(주)협진,"강이원,강선중",57220,전라남도 장성군 청운12길 15 (장성읍),062-363-9250
6326,전남,장성군,공사업,전문,주식회사 성호,김형진,57251,전라남도 장성군 남면 불정길 29-2 (),061-393-1194
6327,전남,장성군,공사업,전문,(주)세화방재,박혁,57251,전라남도 장성군 남면 불정길 35 (),061-392-4119
6328,전남,장성군,공사업,전문,태금기계(주),위영,57248,"전라남도 장성군 남면 나노산단5로 45 , 5동 2층 202-1호",062-710-1071
6329,전남,장성군,공사업,전문,(주)동민이엔지,최현석,57218,전라남도 장성군 영천로 117-1 (장성읍),062-655-9592
6330,전남,장성군,공사업,전문,주식회사 신원소방,정양호,57216,"전라남도 장성군 장성읍 단풍로 97 ,105호",061-393-9119
6331,전남,장성군,공사업,전문,주식회사 율원전력,설영임,57248,전라남도 장성군 남면 나노산단5로 13 3층,062-251-6678
6332,전남,장성군,공사업,전문,주식회사 지엔이피에스 (G&EPS),"이창호,정성우",57248,"전라남도 장성군 남면 나노산단2로 106 ,비동",061-392-0628
6333,전남,장성군,공사업,전문,주식회사 무강기업,박생봉,57234,전라남도 장성군 삼계면 영장로 900-46 .,062-234-8460
6334,전남,장흥군,공사업,전문,주식회사 신세계전력,엄향숙,59309,"전라남도 장흥군 부산면 흥성로 740 ,가동 1층",062-266-4785
6335,전남,장흥군,공사업,전문,(주)선우건설,이선우,59326,전라남도 장흥군 장흥읍 남부관광로 48 (),062-671-0548
6336,전남,장흥군,공사업,전문,(유)금송소방전력,이치영,59324,전라남도 장흥군 장흥읍 동교3길 36 (),061-862-0651
6337,전남,장흥군,공사업,전문,주식회사 정토건설,손영준,59320,전라남도 장흥군 장흥읍 북부로 39 상가동201호(수창아트빌아파트),062-971-2402
6338,전남,장흥군,공사업,전문,주식회사 유진이엔씨,김경호,59314,전라남도 장흥군 장흥읍 행원2길 16-25 (),062-654-6341
6339,전남,장흥군,공사업,전문,주식회사 덕양디엠피,조용훈,59324,"전라남도 장흥군 장흥읍 동교2길 43 , 2층",061-432-2119
6340,전남,장흥군,공사업,전문,주식회사 대선이엔지,박채곤,59335,"전라남도 장흥군 장흥읍 마당바위길 34-24 ,1층",062-381-7119
6341,전남,진도군,공사업,전문,남부전력 주식회사,정태성,58909,전라남도 진도군 고군면 진도대로 31 (),061-544-7745
6342,전남,진도군,공사업,전문,석교전력 주식회사,오원길,58932,전라남도 진도군 진도읍 남산로 6-6 (),061-544-6300
6343,전남,진도군,공사업,전문,(주)성원,이애순,58912,전라남도 진도군 진도읍 교동2길 68 (),061-544-8200
6344,전남,진도군,공사업,전문,주식회사 보성전력,최경화,58912,전라남도 진도군 진도읍 교동5길 68 (),061-543-7676
6345,전남,함평군,공사업,전문,주식회사 포텍,이영매,57150,전라남도 함평군 함평읍 중앙길 213 (),061-323-5597
6346,전남,함평군,공사업,전문,(주)대산이엔씨,남준우,57118,전라남도 함평군 해보면 해보농공길 24 제1동 제2층,061-322-0433
6347,전남,함평군,공사업,전문,주식회사 나린솔루션,정해순,57118,"전라남도 함평군 해보면 해보농공길 24 , 1동 1층",070-4027-6563
6348,전남,함평군,공사업,전문,(주)옥당개발,임기영,57140,전라남도 함평군 대동면 함장로 1669 2층,061-323-2521
6349,전남,함평군,공사업,전문,덕흥건설 주식회사,"조충환,조시영",57156,전라남도 함평군 함평읍 내대화길 112-10 .,062-522-0488
6350,전남,함평군,공사업,전문,동광건설(주),황철재,57156,전라남도 함평군 함평읍 내대화길 112-10 (),061-324-1700
6351,전남,함평군,공사업,전문,준영개발(주),박수미,57154,전라남도 함평군 함평읍 서부길 41-12 (),061-323-3009
6352,전남,해남군,공사업,전문,(주)부성전기,신홍현,59022,전라남도 해남군 옥천로 546-8 (옥천면),062-376-4775
6353,전남,해남군,공사업,전문,산이건설(주),고형운,59011,전라남도 해남군 산이면 비석길 92 (),062-381-0400
6354,전남,해남군,공사업,전문,(주)성동전기소방,황선숙,59043,전라남도 해남군 홍교로 78 (해남읍),061-536-7484
6355,전남,해남군,공사업,전문,(주)흥진,이석운,59037,전라남도 해남군 해남읍 천변1길 22 (),062-954-0455
6356,전남,해남군,공사업,전문,(주)세원소방,조성실,59031,전라남도 해남군 중앙1로 471 (해남읍),061-532-3005
6357,전남,해남군,공사업,전문,(유)해남전력소방,임윤성,59038,"전라남도 해남군 교육청길 26 (해남읍,명지아파트상가) 301호",061-534-8563
6358,전남,해남군,공사업,전문,(주)강화이엔씨,김철수,59021,전라남도 해남군 옥천면 해강로 127 (),062-943-3000
6359,전남,해남군,공사업,전문,원광전력 주식회사,전연수,59046,전라남도 해남군 해남읍 해남화산로 243 (),061-537-1114
6360,전남,해남군,공사업,전문,지산전력(주),문영아,59046,"전라남도 해남군 해남읍 녹우당길 105-8 , 비동",061-535-4051
6361,전남,해남군,공사업,전문,주식회사 제일소방이엔지,이한식,59038,"전라남도 해남군 해남읍 교육청길 60 , 209호(해남오피스텔)",061-536-1119
6362,전남,해남군,공사업,전문,주식회사 자산,안민오,59046,전라남도 해남군 해남읍 녹우당길 105-8 (),061-537-0108
6363,전남,해남군,공사업,전문,주식회사 대경,엄혜원,59023,전라남도 해남군 해남읍 명량로 3002 .,062-266-4785
6364,전남,해남군,공사업,전문,주식회사 큰빛전력,선영남,59021,전라남도 해남군 옥천면 송운길 15 (),070-8833-8333
6365,전남,해남군,공사업,전문,주식회사 해운,안지훈,59046,"전라남도 해남군 해남읍 녹우당길 105-8 , 에이동",061-533-1095
6366,전남,해남군,공사업,전문,주식회사 해원전력,천애자,59021,전라남도 해남군 옥천면 해남로 352-4 .,061-533-5945
6367,전남,해남군,공사업,전문,주식회사 남원산업,김종례,59034,전라남도 해남군 해남읍 서초길 46-1 .,061-534-5252
6368,전남,화순군,공사업,전문,주식회사 유탑엔지니어링,"이창희,손동철",58118,"전라남도 화순군 화순읍 자치샘로 48 ,310호(미래타워)",061-371-0406
6369,전남,화순군,공사업,전문,(주)진영이앤씨,이연정,58122,"전라남도 화순군 시장길 3-1 (화순읍,1층)",061-374-8182
6370,전남,화순군,공사업,전문,(주)태운전력산업,양동선,58140,전라남도 화순군 화순읍 덕음로 967 (),061-372-8202
6371,전남,화순군,공사업,전문,한길소방 주식회사,구현숙,58143,전라남도 화순군 동면 동농공길 26-13 (),061-374-1119
6372,전남,화순군,공사업,전문,(주)용산전력,송경종,58148,전라남도 화순군 도곡면 지강로 461 (),062-962-7400
6373,전남,화순군,공사업,전문,남화토건(주),최재훈,58109,전라남도 화순군 벽라1길 40 (화순읍),062-527-8811
6374,전남,화순군,공사업,전문,한국건설(주),정승용,58121,전라남도 화순군 화순읍 대리길 17  상가동 201호(한국하이빌) ,062-529-0220
6375,전남,화순군,공사업,전문,남도건설(주),이훈,58137,전라남도 화순군 칠충로 30 (화순읍),062-367-2900
6376,전남,화순군,공사업,전문,금광기업(주),"나정학,박성일",58123,전라남도 화순군 화순읍 충의로 85-1 (),061-870-0341
6377,전남,화순군,공사업,전문,(주)삼보실업,나인준,58149,전라남도 화순군 학포로 2713 (화순읍),061-374-6252
6378,전남,화순군,공사업,전문,영진종합건설(주),"박승현,박태형",58149,전라남도 화순군 화순읍 정곡로 36 (계소리),061-373-7010
6379,전남,화순군,공사업,전문,(주)영무토건,박헌택,58118,전라남도 화순군 화순읍 자치샘로 48 (407호),061-373-1705
6380,전남,화순군,공사업,전문,제일건설(주),"허만공,김경수",58124,"전라남도 화순군 화순읍 중앙로 78 가동, 2층",061-375-0157
6381,전남,화순군,공사업,전문,(주)동양이엔씨,"최두현,이기수,전종호",58118,"전라남도 화순군 화순읍 자치샘로 49 , 302호",02-575-9526
6382,전남,화순군,공사업,전문,신화종합건설(주),"최준오,최홍",58125,전라남도 화순군 충의로 115 (화순읍),062-226-0321
6383,전남,화순군,공사업,전문,(주)국제이엔지,최현아,58126,전라남도 화순군 알메로 7 (화순읍) 1층,061-373-6119
6384,전남,화순군,공사업,전문,대명산업개발(주),정동진,58120,전라남도 화순군 화순읍 쌍충로 126 (),062-653-7650
6385,전남,화순군,공사업,전문,(주)전기안전,이영홍,58120,전라남도 화순군 화순읍 대교로 14 유창상가 201호,061-375-1026
6386,전남,화순군,공사업,전문,주식회사 시원테크,남철현,58149,전라남도 화순군 화순읍 정곡로 44-10 (),061-372-7100
6387,전남,화순군,공사업,전문,남해종합개발 주식회사,"김응서,유영걸",58125,전라남도 화순군 화순읍 광덕로 169-2 (),062-220-2500
6388,전남,화순군,공사업,전문,주식회사 씨에스글로벌,김형훈,58118,"전라남도 화순군 화순읍 진각로 138 , 3층",061-374-8752
6389,전남,화순군,공사업,전문,주식회사 보광이엔씨,최종화,58147,"전라남도 화순군 춘양면 우봉음지길 65 , 2층",061-374-6118
6390,전남,화순군,공사업,전문,주식회사 한들,정민호,58137,전라남도 화순군 화순읍 칠충로 98 (),062-971-2402
6391,전남,화순군,공사업,전문,케이소방 주식회사,정진용,58115,전라남도 화순군 화순읍 광덕로 212 (),062-951-6119
6392,전남,화순군,공사업,전문,주식회사 범호전력,김미란,58143,전라남도 화순군 동면 동농공길 154 (),061-372-1324
6393,전남,화순군,공사업,전문,다산전력 주식회사,최광열,58118,"전라남도 화순군 화순읍 중앙로 65 ,303호(에스비빌딩)",062-951-2976
6394,전남,화순군,공사업,전문,주식회사 효산소방,장동태,58154,전라남도 화순군 도곡면 효자2길 32 (),061-372-4048
6395,전남,화순군,공사업,전문,주식회사 원광전기,노고길,58114,전라남도 화순군 화순읍 부처샘길 6-12 .,061-374-6275
6396,경북,경산시,공사업,전문,한국개발(주),"윤영호,이종성",38677,경상북도 경산시 중앙로 25 (사정동),053-811-4911
6397,경북,경산시,공사업,전문,(주)성원건설,진재근,38512,경상북도 경산시 압량면 대학로73길 27 (부적리),053-984-3000
6398,경북,경산시,공사업,전문,(주)한남전기통신공사,이승재,38694,경상북도 경산시 옥곡길 42 (옥곡동),053-741-0100
6399,경북,경산시,공사업,전문,경일건설(주),이종연,38446,경상북도 경산시 진량읍 북리1길 83 (양기리),053-856-5016
6400,경북,경산시,공사업,전문,(주)계림,김세룡,38573,경상북도 경산시 남산면 경리길 11-10 (경리),053-794-0100
6401,경북,경산시,공사업,전문,(주)풍을,박병웅,38486,경상북도 경산시 진량읍 낙산길 29 (신상리),053-963-2119
6402,경북,경산시,공사업,전문,(주)홍성건설,황진언,38450,경상북도 경산시 진량읍 봉황길 23 (봉회리),053-856-0685
6403,경북,경산시,공사업,전문,주식회사 강남소방전력,전용득,38421,경상북도 경산시 하양읍 하양로 317 (동서리),053-802-0119
6404,경북,경산시,공사업,전문,(주)대경이엠씨,천종근,38671,경상북도 경산시 성암로7길 21-1  (옥산동) ,053-768-7097
6405,경북,경산시,공사업,전문,(주)제이앤제이,이홍복,38626,"경상북도 경산시 중앙초등길 51 , 1층(중방동)",053-812-7871
6406,경북,경산시,공사업,전문,(주)에너지글로벌,김광현,38621,경상북도 경산시 경안로 241 (중방동),054-971-8119
6407,경북,경산시,공사업,전문,덕재건설(주),오미란,38695,경상북도 경산시 남천면 삼성역길 36-2 (삼성리),053-781-1114
6408,경북,경산시,공사업,전문,중원전력(주),박순석,38670,"경상북도 경산시 성암로5길 15 (옥산동, 2층)",053-423-1324
6409,경북,경산시,공사업,전문,(주)동아전력공사,박호택,38655,경상북도 경산시 강변서로53길 3-2  (정평동) ,053-818-1467
6410,경북,경산시,공사업,전문,(주)대경방재,김태영,38583,경상북도 경산시 박물관로1길 4-11  (사동),053-802-2119
6411,경북,경산시,공사업,전문,(주)미도종합건설,전재준,38500,경상북도 경산시 대평길2길 12 (대평동),053-742-8180
6412,경북,경산시,공사업,전문,(주)혁신이앤씨,김수화,38594,경상북도 경산시 원효로40길 47-2 (사동),053-742-4751
6413,경북,경산시,공사업,전문,구문전력 주식회사,김경수,38500,경상북도 경산시 대평길1길 1-6 (대평동),053-767-4747
6414,경북,경산시,공사업,전문,(주)창조전기소방,"천종필,김영주",38691,경상북도 경산시 옥실길24길 22 (옥곡동),053-795-9977
6415,경북,경산시,공사업,전문,(주)경원소방,김건태,38658,"경상북도 경산시 경산로 280 , 501동 24호 (중산동, 중산 하늘채 더퍼스트)",053-814-1119
6416,경북,경산시,공사업,전문,(주)성학,이종미,38687,경상북도 경산시 경산로15길 5 (옥곡동) .,053-813-9023
6417,경북,경산시,공사업,전문,주식회사 이도산업개발,남호연,38417,"경상북도 경산시 하양읍 동서1길 8-2 , 2층",053-813-3119
6418,경북,경산시,공사업,전문,주식회사 영진소방,윤복순,38695,경상북도 경산시 남천면 신석길 54 .,053-588-5870
6419,경북,경산시,공사업,전문,덕성전력,최안아,38673,경상북도 경산시 성암로15길 1 (옥산동),053-812-1190
6420,경북,경산시,공사업,전문,세한이엔씨 주식회사,"권용원,권민원",38451,경상북도 경산시 진량읍 봉회1길 50 .,053-853-7321
6421,경북,경산시,공사업,전문,미래안전소방,김상기,38510,"경상북도 경산시 압량읍 대학로81길 14 , 상가동 1층",053-817-1190
6422,경북,경산시,공사업,전문,남도이엔지 주식회사,김대운,38650,경상북도 경산시 경청로218길 5-5 (1층),053-965-0486
6423,경북,경산시,공사업,전문,주식회사 정민이엔지,이정민,38539,경상북도 경산시 압량읍 가일길24길 35 .,053-263-5720
6424,경북,경산시,공사업,전문,(주)제일이엔지,이점형,38673,경상북도 경산시 성암로15길 1-1 (옥산동) 1층,053-753-2015
6425,경북,경산시,공사업,일반(전기),(주)영화전기,오종철,38496,경상북도 경산시 압량읍 의송길21길 46-1 .,053-262-7272
6426,경북,경산시,공사업,전문,(주)일진소방,이정진,38610,"경상북도 경산시 한의대로 1 비 105호 (유곡동,대구한의대학교 복지관)",053-425-6147
6427,경북,경산시,공사업,전문,주식회사 성암,이정호,38638,경상북도 경산시 남매로4길 10-5 (상방동),053-811-8201
6428,경북,경산시,공사업,일반(기계),주식회사 동방플랜텍,금경석,38479,경상북도 경산시 진량읍 대구대로 560 .,053-324-3838
6429,경북,경산시,공사업,전문,(주)대원이엔씨,윤도은,38653,"경상북도 경산시 성동로 20 , 3층(정평동)",053-814-1819
6430,경북,경산시,공사업,전문,(주)광민소방,이종현,38515,"경상북도 경산시 청운2로11길 28 , 1층(임당동)",053-815-6119
6431,경북,경산시,공사업,전문,주식회사 현창이엔지,김춘,38504,"경상북도 경산시 강변동로 288 , 801호, 1314호(대평동, 리버뷰엘 오피스텔)",053-742-2677
6432,경북,경주시,공사업,전문,(주)국제이엔지,"추용엽,장원화",38113,경상북도 경주시 알천북로 347  (동천동) ,054-774-3700
6433,경북,경주시,공사업,전문,신진기술(주),김해숙,38219,경상북도 경주시 양남면 동해안로 632 .,054-775-1272
6434,경북,경주시,공사업,전문,(자)태성산업사,유지연,38057,"경상북도 경주시 충현로 13 , 4호(충효동)",054-774-5580
6435,경북,경주시,공사업,전문,고려전기(주),이종락,38057,경상북도 경주시 재동길 56  (충효동) ,054-771-0433
6436,경북,경주시,공사업,전문,(주)빅스타건설,신태노,38057,"경상북도 경주시 충현로 13 , 4호(충효동)",054-774-5580
6437,경북,경주시,공사업,전문,(주)덕성전기통신소방공사,이재동,38121,경상북도 경주시 양북면 명주길 196-1 (두산리),054-746-0852
6438,경북,경주시,공사업,전문,(주)한국소방안전설비,석정호,38109,"경상북도 경주시 초당길15번길 35  (동천동, 1층) ",054-775-2119
6439,경북,경주시,공사업,전문,광도전력(주),최상석,38132,경상북도 경주시 북문로55번길 51  (성건동) ,054-742-0128
6440,경북,경주시,공사업,전문,수범전기(주),"김말선,최재우",38041,경상북도 경주시 천북면 천북로 41-42 (신당리),054-774-9119
6441,경북,경주시,공사업,전문,(주)제이에스플랜트,홍명재,38219,경상북도 경주시 양남면 동해안로 634 (읍천리),054-741-2150
6442,경북,경주시,공사업,전문,화명산업 주식회사,이상학,38090,경상북도 경주시 승삼신리길 12 (용강동),054-776-4167
6443,경북,경주시,공사업,전문,주식회사 진은전기소방,최진열,38039,경상북도 경주시 천북면 모아동산길 79-39 .,054-746-1406
6444,경북,경주시,공사업,전문,지오종합건설(주),백덕열,38094,경상북도 경주시 다불로 182-11 (용강동),054-741-7720
6445,경북,경주시,공사업,전문,(주)명성,도성곤,38102,경상북도 경주시 백률로76번길 24 (동천동),054-772-6119
6446,경북,경주시,공사업,전문,(주)한양전력,이재철,38212,경상북도 경주시 외동읍 산업로 2390-212 .,054-776-9181
6447,경북,경주시,공사업,전문,(주)제일소방방재,김국일,38102,"경상북도 경주시 동천로72번길 5 , 1층(동천동)",054-777-2119
6448,경북,경주시,공사업,전문,(주)지성이엔지,김화순,38090,경상북도 경주시 승삼신리길 80 (용강동),054-621-5002
6449,경북,경주시,공사업,전문,주식회사 양진이앤티,이상옥,38101,경상북도 경주시 다불로 379-12 (동천동),054-745-1472
6450,경북,경주시,공사업,전문,(주)삼본전설,김영문,38132,"경상북도 경주시 북문로55번길 51 ,306동 308호(성건동,보우삼화맨션)",054-776-9118
6451,경북,경주시,공사업,전문,부림소방이앤씨(주),박복란,38150,경상북도 경주시 임해로128번길 32 (구황동),054-774-3429
6452,경북,경주시,공사업,전문,창대전기소방(주),안동현,38150,경상북도 경주시 임해로129번길 11-2 (황오동),054-624-1191
6453,경북,경주시,공사업,전문,주식회사 명진이엔씨,최언자,38111,"경상북도 경주시 탈해로5번길 26 , 3층(동천동)",054-742-8789
6454,경북,경주시,공사업,전문,주식회사 성호건설,"김상균,손명익",38051,"경상북도 경주시 현곡면 용담로 174 , 206호 (성호마루한뷰)",054-745-1828
6455,경북,경주시,공사업,전문,주식회사 우림전력,김현임,38053,경상북도 경주시 서면 내서로 426 .,054-332-7282
6456,경북,경주시,공사업,전문,(주)명진소방설비,박진호,38111,"경상북도 경주시 탈해로5번길 26 , 1층(동천동)",054-771-1199
6457,경북,경주시,공사업,전문,세화전기(주),이인형,38133,"경상북도 경주시 금성로 409 , 3층(성건동)",054-743-1124
6458,경북,경주시,공사업,전문,주식회사 준엔지니어링,이현정,38106,"경상북도 경주시 북천길 52 , 2층 203호(동천동)",054-774-9300
6459,경북,경주시,공사업,전문,(주)디케이소방방재시스템,차화준,38108,경상북도 경주시 백률로82번길 60 (동천동),054-775-1379
6460,경북,경주시,공사업,전문,주식회사 동원소방방재,윤정부,38048,경상북도 경주시 현곡면 구산서원길 15-8 .,054-624-0219
6461,경북,경주시,공사업,전문,(주)에스엠전력,김동현,38041,경상북도 경주시 천북면 신당소티고개길 54-14 .,054-742-3873
6462,경북,경주시,공사업,전문,주식회사 한국소방전기,"최병국,백기정",38005,경상북도 경주시 안강읍 구부랑두림길 167 .,053-422-8090
6463,경북,경주시,공사업,전문,주식회사 탑,권철순,38093,경상북도 경주시 용강상리2길 10-5 (용강동),054-743-4646
6464,경북,경주시,공사업,전문,가온플랜트 주식회사,박도진,38219,"경상북도 경주시 양남면 망정길 11-16 ,",054-746-2405
6465,경북,경주시,공사업,일반(기계),주식회사 티엘티,박상봉,38157,"경상북도 경주시 태종로685번길 37 , 2층(노서동)",031-8019-8170
6466,경북,경주시,공사업,전문,주식회사 금양전설,이재민,38212,경상북도 경주시 외동읍 산업로 2390-212 .,054-776-9181
6467,경북,고령군,공사업,전문,(주)동일,김영기,40138,경상북도 고령군 대가야읍 왕릉로 70 (지산리),054-954-1588
6468,경북,고령군,공사업,전문,(주)도영전설,김치호,40119,경상북도 고령군 성산면 성산로 737 .,053-941-7586
6469,경북,고령군,공사업,전문,(주)한승전력,오준용,40123,경상북도 고령군 운수면 운용로 55 .,053-634-3501
6470,경북,고령군,공사업,전문,주식회사 성봉전설,이분희,40119,경상북도 고령군 성산면 성산로 735 .,053-941-7586
6471,경북,고령군,공사업,전문,정안건설 주식회사,김지태,40106,경상북도 고령군 다산면 상곡4길 58 .,053-633-4588
6472,경북,고령군,공사업,전문,호성종합건설 주식회사,김성렬,40109,경상북도 고령군 다산면 다산중앙길 21 .,054-906-9885
6473,경북,구미시,공사업,전문,(주)동아소방,권오광,39227,경상북도 구미시 금오시장로 13  (원평동) ,054-455-7447
6474,경북,구미시,공사업,전문,(주)세림안전소방,김기현,39272,경상북도 구미시 화신로8길 12 (광평동),054-441-0414
6475,경북,구미시,공사업,전문,한보전설(주),박해선,39351,경상북도 구미시 임은길 55-15 (임은동),054-461-0799
6476,경북,구미시,공사업,전문,(자)제일소방,박기호,39291,경상북도 구미시 형곡로7길 11  (형곡동) ,054-451-8525
6477,경북,구미시,공사업,일반(전기),(주)서울전설,"조성대,전진숙",39328,"경상북도 구미시 상사동로28길 20  (사곡동, 우영빌딩 401호) ",054-464-3504
6478,경북,구미시,공사업,전문,(주)대림이앤씨,김재창,39415,경상북도 구미시 3공단로 89-32 (시미동),054-475-0911
6479,경북,구미시,공사업,전문,부성전력(주),이성대,39157,경상북도 구미시 산동면 성수1길 23-6 (성수리),054-462-2856
6480,경북,구미시,공사업,전문,미래전기(주),안중식,39343,경상북도 구미시 박정희로 57  (상모동) ,054-465-8071
6481,경북,구미시,공사업,전문,창성소방설비(주),조진현,39214,경상북도 구미시 봉곡로 15 (선기동),070-7842-0479
6482,경북,구미시,공사업,전문,구평전력(주),노시열,39429,"경상북도 구미시 수출대로 550 (인의동,4층)",054-471-7454
6483,경북,구미시,공사업,전문,주식회사 운산전력,박춘희,39152,경상북도 구미시 고아읍 송평구길 17 1층,054-451-8631
6484,경북,구미시,공사업,전문,수림소방(주),이철근,39390,경상북도 구미시 3공단2로 303  (임수동),054-474-8119
6485,경북,구미시,공사업,전문,(주)비케이이씨에프,이국상,39322,경상북도 구미시 송정대로6길 15  (송정동) ,054-472-0411
6486,경북,구미시,공사업,전문,(주)동광소방설비,손현화,39301,"경상북도 구미시 원남로3길 17 102(원평동,동성빌라상가)",054-455-4755
6487,경북,구미시,공사업,전문,(주)청림,임원진,39361,경상북도 구미시 금오대로24길 55-51 (오태동),054-465-0723
6488,경북,구미시,공사업,전문,에스에이치소방(주),박달진,39147,경상북도 구미시 고아읍 동평로6길 20-1 .,054-442-7119
6489,경북,구미시,공사업,전문,(주)경북소방,김경록,39348,경상북도 구미시 1공단로2길 18 (공단동),054-458-5422
6490,경북,구미시,공사업,전문,세원건설(주),김종국,39367,경상북도 구미시 수출대로 152 (공단동) 601호,054-451-3170
6491,경북,구미시,공사업,전문,(자)해양소방,신석호,39230,경상북도 구미시 송원서로2길 3  (원평동) ,054-455-9595
6492,경북,구미시,공사업,전문,케이비아이건설 주식회사,"진광우,박한상",39391,경상북도 구미시 3공단1로 284 (임수동),054-473-6627
6493,경북,구미시,공사업,전문,(주)건화소방,박상모,39291,"경상북도 구미시 형곡로3길 13  (형곡동, 102호) ",054-442-1192
6494,경북,구미시,공사업,전문,도담엔지니어링,서철식,39305,경상북도 구미시 산책길 55-27 (원평동),054-455-7373
6495,경북,구미시,공사업,전문,(주)공영,장억수,39300,경상북도 구미시 선기로 22-17 (선기동),054-451-0310
6496,경북,구미시,공사업,전문,(주)진성아이엔디,김진수,39173,경상북도 구미시 산동면 첨단기업1로 82-18 (봉산리),054-471-0494
6497,경북,구미시,공사업,전문,(주)성안소방,정용호,39316,"경상북도 구미시 형곡로36길 17 101호(형곡동,로얄5차)",054-443-3119
6498,경북,구미시,공사업,전문,(주)신우엔지니어링,"김팔원,류태희",39270,경상북도 구미시 수출대로 225-40 (공단동),054-452-5119
6499,경북,구미시,공사업,전문,기가전력(주),김희순,39176,경상북도 구미시 거양길 251 (양호동),054-463-9415
6500,경북,구미시,공사업,전문,(주)코러싱,"박동식,박정희",39382,"경상북도 구미시 산호대로 32 , 공장동1 2층206호(공단동)",070-4333-8688
6501,경북,구미시,공사업,전문,주식회사 탑이엔씨,이말숙,39385,경상북도 구미시 1공단로6길 204 (공단동),054-462-1190
6502,경북,구미시,공사업,전문,우진ENG,홍경진,39270,"경상북도 구미시 산호대로 354-34 , 1,2층(공단동)",054-451-4239
6503,경북,구미시,공사업,전문,주식회사 강남소방이엔씨,윤용중,730-918,경상북도 구미시 양호동 428-1,054-474-3119
6504,경북,구미시,공사업,전문,나이스산업개발(주),박원교,39429,경상북도 구미시 수출대로28길 3 (인의동),053-763-0470
6505,경북,구미시,공사업,전문,(주)월드탑이엔지,김용목,39456,경상북도 구미시 장천면 학신로 185 (신장리),054-471-0631
6506,경북,구미시,공사업,전문,(주)오성소방,"김희윤,곽병철",39318,경상북도 구미시 형곡동로 36 (형곡동),054-443-2119
6507,경북,구미시,공사업,전문,(주)태성기전,장재병,39426,"경상북도 구미시 수출대로27길 25 ,2층(황상동)",054-476-2379
6508,경북,구미시,공사업,전문,주식회사 영신산업,최상용,39200,"경상북도 구미시 송동로 77 , 3층(도량동)",054-441-9947
6509,경북,구미시,공사업,전문,(주)원탑이엔씨,양상달,39392,경상북도 구미시 3공단1로 289-42 (임수동),054-476-0240
6510,경북,구미시,공사업,전문,한화시스템 주식회사,손재일,39376,경상북도 구미시 1공단로 244 (공단동),02-6313-3044
6511,경북,구미시,공사업,전문,주식회사 예스계전,김채영,39426,"경상북도 구미시 수출대로25길 6-8 (황상동) ,101호",054-471-2650
6512,경북,구미시,공사업,전문,비지종합건설(주),양병구,39229,경상북도 구미시 구미중앙로27길 5 (원평동),054-472-2121
6513,경북,구미시,공사업,전문,주식회사 대신소방,신대용,39320,"경상북도 구미시 형곡동로 6 , 101호 (형곡동, 일산봉림아파트 상가)",054-458-1190
6514,경북,구미시,공사업,전문,주식회사 에이씨에스,성경은,39456,경상북도 구미시 장천면 학신로 173 .,054-472-2058
6515,경북,구미시,공사업,전문,주식회사 엠에스,강문승,39391,"경상북도 구미시 3공단1로 302-7 , 5동 307호(임수동)",053-556-5850
6516,경북,구미시,공사업,전문,선용종합건설 주식회사,이태호,39157,경상북도 구미시 산동읍 강동로 1159-68 .,054-472-5996
6517,경북,구미시,공사업,전문,주식회사 경일방재,이미화,39318,경상북도 구미시 형곡동로 38 (형곡동),054-454-2119
6518,경북,구미시,공사업,일반(기계),주식회사 현우이앤씨,임성태,39391,"경상북도 구미시 3공단1로 284 , 201호(임수동)",054-476-1442
6519,경북,구미시,공사업,전문,주식회사 베스트소방산업,안효석,39252,"경상북도 구미시 구미대로32길 1 , 2층(신평동)",054-464-8119
6520,경북,구미시,공사업,전문,다인전력 주식회사,박지영,39316,"경상북도 구미시 형곡로 234 , 101호(형곡동)",054-451-8704
6521,경북,김천시,공사업,전문,(주)삼화전기,이재훈,39520,경상북도 김천시 구읍길 150 (교동),054-434-1036
6522,경북,김천시,공사업,전문,(주)덕명,성지은,39679,경상북도 김천시 농소면 농남로 188 (입석리),053-476-0661
6523,경북,김천시,공사업,전문,국보전기(주),김도연,39540,경상북도 김천시 공단1길 116 (대광동),054-433-8607
6524,경북,김천시,공사업,전문,한양전기(주),김종명,39642,경상북도 김천시 마잠길 116-9  (지좌동) ,054-437-4214
6525,경북,김천시,공사업,전문,(주)서연,김진우,39543,경상북도 김천시 매목1길 91  (응명동) ,053-794-0636
6526,경북,김천시,공사업,전문,대경전기(주),"임태이,윤종일",39681,경상북도 김천시 감천면 도평5길 83 (도평리),053-766-5026
6527,경북,김천시,공사업,전문,(주)제일전기소방,김진완,39602,경상북도 김천시 구농고6길 6  (부곡동),054-432-6325
6528,경북,김천시,공사업,전문,남도전기(주),장현우,39681,경상북도 김천시 감천면 도평5길 83 (도평리),053-766-5026
6529,경북,김천시,공사업,전문,(주)천호소방,김익렬,39655,경상북도 김천시 까치산길 6-4 (지좌동),054-436-1197
6530,경북,김천시,공사업,전문,한국전력기술(주),김성암,39660,경상북도 김천시 혁신로 269 (율곡동),054-421-3124
6531,경북,김천시,공사업,전문,주식회사 한신전기,이미경,39657,경상북도 김천시 무실길 70 (덕곡동),054-439-0068
6532,경북,김천시,공사업,전문,(주)태영,김한중,39601,경상북도 김천시 시민로 56 (부곡동),054-436-2438
6533,경북,김천시,공사업,전문,성남이엔지(주),유재곤,39519,경상북도 김천시 삼락택지2길 15-6 (삼락동),054-434-3119
6534,경북,김천시,공사업,전문,태영전력 주식회사,성영기,39656,"경상북도 김천시 영남대로 2040-18 , 상가206동103호(덕곡동, 김천 덕곡 월드메르디앙)",054-431-3902
6535,경북,김천시,공사업,전문,주식회사 대한전기소방,신창욱,39650,경상북도 김천시 황산로 31 (지좌동),054-437-0722
6536,경북,김천시,공사업,전문,주식회사 하나전기,김득수,39575,경상북도 김천시 모암제방1길 58 (모암동),054-434-0495
6537,경북,김천시,공사업,전문,세움전기 주식회사,김진태,39574,경상북도 김천시 평화장미길 79 (평화동),054-434-6890
6538,경북,김천시,공사업,전문,주식회사 대웅전력소방,김진현,39617,경상북도 김천시 양금로 224 (황금동),054-436-2981
6539,경북,김천시,공사업,전문,큰나무 주식회사,최일흠,39617,"경상북도 김천시 양금로 220 , 1층(황금동)",053-943-9432
6540,경북,김천시,공사업,전문,주식회사 세안,김영산,39558,경상북도 김천시 환경로 190 나동 1층(대광동),054-433-2026
6541,경북,김천시,공사업,전문,(주)매일소방설비,박규용,39519,경상북도 김천시 삼락택지2길 15-10 (삼락동),054-432-7082
6542,경북,김천시,공사업,전문,주식회사 대승엔지니어링,채윤석,39660,경상북도 김천시 해오름1로1길 25 (율곡동),054-434-4429
6543,경북,문경시,공사업,전문,주식회사 경도기술단,홍준영,36949,"경상북도 문경시 중앙로 72-3 ,  1동 1003호(점촌동, 대원퀸스힐2차)",053-628-7200
6544,경북,문경시,공사업,전문,신한국소방 주식회사,김진일,36951,경상북도 문경시 신흥로 24-10  (모전동),054-553-0404
6545,경북,문경시,공사업,전문,(주)대한기업,황영호,36933,경상북도 문경시 산양면 우본길 127-45 (과곡리),054-655-4086
6546,경북,문경시,공사업,전문,(주)광명전기,정은희,36969,경상북도 문경시 점촌6길 20  (점촌동) ,054-552-5588
6547,경북,문경시,공사업,전문,진명전력(주),배장수,36937,경상북도 문경시 산양면 산양공단1길 19-90 .,053-944-7600
6548,경북,문경시,공사업,전문,경전사,장영우,36967,경상북도 문경시 점촌역옆길 35 (흥덕동),054-555-2421
6549,경북,문경시,공사업,전문,삼성이앤씨,김민철,36937,경상북도 문경시 산양면 산양공단1길 19-88 .,054-555-3990
6550,경북,문경시,공사업,전문,(주)번개전기,"신영일,신영옥",36950,경상북도 문경시 윤직동3길 15 (윤직동),054-553-2900
6551,경북,문경시,공사업,전문,주식회사 부성전기,이영숙,36991,경상북도 문경시 공평로 64-18 (공평동),054-553-8600
6552,경북,문경시,공사업,전문,새재전기통신소방,권경숙,36937,경상북도 문경시 산양면 산양공단1길 19-88 .,054-556-0110
6553,경북,문경시,공사업,전문,문경전기정보통신,김재오,36967,"경상북도 문경시 신흥1길 11-4 , 2층(흥덕동)",054-552-3990
6554,경북,문경시,공사업,전문,명진전력(주),장영근,36967,경상북도 문경시 점촌역옆길 35 (흥덕동),054-555-9719
6555,경북,문경시,공사업,전문,주식회사 경상전력,노인숙,36937,"경상북도 문경시 산양면 산양공단1길 19-90 ,",054-554-5590
6556,경북,봉화군,공사업,전문,주식회사 보우기전,노곡달,36237,경상북도 봉화군 봉화읍 범들로 392 .,053-852-3284
6557,경북,봉화군,공사업,전문,주식회사 도움소방,"심영호,이유정",36236,경상북도 봉화군 봉화읍 봉화로 1084 (해저리),054-673-3119
6558,경북,상주시,공사업,전문,(주)건아전기,정보라,37117,경상북도 상주시 함창읍 함창중앙로 72 (증촌리),054-654-9918
6559,경북,상주시,공사업,전문,(주)남영전력,김형배,37239,경상북도 상주시 식산로 190 (화개동),054-534-9933
6560,경북,상주시,공사업,전문,(주)중앙전기공사,정숙은,37193,경상북도 상주시 성하1길 56  (성하동),054-536-0230
6561,경북,상주시,공사업,전문,(주)영남소방,서호준,37199,경상북도 상주시 상서문3길 70  (남성동) ,054-533-1586
6562,경북,상주시,공사업,전문,(주)영남엔지니어링,정경희,37213,경상북도 상주시 성동로 26 (성동동),054-534-8005
6563,경북,상주시,공사업,전문,(주)경도,김성균,37185,경상북도 상주시 중앙로 151  (남성동) ,054-536-1870
6564,경북,상주시,공사업,전문,경북소방,박광덕,37136,경상북도 상주시 외서면 북상주로 997 .,054-536-9360
6565,경북,상주시,공사업,전문,(주)대경소방,고정순,37220,경상북도 상주시 상산로 134-23 (신봉동),054-536-2119
6566,경북,상주시,공사업,전문,(주)대산전력소방,채다현,37160,경상북도 상주시 만산들마길 42 (만산동),054-975-7278
6567,경북,상주시,공사업,전문,광덕소방,이미숙,37136,"경상북도 상주시 사벌국면 북상주로 618 ,",054-531-9951
6568,경북,상주시,공사업,전문,주식회사 서원이앤씨,황국희,37240,경상북도 상주시 영남제일로 1343-7 (외답동),054-536-5583
6569,경북,상주시,공사업,전문,효창전력(주),배정아,37225,"경상북도 상주시 경상대로 2560-92 , 2층(가장동)",053-768-0441
6570,경북,성주군,공사업,전문,(주)서보,이덕록,40047,경상북도 성주군 선남면 선노로 55-35 .,053-564-6000
6571,경북,성주군,공사업,전문,(주)대성전설,강보혜,40029,경상북도 성주군 성주읍 성주읍2길 5-3 (경산리),054-933-3061
6572,경북,성주군,공사업,전문,(주)건영전설,복진두,40031,경상북도 성주군 성주순환로 257-16 (성주읍),054-933-8808
6573,경북,성주군,공사업,전문,(주)부광전력건설공사,배영호,40030,경상북도 성주군 성주읍 성주로 3271 (성산리),053-558-0829
6574,경북,성주군,공사업,전문,(주)광명에너지,김정은,40005,경상북도 성주군 벽진면 성주로 2782 .,053-521-4612
6575,경북,성주군,공사업,전문,주식회사 케이원,윤정완,40027,"경상북도 성주군 성주읍 경산길 29 ,2층",053-582-6232
6576,경북,성주군,공사업,전문,주식회사 필이엔지,김정훈,40061,경상북도 성주군 가천면 법전2길 17-5 .,
6577,경북,성주군,공사업,전문,구룡전기 주식회사,김명애,40056,"경상북도 성주군 대가면 참별로 2329 ,",054-371-2770
6578,경북,안동시,공사업,전문,(주)삼영전업사,권준찬,36658,경상북도 안동시 경북대로 418  테마프라자 제에이동 제2층 제201-2호 (옥동),054-857-8850
6579,경북,안동시,공사업,전문,(주)안동전기,권점화,36687,경상북도 안동시 정의마을길 16  (신안동),054-857-3430
6580,경북,안동시,공사업,전문,(주)성산전설,여충기,36690,"경상북도 안동시 제비원로 170 , 102동 202호 (금곡동, 태성경안타운)",054-843-8700
6581,경북,안동시,공사업,전문,(주)옥산,이춘걸,36677,"경상북도 안동시 태화중앙로 53-1 (태화동,3층)",054-858-4604
6582,경북,안동시,공사업,전문,(주)국제전기소방,김광현,36690,경상북도 안동시 단원로 164  (금곡동) ,054-857-0444
6583,경북,안동시,공사업,전문,에이치엘에코텍 주식회사,최인명,36664,경상북도 안동시 경북대로 359  (옥동) ,02-3400-8900
6584,경북,안동시,공사업,전문,(주)안전소방,장재원,36731,경상북도 안동시 임하면 금소2길 11 .,053-551-0119
6585,경북,안동시,공사업,전문,주식회사 거성소방,금화섭,36622,경상북도 안동시 풍산읍 금당길 150-13 .,054-857-9377
6586,경북,안동시,공사업,전문,(주)디엔알,이경문,36691,경상북도 안동시 단원로 214-3  (화성동) ,054-841-7747
6587,경북,안동시,공사업,전문,(주)신영전기,남유미,36719,경상북도 안동시 반변천로 155 (용상동) 2층,054-852-7478
6588,경북,안동시,공사업,전문,세방건설(주),장해진,36759,"경상북도 안동시 풍천면 호수공원2길 12 , 204-에이호",053-325-4295
6589,경북,안동시,공사업,전문,동신건설(주),"김동한,김근한",36703,경상북도 안동시 서동문로 217  (동문동) ,053-756-7701
6590,경북,안동시,공사업,전문,주식회사 대훈전력,임대혁,36611,경상북도 안동시 와룡면 서주길 20 (서지리),054-822-5252
6591,경북,안동시,공사업,전문,(주)고려전기소방,천병상,36722,경상북도 안동시 길주길 172 (용상동),054-821-0444
6592,경북,안동시,공사업,전문,주식회사 한양기술단,류종길,36632,경상북도 안동시 직곡길 88 (송현동),054-823-0911
6593,경북,안동시,공사업,전문,(주)아남전설,유기정,36644,경상북도 안동시 말구리4길 46-3 (태화동),054-821-5733
6594,경북,안동시,공사업,전문,(주)우리전력,김성수,36656,경상북도 안동시 불무골1길 26-47 (태화동),053-965-0962
6595,경북,안동시,공사업,전문,주식회사 부성이엔지,정재명,36753,경상북도 안동시 충효로 4381 (정상동) 588-2,054-857-9261
6596,경북,안동시,공사업,전문,바른이엔지,김대현,36747,"경상북도 안동시 운동장길 91-12 , 1층(정하동)",054-856-7304
6597,경북,안동시,공사업,전문,안동소방 주식회사,이정훈,36659,"경상북도 안동시 경북대로 423 ,501호(옥동,설광빌딩)",054-854-1190
6598,경북,안동시,공사업,전문,가나전기소방(주),전현주,36624,경상북도 안동시 매화길 81-34 (이천동),054-842-8204
6599,경북,안동시,공사업,전문,주식회사 효성엔지니어링,신현구,36621,"경상북도 안동시 풍산읍 풍산태사로 1075 , 2층",054-852-5901
6600,경북,안동시,공사업,전문,주식회사 조이,남식운,36689,"경상북도 안동시 단원로 203 , 1층 102호 (화성동, 삼안빌라)",054-855-3232
6601,경북,안동시,공사업,전문,주식회사 대호,문상필,36746,경상북도 안동시 마지1길 67 (수상동),054-853-3341
6602,경북,안동시,공사업,전문,주식회사 그린소방,박신환,36675,"경상북도 안동시 태화중앙로 58 , 3층 비동(태화동)",054-856-0980
6603,경북,안동시,공사업,전문,(주)북경,박순선,36611,경상북도 안동시 북순환로 96 (상아동),054-841-7728
6604,경북,안동시,공사업,전문,주식회사 열방,김선영,36663,경상북도 안동시 솔밭길 172 (옥동),054-854-5304
6605,경북,안동시,공사업,전문,준건설 주식회사,임대현,36646,경상북도 안동시 감나무2길 31-7 (태화동),054-843-8945
6606,경북,영덕군,공사업,전문,(주)이레엔지니어링,서준,36425,경상북도 영덕군 영덕읍 시걸길 80 .,054-254-8901
6607,경북,영덕군,공사업,전문,백운전력(주),정선임,36460,경상북도 영덕군 강구면 삼사1길 23-3 (삼사리),054-733-4496
6608,경북,영덕군,공사업,전문,(주)글로벌이앤씨,서예지,766-800,경상북도 영덕군 영덕읍 삼계리 377,054-254-8900
6609,경북,영덕군,공사업,전문,주식회사 동신,남상모,36424,경상북도 영덕군 영덕읍 매정농공길 65 .,054-733-9710
6610,경북,영덕군,공사업,전문,주식회사 신화소방,이재현,36412,경상북도 영덕군 영해면 영덕로 1778 .,054-512-7005
6611,경북,영주시,공사업,전문,(주)동신전기공사,김진기,36167,경상북도 영주시 영봉로 100-23 (휴천동),054-633-7998
6612,경북,영주시,공사업,전문,주식회사 명문전기소방,김진현,36069,"경상북도 영주시 원당로 205 , 2층(하망동)",054-637-1196
6613,경북,영주시,공사업,전문,(주)영풍전력,정일수,36065,경상북도 영주시 봉화로 49-7 (상망동),054-635-0477
6614,경북,영주시,공사업,전문,(주)동호,최필순,36102,경상북도 영주시 원당로 98  (휴천동) ,054-635-0477
6615,경북,영주시,공사업,전문,(주)대아전기소방,박순우,36077,경상북도 영주시 영주로 195-1 (영주동),054-635-2058
6616,경북,영주시,공사업,전문,(주)조은소방,이성호,36100,"경상북도 영주시 중앙로 64 , 3층 301호(영주동)",054-631-5119
6617,경북,영주시,공사업,전문,주식회사 동양전기소방,임용호,36057,경상북도 영주시 신재로 41 (가흥동),054-634-7282
6618,경북,영주시,공사업,전문,주식회사 한성테크,이경봉,36134,경상북도 영주시 대동로 83 (가흥동),054-634-0911
6619,경북,영주시,공사업,전문,주식회사 온누리소방,이재국,36155,"경상북도 영주시 구성로150번길 19 ,3층(휴천동)",054-634-7757
6620,경북,영주시,공사업,전문,주식회사 대경전기,진수경,36030,"경상북도 영주시 풍기읍 남원로 82 (3층 , 1층 2호)",054-636-8880
6621,경북,영주시,공사업,전문,주식회사 우주소방,조성원,36088,경상북도 영주시 번영로102번길 24 (휴천동),054-635-4119
6622,경북,영주시,공사업,전문,주식회사 산업전기,안현모,36064,경상북도 영주시 의상로 167-14 (상망동),054-635-3614
6623,경북,영주시,공사업,전문,주식회사 덕인이엔씨,신동일,36030,"경상북도 영주시 풍기읍 남원로 58-1 , 1층",02-786-9881
6624,경북,영천시,공사업,전문,주식회사 한일소방,한경길,38841,경상북도 영천시 최무선로 196  (화룡동) ,054-331-1203
6625,경북,영천시,공사업,전문,풍국전기(주),"홍성도,이상원",38823,경상북도 영천시 천문로 662  (오미동) ,053-563-0424
6626,경북,영천시,공사업,전문,대왕전기공사,김창수,38822,경상북도 영천시 올밤길 52 (매산동),054-334-7545
6627,경북,영천시,공사업,전문,(주)서강전력,서정자,38895,경상북도 영천시 영화로 260  (완산동) ,054-336-7989
6628,경북,영천시,공사업,전문,성진소방,정두봉,38850,경상북도 영천시 중앙동1길 44 (문외동),054-336-1119
6629,경북,영천시,공사업,전문,신동해전력(주),배재수,38829,경상북도 영천시 언하공단4길 43 (조교동),054-971-2685
6630,경북,영천시,공사업,일반(전기),영진전기(주),전재용,38882,경상북도 영천시 금창로 91 (금호읍),054-337-3797
6631,경북,영천시,공사업,전문,서호전설(주),정지률,38865,경상북도 영천시 조흔달길 22-3  (조교동),054-331-3912
6632,경북,영천시,공사업,전문,(주)백석,김경숙,38865,경상북도 영천시 장천2길 62 (조교동),053-944-4278
6633,경북,영천시,공사업,전문,주식회사 풍림종합건설,권성은,38879,경상북도 영천시 금호읍 덕성길 6 .,054-338-7023
6634,경북,영천시,공사업,전문,주식회사 건보전기,이창우,38896,경상북도 영천시 주남1길 20 (금노동),054-338-7141
6635,경북,영천시,공사업,전문,신우전력 주식회사,우성준,38896,경상북도 영천시 천문로 173 (금노동),054-331-0055
6636,경북,영천시,공사업,전문,주식회사 구국토건,손희종,38855,"경상북도 영천시 시청남길 26 (문외동, 4층)",053-761-0417
6637,경북,영천시,공사업,전문,주식회사 신광,우병정,38896,경상북도 영천시 천문로 173 (금노동),054-331-0055
6638,경북,영천시,공사업,전문,넘버원소방이엔지 주식회사,김성영,38852,"경상북도 영천시 시청로 9 , 대원빌딩 4층(문외동)",053-961-3119
6639,경북,영천시,공사업,전문,(주)금호이엔씨,최수경,38877,경상북도 영천시 금호읍 금호시장길 5 .,054-337-2238
6640,경북,영천시,공사업,전문,태인건설산업 주식회사,손찬우,38862,"경상북도 영천시 문화새길 77 제상가106동 101호(야사동,영천우방타운상가)",054-706-7731
6641,경북,영천시,공사업,전문,주식회사 태호건설,김미숙,38849,경상북도 영천시 최무선로 307 (문내동),054-335-0485
6642,경북,영천시,공사업,전문,주식회사 동우소방방재,김미옥,38883,경상북도 영천시 금호읍 대배길 86 .,053-216-4119
6643,경북,영천시,공사업,일반(전기),주식회사 보광전력,조유진,38869,경상북도 영천시 청통면 청통로 631 .,053-985-0951
6644,경북,영천시,공사업,일반(전기),주식회사 우리전력,권헌철,38867,"경상북도 영천시 청통면 계포1길 3-3 ,",053-815-7373
6645,경북,영천시,공사업,전문,조은방재기술,한하림,38841,경상북도 영천시 최무선로 196-1 (성내동),054-337-7119
6646,경북,영천시,공사업,전문,주식회사 지성전설,서혜란,38823,경상북도 영천시 천문로 662 (오미동),053-427-0395
6647,경북,예천군,공사업,전문,(주)신일,도은섭,36821,경상북도 예천군 예천읍 효자로 141 (백전리),054-654-0731
6648,경북,예천군,공사업,전문,(주)자인전설,황봉기,36827,경상북도 예천군 예천읍 효자로 5-1 .,053-521-0583
6649,경북,예천군,공사업,전문,(주)대한전기,지임성,36829,경상북도 예천군 충효로 303 (예천읍),054-654-4086
6650,경북,예천군,공사업,전문,(주)한국전기,박미화,36829,경상북도 예천군 예천읍 충효로 303 (남본리),054-652-4086
6651,경북,울릉군,공사업,전문,이레전기 주식회사,김종운,40217,경상북도 울릉군 울릉읍 울릉순환로 256 (도동리),054-791-6427
6652,경북,울진군,공사업,전문,(주)우리기업,신원섭,36312,경상북도 울진군 북면 고목2길 6 .,054-781-5000
6653,경북,울진군,공사업,전문,대성전기(주),오이철,36331,경상북도 울진군 울진읍 대흥신림로 1227 .,054-781-3200
6654,경북,울진군,공사업,전문,세명소방(주),엄태봉,36321,경상북도 울진군 울진읍 대나리항길 41-6 .,054-781-3244
6655,경북,울진군,공사업,전문,(주)다웅네트웍스,이태용,36331,"경상북도 울진군 울진읍 말루길 135 (읍남리, 101호)",054-281-4242
6656,경북,울진군,공사업,전문,주식회사 진영이에프씨,임혜선,36321,경상북도 울진군 울진읍 연지길 137 .,054-781-8258
6657,경북,울진군,공사업,전문,동부소방안전ENG,김인석,36332,경상북도 울진군 근남면 불영계곡로 3531 .,054-782-8119
6658,경북,울진군,공사업,일반(전기),세양산업(주),홍갑숙,36336,경상북도 울진군 근남면 성류남길 74 .,054-781-8226
6659,경북,울진군,공사업,전문,(주)대상기업,김상미,36324,경상북도 울진군 울진읍 울진중앙로 150-1 .,054-783-1881
6660,경북,울진군,공사업,전문,(주)대운전력,김진태,36324,경상북도 울진군 울진읍 울진중앙로 150-1 .,070-8786-2189
6661,경북,울진군,공사업,전문,덕포건설 주식회사,박지이,36322,"경상북도 울진군 울진읍 울진북로 644-17 , 가동 4호",053-812-3681
6662,경북,울진군,공사업,전문,에스티건설 주식회사,"신재복,배창규",36322,"경상북도 울진군 울진읍 울진북로 644-17 , 가동 5호",053-581-8316
6663,경북,의성군,공사업,전문,(주)성창전기,김진수,37356,경상북도 의성군 금성면 탑리5길 18 .,053-654-6617
6664,경북,의성군,공사업,전문,주식회사 세명기업,조일란,37364,경상북도 의성군 비안면 강변길 83-2 .,054-861-2558
6665,경북,의성군,공사업,전문,(주)용경전력,최용덕,37313,경상북도 의성군 안계면 용기11길 28-7 .,054-382-1203
6666,경북,의성군,공사업,전문,(주)보명전설,황성수,37339,경상북도 의성군 의성읍 의성사곡로 189 (상리리),053-791-8800
6667,경북,의성군,공사업,전문,(주)영남전기소방,조민성,37357,"경상북도 의성군 동부로 2110 (금성면,2호)",054-832-8181
6668,경북,의성군,공사업,전문,명가종합건설(주),손상철,37338,"경상북도 의성군 의성읍 문소3길 35 , 2층",054-510-7731
6669,경북,의성군,공사업,전문,(주)비케이전력,최은희,37342,경상북도 의성군 의성읍 구봉길 168-13 .,053-381-2202
6670,경북,의성군,공사업,전문,(주)원광전기,김은희,37339,경상북도 의성군 의성읍 의성사곡로 189 .,070-4123-3158
6671,경북,의성군,공사업,전문,(주)한양전설,김형대,37334,경상북도 의성군 의성읍 홍술로 89-13 .,053-383-5088
6672,경북,의성군,공사업,전문,영진전공,김영식,37338,경상북도 의성군 의성읍 문소1길 113 .,053-562-8943
6673,경북,의성군,공사업,전문,주식회사 아셀,김정현,37362,경상북도 의성군 봉양면 도리원1길 85 .,054-833-6164
6674,경북,의성군,공사업,전문,주식회사 동성전력,박병섭,37339,"경상북도 의성군 의성읍 의성사곡로 189 ,",054-832-7753
6675,경북,의성군,공사업,전문,주식회사 도보즈,최동호,37375,경상북도 의성군 단밀면 도안로 562-35 (단밀농공단지),054-862-2525
6676,경북,의성군,공사업,전문,디에스이앤씨 주식회사,은종욱,37362,경상북도 의성군 봉양면 도리원3길 16 .,053-325-9120
6677,경북,의성군,공사업,전문,주식회사 동운,김병윤,37339,경상북도 의성군 의성읍 의성사곡로 146-1 .,070-7431-0407
6678,경북,청도군,공사업,전문,(주)한우기업,신동환,38336,경상북도 청도군 청도읍 청려로 2428-10 .,053-326-0404
6679,경북,청도군,공사업,전문,(주)녹양,최동섭,38334,경상북도 청도군 화양읍 도주관로 64-3 (서상리 750-6),070-8680-2011
6680,경북,청송군,공사업,전문,(주)대산전기,이종칠,37462,경상북도 청송군 현서면 구덕길 9 (구산리),053-383-4873
6681,경북,청송군,공사업,전문,(주)발력이엔지,김정균,37462,경상북도 청송군 현서면 구덕길 8 (구산리),053-801-6361
6682,경북,청송군,공사업,전문,주식회사 우성종합전기,정예지,37409,"경상북도 청송군 진보면 진보로 111-2 , 1층",053-763-9770
6683,경북,청송군,공사업,전문,주식회사 거산이앤씨,김순희,37407,경상북도 청송군 진보면 청송로 6404 .,053-312-3427
6684,경북,청송군,공사업,전문,주식회사 아진소방전기,박진아,37434,"경상북도 청송군 청송읍 주왕산로 70 ,",
6685,경북,칠곡군,공사업,전문,동진건설(주),김칠환,39859,경상북도 칠곡군 금암2길 1 (동명면),053-422-3681
6686,경북,칠곡군,공사업,전문,(주)지엠이엔씨,"최해길,성태모",39845,경상북도 칠곡군 석적읍 남중리7길 7 (중리),054-976-4112
6687,경북,칠곡군,공사업,전문,(주)아주전력,황성숙,39896,경상북도 칠곡군 중앙로12길 35  (왜관읍),054-971-1231
6688,경북,칠곡군,공사업,전문,(주)세인,조용만,39813,경상북도 칠곡군 북삼읍 금오대로6길 7 (30호),053-632-1332
6689,경북,칠곡군,공사업,전문,(주)남선,차창민,39900,경상북도 칠곡군 왜관읍 관문로 114-16 (왜관리),054-971-2440
6690,경북,칠곡군,공사업,전문,(주)서전사,조충현,39914,경상북도 칠곡군 기산면 칠곡대로 1282 (죽전리),054-976-4500
6691,경북,칠곡군,공사업,전문,(주)광희종합전설,최정관,39914,경상북도 칠곡군 주산로 1208 (기산면),054-976-2823
6692,경북,칠곡군,공사업,일반(전기),청보전설(주),배성희,39819,경상북도 칠곡군 칠곡대로 831 (약목면),054-975-7474
6693,경북,칠곡군,공사업,전문,상우이앤씨(주),김상원,39849,경상북도 칠곡군 가산면 학상2길 68 (학상리),054-474-9119
6694,경북,칠곡군,공사업,일반(기계),비젼이엔지(주),손용호,39821,경상북도 칠곡군 약목면 경호천동길 62-18 .,054-475-2000
6695,경북,칠곡군,공사업,전문,부강전설(주),"박영근,박정용",39829,경상북도 칠곡군 약목면 관호10길 81-6 .,053-741-5333
6696,경북,칠곡군,공사업,전문,(주)우림기업,이종식,39862,"경상북도 칠곡군 동명면 봉암4길 1-26 ,2층",053-801-0271
6697,경북,칠곡군,공사업,전문,(주)반다이앤에스,이형진,39868,경상북도 칠곡군 지천면 금호로1길 2-19 .,053-763-5648
6698,경북,칠곡군,공사업,전문,(주)대호전설,박종호,39907,경상북도 칠곡군 왜관읍 삼청6길 61 (삼청리),054-453-9553
6699,경북,칠곡군,공사업,전문,(주)경원,이영원,39866,경상북도 칠곡군 지천면 송정중리3길 25-6 .,054-975-8110
6700,경북,칠곡군,공사업,전문,주식회사 덕송개발,이정숙,39864,"경상북도 칠곡군 지천면 신동로 179 (신리, 2층)",054-977-2396
6701,경북,칠곡군,공사업,전문,예린이엔씨 주식회사,황호분,39863,경상북도 칠곡군 지천면 지천로 535 (달서리),070-5029-6046
6702,경북,칠곡군,공사업,전문,(주)가온이엔지,"이병기,홍현수",39845,"경상북도 칠곡군 석적읍 남중리3길 77 , 1층",053-963-7119
6703,경북,칠곡군,공사업,전문,영진종합건설 주식회사,하태준,39862,경상북도 칠곡군 동명면 동명팔거천3길 59-12 (봉암리),054-971-4431
6704,경북,칠곡군,공사업,전문,(주)이에스텍,최현규,39846,경상북도 칠곡군 석적읍 유학로 197 .,054-977-8900
6705,경북,칠곡군,공사업,전문,(주)베스트이엔씨,김동구,39860,경상북도 칠곡군 동명면 송산12길 4 .,054-977-3245
6706,경북,칠곡군,공사업,전문,주식회사 이도,이상준,39867,경상북도 칠곡군 지천면 송정원곡길 23-1 .,054-972-2547
6707,경북,칠곡군,공사업,전문,(주)금오이엔지,권영현,39844,"경상북도 칠곡군 석적읍 남율로9길 30 ,4층(유진빌딩)",053-383-8806
6708,경북,칠곡군,공사업,전문,주식회사 에스에이테크,"고만복,정용훈",39850,"경상북도 칠곡군 가산면 송학1길 116-7 ,1층",054-975-0772
6709,경북,칠곡군,공사업,전문,주식회사 대산,채지현,39801,경상북도 칠곡군 북삼읍 북삼로2길 65 .,054-975-7278
6710,경북,칠곡군,공사업,전문,주식회사 에스제이전기,박상태,39865,경상북도 칠곡군 지천면 낙산로5길 54 .,053-314-5904
6711,경북,칠곡군,공사업,일반(전기),에이펙스인텍(주),김권진,39849,경상북도 칠곡군 가산면 인동가산로 619-9 .,054-976-7667
6712,경북,칠곡군,공사업,전문,주식회사 재영,오미경,39860,경상북도 칠곡군 동명면 송산11길 34 .,054-974-3318
6713,경북,포항시,공사업,전문,주식회사 포스코디엑스,정덕균,37861,경상북도 포항시 남구 호동로 68 (호동),054-280-1134
6714,경북,포항시,공사업,전문,(주)해동엔지니어링,이완형,37668,"경상북도 포항시 남구 지곡로 394 ,제1벤처동 213-에이호(지곡동, 포항테크노파크)",054-223-2580
6715,경북,포항시,공사업,전문,(주)해광공영,황용학,37771,경상북도 포항시 남구 중흥로58번길 7-4  (상도동) ,054-283-9362
6716,경북,포항시,공사업,전문,부림방재(주),권기철,37579,경상북도 포항시 북구 장량로17번길 36-14  (장성동) ,054-241-9110
6717,경북,포항시,공사업,전문,동양전기(주),김장웅,37839,경상북도 포항시 남구 연일읍 동문로54번길 62 (오천리),054-285-1914
6718,경북,포항시,공사업,전문,(주)해주개발,유성준,37799,경상북도 포항시 남구 축항로 87  (송도동) ,054-231-0563
6719,경북,포항시,공사업,전문,(주)서현,김태균,37588,경상북도 포항시 북구 장량로114번길 24 (장성동),054-244-7119
6720,경북,포항시,공사업,전문,(주)대아엔지니어링,권택연,37560,경상북도 포항시 북구 흥해읍 초곡지구로57번길 18-14 .,054-282-4502
6721,경북,포항시,공사업,전문,대우소방산업(주),강호섭,37794,경상북도 포항시 남구 상공로 273  (송도동) ,054-275-3119
6722,경북,포항시,공사업,전문,(주)에이원,"서민규,이재화",37530,경상북도 포항시 북구 용금길163번길 47 (흥해읍),053-764-0375
6723,경북,포항시,공사업,전문,세광전력(주),이만형,37841,"경상북도 포항시 남구 연일읍 연일로145번길 71 ,4호(1층)",054-275-3660
6724,경북,포항시,공사업,일반(전기),(합)경화계전,"정병기,전상희",37839,경상북도 포항시 남구 연일읍 철강로107번길 70-1 (오천리),054-286-6492
6725,경북,포항시,공사업,전문,(주)삼우소방,전진숙,37807,경상북도 포항시 남구 중앙로78번길 28 (해도동),054-285-3119
6726,경북,포항시,공사업,전문,대신이엔지(주),최종만,37583,경상북도 포항시 북구 장량로32번길 39-3  (장성동) ,054-248-0055
6727,경북,포항시,공사업,전문,대산공영(주),심지택,37830,"경상북도 포항시 남구 상대로 110  (상도동, 3층) ",054-282-3944
6728,경북,포항시,공사업,전문,금강방재주식회사,정진이,37764,경상북도 포항시 남구 중흥로172번길 26-3  (상도동),054-273-4119
6729,경북,포항시,공사업,전문,(주)태영설비,박성욱,37522,경상북도 포항시 북구 신광면 토성길 41-1 (토성리),054-255-4119
6730,경북,포항시,공사업,전문,(합)태백소방,정지영,37633,경상북도 포항시 북구 우창동로 118-15 (창포동),054-247-2111
6731,경북,포항시,공사업,전문,대경파워텍(주),배용찬,37775,"경상북도 포항시 남구 중앙로147번길 5 , 1층(해도동)",054-291-4084
6732,경북,포항시,공사업,전문,주식회사 이근기전,"이형덕,안정완",37888,"경상북도 포항시 남구 오천읍 냉천로 376 , 3층",054-285-6883
6733,경북,포항시,공사업,전문,(주)현대소방,이인숙,37920,경상북도 포항시 남구 동해안로 5998  (청림동) ,054-241-3119
6734,경북,포항시,공사업,전문,(주)삼원종합전기,최은정,37653,경상북도 포항시 북구 흥해읍 달전로 148 .,054-274-0484
6735,경북,포항시,공사업,전문,포우기전(주),"이성화,이진욱",37867,경상북도 포항시 남구 대송면 제내길31번길 27 (제내리),054-285-5291
6736,경북,포항시,공사업,전문,(주)세림소방,우현의,37775,경상북도 포항시 남구 중앙로157번길 13 (해도동),054-273-0119
6737,경북,포항시,공사업,전문,칠보산업(주),김종길,37543,"경상북도 포항시 북구 흥해읍 동해대로 1562 (마산리, 비동 104호)",053-812-7400
6738,경북,포항시,공사업,전문,영진건설(주),천장우,37678,경상북도 포항시 남구 대이로111번길 5 (대잠동),054-240-4500
6739,경북,포항시,공사업,일반(전기),에이스기전(주),최동선,37748,경상북도 포항시 북구 중흥로267번길 45  (용흥동) ,054-272-1144
6740,경북,포항시,공사업,전문,경일엔지니어링(주),이우규,37899,경상북도 포항시 남구 정몽주로879번길 17-10 (청림동),054-292-6248
6741,경북,포항시,공사업,전문,(합)두창이앤에스,"이도훈,김용순",37644,경상북도 포항시 북구 대안길 124  (용흥동),054-252-5301
6742,경북,포항시,공사업,전문,(주)씨씨에이치산업,신명기,37788,"경상북도 포항시 남구 중앙로 154 ,804호(해도동,학산타워빌딩)",054-246-2205
6743,경북,포항시,공사업,전문,(주)흥화,"양승인,유호선",37859,경상북도 포항시 남구 괴동로 222 (괴동동),054-271-7777
6744,경북,포항시,공사업,전문,(합)중앙소방,편종철,37778,경상북도 포항시 남구 대해로91번길 30  (대도동) ,054-281-7119
6745,경북,포항시,공사업,전문,주식회사 포스코이앤씨,전중선,37745,경상북도 포항시 북구 중흥로 307 (죽도동),032-748-3471
6746,경북,포항시,공사업,전문,(주)오성소방엔지니어링,오염만,37742,경상북도 포항시 북구 용당로 18 (용흥동),054-272-5119
6747,경북,포항시,공사업,전문,대성소방산업(주),윤분자,37778,경상북도 포항시 남구 양학천로150번길 49 (대도동),054-277-3782
6748,경북,포항시,공사업,전문,운강건설 주식회사,이정훈,37751,경상북도 포항시 북구 중흥로 231 (죽도동),054-280-3822
6749,경북,포항시,공사업,전문,주식회사 플랜텍,구본진,37866,경상북도 포항시 남구 대송로83번길 61 (장흥동),054-279-7410
6750,경북,포항시,공사업,전문,영동종합이엔시(주),이재환,37867,"경상북도 포항시 남구 대송면 제내길31번길 23 (제내리, 환일빌딩 3층 302호)",054-286-6601
6751,경북,포항시,공사업,전문,대웅기전 주식회사,"진명주,진명식",37770,경상북도 포항시 남구 상도로26번길 6-1 (상도동),054-274-6330
6752,경북,포항시,공사업,전문,모든소방(주),김해영,37613,"경상북도 포항시 북구 삼흥로 87 (장성동, 장성리치프라자 105호)",054-242-9119
6753,경북,포항시,공사업,전문,(주)동일소방엔지니어링,김태수,37777,경상북도 포항시 남구 양학천로150번길 6-1 (대도동),054-284-2119
6754,경북,포항시,공사업,전문,주식회사 한보테크,강형주,37620,"경상북도 포항시 북구 삼호로 281 , 3층(두호동)",054-262-6378
6755,경북,포항시,공사업,전문,(주)남성이엔지,주해교,37743,경상북도 포항시 북구 죽도로 16 (죽도동),054-275-4778
6756,경북,포항시,공사업,전문,(주)대한소방,권영오,37569,경상북도 포항시 북구 삼흥로342번길 34-43 (양덕동),054-252-6119
6757,경북,포항시,공사업,전문,주식회사 원전,"도충현,손석암",37552,경상북도 포항시 북구 흥해읍 삼흥로 454 (남송리),054-272-0443
6758,경북,포항시,공사업,전문,(주)씨엠지테크,최문국,37880,"경상북도 포항시 남구 오천읍 하원로46번길 9-6 , 103호",054-762-0940
6759,경북,포항시,공사업,전문,대동소방 주식회사,이승재,37543,경상북도 포항시 북구 흥해읍 동해대로 1522-17 .,054-262-0119
6760,경북,포항시,공사업,전문,광명전기,이정희,37552,"경상북도 포항시 북구 흥해읍 삼흥로502번길 46-19 , 103호",054-275-8995
6761,경북,포항시,공사업,전문,주식회사 경성이엔지,김용주,37770,경상북도 포항시 남구 상도로16번길 19-1 (상도동),054-277-0406
6762,경북,포항시,공사업,전문,(주)동우,"김영대,신명자",37840,경상북도 포항시 남구 연일읍 철강로107번길 17-36 .,054-249-0410
6763,경북,포항시,공사업,전문,하나소방 주식회사,이다연,37583,경상북도 포항시 북구 법원로51번길 24-7 (장성동),054-256-7119
6764,경북,포항시,공사업,전문,신성엔지니어링(주),김상근,37862,경상북도 포항시 남구 철강로 297 (장흥동),054-285-1800
6765,경북,포항시,공사업,전문,주식회사 태동건설,"김재광,이나영",37685,경상북도 포항시 남구 대이로29번길 5 (대잠동),053-813-0855
6766,경북,포항시,공사업,전문,주식회사 세민,김인호,37825,"경상북도 포항시 남구 상대로 115 , 2층(상도동)",054-278-8228
6767,경북,포항시,공사업,전문,주식회사 이화이엔씨,최연식,37815,"경상북도 포항시 남구 중앙로67번길 20-8 , 303호",054-284-6119
6768,경북,포항시,공사업,전문,주식회사 파이어크루,조영재,37675,"경상북도 포항시 남구 이동로 8 , 302호(이동, 성동빌딩)",0507-1356-6423
6769,경북,포항시,공사업,전문,주식회사 포스코피에이치솔루션,고찬주,37863,경상북도 포항시 남구 대송로 180 (괴동동),054-222-4738
6770,경북,포항시,공사업,전문,우리소방 주식회사,권영란,37569,경상북도 포항시 북구 삼흥로342번길 34-45 (양덕동),054-252-0119
6771,경북,포항시,공사업,전문,주식회사 대양방재이엔씨,김태진,37685,"경상북도 포항시 남구 대이로5번길 25 (대잠동, 동명빌딩 2층)",054-254-5555
6772,경북,포항시,공사업,전문,주식회사 피앤피,박광은,37772,경상북도 포항시 남구 희망대로 723 (상도동),054-276-0005
6773,경북,포항시,공사업,전문,네이처이앤티 주식회사,"신태호,이호진",37876,경상북도 포항시 남구 대송면 철강로492번길 49 .,054-283-5580
6774,경북,포항시,공사업,전문,라온테크(주),김창주,37751,경상북도 포항시 북구 중흥로213번길 16-1 (죽도동),054-274-9856
6775,경북,포항시,공사업,전문,합자회사 미광계전,김희수,37846,경상북도 포항시 남구 연일읍 동문로21번길 34 .,054-286-3488
6776,경북,포항시,공사업,전문,주식회사 코인스이앤씨,김정원,37825,"경상북도 포항시 남구 상공로 72 , 201호(상도동, 원준빌딩)",054-243-8837
6777,경남,거제시,공사업,전문,(주)나라,박귀영,53278,경상남도 거제시 사등면 두동로 50 나동 201호,055-638-4119
6778,경남,거제시,공사업,전문,(주)근호소방,옥은희,53240,경상남도 거제시 수양2길 9 (수월동),055-633-4390
6779,경남,거제시,공사업,전문,(주)만성전기,제봉석,53278,경상남도 거제시 사등면 두동로 85 .,055-637-5789
6780,경남,거제시,공사업,전문,(주)대성전기,유광덕,53290,경상남도 거제시 상동7길 28  (상동동) ,055-635-0442
6781,경남,거제시,공사업,전문,(주)성윤산업,조용은,53286,경상남도 거제시 거제면 오수선창길 46 .,055-637-7123
6782,경남,거제시,공사업,일반(전기),(주)진광테크,김종상,53304,경상남도 거제시 거제대로 3413-1 (아주동),055-688-2042
6783,경남,거제시,공사업,전문,(주)신화이엔지,전학수,53286,경상남도 거제시 거제면 오수2길 53 .,055-636-7504
6784,경남,거제시,공사업,전문,주식회사 신성전기소방공사,송성미,53254,경상남도 거제시 거제중앙로15길 38 (고현동),055-636-6691
6785,경남,거제시,공사업,전문,주식회사 세명,박순남,53288,"경상남도 거제시 거제중앙로 1756 , 303호(상동동)",055-633-5119
6786,경남,거제시,공사업,전문,(주)성원이엔씨,김원주,53257,경상남도 거제시 계룡로11길 17-32 (고현동) .,055-633-7119
6787,경남,거제시,공사업,전문,거성이엔디 주식회사,강승민,53212,경상남도 거제시 연초면 죽토로 23 203호(양지빌딩),055-638-2525
6788,경남,거제시,공사업,전문,주식회사 서진전력,김영실,53244,경상남도 거제시 수양로 160-1 (양정동),055-637-2936
6789,경남,거제시,공사업,전문,주식회사 오션,원정웅,53256,경상남도 거제시 고현로2길 34-2 (고현동) .,055-637-1461
6790,경남,거제시,공사업,전문,주식회사 대한전기,정은정,53220,경상남도 거제시 국산1길 12 (옥포동),055-688-5331
6791,경남,거제시,공사업,전문,한화오션 주식회사,김희철,53302,경상남도 거제시 거제대로 3370 (아주동),055-735-2114
6792,경남,거제시,공사업,전문,주식회사 미동이앤지,홍경희,53209,"경상남도 거제시 연초면 연사3길 26-1 , 201호",055-688-0049
6793,경남,거제시,공사업,전문,(주)다원기업,서석교,53245,"경상남도 거제시 중곡1로 48 , 5층 501호(고현동)",031-618-1884
6794,경남,거제시,공사업,전문,주식회사 거제전기소방,"심상영,김미정",53278,경상남도 거제시 사등면 두동로 71-3 .,055-637-9834
6795,경남,거제시,공사업,전문,주식회사 대웅,조보희,53328,"경상남도 거제시 일운면 지세포해안로 100 , 상가 202호(라티움주상복합아파트)",055-637-7742
6796,경남,거제시,공사업,전문,희망기업,진현철,53267,"경상남도 거제시 장평1로1길 17 304호(장평동, 태훈오피스텔)",055-635-1209
6797,경남,거제시,공사업,전문,거성소방 주식회사,윤두호,53212,경상남도 거제시 연초면 죽토로 23 201호(양지빌딩),055-634-2119
6798,경남,거창군,공사업,전문,화성종합건설(주),최순탁,50128,경상남도 거창군 거창읍 거열로 167-1 (),055-944-2220
6799,경남,거창군,공사업,전문,(주)현대소방,백현진,50137,경상남도 거창군 거창읍 동동8길 9 3층,055-944-5364
6800,경남,거창군,공사업,전문,(합)아림소방,최영길,50145,경상남도 거창군 거창읍 대평3길 47 (),055-943-9091
6801,경남,거창군,공사업,전문,주식회사 유성산업,이성구,50110,경상남도 거창군 마리면 거안로 732 (),055-943-0030
6802,경남,거창군,공사업,일반(전기),경민소방컨설팅,유경민,50140,경상남도 거창군 거창읍 강변로1길 2 1층,055-941-0066
6803,경남,거창군,공사업,전문,(주)케이전기,김병진,50146,경상남도 거창군 거창읍 밭들길 13 .,055-945-0404
6804,경남,거창군,공사업,전문,(주)국제,조용원,50110,경상남도 거창군 마리면 거안로 808-90 ,055-941-0558
6805,경남,거창군,공사업,전문,주식회사 태환,정성민,50110,경상남도 거창군 마리면 거안로 732 .,055-943-4646
6806,경남,거창군,공사업,전문,주식회사 경동소방이엔씨,박종규,50136,"경상남도 거창군 거창읍 동동5길 14-8 , 203호",055-942-3405
6807,경남,고성군,공사업,전문,(주)삼열전력,김휘수,52924,경상남도 고성군 거류면 방산로 157 .,055-674-0088
6808,경남,고성군,공사업,전문,(합)대신전기공업사,박기태,52931,경상남도 고성군 고성읍 대가로 6 (),055-673-6151
6809,경남,고성군,공사업,전문,(주)대영전기,이정의,52944,경상남도 고성군 고성읍 동외로 83 (),055-674-0078
6810,경남,고성군,공사업,전문,(주)비앤엠,이근석,52941,경상남도 고성군 고성읍 동외로178번길 20 1층,070-8224-8226
6811,경남,고성군,공사업,전문,대창건설(주),박성진,52915,경상남도 고성군 회화면 당항만로 913 (),055-673-0838
6812,경남,고성군,공사업,전문,(주)대호소방,윤철수,52961,경상남도 고성군 하이면 덕호2길 11 .,055-835-2119
6813,경남,고성군,공사업,전문,삼광전기(주),나창희,52915,"경상남도 고성군 회화면 관인로 66 , 2층",055-291-0501
6814,경남,고성군,공사업,전문,주식회사 대신전력,손명자,52931,경상남도 고성군 고성읍 대가로 6 (),055-673-6152
6815,경남,고성군,공사업,전문,주식회사 만성전기공사,김자령,52947,경상남도 고성군 고성읍 중앙로104번길 23 .,055-672-2244
6816,경남,김해시,공사업,전문,대경티엔에스 주식회사,임주섭,50924,경상남도 김해시 활천로15번길 22  (부원동) ,055-332-7491
6817,경남,김해시,공사업,전문,(주)동양전력,한영주,50941,경상남도 김해시 전하로198번길 76 (전하동),055-327-0406
6818,경남,김해시,공사업,전문,(주)비에스엔지니어링,서정원,50967,경상남도 김해시 서김해산단안길 2 (명법동),055-313-0997
6819,경남,김해시,공사업,전문,(주)세인텍,신승우,50927,경상남도 김해시 가락로23번길 47  (봉황동) 2층,055-335-4441
6820,경남,김해시,공사업,전문,(주)한신소방,김다함,50893,"경상남도 김해시 금관대로1277번길 12-24 , 1층(내동)",055-334-1995
6821,경남,김해시,공사업,전문,원진엔지니어링 주식회사,이근우,51006,경상남도 김해시 칠산로179번길 214 (화목동) .,055-321-7706
6822,경남,김해시,공사업,전문,삼덕소방(주),조용수,50896,경상남도 김해시 김해대로1765번길 21-34  (삼계동) ,055-326-8119
6823,경남,김해시,공사업,전문,(주)중앙소방,이치정,50950,경상남도 김해시 경원로11번길 14 (내동),055-327-1193
6824,경남,김해시,공사업,전문,(주)세창전기,이종호,50988,경상남도 김해시 번화1로67번길 2 .,055-313-0404
6825,경남,김해시,공사업,전문,대신종합전기(주),최봉열,50939,경상남도 김해시 전하로176번길 31-1 (전하동) 2층,055-322-7750
6826,경남,김해시,공사업,전문,주식회사 김해누리소방,김지현,50960,"경상남도 김해시 금관대로1134번길 29 , 3층(외동)",055-313-6119
6827,경남,김해시,공사업,전문,우원설비(주),박재호,51002,경상남도 김해시 대청로104번길 55-16 (장유면),055-334-3280
6828,경남,김해시,공사업,전문,(주)중앙이엔지,황상철,50966,경상남도 김해시 금관대로 1059  (풍유동),055-323-5500
6829,경남,김해시,공사업,전문,신일전기(주),박두경,50969,경상남도 김해시 주촌면 골든루트로 186-7 .,055-320-2222
6830,경남,김해시,공사업,전문,(주)주원에너지,이다건,50887,경상남도 김해시 주촌면 서부로1701번안길 84 .,055-329-9001
6831,경남,김해시,공사업,전문,(주)동명전력,허제원,50966,경상남도 김해시 금관대로1041번길 49  (풍유동),055-323-3101
6832,경남,김해시,공사업,전문,(주)신화소방,엄석준,50966,경상남도 김해시 금관대로1073번길 31-7 (풍유동),055-339-0119
6833,경남,김해시,공사업,전문,(주)유니콘전설,주진철,50923,경상남도 김해시 분성로418번길 4 (동상동),055-335-1323
6834,경남,김해시,공사업,전문,(주)대저건설,"정화영,박석영",50925,경상남도 김해시 가락로30번길 17 (부원동),055-310-1534
6835,경남,김해시,공사업,전문,(주)대진종합전기,김윤규,50829,경상남도 김해시 김해대로2761번길 5  (불암동) ,055-336-0495
6836,경남,김해시,공사업,전문,에스티엑스건설(주),김제욱,50802,"경상남도 김해시 생림면 나전로 276 , 타동(에스엠인더스트리 지엠비사업부)",070-8691-2063
6837,경남,김해시,공사업,전문,(주)현대방재시스템,유원성,51004,"경상남도 김해시 삼문로 19 803호(대청동, 대암월드피아)",055-335-5119
6838,경남,김해시,공사업,전문,(주)영남이엔지,홍종표,50956,경상남도 김해시 금관대로1190번길 19 (외동) 1층,055-321-8119
6839,경남,김해시,공사업,전문,서경기술공사(주),민병훈,50989,"경상남도 김해시 번화1로84번길 28  503호(대청동, 탑스코아)",055-328-0655
6840,경남,김해시,공사업,전문,(주)송민엔지니어링,안대성,50986,"경상남도 김해시 능동로 31 (삼문동,소마빌딩) 304",055-333-5396
6841,경남,김해시,공사업,전문,(주)세한소방,남흔경,50965,경상남도 김해시 흥동로 60 (흥동) .,055-321-0119
6842,경남,김해시,공사업,전문,(주)영신방재,임정후,50989,경상남도 김해시 번화1로 70 (대청동) 804호,055-338-0119
6843,경남,김해시,공사업,전문,주식회사 서경,김평태,50989,경상남도 김해시 번화1로84번길 28  (대청동) 탑스코아 502호,055-311-8085
6844,경남,김해시,공사업,전문,(주)우리소방,우성석,50967,경상남도 김해시 서김해산단안길 77 (풍유동) .,055-329-8119
6845,경남,김해시,공사업,전문,강산기술검사(주),전태호,51006,경상남도 김해시 칠산로223번길 22-8 (이동),055-313-0303
6846,경남,김해시,공사업,전문,(주)일성소방공사,남치우,50934,경상남도 김해시 활천로6번길 43 (삼정동),055-322-1191
6847,경남,김해시,공사업,전문,(주)동일소방,김금동,50927,경상남도 김해시 김해대로2283번길 28 (봉황동),055-335-3119
6848,경남,김해시,공사업,전문,(주)보광전기,김정해,51012,경상남도 김해시 덕정로186번길 9 (관동동) .,055-313-1195
6849,경남,김해시,공사업,전문,(주)부경방재,이영연,50989,경상남도 김해시 번화1로80번길 9 (대청동),055-322-1119
6850,경남,김해시,공사업,전문,(주)미래소방,박종근,50868,경상남도 김해시 진영읍 진영로 258 301(수정상가),055-345-2119
6851,경남,김해시,공사업,전문,주식회사 울트라이엔지,김영국,50992,경상남도 김해시 계동로137번길 15-1 (대청동) .,055-321-7001
6852,경남,김해시,공사업,전문,(주)케이소방,박경태,50923,"경상남도 김해시 활천로29번길 6-7 (삼정동, 무창빌라) 101호",055-336-9119
6853,경남,김해시,공사업,전문,주식회사 태영소방,장병석,50858,"경상남도 김해시 진영읍 장등1로 28 , 202호(동일타운)",055-343-7175
6854,경남,김해시,공사업,전문,주식회사 제일이엔지,신정민,50848,경상남도 김해시 한림면 한림로342번길 8 .,055-342-6861
6855,경남,김해시,공사업,전문,(주)월드이엔지,문종필,50939,경상남도 김해시 전하로 186-17 (전하동),055-336-0704
6856,경남,김해시,공사업,전문,부산소방김해 주식회사,신봉기,50965,경상남도 김해시 흥동로 22 (풍유동) .,055-336-1644
6857,경남,김해시,공사업,전문,(주)신한소방,조준상,50964,경상남도 김해시 전하로99번길 6-9 (흥동),055-338-7004
6858,경남,김해시,공사업,전문,(주)조은방재기술단,장재명,50827,경상남도 김해시 삼안로60번길 2 (지내동) .,055-314-1190
6859,경남,김해시,공사업,전문,(주)라인이엔지,김창온,50967,경상남도 김해시 서김해산단로 20-26 (풍유동),055-328-2855
6860,경남,김해시,공사업,전문,주식회사 차소방,차민수,50967,"경상남도 김해시 금관대로 1013 ,2층 (풍유동)",055-325-2119
6861,경남,김해시,공사업,전문,주식회사 제이원엔지니어링,"장세선,김혜진",50940,"경상남도 김해시 김해대로 2352 , 아이스퀘어몰 제2층 제디209호(부원동)",055-322-2601
6862,경남,김해시,공사업,전문,나우기술단 주식회사,안종한,50988,"경상남도 김해시 대청로210번길 20 , 803-1호(대청동)",055-326-7119
6863,경남,김해시,공사업,전문,주식회사 보경테크,정희영,50875,"경상남도 김해시 진례면 테크노밸리로 89 , 에이동 1층",055-724-3539
6864,경남,김해시,공사업,전문,주식회사 호안이엔지,이다연,50839,"경상남도 김해시 활천로166번길 9 , 2층 215호(어방동)",055-311-1191
6865,경남,김해시,공사업,전문,주식회사 승민,박찬주,50848,경상남도 김해시 한림면 한림로 381 .,055-342-6861
6866,경남,김해시,공사업,전문,나라세이프 주식회사,최희정,51006,경상남도 김해시 금관대로804번길 73-43 (명법동),055-314-4119
6867,경남,김해시,공사업,전문,(주)서광에어텍,김영관,50807,경상남도 김해시 대동면 동남로 305 .,055-327-5757
6868,경남,김해시,공사업,전문,효영전력 주식회사,최효도,50935,경상남도 김해시 동김해안길 61 (어방동),055-328-2365
6869,경남,김해시,공사업,전문,블루파이어 주식회사,최인환,51006,경상남도 김해시 금관대로804번길 73-43 (명법동),055-338-9110
6870,경남,남해군,공사업,전문,(주)남해전기,박갑봉,52417,경상남도 남해군 남해읍 화전로 155 (아산리 185-3),055-863-2173
6871,경남,남해군,공사업,전문,남해조명전기,채상용,52414,경상남도 남해군 남해읍 화전로96번나길 26 (),055-864-6898
6872,경남,남해군,공사업,전문,(주)이레전력,"김정현,윤희연",52416,경상남도 남해군 남해읍 화전로 146 .,055-755-7656
6873,경남,남해군,공사업,전문,주식회사 삼현전력,이경자,52428,경상남도 남해군 남해읍 당넘로247번길 29 .,055-759-7859
6874,경남,남해군,공사업,전문,(주)대한소방이엔씨,정나영,52449,경상남도 남해군 창선면 서부로 1058-11 .,055-758-3119
6875,경남,남해군,공사업,전문,(주)수호소방이엔씨,김성기,52453,경상남도 남해군 창선면 창선로 96-1 .,055-867-3119
6876,경남,남해군,공사업,전문,주식회사 제일소방전기,이주미,52429,"경상남도 남해군 남해읍 남해대로 2616 , 에이동",055-742-0119
6877,경남,밀양시,공사업,전문,(주)한진전력,김재민,50402,경상남도 밀양시 춘화로 154 .,055-355-6994
6878,경남,밀양시,공사업,전문,(주)가원전기소방,송옥이,50405,경상남도 밀양시 가복4길 8 (무안면),055-356-4253
6879,경남,밀양시,공사업,전문,주식회사 디앤에스,이정호,50422,경상남도 밀양시 북성로5길 8 (내이동) .,055-354-9913
6880,경남,밀양시,공사업,전문,(주)다호소방,김태훈,50453,경상남도 밀양시 상남면 평촌중앙로 35-1 (),055-352-2119
6881,경남,밀양시,공사업,전문,(주)대한소방기술단,서호승,50437,경상남도 밀양시 삼문중앙로3길 27 (삼문동) .,055-356-3119
6882,경남,밀양시,공사업,전문,(주)엘지전기,박재호,50449,경상남도 밀양시 상남면 상남로 1143 .,055-355-1035
6883,경남,밀양시,공사업,전문,주식회사 동영전기통신소방,김순임,50422,경상남도 밀양시 북성남길 22-1 (내이동) .,055-353-6111
6884,경남,밀양시,공사업,전문,태민전력,김명호,50422,"경상남도 밀양시 북성남길 22-1 , 201호(내이동)",055-353-6111
6885,경남,밀양시,공사업,전문,주식회사 기림,김영희,50455,경상남도 밀양시 초동면 성만2길 45 .,055-391-7624
6886,경남,사천시,공사업,전문,이룸건설주식회사,박현주,52539,경상남도 사천시 용현면 시청3길 44 303호,055-835-6119
6887,경남,사천시,공사업,전문,(주)도원이에프씨,장갑찬,52539,경상남도 사천시 용현면 부곡4길 5 1층,055-753-7404
6888,경남,사천시,공사업,전문,삼원전기건설(주),임기오,52552,경상남도 사천시 중앙로 199 (벌리동),055-832-6204
6889,경남,사천시,공사업,전문,(주)진일소방컨설팅,정형숙,52516,경상남도 사천시 사천읍 진삼로 1509 .,055-855-6115
6890,경남,사천시,공사업,전문,(합)화신전력,김병욱,52516,경상남도 사천시 사천읍 무산1길 51-12 (),055-852-7601
6891,경남,사천시,공사업,전문,관보토건(주),김상우,52519,경상남도 사천시 사천읍 사천읍성로 4 (),055-853-2767
6892,경남,사천시,공사업,전문,(주)대한소방,심동진,52546,경상남도 사천시 해안관광로 485 (송포동),055-746-1577
6893,경남,사천시,공사업,전문,(주)경남전기건설,강현순,52538,경상남도 사천시 용현면 용정길 64 .,055-855-0046
6894,경남,사천시,공사업,전문,(주)소망전력,정동근,52539,경상남도 사천시 용현면 부곡4길 5 .,055-295-8400
6895,경남,사천시,공사업,전문,주식회사 대원소방,김대원,52547,경상남도 사천시 진삼로 30 (죽림동),055-853-3367
6896,경남,사천시,공사업,전문,주식회사 인덕전기소방,강동화,52532,경상남도 사천시 사남면 진삼로 1211-28 2층,055-854-1190
6897,경남,사천시,공사업,전문,주식회사 진사전기소방,윤혜선,52552,경상남도 사천시 중앙로 207 (벌리동) .,055-833-5119
6898,경남,사천시,공사업,전문,진사전력기술단,김지영,52524,경상남도 사천시 정동면 수청길 75 나동(2층),055-852-2929
6899,경남,사천시,공사업,전문,주식회사 세영소방,엄동영,52518,"경상남도 사천시 사천읍 읍내로 39-26 , 1층 근린시설 전체",055-786-8198
6900,경남,산청군,공사업,전문,성신전력(주),양진선,52251,경상남도 산청군 단성면 사직단로 397 .,055-586-0400
6901,경남,산청군,공사업,전문,(주)대아소방,김상환,52251,"경상남도 산청군 단성면 목화로 902 , 부1동 4호",055-974-1119
6902,경남,산청군,공사업,전문,(자)화신소방,심재동,52238,경상남도 산청군 시천면 지리산대로1033번길 63 .,055-974-3119
6903,경남,산청군,공사업,전문,(주)에스에이치소방,정영중,52251,경상남도 산청군 단성면 목화로 902 부1동 4호,055-974-2119
6904,경남,산청군,공사업,전문,주식회사 백두소방설비,이명숙,52252,경상남도 산청군 단성면 목화로 20-23 (),055-762-2119
6905,경남,산청군,공사업,전문,한샘전력,이경자,52249,경상남도 산청군 신안면 원지로153번길 2 .,070-8199-7859
6906,경남,산청군,공사업,전문,주식회사 좋은전기,김미굉,52251,"경상남도 산청군 단성면 목화로 974-1 , 2호",055-761-9811
6907,경남,산청군,공사업,전문,주식회사 반석전력,최은정,52249,경상남도 산청군 신안면 원지로4번길 78 .,055-759-7859
6908,경남,산청군,공사업,전문,주식회사 성지산업,한지은,52227,경상남도 산청군 산청읍 호암로 1351-12 .,055-759-7859
6909,경남,산청군,공사업,전문,주식회사 건설전기사,김나라,52249,경상남도 산청군 신안면 원지로153번길 2 .,055-759-7859
6910,경남,산청군,공사업,전문,주식회사 한솔소방,이상기,52225,경상남도 산청군 산청읍 중앙로 66 .,055-974-3676
6911,경남,양산시,공사업,전문,삼호전설(주),이을우,50592,경상남도 양산시 유산공단4길 28-60  (유산동) ,055-386-3535
6912,경남,양산시,공사업,전문,(주)대한방재이엔지,송원규,50639,경상남도 양산시 동면 양산대로 107 (),055-363-5119
6913,경남,양산시,공사업,전문,(주)부산소방,박부송,50620,경상남도 양산시 양주4길 3-24 (중부동) .,055-385-8555
6914,경남,양산시,공사업,전문,대원엔지니어링(주),이재학,50566,경상남도 양산시 상북면 소토2길 29-27 .,055-381-4655
6915,경남,양산시,공사업,전문,한국소방,김용근,50619,경상남도 양산시 북안남1길 28-1 (북부동),055-388-0119
6916,경남,양산시,공사업,전문,(주)세종이엔지,천외도,50647,경상남도 양산시 동면 영천2길 30-1 (),055-381-9119
6917,경남,양산시,공사업,전문,(주)화승전력,송동복,50529,경상남도 양산시 서창로 123 (삼호동),055-363-6700
6918,경남,양산시,공사업,전문,서강플랜트(주),"김현기,김양중",50638,경상남도 양산시 동면 금산5길 61 (),055-912-0005
6919,경남,양산시,공사업,전문,(주)온누리소방공사,박준호,50570,"경상남도 양산시 북정5길 2 , 1층(북정동)",055-383-1190
6920,경남,양산시,공사업,전문,나라방재 주식회사,우영대,50652,경상남도 양산시 물금읍 부산대학로 150 404호,055-375-1192
6921,경남,양산시,공사업,전문,중앙방재(주),유동호,50623,"경상남도 양산시 옥곡1길 15 1층, 2층(남부동)",055-381-1190
6922,경남,양산시,공사업,일반(전기),경성전기소방,구경모,50622,경상남도 양산시 중앙로 97 (남부동) .,055-388-5508
6923,경남,양산시,공사업,전문,(주)한국유닉스경남,강덕현,50657,경상남도 양산시 물금읍 버들3길 40 1층,055-375-1190
6924,경남,양산시,공사업,전문,주식회사 대성에이원,최성득,50617,"경상남도 양산시 중앙로 232 , 북부시장 A동 202-3호",055-913-0477
6925,경남,양산시,공사업,전문,(주)경남안전소방,이두석,50572,경상남도 양산시 양산대로 1010-1 (북정동),055-388-0935
6926,경남,양산시,공사업,전문,주식회사 가야안전소방,박명옥,50639,경상남도 양산시 동면 금오4길 25-8 1층,055-385-1190
6927,경남,양산시,공사업,전문,다온소방전력,김혁배,50593,경상남도 양산시 회현1길 32 (교동),055-385-3959
6928,경남,양산시,공사업,전문,(주)효영전기,전은별,50561,경상남도 양산시 상북면 석계산단4길 49 2동,055-328-2365
6929,경남,양산시,공사업,전문,주식회사 대영소방이엔지,이화섭,50652,경상남도 양산시 물금읍 새실2길 13 303호,055-367-3119
6930,경남,양산시,공사업,전문,주식회사 하백,박성환,50639,경상남도 양산시 동면 금오7길 13-5 101호,055-363-1190
6931,경남,양산시,공사업,전문,주식회사 아울이앤디,정태봉,50652,"경상남도 양산시 물금읍 부산대학로 144 , 330호(신양산코아루캠퍼스시티)",051-925-0280
6932,경남,양산시,공사업,전문,주식회사 대동방재,백대현,50557,"경상남도 양산시 상북면 양산대로 1742 , 1층,2층",055-385-7666
6933,경남,진주시,공사업,전문,(주)쌍용전기통신소방,문쌍수,52723,경상남도 진주시 강남로167번길 8  (칠암동) ,055-752-4416
6934,경남,진주시,공사업,전문,(자)진주소방설비사,김호권,52759,경상남도 진주시 남강로 746  (옥봉동) ,055-742-2945
6935,경남,진주시,공사업,전문,주식회사 디에이치,문다래,52809,경상남도 진주시 솔밭로43번길 23  (상평동) ,055-752-9911
6936,경남,진주시,공사업,전문,(주)영진소방,김상진,52730,경상남도 진주시 진산로 271  (장재동) ,055-763-9119
6937,경남,진주시,공사업,전문,(자)국제소방,박희갑,52688,경상남도 진주시 촉석로 72  (인사동) ,055-742-5119
6938,경남,진주시,공사업,전문,(주)부흥전기소방공사,허은구,52845,경상남도 진주시 화개천로54번길 57 (정촌면),055-762-8797
6939,경남,진주시,공사업,전문,(주)신라전력,백은주,52647,경상남도 진주시 가화로 85 (판문동),055-759-7859
6940,경남,진주시,공사업,전문,(주)삼화소방,정영란,52647,경상남도 진주시 판문로 336 (판문동),055-747-0004
6941,경남,진주시,공사업,전문,(주)신안소방공사,윤복란,52748,경상남도 진주시 비봉로 91 (상봉동) 1층,055-743-3202
6942,경남,진주시,공사업,전문,(주)정림종합엔지니어링,주진성,52677,경상남도 진주시 진양호로225번길 12 (평거동),055-763-3975
6943,경남,진주시,공사업,전문,(합자)세기전력,하상길,52723,경상남도 진주시 강남로 181 (칠암동),055-753-3198
6944,경남,진주시,공사업,전문,(합)기명전기소방,김영호,52767,경상남도 진주시 도동로248번길 29 (하대동) .,055-755-0249
6945,경남,진주시,공사업,전문,(주)대양소방,정준수,52819,경상남도 진주시 호탄길10번길 10 (호탄동) .,055-754-0801
6946,경남,진주시,공사업,전문,(주)아주소방엔지니어링,강현석,52650,경상남도 진주시 남강로29번길 15-9 (평거동) .,055-745-9910
6947,경남,진주시,공사업,전문,주식회사 에이치아이엠이엔지,박광규,52761,경상남도 진주시 하대로34번길 19-1 (하대동) 1층.,055-746-9690
6948,경남,진주시,공사업,전문,(주)청호전기,최경의,52621,"경상남도 진주시 진성면 동부로 1313-15 , 2층",055-757-6048
6949,경남,진주시,공사업,전문,(주)신세기건설,김위곤,52801,경상남도 진주시 남강로 1233-4 (상평동),055-762-8704
6950,경남,진주시,공사업,전문,(주)평화방재,유명열,52719,경상남도 진주시 천수로 101  (주약동) ,055-758-1193
6951,경남,진주시,공사업,전문,(주)태진소방,김용희,52638,경상남도 진주시 집현면 신당길50번길 42 .,055-753-5354
6952,경남,진주시,공사업,전문,(주)동현건설,이병국,52697,경상남도 진주시 진양호로 280 (신안동) 동현빌딩 5층,055-747-4233
6953,경남,진주시,공사업,전문,호성소방설비,천영철,52801,경상남도 진주시 남강로1259번길 10-3  (상평동) ,055-762-1138
6954,경남,진주시,공사업,전문,(주)영남소방엔지니어링,류상수,52719,경상남도 진주시 천수로 57 (주약동) .,055-753-2111
6955,경남,진주시,공사업,전문,태경전기(주),박경철,52742,경상남도 진주시 말티고개로 50 (초전동),055-753-0417
6956,경남,진주시,공사업,전문,거성전력,김용판,52730,경상남도 진주시 장재길 40 (장재동),055-759-6700
6957,경남,진주시,공사업,전문,(주)제이에이치전력,이현진,52621,경상남도 진주시 진성면 동부로 1313-15 (주)제이에이치전력,055-298-5156
6958,경남,진주시,공사업,전문,덕신건업(주),조인제,52707,경상남도 진주시 강남로291번길 4 (강남동),055-758-3442
6959,경남,진주시,공사업,전문,(주)우리에프이씨,문경규,52648,경상남도 진주시 판문오동길 8 (판문동),055-754-1119
6960,경남,진주시,공사업,전문,주택관리공단(주),허종길,52852,경상남도 진주시 사들로 137 (충무공동),055-923-3154
6961,경남,진주시,공사업,전문,(주)우림소방,임영섭,52798,경상남도 진주시 대신로195번길 6 (상대동) .,055-761-0179
6962,경남,진주시,공사업,전문,(주)대아전력,추길호,52845,경상남도 진주시 정촌면 화개길194번길 129-10 .,055-637-2936
6963,경남,진주시,공사업,전문,(주)덕유소방엔지니어링,곽종현,52813,경상남도 진주시 남강로1141번길 6  (상평동) ,055-754-9969
6964,경남,진주시,공사업,전문,(주)신화전기,최은숙,52621,경상남도 진주시 진성면 동부로 1313-15 .,055-761-1632
6965,경남,진주시,공사업,전문,(주)금동이엔지,강성태,52654,"경상남도 진주시 진주대로1270번길 11-1 (유곡동,유곡한보아파트) 상가동 101호",055-752-1119
6966,경남,진주시,공사업,전문,(주)유성전기,오기정,52813,경상남도 진주시 남강로 1135-4 (상평동),055-757-4112
6967,경남,진주시,공사업,전문,주식회사 도담소방엔지니어링,김성욱,52732,경상남도 진주시 남강로 1715 (초전동) 2층,055-746-5119
6968,경남,진주시,공사업,전문,주식회사 삼성전기,김정선,52638,경상남도 진주시 집현면 신당길 47-8 1층,055-754-3545
6969,경남,진주시,공사업,전문,주식회사 한별,권영민,52763,경상남도 진주시 하대로 113-4 (하대동) 102호,055-747-1194
6970,경남,진주시,공사업,전문,주식회사 착한소방,김현준,52678,경상남도 진주시 순환로559번길 11-1 (평거동) 2층,055-761-5911
6971,경남,진주시,공사업,전문,주식회사 진성소방,권만수,52813,"경상남도 진주시 대신로103번길 10-1 , 1층(상평동)",055-762-8119
6972,경남,진주시,공사업,일반(전기),(주)화인,류해락,52767,경상남도 진주시 도동로232번길 9-1 (하대동),
6973,경남,진주시,공사업,전문,(주)조은소방엔지니어링,박도용,52786,경상남도 진주시 모덕로65번길 3-1 (상대동) 2층,055-747-1193
6974,경남,진주시,공사업,전문,경남이엔씨 주식회사,정화영,52776,경상남도 진주시 상대로 87 (하대동) 2층,055-755-5118
6975,경남,진주시,공사업,전문,주식회사 스타소방,이현숙,52763,경상남도 진주시 하대로 113-4 (하대동) 101호,055-745-1190
6976,경남,진주시,공사업,전문,주식회사 현진소방,이지운,52639,경상남도 진주시 집현면 하촌로 343 .,055-763-9119
6977,경남,진주시,공사업,전문,(주)미르소방,양시룡,52628,경상남도 진주시 금산면 중천로21번길 18 .,055-755-7119
6978,경남,진주시,공사업,전문,(주)대영전설,김원환,52845,경상남도 진주시 정촌면 화개길194번길 129-10 .,055-759-1638
6979,경남,진주시,공사업,전문,주식회사경복전력,이연지,52641,경상남도 진주시 명석면 남성로 7 가동,055-744-7818
6980,경남,진주시,공사업,전문,주식회사 동하소방,박순복,52814,경상남도 진주시 남강로1081번길 4 (상평동),055-755-6119
6981,경남,진주시,공사업,전문,안택건설(주),황동석,52693,"경상남도 진주시 신안로 94 (신안동, 흥한스위트) 105호",055-753-2299
6982,경남,진주시,공사업,전문,주식회사 명진전력,빈재민,52773,"경상남도 진주시 모덕로181번길 10 , 상가동 211호(상대동, 상대현대아파트)",055-853-1234
6983,경남,진주시,공사업,전문,(주)한일소방,한희원,52639,경상남도 진주시 집현면 진주성로 701-31 .,055-748-1191
6984,경남,진주시,공사업,전문,주식회사 엔알건설전기,안재은,52761,경상남도 진주시 선학산길59번길 22-18 (하대동),055-754-0426
6985,경남,진주시,공사업,전문,(주)코엔서비스,김철규,52854,"경상남도 진주시 사들로 26 , 6층(충무공동, 행복빌딩)",055-795-5400
6986,경남,진주시,공사업,전문,(주)도원전기,김혜진,52623,경상남도 진주시 진성면 동부로1548번길 8 .,055-753-7404
6987,경남,진주시,공사업,전문,주식회사 태양전기,심은미,52639,경상남도 진주시 집현면 진주성로 241-18 .,055-759-4867
6988,경남,진주시,공사업,전문,주식회사 혜성,김서현,52655,경상남도 진주시 의병로63번길 6 (상봉동) 1층,055-761-0700
6989,경남,진주시,공사업,전문,(주)다원아이엔씨,장정석,52650,"경상남도 진주시 진양호로44번길 33-3 3층(평거동, 라온빌딩)",055-747-2480
6990,경남,진주시,공사업,전문,주식회사 율,허진호,52731,경상남도 진주시 초장로114번길 2 (초전동) .,055-747-1193
6991,경남,진주시,공사업,전문,(주)우성소방,조현영,52762,"경상남도 진주시 도동로263번길 10-1 (하대동, 우성빌)101호 .",055-755-1162
6992,경남,진주시,공사업,전문,주식회사 이지소방엔지니어링,안정임,660-020,경상남도 진주시 인사동 218-17,055-745-6111
6993,경남,진주시,공사업,전문,주식회사 서원전력,송주호,52632,경상남도 진주시 금산면 금산로 307 .,055-298-5156
6994,경남,진주시,공사업,전문,주식회사 영진전기,윤경순,52730,경상남도 진주시 진산로 271 (장재동),055-748-0733
6995,경남,진주시,공사업,전문,주식회사 원일종합전기,김은성,52833,경상남도 진주시 문산읍 문산로 955 .,055-762-5440
6996,경남,진주시,공사업,전문,(주)동원엔텍,이상희,52818,"경상남도 진주시 동부로169번길 12 , 에이1706호(충무공동, 윙스타워)",055-755-0455
6997,경남,진주시,공사업,전문,주식회사 성공,오승묵,52848,경상남도 진주시 내동면 삼계로258번길 74 .,055-748-9441
6998,경남,진주시,공사업,전문,주식회사 디케이산업,이종현,52767,경상남도 진주시 도동로248번길 29 (하대동),055-753-2785
6999,경남,진주시,공사업,전문,주식회사 플랜엔지니어링,이창훈,52803,"경상남도 진주시 대신로195번길 19 , 1층 점포 및 1층 주택일부(상평동)",
7000,경남,진주시,공사업,전문,주식회사 일상종합건설,차준영,52730,"경상남도 진주시 진산로 271 , 2층(장재동)",055-748-0733
7001,경남,진주시,공사업,전문,주식회사 은성소방,한익수,52639,경상남도 진주시 집현면 진주성로 701-31 .,055-747-1512
7002,경남,진주시,공사업,전문,주식회사 원상전력,박춘선,52848,경상남도 진주시 내동면 삼계로258번길 63 .,055-759-9552
7003,경남,창녕군,공사업,전문,(주)삼성기전,천숙희,50365,경상남도 창녕군 부곡면 온천로 634-6 .,055-299-5162
7004,경남,창녕군,공사업,전문,(주)도민,고장호,50348,경상남도 창녕군 영산면 죽전길 6 (),055-536-1252
7005,경남,창녕군,공사업,전문,선무전기공사,문진길,50334,경상남도 창녕군 창녕읍 창녕대로 321 (),055-533-0134
7006,경남,창녕군,공사업,전문,주식회사 보금,박규비,50321,경상남도 창녕군 창녕읍 여초2길 29-1 (),055-532-9038
7007,경남,창녕군,공사업,전문,대경종합건설(주),이종철,50334,경상남도 창녕군 창녕읍 자련길 22 (),055-532-1608
7008,경남,창녕군,공사업,전문,(주)대한전설,이영민,50316,경상남도 창녕군 대지면 우포2로 864 .,055-532-5454
7009,경남,창녕군,공사업,전문,88전화소방공사,백경순,50331,경상남도 창녕군 창녕읍 화왕산1로 90 (경림타운) 101호,055-532-8880
7010,경남,창녕군,공사업,전문,주식회사 세전,조권수,50350,경상남도 창녕군 도천면 송진2구안길 58-6 (),055-521-3933
7011,경남,창녕군,공사업,일반(전기),백연,김두희,50317,경상남도 창녕군 대지면 우포2로 1155 .,055-532-5754
7012,경남,창녕군,공사업,전문,(주)와이에스이엔씨,김영수,50334,경상남도 창녕군 창녕읍 화왕산로 157-6 .,053-313-4361
7013,경남,창녕군,공사업,전문,우리전력 주식회사,김석순,50334,경상남도 창녕군 창녕읍 낙영윗길 2 . 1층,055-532-0456
7014,경남,창녕군,공사업,전문,태광전력,박순심,50319,경상남도 창녕군 대지면 우포1대로 1315-3 .,055-533-0412
7015,경남,창원시,공사업,전문,한신설비(주),한대용,51402,경상남도 창원시 의창구 차상로8번길 8-1 (팔용동),055-276-1336
7016,경남,창원시,공사업,전문,삼성소방전기공사,황경호,51666,경상남도 창원시 진해구 충장로 241  (경화동) ,055-541-0404
7017,경남,창원시,공사업,전문,(주)신세계소방,이정후,51367,경상남도 창원시 의창구 남산로1번길 32 (팔용동),055-251-8343
7018,경남,창원시,공사업,전문,(주)대신,김병철,51252,경상남도 창원시 마산합포구 자산북1길 35 102호(대신하이빌),055-222-7980
7019,경남,창원시,공사업,전문,(주)삼영전기,임승섭,51401,"경상남도 창원시 의창구 차상로150번길 14 207호 (팔용동,창원공구랜드)",055-276-3001
7020,경남,창원시,공사업,전문,(유)가야기업,박필희,51367,경상남도 창원시 의창구 남산로1번길 48 (팔용동),055-296-2883
7021,경남,창원시,공사업,전문,(유)태영설비,이성수,51157,"경상남도 창원시 의창구 태복산로 317 202호(봉림동,오션5빌딩)",055-276-5544
7022,경남,창원시,공사업,전문,(유)우진전기,이기화,51110,경상남도 창원시 의창구 천주로 502 (북면),055-292-9209
7023,경남,창원시,공사업,전문,(주)성산이엔지,김규일,51526,"경상남도 창원시 성산구 삼동로128번길 85 504호(내동, 엑스포상가)",055-275-0690
7024,경남,창원시,공사업,전문,경남전력 주식회사,전초희,51382,"경상남도 창원시 의창구 중동중앙로 47 제타워동 제4층 제403호(중동,어반브릭스)",055-265-0119
7025,경남,창원시,공사업,전문,나라기업(주),우희석,51382,"경상남도 창원시 의창구 중동중앙로 47 , 어반브릭스 스튜디오스트리트몰동 4012호, 4013호",055-247-3119
7026,경남,창원시,공사업,전문,(주)경상소방설비,최은우,51586,경상남도 창원시 진해구 돌리로6번길 18-1 (석동),055-255-6755
7027,경남,창원시,공사업,전문,(주)우진,진귀남,51335,경상남도 창원시 마산합포구 합포서13길 34-2  (상남동) ,055-247-6690
7028,경남,창원시,공사업,전문,(주)용운산업,송문수,51347,"경상남도 창원시 마산회원구 봉암북5길 29  (봉암동, 봉덕상가빌라)1층 ",055-255-9753
7029,경남,창원시,공사업,일반(전기),(주)대한전기,김오규,51165,"경상남도 창원시 의창구 도계로50번길 15 101호 (도계동, 성산빌라7차)",055-265-7752
7030,경남,창원시,공사업,전문,(합)동아소방,황형태,51337,"경상남도 창원시 마산합포구 산호동6길 17 , 101호",055-252-9118
7031,경남,창원시,공사업,전문,한명전기(주),"지무열,설진태",51571,경상남도 창원시 성산구 연덕로15번길 80 (웅남동),055-286-8056
7032,경남,창원시,공사업,전문,광득건설(주),"백훈종,최근화",51139,"경상남도 창원시 의창구 용동로57번길 24 302호(사림동, 해금싸이언스타운)",055-273-7391
7033,경남,창원시,공사업,전문,(주)신한소방전기,김기용,51102,경상남도 창원시 의창구 북면 마산길 53-23 .,055-296-8119
7034,경남,창원시,공사업,전문,세명전기(주),강인구,51473,경상남도 창원시 성산구 삼정자로33번길 23 (성주동) 지하층,055-283-1231
7035,경남,창원시,공사업,전문,(주)성화설비,황용호,51356,경상남도 창원시 마산회원구 합성옛길 219 (합성동),055-256-0661
7036,경남,창원시,공사업,전문,(주)현우이엠씨,조현갑,51167,"경상남도 창원시 의창구 도계로 102 201-2호 (도계동, 대남상가)",055-273-2970
7037,경남,창원시,공사업,전문,(주)원이앤티,김인수,51350,"경상남도 창원시 마산회원구 구암남21길 11 101,102호(구암동, 신우상가)",055-297-2570
7038,경남,창원시,공사업,일반(전기),(주)경도전기,김용진,51151,경상남도 창원시 의창구 사림로158번길 26-28  (사림동) 4층,055-266-1467
7039,경남,창원시,공사업,전문,부경테크(주),서기찬,51168,경상남도 창원시 의창구 원이대로113번길 5  (도계동) ,055-277-3601
7040,경남,창원시,공사업,전문,(주)가람소방,박명국,51378,경상남도 창원시 의창구 팔용로416번길 1 (팔용동),055-253-3110
7041,경남,창원시,공사업,전문,경상엔지니어링,조재홍,51526,경상남도 창원시 성산구 삼동로128번길 85 307호 (내동),055-263-6119
7042,경남,창원시,공사업,전문,(주)원일소방,최성주,51371,경상남도 창원시 의창구 남산로113번길 26 (서상동) 101호,055-276-1194
7043,경남,창원시,공사업,전문,보산건설(주),최채경,51368,경상남도 창원시 의창구 의창대로132번길 29-14 (팔용동),055-252-0404
7044,경남,창원시,공사업,전문,(주)보현이엔지,노경호,51741,경상남도 창원시 마산합포구 문화동10길 17 지하1층 (창포동2가),055-247-5911
7045,경남,창원시,공사업,전문,(주)태경이엔지,강태규,51391,"경상남도 창원시 의창구 차룡로48번길 44 제16층 제에프1614호(팔용동, 창원스마트업타워)",055-285-9340
7046,경남,창원시,공사업,전문,(주)대아건설,"김진환,서문호",51302,경상남도 창원시 마산회원구 3·15대로 711  (석전동) ,055-297-7100
7047,경남,창원시,공사업,전문,(주)태경소방,정권수,51165,"경상남도 창원시 의창구 도계로4번길 5 (도계동,1층)",055-276-3863
7048,경남,창원시,공사업,전문,(주)씨앤케이소방,차정훈,51761,경상남도 창원시 마산합포구 3·15대로 111 2층(중앙동1가),055-223-7119
7049,경남,창원시,공사업,전문,대경전력(주),김규조,51505,"경상남도 창원시 성산구 상남로 37 , 301호(상남동, 덕산베스트텔)",055-264-4004
7050,경남,창원시,공사업,전문,(주)태거,배경애,51430,"경상남도 창원시 성산구 중앙대로 263 303-1호(용호동, 오피스프라자)",055-713-5733
7051,경남,창원시,공사업,전문,(주)금성소방,구중근,51436,경상남도 창원시 성산구 용지로153번길 3 (용호동) 창원오피스텔 307호,055-267-5407
7052,경남,창원시,공사업,전문,(주)고려소방,김윤식,51286,경상남도 창원시 마산회원구 회원서1길 32 (회원동),055-221-0119
7053,경남,창원시,공사업,전문,신안소방설비(주),장용철,51527,경상남도 창원시 성산구 연덕로184번길 32  (내동) 지하4호,055-264-6222
7054,경남,창원시,공사업,전문,(주)경남방재,김용태,51442,"경상남도 창원시 성산구 신월로 42 4층 411호(신월동, 토월복합상가)",055-299-8119
7055,경남,창원시,공사업,전문,태거플랜트(주),염이섭,51402,"경상남도 창원시 의창구 차상로18번길 45 , 301호(팔용동, 농산물도매시장)",055-264-9901
7056,경남,창원시,공사업,전문,거룡산업(주),김홍욱,51522,"경상남도 창원시 성산구 중앙대로 49 810호(중앙동,서광오피스텔)",055-286-0038
7057,경남,창원시,공사업,전문,(주)경남소방엔지니어링,강종만,51269,경상남도 창원시 마산합포구 무학로 523 (교방동),055-244-6119
7058,경남,창원시,공사업,전문,(주)협동소방,김삼용,51363,경상남도 창원시 마산회원구 양덕로 165 (양덕동),055-292-2643
7059,경남,창원시,공사업,전문,(주)예일소방,정채진,51117,경상남도 창원시 의창구 동읍 동읍로503번길 16 .,055-298-7219
7060,경남,창원시,공사업,전문,주식회사 제이엠모터스펌프,이영훈,51392,경상남도 창원시 의창구 차상로 172-11 (팔용동),055-713-6233
7061,경남,창원시,공사업,전문,(주)리드전기,김경미,51151,경상남도 창원시 의창구 사림로158번길 25 (사림동) 1층,055-276-5894
7062,경남,창원시,공사업,전문,(주)용마루이엔지,이행규,51758,"경상남도 창원시 마산합포구 문화서1길 86  (대창동, 2층)",055-242-2522
7063,경남,창원시,공사업,전문,(주)성민설비,성장경,51310,"경상남도 창원시 마산회원구 북성로 471-18 ,(두척동) 1층",055-244-5970
7064,경남,창원시,공사업,전문,부원산업주식회사,박용전,51401,경상남도 창원시 의창구 차상로150번길 32  (팔용동) 2동 205호,055-265-5353
7065,경남,창원시,공사업,전문,(주)대연이엔지,문재수,51526,"경상남도 창원시 성산구 삼동로128번길 85 501호(내동, 엑스포상가)",055-286-9831
7066,경남,창원시,공사업,전문,(주)무진전설,조창래,51376,경상남도 창원시 의창구 의창대로54번길 15 (팔용동) 3층,055-252-2387
7067,경남,창원시,공사업,전문,(주)대한소방이엔지,김광복,51198,"경상남도 창원시 의창구 의안로44번길 6-2 101호(소답동, 금화빌라)",055-251-1991
7068,경남,창원시,공사업,전문,(주)안진소방공사,정연재,51522,"경상남도 창원시 성산구 용지로 70 937호 (중앙동, 성원오피스텔)",055-266-3295
7069,경남,창원시,공사업,전문,(주)아림방재설비,김종수,51401,"경상남도 창원시 의창구 창원대로 400 407호(팔용동, 창원기계공구상가)",055-265-1190
7070,경남,창원시,공사업,전문,(합자)부산종합공영,박경수,51314,"경상남도 창원시 마산회원구 석전남23길 6 (석전동, 일우아파트) 일우상가2층2호",055-296-3535
7071,경남,창원시,공사업,일반(전기),(유)태광소방,하남희,51195,경상남도 창원시 의창구 읍성로34번길 14 (중동) .,055-292-7750
7072,경남,창원시,공사업,전문,(주)원진종합건설,배석한,51386,경상남도 창원시 의창구 우곡로159번길 22-26 지하1층 (명서동),055-273-8787
7073,경남,창원시,공사업,전문,(유)대우소방설비공사,이희종,51368,경상남도 창원시 의창구 남산로27번길 2  (팔용동) ,055-294-6789
7074,경남,창원시,공사업,전문,두산에너빌리티(주),"박지원,박상현,정연인",51711,경상남도 창원시 성산구 두산볼보로 22 (귀곡동),031-5179-1313
7075,경남,창원시,공사업,전문,(주)대한소방설비공사,이평열,51356,"경상남도 창원시 마산회원구 3·15대로 828-1 (합성동,백화하이빌) 510호",055-253-7511
7076,경남,창원시,공사업,전문,주식회사 명진소방,박홍순,51375,"경상남도 창원시 의창구 사화로9번길 26 , 105호(팔용동)",055-251-0119
7077,경남,창원시,공사업,전문,(주)팔팔전기통신소방,김승현,51333,경상남도 창원시 마산합포구 용마로 41-10 (산호동),055-242-0288
7078,경남,창원시,공사업,전문,(주)현우종합전기,진봉현,51108,경상남도 창원시 의창구 북면 백월로87번월촌길 28-1 .,055-274-7301
7079,경남,창원시,공사업,전문,(주)창원소방,김용환,51378,경상남도 창원시 의창구 사화로56번길 24  (팔용동) ,055-295-3804
7080,경남,창원시,공사업,전문,(주)케이지건설,윤선규,51337,"경상남도 창원시 마산합포구 합포동6길 7-1 ,2층(산호동,케이지빌딩)",055-221-3202
7081,경남,창원시,공사업,전문,한얼기공(주),이혁교,51522,경상남도 창원시 성산구 용지로 78 (중앙동) 3층 302호,055-281-6797
7082,경남,창원시,공사업,전문,(주)탑엔지니어링,이재국,51381,"경상남도 창원시 의창구 우곡로 2-11 102호, 103호(도계동, 강남프리텔)",055-273-6553
7083,경남,창원시,공사업,전문,(주)경성전기,최재인,51108,경상남도 창원시 의창구 북면 백월로74번기곡길 2-29 .,055-299-5167
7084,경남,창원시,공사업,전문,대일전기(주),강기철,51745,경상남도 창원시 마산합포구 월영동15길 7 (해운동),055-247-3313
7085,경남,창원시,공사업,전문,영일이앤씨(주),강홍규,51571,경상남도 창원시 성산구 연덕로27번길 19 (웅남동),055-261-0101
7086,경남,창원시,공사업,전문,(합)자유전력,이기환,51166,"경상남도 창원시 의창구 원이대로69번길 3 가동 101호(도계동, 대창빌라)",055-277-6577
7087,경남,창원시,공사업,전문,라온산업개발(주),손형석,51713,경상남도 창원시 마산합포구 해안대로 376 (오동동) 807호,055-249-6100
7088,경남,창원시,공사업,전문,대창산업설비(주),장재호,51232,경상남도 창원시 마산회원구 내서읍 중리공단로5길 29-2 (),055-231-1694
7089,경남,창원시,공사업,전문,현대로템(주),이용배,51407,경상남도 창원시 성산구 창원대로 488 (대원동) .,055-269-2023
7090,경남,창원시,공사업,전문,(주)태극소방설비공사,주영원,51286,경상남도 창원시 마산회원구 회원서1길 32 (회원동),055-241-1191
7091,경남,창원시,공사업,전문,매일설비(주),김영모,51165,"경상남도 창원시 의창구 도계로12번길 1 303호 (도계동, 대영상가빌라)",055-277-9696
7092,경남,창원시,공사업,전문,(주)새롬전기,신영훈,51597,"경상남도 창원시 진해구 대장로 42 , 1동 (소사동)",055-323-2588
7093,경남,창원시,공사업,전문,삼정종합전기(주),이종관,51199,경상남도 창원시 의창구 의안로2번길 17-1 (소답동),055-252-5719
7094,경남,창원시,공사업,전문,(주)포스원종합설비,김민성,51522,"경상남도 창원시 성산구 용지로 70  424호(중앙동, 성원그랜드오피스텔)",055-287-6980
7095,경남,창원시,공사업,전문,(주)공인방재엔지니어링,공찬숙,51184,경상남도 창원시 의창구 소계로106번길 15-4 1층 (소계동),055-251-8119
7096,경남,창원시,공사업,전문,(유)중앙소방이엔지,이재빈,51523,"경상남도 창원시 성산구 중앙대로 37 926호 (중앙동, 경남오피스텔)",055-264-7119
7097,경남,창원시,공사업,전문,한진전기공업(주),이덕규,51348,경상남도 창원시 마산회원구 봉암북14길 2 (봉암동) 201호,055-297-9800
7098,경남,창원시,공사업,전문,(합자)경동기업,정기식,51522,"경상남도 창원시 성산구 용지로 70 709호 (중앙동, 성원그랜드오피스텔)",055-237-4337
7099,경남,창원시,공사업,"일반(전기),일반(기계)",(주)대원소방,김미옥,51377,경상남도 창원시 의창구 팔용로403번길 17 (팔용동) .,055-266-5106
7100,경남,창원시,공사업,전문,경창소방이엔지(주),배진영,51495,"경상남도 창원시 성산구 마디미로3번길 2 603호 (상남동, 대웅빌딩)",055-266-8119
7101,경남,창원시,공사업,전문,경남이앤씨,정보련,51167,경상남도 창원시 의창구 태복산로27번길 27 1층(도계동),055-265-1912
7102,경남,창원시,공사업,전문,동방전기(주),김현창,51385,경상남도 창원시 의창구 원이대로210번길 36 (명서동),055-273-0612
7103,경남,창원시,공사업,전문,(주)덕성이앤티,김의겸,51442,경상남도 창원시 성산구 상남로192번길 41-7 (신월동) .,055-263-8213
7104,경남,창원시,공사업,전문,대명전력(주),박진선,51523,경상남도 창원시 성산구 중앙대로 37 620호 (경남오피스텔),055-263-9868
7105,경남,창원시,공사업,전문,(주)성은전설,김지영,51366,경상남도 창원시 마산회원구 양덕로 111 (양덕동),055-255-9256
7106,경남,창원시,공사업,전문,(주)하이원,김두임,51313,경상남도 창원시 마산회원구 삼호로 263  (회성동) 3층,055-253-3119
7107,경남,창원시,공사업,전문,중앙방재(주),김종범,51524,경상남도 창원시 성산구 용지로21번길 12-1 (중앙동),055-261-9100
7108,경남,창원시,공사업,전문,(주)서일,조미영,51402,경상남도 창원시 의창구 차상로62번길 11-13 105호(팔용동),055-277-0402
7109,경남,창원시,공사업,전문,주식회사 진명전력,오병임,51455,경상남도 창원시 성산구 비음로55번길 6-3 (사파동),055-256-1103
7110,경남,창원시,공사업,전문,(주)신진기전사,박동진,51142,경상남도 창원시 의창구 사림로109번길 9 (사림동),070-7593-5430
7111,경남,창원시,공사업,전문,주식회사 한국전기소방,신명수,51216,경상남도 창원시 마산회원구 내서읍 함마대로 2681 2층,055-232-6119
7112,경남,창원시,공사업,전문,대호소방이엔지,박영환,51723,"경상남도 창원시 마산합포구 합포동5길 22 , 4동 2층 421호",055-223-8119
7113,경남,창원시,공사업,전문,(주)지승엔지니어링,남성택,51481,경상남도 창원시 성산구 가음로 67 (남양동) 1층,055-282-3119
7114,경남,창원시,공사업,전문,(주)신우소방,황춘기,51377,경상남도 창원시 의창구 사화로 20 (팔용동) .,055-232-2403
7115,경남,창원시,공사업,전문,주식회사 태은설비,김효윤,51157,경상남도 창원시 의창구 대봉로26번길 4-5 (봉림동) 501호,055-297-9166
7116,경남,창원시,공사업,전문,(주)대웅엔지니어링,"정금준,전영배",51307,"경상남도 창원시 마산회원구 회성북9길 58 (회성동) 1층,2층",055-601-0443
7117,경남,창원시,공사업,전문,용성전기이엔지(주),정왕기,51350,경상남도 창원시 마산회원구 구암남12길 49 (구암동) 1층,070-4231-0119
7118,경남,창원시,공사업,전문,경원산업,박성관,51382,경상남도 창원시 의창구 중동중앙로 47 (중동) 타워동 1316호,055-273-3077
7119,경남,창원시,공사업,전문,현동설비(주),박판흠,642-916,"경상남도 창원시 성산구 중앙대로 37 , 515호(중앙동, 경남오피스텔)",055-265-2218
7120,경남,창원시,공사업,전문,(주)드림소방이엔지,박재현,51168,경상남도 창원시 의창구 태복산로31번길 11-1 (도계동),055-238-6119
7121,경남,창원시,공사업,전문,주식회사 경민테크,정인오,51360,경상남도 창원시 마산회원구 양덕동16길 22 (양덕동) 상가동 201호,055-297-5399
7122,경남,창원시,공사업,전문,(주)KHPT,김진태,51430,"경상남도 창원시 성산구 중앙대로 263 , 309호(용호동)",055-711-2200
7123,경남,창원시,공사업,전문,(주)동남이엔씨,최창덕,51402,경상남도 창원시 의창구 차상로106번길 17-7 (팔용동),055-285-5000
7124,경남,창원시,공사업,전문,(주)자유이엔지,김정좌,51166,"경상남도 창원시 의창구 원이대로69번길 3 (도계동, 대창빌라) 가동 101호",055-277-6579
7125,경남,창원시,공사업,전문,주식회사태우,구자학,51264,경상남도 창원시 마산합포구 완월동15길 37 (장군동4가) .,055-293-6783
7126,경남,창원시,공사업,전문,중앙건설(주),"손명섭,임상후",51713,경상남도 창원시 마산합포구 해안대로 404 (오동동),055-243-3390
7127,경남,창원시,공사업,전문,엠에스소방(주),하춘호,51281,경상남도 창원시 마산합포구 교방남1길 6 (교방동),055-245-2537
7128,경남,창원시,공사업,전문,정우개발(주),조철현,51430,경상남도 창원시 성산구 중앙대로 225 (용호동),055-262-8516
7129,경남,창원시,공사업,전문,주식회사 천고방재,김기득,51372,"경상남도 창원시 의창구 반계로 104-8 , 113동 601호(팔용동, 벽산블루밍아파트비단지)",055-253-9276
7130,경남,창원시,공사업,전문,(주)한영소방엔지니어링,노근호,51764,경상남도 창원시 마산합포구 문화남4길 46 (대외동),055-222-5028
7131,경남,창원시,공사업,전문,제일방재산업 주식회사,정미라,51722,"경상남도 창원시 마산합포구 오동동14길 29 (오동동, 기산상가아파트) 221호",055-247-2119
7132,경남,창원시,공사업,전문,조아텍 주식회사,박신이,51132,경상남도 창원시 의창구 동읍 용잠로 19 (동읍 다숲 아파트) 102동 203호,055-255-3122
7133,경남,창원시,공사업,전문,주식회사 호연,김효섭,51212,경상남도 창원시 마산회원구 내서읍 호계본동3길 38 .,055-606-7713
7134,경남,창원시,공사업,전문,라인산업설비 주식회사,박진기,51143,경상남도 창원시 의창구 사림로 51 (사림동) 201호,055-544-7661
7135,경남,창원시,공사업,전문,한종산업개발 주식회사,이재완,51778,경상남도 창원시 마산합포구 현동로 50 (현동) 204호,055-267-9991
7136,경남,창원시,공사업,전문,주식회사 정우이엔지,임춘옥,51395,경상남도 창원시 의창구 소계로 12 (팔용동) 스카이동 602호,055-602-5880
7137,경남,창원시,공사업,전문,삼화전력(주),안혁찬,51176,경상남도 창원시 의창구 원이대로 277 (봉곡동) 601호,055-265-0847
7138,경남,창원시,공사업,전문,우경테크(주),김일곤,51167,"경상남도 창원시 의창구 도계로 102 210호(도계동, 대남상가아파트)",055-277-1199
7139,경남,창원시,공사업,전문,주식회사 경민이엔지,이현상,51368,"경상남도 창원시 의창구 남산로17번길 50 , 2층(팔용동)",055-264-2301
7140,경남,창원시,공사업,전문,더블루종합설비 주식회사,염정열,51611,"경상남도 창원시 진해구 신항4로 49 , 201호(신항센텀빌딩)",055-324-3051
7141,경남,창원시,공사업,전문,(유)아남설비사,"권홍훈,권용주",51118,경상남도 창원시 의창구 동읍 동읍로224번길 12-8 .,055-288-9791
7142,경남,창원시,공사업,전문,소방더위 주식회사,이영화,51168,경상남도 창원시 의창구 태복산로11번길 14 (도계동),055-273-7119
7143,경남,창원시,공사업,전문,주식회사 태광산업개발,김중길,51128,경상남도 창원시 의창구 동읍 동읍로 119-1 .,055-264-6981
7144,경남,창원시,공사업,일반(전기),(주)엠케이전력,김만능,51649,경상남도 창원시 진해구 동진로 136-20 (덕산동) 1층,055-546-1259
7145,경남,창원시,공사업,전문,해동소방 주식회사,안치성,51169,경상남도 창원시 의창구 명지로14번길 12 (명서동),055-288-9119
7146,경남,창원시,공사업,전문,(주)정수이엔티,김이봉,51739,"경상남도 창원시 마산합포구 3·15대로 108 , 410호(중앙동1가)",
7147,경남,창원시,공사업,전문,(주)영진설비,박혁순,51523,"경상남도 창원시 성산구 중앙대로 37 923호 (중앙동, 경남오피스텔)",055-282-6655
7148,경남,창원시,공사업,전문,주식회사 대건엔지니어링,노재호,51133,경상남도 창원시 의창구 동읍 의창대로 449-1 .,055-277-0119
7149,경남,창원시,공사업,전문,서진산업 주식회사,윤해덕,51436,경상남도 창원시 성산구 용지로169번길 13 (용호동),055-284-7568
7150,경남,창원시,공사업,전문,주식회사 금화산업,이경효,51679,경상남도 창원시 진해구 중원로74번길 11-1 (대흥동) .,055-545-8805
7151,경남,창원시,공사업,전문,(주)태성소방,황대영,51190,경상남도 창원시 의창구 동정길 53-21 (동정동),055-253-6713
7152,경남,창원시,공사업,전문,주식회사 마루테크,강광희,51291,경상남도 창원시 마산회원구 회원북7길 37 (회원동) .,055-248-9826
7153,경남,창원시,공사업,전문,주식회사 명보종합건설,김진명,51166,경상남도 창원시 의창구 원이대로55번길 12-9 (도계동) 2층,055-276-6900
7154,경남,창원시,공사업,전문,주식회사 조양소방설비,조지만,51240,"경상남도 창원시 마산회원구 내서읍 광려로 24 , 401호(삼계이미지프라자)",055-232-3708
7155,경남,창원시,공사업,전문,주식회사 와이이에스,백명호,51573,경상남도 창원시 성산구 완암로 50 (성산동) 넥스동 307호,055-282-0411
7156,경남,창원시,공사업,전문,주식회사 자유전기공사,신상희,51722,경상남도 창원시 마산합포구 오동동10길 56 (오동동) 507호,055-248-1222
7157,경남,창원시,공사업,전문,(주)명보산업개발,김종하,51166,경상남도 창원시 의창구 원이대로55번길 12-9 (도계동) 1층,055-276-6902
7158,경남,창원시,공사업,전문,(주)이경소방,설양우,51145,경상남도 창원시 의창구 봉곡로97번길 39-1 지하1층(봉곡동),055-238-4119
7159,경남,창원시,공사업,전문,주식회사 신흥소방설비,이치열,51136,"경상남도 창원시 의창구 동읍 용정길46번길 36 , 제1층 제에이-101호",055-713-8119
7160,경남,창원시,공사업,전문,주식회사 태영이엔지,김경희,51168,경상남도 창원시 의창구 태복산로23번길 6-1 (도계동),055-276-2215
7161,경남,창원시,공사업,전문,성진이엔지,김정숙,51524,경상남도 창원시 성산구 용지로21번길 40-14 (중앙동),055-609-0018
7162,경남,창원시,공사업,전문,한영전기(주),한영근,51273,"경상남도 창원시 마산합포구 상남시장로 12 , 301호(상남동)",055-244-0632
7163,경남,창원시,공사업,전문,하나방재이엔지,허상기,51167,"경상남도 창원시 의창구 원이대로103번길 21 , 2층(도계동)",055-276-0119
7164,경남,창원시,공사업,전문,주식회사 현성기술,천현유,51454,경상남도 창원시 성산구 비음로24번길 36 (사파동),055-262-3701
7165,경남,창원시,공사업,전문,일진종합건설(주),강규철,51430,"경상남도 창원시 성산구 중앙대로 263 , 303호(용호동, 오피스프라자)",055-287-9477
7166,경남,창원시,공사업,전문,(주)삼보엔지니어링,박용화,51522,"경상남도 창원시 성산구 중앙대로 49 , 927호(중앙동, 서광오피스텔)",055-603-3669
7167,경남,창원시,공사업,전문,용성소방,황진두,51164,"경상남도 창원시 의창구 도계로 11 , 2층(도계동)",055-238-9111
7168,경남,창원시,공사업,전문,주식회사 우리소방,"이민섭,이주성",51139,"경상남도 창원시 의창구 용동로 45 , 디동 309호(사림동, 현대썬앤빌더스퀘어)",055-602-0115
7169,경남,창원시,공사업,일반(전기),(주)신한이앤씨,김태한,51655,경상남도 창원시 진해구 이동로40번길 15 (이동),055-541-4404
7170,경남,창원시,공사업,일반(전기),주식회사 일렉코어,조판제,51715,"경상남도 창원시 마산합포구 제2부두로 17 , 301동 110호(신포동1가, 마산만아이파크)",055-243-7771
7171,경남,창원시,공사업,전문,(주)대명이엔지,최현석,51368,"경상남도 창원시 의창구 남산로17번길 50 , 1층(팔용동)",055-298-1005
7172,경남,창원시,공사업,전문,금아이엔지(주),이현열,51360,"경상남도 창원시 마산회원구 양덕천길 136 , 2층 202호(양덕동)",055-291-1122
7173,경남,창원시,공사업,전문,(유)하나소방,문병수,51168,경상남도 창원시 의창구 원이대로121번길 29 (도계동),055-252-2533
7174,경남,창원시,공사업,전문,주식회사 한국전기 이엔지,허헌영,51713,경상남도 창원시 마산합포구 수산1길 144 (남성동) 남성수산센터 3층,055-241-7100
7175,경남,창원시,공사업,전문,주식회사 대웅이엔지,강종주,51307,"경상남도 창원시 마산회원구 회성북9길 58 1층, 2층(회성동)",055-602-0443
7176,경남,창원시,공사업,전문,(주)조은소방기술단,임채운,51695,"경상남도 창원시 진해구 여좌로 110-2 , 201호(여좌동, 수진빌라)",055-267-1190
7177,경남,창원시,공사업,전문,주식회사 세운소방전기,김혜자,51195,"경상남도 창원시 의창구 의안로27번길 2 (중동, 에이스빌라) 204호",055-298-9575
7178,경남,창원시,공사업,전문,동영소방 주식회사,김광우,51378,경상남도 창원시 의창구 사화로56번길 32 (팔용동) .,055-299-1757
7179,경남,창원시,공사업,전문,주식회사 지안이엔지,남정섭,51522,"경상남도 창원시 성산구 중앙대로 49 , 904호(중앙동, 서광오피스텔)",055-267-8857
7180,경남,창원시,공사업,전문,(주)일구소방,정원구,51671,경상남도 창원시 진해구 진해대로 690-1 (경화동) 1층,055-275-5519
7181,경남,창원시,공사업,전문,주식회사 세현설비,차경희,51401,경상남도 창원시 의창구 차상로150번길 53 203호(팔용동),055-264-5315
7182,경남,창원시,공사업,전문,(주)마루소방,강태욱,51266,경상남도 창원시 마산합포구 중앙남6길 8 1층(장군동2가),055-223-1119
7183,경남,창원시,공사업,전문,주식회사 늘푸른소방,이윤채,51727,경상남도 창원시 마산합포구 교방천남길 360 3층(오동동),055-243-9750
7184,경남,창원시,공사업,전문,주식회사 이제이소방,류대현,51163,경상남도 창원시 의창구 하남천서길9번길 18-1 (도계동),055-277-7419
7185,경남,창원시,공사업,전문,정훈소방 주식회사,김성연,51742,"경상남도 창원시 마산합포구 월영동16길 8 , 306호(해운동, 팔레스상가)",055-248-0119
7186,경남,창원시,공사업,전문,주식회사 두인엠이씨,최용석,51339,"경상남도 창원시 마산회원구 봉암공단10길 19 , 2층(봉암동)",055-283-0021
7187,경남,창원시,공사업,전문,안전소방,김경민,51367,"경상남도 창원시 의창구 남산로1번길 52 , 501호(팔용동)",055-253-1190
7188,경남,창원시,공사업,전문,주식회사 렉터슨,김동률,51756,경상남도 창원시 마산합포구 가포신항남로 12-1 (가포동),055-231-3333
7189,경남,통영시,공사업,전문,대우소방공사,서청수,53049,경상남도 통영시 통영해안로 441 (정량동 270-5),055-645-2510
7190,경남,통영시,공사업,전문,창영건설(주),임재헌,53064,"경상남도 통영시 한실1길 21  (인평동, 일성한우리아파트1차) ",055-646-4817
7191,경남,통영시,공사업,전문,(주)드림소방,이상철,53028,경상남도 통영시 용남면 남해안대로 427 .,055-643-3314
7192,경남,통영시,공사업,전문,(주)오성소방엔지니어링,김광환,53025,경상남도 통영시 용남면 삼화양촌길 47 .,055-641-8484
7193,경남,통영시,공사업,전문,주식회사 수도전기소방,박문호,53021,경상남도 통영시 광도면 용호로 12-92 .,055-644-6222
7194,경남,통영시,공사업,전문,창명소방공사,김창호,53018,경상남도 통영시 광도면 죽림2로 14-83 .,055-642-4003
7195,경남,통영시,공사업,전문,주식회사 대우소방,서호권,53049,경상남도 통영시 통영해안로 439 (정량동) .,055-647-0119
7196,경남,통영시,공사업,전문,주식회사 부일전력,이희진,53012,경상남도 통영시 광도면 전두1길 9-56 .,055-643-7689
7197,경남,통영시,공사업,전문,주식회사 태일전기,정종태,53056,경상남도 통영시 평인일주로 868 (평림동),055-645-0004
7198,경남,통영시,공사업,전문,주식회사 태양전력,김연주,53001,경상남도 통영시 도산면 남해안대로 1429-1 .,055-759-4867
7199,경남,하동군,공사업,전문,세경전설 주식회사,문영숙,52333,"경상남도 하동군 하동읍 군청로 89 , 1층 1호",055-759-7859
7200,경남,하동군,공사업,전문,주식회사 성민전력,이영덕,52333,"경상남도 하동군 적량면 공설운동장로 183-22 ,2호",055-759-7859
7201,경남,하동군,공사업,전문,주식회사 지은이엔지,한경희,52333,경상남도 하동군 적량면 공설운동장로 183-22 2호,055-759-7859
7202,경남,하동군,공사업,전문,주식회사 성민전기통신소방,김대경,52333,"경상남도 하동군 하동읍 군청로 89 , 3층 2호",055-759-7859
7203,경남,하동군,공사업,전문,주식회사 대웅전기,남행순,52350,경상남도 하동군 금남면 섬진강대로 664 2층 201호 1호실,055-743-9219
7204,경남,함안군,공사업,전문,현대전기(주),나희욱,52014,경상남도 함안군 칠서면 청계3길 7-10 .,055-586-0400
7205,경남,함안군,공사업,전문,대진전력(주),최미숙,52014,경상남도 함안군 칠서면 청계3길 7-10 .,055-586-0400
7206,경남,함안군,공사업,전문,(주)경동소방,윤성철,52041,경상남도 함안군 가야읍 함안대로 598 (),055-585-0010
7207,경남,함안군,공사업,전문,한영엔지니어링,한영근,52020,경상남도 함안군 칠원읍 부곡2길 56 .,055-244-0632
7208,경남,함안군,공사업,전문,주식회사 제일전기,"김주옥,윤태경",52015,경상남도 함안군 칠서면 삼칠로 247 .,055-586-2407
7209,경남,함안군,공사업,전문,정인건설(주),박태훈,52035,경상남도 함안군 가야읍 선왕길 305-3 .,055-583-7700
7210,경남,함안군,공사업,전문,아세아전기 주식회사,문성필,52032,경상남도 함안군 산인면 모곡5길 165-2 .,055-584-3606
7211,경남,함양군,공사업,전문,한빛전기소방공사(주),맹중철,50042,경상남도 함양군 동위천2길 29 (함양읍),055-964-1258
7212,경남,함양군,공사업,전문,(주)금양엔지니어링,김만수,50043,경상남도 함양군 함양읍 서위천길 15 (),055-964-0455
7213,경남,함양군,공사업,전문,(주)영광엔지니어링,강정화,50035,"경상남도 함양군 함양읍 필봉산길 50 , 2층",055-964-1194
7214,경남,함양군,공사업,전문,대보전력(주),노칠석,50024,경상남도 함양군 함양읍 함양로 1399-94 .,055-277-7532
7215,경남,함양군,공사업,전문,(주)한남전기공사,최해선,50032,경상남도 함양군 함양읍 함양로 1268 (),055-963-8088
7216,경남,합천군,공사업,전문,(주)국제소방,전철호,50231,경상남도 합천군 동서로 131 (합천읍),055-934-1119
7217,경남,합천군,공사업,전문,대림전설 주식회사,전동천,50227,경상남도 합천군 합천읍 대야로 1204 .,055-759-6329
7218,경남,합천군,공사업,전문,(주)황강전력공사,전남숙,50239,경상남도 합천군 대양면 대야로 572-7 .,055-931-5454
7219,경남,합천군,공사업,전문,주식회사 대경전기,전리라,50227,경상남도 합천군 합천읍 대야로 1204 .,055-759-6329
7220,경남,합천군,공사업,전문,(주)기공전설,이유미,50224,경상남도 합천군 삼가면 삼가로 14 .,055-532-4993
7221,경남,합천군,공사업,전문,바다소방,김동옥,50233,"경상남도 합천군 합천읍 동서로 69-16 , 1층",
7222,경남,합천군,공사업,전문,주성전력 주식회사,이은경,50234,경상남도 합천군 합천읍 장수로 60 .,055-931-8558
7223,제주,서귀포시,공사업,전문,제일방재,김창수,63584,제주특별자치도 서귀포시 중앙로153번길 4  (서홍동) ,064-763-1119
7224,제주,서귀포시,공사업,전문,(주)그린소방,김재연,63541,제주특별자치도 서귀포시 구산봉로 5 (하원동),064-767-7119
7225,제주,서귀포시,공사업,전문,주식회사 광동전력,오창진,63575,제주특별자치도 서귀포시 호근북로 97-1(호근동),064-732-0505
7226,제주,서귀포시,공사업,전문,(주)세경,서창덕,63609,"제주특별자치도 서귀포시 남원읍 중산간동로 6965 , 2층",064-733-4340
7227,제주,서귀포시,공사업,전문,주식회사 일신전기,오도일,63579,제주특별자치도 서귀포시 중산간동로7894번길 9  (동홍동),064-732-0235
7228,제주,서귀포시,공사업,전문,류전력소방,박희경,63609,제주특별자치도 서귀포시 남원읍 위미대성로 65 (),064-764-6445
7229,제주,서귀포시,공사업,전문,(주)태영전력,이서영,63581,제주특별자치도 서귀포시 토평공단로127번길 47  (토평동),064-763-3092
7230,제주,서귀포시,공사업,전문,(주)현우전력,김상균,63546,"제주특별자치도 서귀포시 중문상로 10 , 104호(중문동, 삼성홈스테이)",064-745-5555
7231,제주,서귀포시,공사업,전문,주식회사 우림소방,오명순,63605,제주특별자치도 서귀포시 효돈순환로 83 (신효동),064-733-6119
7232,제주,서귀포시,공사업,전문,주식회사 부성엔지니어링,김천근,63587,"제주특별자치도 서귀포시 동홍중앙로90번길 24-5 , 비동 302호(동홍동, 금성4차하이츠빌라)",064-763-0251
7233,제주,서귀포시,공사업,일반(전기),하나방재,김창현,63604,"제주특별자치도 서귀포시 토평남로48번길 18 ,  2층(토평동)",064-767-6119
7234,제주,서귀포시,공사업,전문,흥일전력 주식회사,이철훈,63557,제주특별자치도 서귀포시 중산간서로 425 (도순동),064-739-0386
7235,제주,서귀포시,공사업,전문,주식회사 해성전력,"고태복,원종민",63586,제주특별자치도 서귀포시 중산간동로 7917 (동홍동),064-733-1631
7236,제주,서귀포시,공사업,전문,주식회사 번영소방,유상인,63597,제주특별자치도 서귀포시 칠십리로 199 (동홍동),064-767-1125
7237,제주,서귀포시,공사업,전문,주식회사 혜성이엔씨,김은정,63630,제주특별자치도 서귀포시 성산읍 수산서남로51번길 101 .,064-783-1999
7238,제주,제주시,공사업,전문,원남기업(주),오영수,63261,제주특별자치도 제주시 태성로3길 4  (일도이동),064-755-3351
7239,제주,제주시,공사업,전문,동원설비(주),현동수,63206,제주특별자치도 제주시 고산동산서길 11-1  (이도이동),064-726-2141
7240,제주,제주시,공사업,전문,(주)오성소방,박종길,63118,"제주특별자치도 제주시 신광로1길 10 , 304호",064-747-1194
7241,제주,제주시,공사업,전문,(주)상호소방,김호신,63275,"제주특별자치도 제주시 고마로 110 101동 403호(일도이동, 영도제나빌)",064-752-4222
7242,제주,제주시,공사업,전문,(주)우진방재,변종옥,63253,"제주특별자치도 제주시 고마로13길 14  B02호(일도이동, 태홍누리안아파트1차) ",064-759-7119
7243,제주,제주시,공사업,전문,(주)영주소방,고일남,63217,제주특별자치도 제주시 청귤로5길 7  (이도이동),064-724-3119
7244,제주,제주시,공사업,전문,(주)혁성이엔지,김정숙,63221,제주특별자치도 제주시 독짓골6길 14  가동 101호,064-759-1155
7245,제주,제주시,공사업,전문,가나소방(주),김승자,63185,제주특별자치도 제주시 삼오길 14  (삼도일동) ,064-721-3480
7246,제주,제주시,공사업,전문,(주)성지기업,김성익,63060,제주특별자치도 제주시 애월읍 하광로 258 .,064-746-2779
7247,제주,제주시,공사업,전문,일진기업(주),박정순,63102,제주특별자치도 제주시 정존7길 19  (노형동),064-743-8380
7248,제주,제주시,공사업,전문,청암기업(주),강종규,63099,"제주특별자치도 제주시 노형로 397 , 2층(노형동)",064-753-5111
7249,제주,제주시,공사업,전문,성지건설개발(주),백찬효,63237,제주특별자치도 제주시 아란7길 3-3 (아라일동),064-702-6011
7250,제주,제주시,공사업,전문,(주)오라,양인종,63145,제주특별자치도 제주시 사평4길 19  106호,064-745-7704
7251,제주,제주시,공사업,전문,(주)미래일렉스,"김만철,한예진",63126,"제주특별자치도 제주시 일주서로 7898 2층(연동,갤럭시연동빌)",064-746-6696
7252,제주,제주시,공사업,전문,(주)진솔기업,김현준,63248,"제주특별자치도 제주시 인다13길 16 , 1층(아라일동)",064-702-1193
7253,제주,제주시,공사업,전문,(주)태종전력,정현주,63093,제주특별자치도 제주시 월산남길 100 (노형동),064-742-0734
7254,제주,제주시,공사업,전문,삼다이엔지(주),고문섭,63235,제주특별자치도 제주시 오등13길 33 (도남동),064-748-6468
7255,제주,제주시,공사업,전문,(주)조영,양금선,63145,제주특별자치도 제주시 연사2길 32 (오라이동),064-712-5647
7256,제주,제주시,공사업,전문,(주)규일,현문철,63109,제주특별자치도 제주시 오도길 4-6 (이호이동),064-749-0048
7257,제주,제주시,공사업,전문,(주)세기,고문주,63228,제주특별자치도 제주시 황새왓길 14-1  2층,064-758-3111
7258,제주,제주시,공사업,전문,(주)세명방재,고영준,63145,제주특별자치도 제주시 연사길 88 (오라이동),064-746-9393
7259,제주,제주시,공사업,전문,(주)대경엔지니어링,허경자,63309,"제주특별자치도 제주시 첨단로 322 (영평동, 디케이비지니스센터)",064-717-8900
7260,제주,제주시,공사업,전문,(주)새한소방,부태성,63126,제주특별자치도 제주시 도령로 111  304호,064-751-5119
7261,제주,제주시,공사업,전문,(주)윤엔지니어링,김민철,63147,제주특별자치도 제주시 정실동길 27 (오라이동),064-755-1864
7262,제주,제주시,공사업,전문,(주)인터불고건설,박주석,63126,"제주특별자치도 제주시 도령로13길 6 , 201호(연동, 정광쉐르빌)",064-803-8031
7263,제주,제주시,공사업,전문,(주)용성소방,고경실,63146,제주특별자치도 제주시 연사길 2  (오라이동) ,064-753-9119
7264,제주,제주시,공사업,전문,(주)혜성,유계호,63145,제주특별자치도 제주시 연미길 80  (오라삼동),064-748-7422
7265,제주,제주시,공사업,전문,정인소방(주),정철,63326,제주특별자치도 제주시 매촌2길 20 (도련이동),064-723-9119
7266,제주,제주시,공사업,전문,신원피엔지(주),고영수,63325,제주특별자치도 제주시 도련3길 43-20 (도련일동),064-721-7853
7267,제주,제주시,공사업,전문,(주)안전소방,강금실,63213,제주특별자치도 제주시 광양9길 32-5 (이도이동),064-725-6900
7268,제주,제주시,공사업,전문,주식회사 예맥,진동철,63071,제주특별자치도 제주시 통물길 105 (외도일동),064-742-7348
7269,제주,제주시,공사업,전문,주식회사 유영,송원관,63329,"제주특별자치도 제주시 서회천길 61 ,2층 (회천동)",064-725-0487
7270,제주,제주시,공사업,전문,주한소방(주),오승진,63147,"제주특별자치도 제주시 정실1길 6-19 , 1층(오라이동)",064-749-0725
7271,제주,제주시,공사업,전문,(주)탐라소방공사,심종률,63126,제주특별자치도 제주시 도령로 123  2층 204호,064-722-8119
7272,제주,제주시,공사업,전문,(주)정석소방,허성오,63193,"제주특별자치도 제주시 고전길 28-3 ,2층(이도일동)",064-712-6295
7273,제주,제주시,공사업,전문,우진전기공사,고문순,63176,"제주특별자치도 제주시 서광로11길 32 , 2층 202호 (삼도일동)",064-724-0404
7274,제주,제주시,공사업,전문,주현기업(주),박동순,63182,제주특별자치도 제주시 홍랑길 4-2  203호,064-721-7119
7275,제주,제주시,공사업,전문,태성전설(주),윤영석,63236,제주특별자치도 제주시 구산로 70-1  (아라일동),064-726-2601
7276,제주,제주시,공사업,전문,(주)성우이앤씨,장태범,63297,제주특별자치도 제주시 선반로4길 19 (화북일동),064-753-3434
7277,제주,제주시,공사업,전문,태영엔지니어링(주),강연희,63236,제주특별자치도 제주시 구산로 70-1  (아라일동),064-726-2603
7278,제주,제주시,공사업,전문,효성소방공사,강춘범,63175,제주특별자치도 제주시 한천로 60  (용담일동) ,064-724-1457
7279,제주,제주시,공사업,전문,조은이앤씨 주식회사,박회정,63234,"제주특별자치도 제주시 원남2길 40 , 1층(도남동)",064-751-6119
7280,제주,제주시,공사업,전문,주식회사 맹보방재,현석희,63092,제주특별자치도 제주시 고사마루길 77  (노형동),064-742-1292
7281,제주,제주시,공사업,전문,(주)인성,백성철,63145,제주특별자치도 제주시 연미3길 22-1  (오라이동) ,064-745-0482
7282,제주,제주시,공사업,전문,회성종합건설(주),황금신,63234,제주특별자치도 제주시 원남6길 6  1001호,064-745-0311
7283,제주,제주시,공사업,전문,한결소방(주),양홍용,63145,제주특별자치도 제주시 연사2길 16-4  (오라이동),064-751-9119
7284,제주,제주시,공사업,전문,주식회사 도암엔지니어링,오관준,63190,"제주특별자치도 제주시 서사로 175 , 3층(오라일동)",064-753-3426
7285,제주,제주시,공사업,전문,경도전력(주),강한섭,63203,제주특별자치도 제주시 도남로10길 35-8  (도남동),064-759-3311
7286,제주,제주시,공사업,전문,광덕전력(주),고윤석,63110,제주특별자치도 제주시 오광로6길 48 (이호이동),064-712-9800
7287,제주,제주시,공사업,전문,동녘전기,김상욱,63076,제주특별자치도 제주시 월산북길 15 (도평동),064-742-2627
7288,제주,제주시,공사업,전문,유나전력 주식회사,현영자,63107,제주특별자치도 제주시 광평서길 33 (노형동),064-711-8020
7289,제주,제주시,공사업,전문,주식회사 서린전기소방,"전효정,강명규",63147,제주특별자치도 제주시 정실4길 12 (오라이동),064-747-1389
7290,제주,제주시,공사업,전문,(유)탑종합방재,방찬석,63257,"제주특별자치도 제주시 연수로 40 , 지하층 7호(일도이동, 혜성대유아파트 상가동 지하층 7호)",064-723-1019
7291,제주,제주시,공사업,전문,유림이엔지 주식회사,고인협,63191,제주특별자치도 제주시 오라로 136 (오라일동),064-755-7686
7292,제주,제주시,공사업,전문,주식회사 유천,김철진,63237,제주특별자치도 제주시 아란1길 51 201호(아라일동，유림아이앤씨),064-743-0913
7293,제주,제주시,공사업,전문,주식회사 신명,김정림,63171,"제주특별자치도 제주시 서사로7길 1 , 아이린아파트 2층 27호(삼도이동)",064-726-0409
7294,제주,제주시,공사업,전문,라온건설 주식회사,손효영,63005,"제주특별자치도 제주시 한경면 용금로 998 , 비동 1층",064-772-1205
7295,제주,제주시,공사업,전문,(유)오양,신진호,63062,제주특별자치도 제주시 광령평화3길 16 .,064-748-5003
7296,제주,제주시,공사업,전문,(주)우리기업,한은성,63305,제주특별자치도 제주시 연신로 117 (이도이동),064-753-3367
7297,제주,제주시,공사업,전문,(주)지웅소방,정승필,63098,"제주특별자치도 제주시 다랑곶4길 4 , 501호(노형동, 인성빌딩)",064-749-5119
7298,제주,제주시,공사업,전문,(주)삼다소방,임상준,63069,"제주특별자치도 제주시 우령8길 27 C동 102호(외도일동, 효성빌라)",064-746-1159
7299,제주,제주시,공사업,전문,(주)우정소방,양혁준,63126,"제주특별자치도 제주시 도령로 127-15 101호(연동, 휴레스트)",064-743-4723
7300,제주,제주시,공사업,전문,동방산전(주),양방규,63231,제주특별자치도 제주시 중앙로 359  6층 601호(이도이동) ,064-723-1253
7301,제주,제주시,공사업,전문,주식회사 대림전설,진금자,63219,제주특별자치도 제주시 청사로 85 513호(도남동),064-756-8075
7302,제주,제주시,공사업,전문,주식회사 제이에스방재,박오숙,63304,"제주특별자치도 제주시 거로남2길 31 (화북이동, 3325-4)",064-751-1195
7303,제주,제주시,공사업,전문,주식회사 왕성소방,임영배,63200,제주특별자치도 제주시 신성로 85 (도남동) 지층,064-721-7764
7304,제주,제주시,공사업,전문,주식회사 우리이앤씨,김진영,63150,"제주특별자치도 제주시 서해안로 620-12 , 2층(용담삼동)",064-746-0008
7305,제주,제주시,공사업,전문,주식회사 세움엔지니어링,김상기,63075,제주특별자치도 제주시 신산마을길 125 (도평동),064-757-0474
7306,제주,제주시,공사업,전문,주식회사 성원이앤씨,양성국,63075,"제주특별자치도 제주시 대통길 116 , 103호(도평동)",064-713-8804
7307,제주,제주시,공사업,전문,제주방재 주식회사,현승훈,63193,"제주특별자치도 제주시 중앙로 109-1 , 2층 202호(이도일동, 장원아이비아파트)",064-723-3119
7308,제주,제주시,공사업,전문,주식회사 동은전력,김은희,63249,제주특별자치도 제주시 열녀길 56 (아라일동),064-743-4767
7309,제주,제주시,공사업,전문,주식회사 한양안전,강신,63159,제주특별자치도 제주시 용문로 121 (용담이동),064-744-0244
7310,제주,제주시,공사업,일반(전기),주식회사 한라소방,서광열,63172,"제주특별자치도 제주시 충효4길 22 , 1층(삼도일동)",064-721-1193
7311,제주,제주시,공사업,전문,남도기업 주식회사,양영우,63145,제주특별자치도 제주시 연미2길 18 (오라삼동) 1층,064-724-0435
7312,제주,제주시,공사업,전문,주식회사 형원,김성철,63306,제주특별자치도 제주시 번영로 168-4 (화북이동) 2층.,064-723-2747
7313,제주,제주시,공사업,전문,아람테크 주식회사,이기영,63067,제주특별자치도 제주시 애월읍 유수암동3길 29 .,064-747-1947
7314,제주,제주시,공사업,전문,주식회사 아이앤,김동언,63102,"제주특별자치도 제주시 정존9길 5 ,1층 (노형동)",064-747-5597
7315,제주,제주시,공사업,전문,(주)우리방재,이춘호,63091,제주특별자치도 제주시 과원로 22  3층(노형동),064-745-3119
7316,제주,제주시,공사업,전문,평화소방 주식회사,양행돈,63240,"제주특별자치도 제주시 오등4길 1 , 3층 301호(오등동)",064-727-7119
7317,제주,제주시,공사업,전문,대영기업 주식회사,김영택,63248,"제주특별자치도 제주시 인다4길 4 , 1층(아라일동)",064-727-0466
7318,제주,제주시,공사업,전문,주식회사 고산,고영민,63145,"제주특별자치도 제주시 사평2길 26 , 101호(오라이동)",064-721-0905
7319,제주,제주시,공사업,전문,(주)태현전기,진현미,63308,제주특별자치도 제주시 사송길 162 (영평동),064-747-6468
7320,제주,제주시,공사업,전문,주식회사 삼화방재,김지훈,63313,"제주특별자치도 제주시 봉개대동6길 43 , 1층 102호(봉개동)",064-724-1193
7321,제주,제주시,공사업,전문,신아이엔씨 주식회사,전종운,63247,"제주특별자치도 제주시 아봉로 54 , 2층(아라일동)",064-805-8483
7322,제주,제주시,공사업,전문,주식회사 보고소방,정승태,63231,"제주특별자치도 제주시 구남동1길 2 , 403호(이도이동, 태홍오피스텔)",064-727-9119
7323,제주,제주시,공사업,전문,하나기업 주식회사,부석용,63149,제주특별자치도 제주시 오라로1길 38 (오라삼동),064-744-0311
7324,제주,제주시,공사업,전문,(주)금원전력,김성도,63304,"제주특별자치도 제주시 거로남8길 21-21 , 2층 202호(화북이동)",064-725-3476
7325,제주,제주시,공사업,전문,주식회사 성진방재,강봉진,63094,"제주특별자치도 제주시 오광로 131 , 1층(노형동)",064-746-2119
7326,제주,제주시,공사업,전문,주식회사 미래소방,양호철,63293,"제주특별자치도 제주시 동제원길 41 , 1층(화북일동)",064-752-4691
7327,제주,제주시,공사업,일반(전기),주식회사 소방마을,김민철,63145,제주특별자치도 제주시 연미길 45 (오라이동),064-751-7119
7328,제주,제주시,공사업,전문,주식회사 신원전기,김용석,63279,"제주특별자치도 제주시 만덕로3길 19 , 107호(건입동, 우일아파트상가)",064-721-7883
7329,제주,제주시,공사업,전문,주식회사 한성이엔지,고은진,63236,제주특별자치도 제주시 구산로4길 50-1 (아라일동),064-751-0815
7330,제주,제주시,공사업,전문,동성전력 주식회사,장인자,63098,"제주특별자치도 제주시 다랑곶6길 19 , 103호 (노형동, 대성빌라트)",064-758-0377
7331,제주,제주시,공사업,전문,주식회사 양명이엔씨,양선만,63103,"제주특별자치도 제주시 수덕9길 86-6 , 1층(노형동)",064-725-1150
7332,제주,제주시,공사업,전문,경희방재 주식회사,김정근,63148,제주특별자치도 제주시 월구길 16-1 (오라삼동),064-752-0020
7333,제주,제주시,공사업,전문,주식회사 건영전력,우진경,63105,제주특별자치도 제주시 오광로 209 (노형동),064-713-9994
7334,제주,제주시,공사업,전문,한국에너지종합기술 주식회사,부정환,63309,제주특별자치도 제주시 첨단로8길 92 (영평동),064-749-9200
7335,제주,제주시,공사업,전문,주식회사 이룸이엔씨,정원국,63234,"제주특별자치도 제주시 원남6길 52-8 , 휴레스트빌 에이동 비-02호(도남동)",064-759-9929
7336,제주,제주시,공사업,전문,주식회사 천마종합건설,한창립,63064,"제주특별자치도 제주시 애월읍 평화로 2700 , 다동 3층",064-753-9188
7337,제주,제주시,공사업,전문,주식회사 세륭,김달희,63308,제주특별자치도 제주시 아봉로 310 (영평동),064-725-0557
7338,제주,제주시,공사업,전문,주식회사 화성펌프기전,김봉찬,63246,제주특별자치도 제주시 아봉로 17 (아라이동),064-752-5337
7339,제주,제주시,공사업,전문,거윤기업 주식회사,오주영,63234,제주특별자치도 제주시 원남6길 71 (도남동),064-756-0077
7340,제주,제주시,공사업,전문,주식회사 케이방재산업,김달수,63297,"제주특별자치도 제주시 화남로 36 , 지하1층(화북일동)",064-702-4105
7341,제주,제주시,공사업,전문,주식회사 광덕기업,양정순,63110,제주특별자치도 제주시 오광로6길 48 (이호이동),064-712-4137
7342,제주,제주시,공사업,전문,주식회사 세안종합건설,문영숙,63237,"제주특별자치도 제주시 아란서길 71-7 , 1층(아라일동)",064-751-5116
7343,제주,제주시,공사업,전문,주식회사 제이디기업,백민기,63134,"제주특별자치도 제주시 선덕로 14-1 , 3층(연동, 동성빌딩)",064-744-9701
7344,제주,제주시,공사업,전문,주식회사 태일,황영진,63119,"제주특별자치도 제주시 신대로9길 25 , 1층(연동, 광림맨션)",064-722-8088
7345,제주,제주시,공사업,일반(기계),선교ENG,신용환,63333,"제주특별자치도 제주시 조천읍 신북로 479-2 , 6층 606호",
7346,제주,제주시,공사업,전문,청풍소방,변민숙,63326,"제주특별자치도 제주시 매촌안길 42 , 1층(도련이동)",064-727-6300
7347,제주,제주시,공사업,전문,주식회사 동우소방,윤정은,63147,"제주특별자치도 제주시 정실6길 18 ,1층 (오라이동)",064-746-3833
7348,제주,제주시,공사업,전문,주식회사 우진이엔씨,한용주,63304,제주특별자치도 제주시 거로남10길 42-3 (화북이동),064-722-1517
7349,제주,제주시,공사업,전문,(주)훈민종합엔지니어링,권세다,63146,제주특별자치도 제주시 오남로 42-1 (오라일동),064-722-1955
7350,제주,제주시,공사업,전문,주식회사 마루이엔지,전성숙,63147,제주특별자치도 제주시 정실동길 27 (오라이동),070-4480-7683
7351,서울,강남구,설계업,"일반(전기),일반(기계)",(주)강남소방,김효정,6161,서울특별시 강남구 선릉로96길 5-6  (삼성동) ,02-568-0119
7352,서울,강남구,설계업,일반(전기),(주)캐스트윈,"김낙희,양영한",6222,서울특별시 강남구 테헤란로38길 40-12 (역삼동),02-6005-9000
7353,서울,강남구,설계업,"전문,일반(전기),일반(기계)",(주)청우이엔지,"이원강,서윤선",6143,"서울특별시 강남구 봉은사로 310 , 10층(역삼동)",02-549-1881
7354,서울,강남구,설계업,"일반(전기),일반(기계)",대양이앤이기술(주),이성규,6296,"서울특별시 강남구 논현로38길 32-11 , 3층 301호(도곡동, 성민빌딩)",02-2026-0700
7355,서울,강남구,설계업,"일반(전기),일반(기계)",(주)아이티엠건축사사무소,임재춘,6056,서울특별시 강남구 선릉로 747  (논현동) ,02-2140-5300
7356,서울,강남구,설계업,전문,(주)한신소방,조용식,6246,서울특별시 강남구 논현로75길 25  (역삼동) 2층,02-553-6119
7357,서울,강남구,설계업,"일반(전기),일반(기계)",(주)이가종합건축사사무소,임태희,6177,"서울특별시 강남구 영동대로 316 2층, 4층, 5층(대치동, 새마을운동중앙회)",02-3446-8885
7358,서울,강남구,설계업,"일반(전기),일반(기계)",(주)종합건축사사무소가람건축,"장연철,이득영",6037,서울특별시 강남구 도산대로 165  (신사동) ,02-2017-0306
7359,서울,강남구,설계업,전문,(주)융도엔지니어링,"허종구,이동락",6097,서울특별시 강남구 봉은사로59길 26 (삼성동),02-2203-5691
7360,서울,강남구,설계업,"일반(전기),일반(기계)",(주)로열배관설비,최윤철,6223,"서울특별시 강남구 언주로81길 39 ,제비 101호(역삼동, 울프슨빌)",02-552-5641
7361,서울,강남구,설계업,일반(기계),주식회사 기한엔지니어링,"김규완,엄국현",6124,서울특별시 강남구 강남대로102길 31 (역삼동),02-538-6435
7362,서울,강남구,설계업,일반(기계),주식회사 도울이엔지,조중근,6239,서울특별시 강남구 논현로79길 66 (역삼동),02-584-3500
7363,서울,강남구,설계업,일반(전기),성우엔지니어링(주),박인창,6144,"서울특별시 강남구 선릉로107길 29 , 2층(역삼동, 영빌딩)",02-2038-3211
7364,서울,강남구,설계업,일반(기계),주식회사 타임종합기술,"이완석,박영환",6308,서울특별시 강남구 개포로22길 11 (개포동),02-3463-2144
7365,서울,강남구,설계업,"일반(전기),일반(기계)",주식회사 인트로방염,안윤호,6378,서울특별시 강남구 헌릉로645길 23 (세곡동)102호,02-572-5119
7366,서울,강남구,설계업,일반(전기),주식회사 펄스디엔씨,"박성진,윤건중",6349,"서울특별시 강남구 밤고개로1길 10 , 411호(수서동, 수서현대벤쳐빌)",02-578-9255
7367,서울,강남구,설계업,"일반(전기),일반(기계)",주식회사 명우이엔씨,전태석,6228,"서울특별시 강남구 논현로68길 12 ,201호(역삼동)",02-558-4118
7368,서울,강남구,설계업,일반(전기),(주)세진전기연구소,김명수,6160,서울특별시 강남구 선릉로92길 42 (삼성동),02-556-1246
7369,서울,강남구,설계업,"일반(전기),일반(기계)",(주)정명기술단,이정환,6302,"서울특별시 강남구 양재천로 173 (도곡동, 정명빌딩)",02-573-6025
7370,서울,강남구,설계업,전문,주식회사 하나기연,김인선,6257,서울특별시 강남구 도곡로 185 (역삼동),02-562-3894
7371,서울,강남구,설계업,일반(전기),기술사사무소우림전기,김창성,6221,"서울특별시 강남구 언주로87길 9 , 5층(역삼동,성은빌딩)",02-552-8898
7372,서울,강남구,설계업,일반(전기),(주)태양이엔시,오진규,6072,서울특별시 강남구 영동대로 721 501호 (청담동),02-517-2420
7373,서울,강남구,설계업,전문,더블유에스피아시아리미티드 (영업소),최종철,6223,"서울특별시 강남구 테헤란로32길 26 , 청송빌딩(역삼동)",02-2017-5600
7374,서울,강남구,설계업,일반(전기),석정엔지니어링,"조우철,심화섭",6045,"서울특별시 강남구 논현로131길 34 , 2층 202호(논현동, 조은빌딩)",02-3442-0411
7375,서울,강남구,설계업,전문,주식회사 나비환경설비컨설턴트,김한도,6226,"서울특별시 강남구 역삼로 234 3층(역삼동, 뉴튼프라자)",02-6245-2500
7376,서울,강남구,설계업,전문,주식회사 도화엔지니어링,"박승우,곽준상,김덕구,손영일",6178,서울특별시 강남구 삼성로 438 (대치동),02-6323-3000
7377,서울,강남구,설계업,"일반(전기),일반(기계)",도요엔지니어링코리아(주),미야자키요시나리,6142,서울특별시 강남구 테헤란로37길 11 (역삼동),02-2189-1617
7378,서울,강남구,설계업,전문,(주)나라기술단,"박우현,안숭원,조영일",6051,서울특별시 강남구 논현로142길 34 (논현동),02-511-2041
7379,서울,강남구,설계업,일반(전기),주식회사 평화이앤씨,김동환,6239,서울특별시 강남구 논현로79길 66 (역삼동),02-556-8668
7380,서울,강남구,설계업,일반(전기),주식회사 하이플랜,김형민,6301,"서울특별시 강남구 논현로30길 24 , 2층(도곡동)",02-404-8970
7381,서울,강남구,설계업,일반(기계),주식회사 태영설비,김선태,6339,"서울특별시 강남구 개포로 670 , 6층(일원동, 원일빌딩)",02-431-1235
7382,서울,강남구,설계업,전문,(주)씨엔아이엔지니어링,박광태,6097,"서울특별시 강남구 선릉로 614-1 , 2층(삼성동, 나라빌딩)",02-548-6622
7383,서울,강남구,설계업,전문,소방법인도솔 주식회사,박영미,6349,"서울특별시 강남구 광평로 295 , 서관 305호(수서동, 사이룩스)",02-445-0903
7384,서울,강남구,설계업,"일반(전기),일반(기계)",세아STX엔테크 주식회사,전승민,6188,"서울특별시 강남구 영동대로 325 , 10층 (대치동, 에스-타워)",02-6960-6114
7385,서울,강남구,설계업,일반(전기),주식회사 청석전기이엔지,이삼엽,6226,"서울특별시 강남구 언주로71길 31 , 4층(역삼동)",02-555-4110
7386,서울,강남구,설계업,일반(기계),(주)동방엠앤이,최창문,6144,"서울특별시 강남구 선릉로107길 29 , 2층(역삼동, 영빌딩)",02-571-2658
7387,서울,강남구,설계업,"일반(전기),일반(기계)",신영엔지니어링 주식회사,윤수진,6155,"서울특별시 강남구 삼성로103길 6 , 2층 222호(삼성동)",02-2038-4210
7388,서울,강동구,설계업,전문,삼성물산 주식회사,"오세철,이재언,정해린",5288,서울특별시 강동구 상일로6길 26 (상일동),02-2145-6379
7389,서울,강동구,설계업,"일반(전기),일반(기계)",태흥소방산업(주),최민호,5400,"서울특별시 강동구 성내로14길 42 (성내동,2층201호)",02-476-1119
7390,서울,강동구,설계업,전문,삼성이앤에이 주식회사,남궁홍,5288,서울특별시 강동구 상일로6길 26 (상일동),02-2053-3041
7391,서울,강동구,설계업,"일반(전기),일반(기계)",서화이엔지(주),노혜은,5392,"서울특별시 강동구 성내로3길 16 201호(성내동,은성빌딩)",02-483-2407
7392,서울,강동구,설계업,전문,주식회사 주은에프에스,진은수,5394,"서울특별시 강동구 풍성로 136 , 4층 401호(성내동)",02-477-4118
7393,서울,강동구,설계업,"일반(전기),일반(기계)",(주)한국종합기술,김치헌,5288,서울특별시 강동구 상일로6길 21 (상일동),02-2049-5581
7394,서울,강동구,설계업,전문,주식회사 콤파스이앤씨,지용근,5398,"서울특별시 강동구 성내로6길 34-24 , 302호(성내동,우창빌딩)",02-482-0119
7395,서울,강동구,설계업,전문,(주)삼우종합건축사사무소,손창규,5340,"서울특별시 강동구 천호대로 1077 , 19층~23층(천호동, 이스트센트럴타워)",02-2184-5960
7396,서울,강동구,설계업,일반(기계),(주)기술사사무소타임테크,천만석,5374,"서울특별시 강동구 양재대로101길 51 ,201호(성내동, 성내금강빌)",02-413-6436
7397,서울,강동구,설계업,"일반(전기),일반(기계)",예안엔지니어링 주식회사,윤광현,5394,서울특별시 강동구 성내로13길 57 1층(성내동),02-477-3553
7398,서울,강북구,설계업,일반(기계),주식회사 정인엠이씨,박정호,1081,"서울특별시 강북구 노해로 3 , 1206호(수유동, 평익타워)",02-995-4756
7399,서울,강서구,설계업,일반(전기),(주)디투엔지니어링,"김낙경,김평래",7794,서울특별시 강서구 마곡중앙8로5길 12 (마곡동),02-330-5009
7400,서울,강서구,설계업,"일반(전기),일반(기계)",(주)상현엔지니어링,"이재권,성영미",7734,"서울특별시 강서구 등촌로 65 , 101동 지3층 B302호(등촌동, 동양하우징)",02-2604-5794
7401,서울,강서구,설계업,전문,동양컨설턴트(주),"김태용,정기화",7573,"서울특별시 강서구 양천로 424 , 321호 (등촌동, 가양역 데시앙플렉스 지식산업센터)",02-2686-8851
7402,서울,강서구,설계업,일반(기계),우진설비기술사사무소,정용노,7548,"서울특별시 강서구 양천로 510 , 6층 612호(등촌동, 현대프린스텔)",02-525-9246
7403,서울,강서구,설계업,일반(전기),(주)녹색전기엔지니어링,정미숙,7782,"서울특별시 강서구 곰달래로 178 , 501호(화곡동, 르네상스빌딩)",02-2603-8088
7404,서울,강서구,설계업,"일반(전기),일반(기계)",한빛디엔에스 주식회사,이현화,7532,"서울특별시 강서구 양천로 551-17 (가양동, 비즈메트로1차) 301호",02-325-8115
7405,서울,강서구,설계업,"일반(전기),일반(기계)",에쓰씨엔지니어링 주식회사,김건우,7649,"서울특별시 강서구 공항대로 396 , 7, 8층(화곡동)",02-2167-9090
7406,서울,강서구,설계업,"일반(전기),일반(기계)",주식회사 보우엔지니어링,안종기,7654,"서울특별시 강서구 공항대로46길 13-7 , 2층 202호(화곡동, 대명스카이)",02-2697-0342
7407,서울,강서구,설계업,"일반(전기),일반(기계)",주식회사 유일에스씨,"황재영,문종옥",7528,"서울특별시 강서구 양천로 401 에이동406호(가양동, 강서한강자이타워)",02-333-4192
7408,서울,강서구,설계업,"일반(전기),일반(기계)",(주)유로컨설팅,기유경,7788,"서울특별시 강서구 마곡중앙5로1길 20 , 921, 922호(마곡동, 마곡나루역보타닉비즈타워)",02-6396-9988
7409,서울,강서구,설계업,전문,자이씨앤에이 주식회사,안채종,7789,서울특별시 강서구 마곡중앙로 150 (마곡동),02-6924-5939
7410,서울,강서구,설계업,전문,주식회사 에스에이치이엔지,조일형,7548,"서울특별시 강서구 화곡로 416 , 322호(등촌동, 가양더스카이밸리5차지식산업센터)",
7411,서울,관악구,설계업,일반(기계),(주)씨앤에이치엔지니어링,김교성,8805,서울특별시 관악구 남부순환로 2046 (남현동),02-522-7505
7412,서울,관악구,설계업,전문,더세이프 주식회사,김성한,8746,"서울특별시 관악구 양녕로6길 75 , 2층(봉천동, 삼부빌딩)",02-878-9110
7413,서울,관악구,설계업,전문,(주)우원엠앤이,"박봉태,변운섭",8768,서울특별시 관악구 조원중앙로1길 13 (신림동),02-860-9700
7414,서울,관악구,설계업,일반(기계),주식회사 건화엠이씨,"이성희,유재원",8805,"서울특별시 관악구 남부순환로 2036 ,3층(남현동,이에스피에이빌딩)",02-591-9026
7415,서울,관악구,설계업,일반(기계),(주)삼우엠이씨,정웅모,8757,서울특별시 관악구 봉천로 408 4층 (봉천동),02-586-0043
7416,서울,광진구,설계업,"일반(전기),일반(기계)",주식회사 케이티엔지니어링,김봉균,4919,서울특별시 광진구 천호대로 549 (중곡동),02-2222-9800
7417,서울,광진구,설계업,"일반(전기),일반(기계)",(주)반석소방시스템,정규표,4915,"서울특별시 광진구 능동로43길 5 , 2층(중곡동)",02-402-2119
7418,서울,광진구,설계업,"일반(전기),일반(기계)",(주)다우티이씨,"원상욱,박시현",4989,서울특별시 광진구 능동로30길 23 (능동),02-452-7004
7419,서울,광진구,설계업,일반(기계),나우설비기술(주),"나정서,김용인",5073,"서울특별시 광진구 아차산로30길 39 3층 (자양동, 조양빌딩)",02-568-2481
7420,서울,광진구,설계업,일반(전기),(주)동양디앤에스,"주정덕,성기수",4987,서울특별시 광진구 천호대로 602 (능동),02-452-0705
7421,서울,광진구,설계업,전문,주식회사 진원엔지니어링,이규황,4930,"서울특별시 광진구 천호대로 585 , 3층(중곡동)",02-477-8066
7422,서울,광진구,설계업,일반(기계),주식회사 성신기계설비,김영원,4915,서울특별시 광진구 능동로 345 (중곡동) 2층,02-486-7904
7423,서울,광진구,설계업,"일반(전기),일반(기계)",(주)서원에프앤이,문찬호,5090,서울특별시 광진구 뚝섬로36길 48 202호(자양동),02-419-1119
7424,서울,광진구,설계업,"일반(전기),일반(기계)",우림이엔지,이임우,5116,"서울특별시 광진구 강변역로4길 68 , 215호(구의동, 리젠트오피스텔)",02-2039-5087
7425,서울,광진구,설계업,일반(전기),라인전력,라양주,5113,"서울특별시 광진구 뚝섬로62길 7 , 1층 102호(자양동)",02-456-4005
7426,서울,광진구,설계업,"일반(전기),일반(기계)",주식회사 한빛소방,최선건,4985,"서울특별시 광진구 천호대로 572 , 4층 402호(능동, 범천타워)",02-2201-1192
7427,서울,구로구,설계업,전문,(주)무원이앤씨,손운성,8380,"서울특별시 구로구 디지털로31길 20 , 505호(구로동, 에이스테크노타워5차)",02-856-3976
7428,서울,구로구,설계업,일반(전기),(주)배산엔지니어링,"이춘배,이기성",8381,서울특별시 구로구 디지털로29길 38 (구로동) 1007호,02-2109-5924
7429,서울,구로구,설계업,"일반(전기),일반(기계)",(주)한얼엔지니어링,조웅기,8393,"서울특별시 구로구 디지털로32가길 16 ,801호(구로동, 파트너스타워2차)",02-2028-3770
7430,서울,구로구,설계업,일반(전기),대일이엔씨기술(주),정해종,8380,서울특별시 구로구 디지털로33길 11 (구로동) 610호,02-2025-7500
7431,서울,구로구,설계업,일반(전기),주식회사 케이알엔지니어링,장경식,8378,서울특별시 구로구 디지털로34길 55 (구로동)1212호,02-3281-4060
7432,서울,구로구,설계업,일반(전기),(주)창대티이씨,송하봉,8393,서울특별시 구로구 디지털로32가길 16 (구로동) 2505호,02-534-6246
7433,서울,구로구,설계업,"일반(전기),일반(기계)",(주)협우지여엔지니어링,임대섭,8382,서울특별시 구로구 디지털로 243 1701-1705호(구로동),02-2224-3900
7434,서울,구로구,설계업,전문,(주)기성이앤씨,"김광호,김주원",8378,서울특별시 구로구 디지털로34길 55 (구로동) 915호,02-2105-9900
7435,서울,구로구,설계업,일반(전기),(주)동현기술사사무소,임동섭,8378,"서울특별시 구로구 디지털로34길 43 , 1101호(구로동, 코오롱싸이언스밸리1차)",02-2025-2720
7436,서울,구로구,설계업,전문,(주)안국엔지니어링,"안병국,이성모",8389,"서울특별시 구로구 디지털로30길 28 마리오타워 1301호,1302호",02-854-9211
7437,서울,구로구,설계업,일반(전기),세종기술(주),"송진호,송성모",8394,서울특별시 구로구 디지털로 242 한화비즈메트로1차 11층(구로동),02-2621-2345
7438,서울,구로구,설계업,일반(전기),벽산파워(주),송한승,8380,"서울특별시 구로구 디지털로31길 12 , 17층(구로동, 태평양물산빌딩)",02-767-5645
7439,서울,구로구,설계업,전문,(주)지아이건설기술그룹,서양동,8389,서울특별시 구로구 디지털로26길 5 (구로동) 1106호,02-6220-5100
7440,서울,구로구,설계업,일반(기계),(주)고도기술사사무소,"김지형,손부배",8376,"서울특별시 구로구 디지털로31길 38-21 , 7층 707호(구로동,이앤씨벤처드림타워3차)",02-584-8335
7441,서울,구로구,설계업,전문,(주)기광엔지니어링,이종택,8375,"서울특별시 구로구 디지털로31길 41 ,908호(구로동,이앤씨벤처드림타워6차)",02-879-2146
7442,서울,구로구,설계업,전문,(주)태인엠이씨,"이종호,이성준",8376,"서울특별시 구로구 디지털로33길 55 , 305호(구로동, 이앤씨벤처드림타워2차)",02-6959-9874
7443,서울,구로구,설계업,전문,주식회사 맥엔드엠이씨,박종인,8381,"서울특별시 구로구 디지털로 271 ,1101호(구로동,벽산디지털밸리3차)",02-598-4273
7444,서울,구로구,설계업,전문,주식회사 대안엔지니어링,"박종한,이춘선",8295,"서울특별시 구로구 공원로 47 , 301호 일부(구로동, 도림두산베어스타워)",02-525-5119
7445,서울,구로구,설계업,"일반(전기),일반(기계)",(주)하이텍엔지니어링,서종덕,8389,"서울특별시 구로구 디지털로 272 , 805호(구로동, 한신아이티타워)",02-3285-6599
7446,서울,구로구,설계업,"일반(전기),일반(기계)",대신방재,김완주,8278,"서울특별시 구로구 경인로54길 4 , 씨동 J-806호(구로동, 구로유통상가)",
7447,서울,구로구,설계업,일반(기계),주식회사 다온앰이씨,곽승훈,8377,"서울특별시 구로구 디지털로33길 50 , 제6층 제606호(구로동, 벽산디지털밸리7차)",070-4647-3754
7448,서울,구로구,설계업,"일반(전기),일반(기계)",주식회사 씨에스토탈,최재호,8378,"서울특별시 구로구 디지털로 306 , 1108-1호, 1108-2호, 1109호(구로동, 대륭포스트타워2차)",02-6095-0070
7449,서울,구로구,설계업,전문,주식회사 이엠이엔씨,배경주,8362,"서울특별시 구로구 부광로 88 , 에스케이브이1 비동 419호(항동)",02-6359-0001
7450,서울,구로구,설계업,"일반(전기),일반(기계)",주식회사 태양기술개발,안규철,8390,"서울특별시 구로구 디지털로32길 30 , 1401호(구로동, 코오롱디지털타워빌란트)",02-6332-7001
7451,서울,금천구,설계업,전문,(주)신화방재,이명호,8511,"서울특별시 금천구 벚꽃로 254 , 509호(가산동, 월드메르디앙벤처센터)",02-2633-3211
7452,서울,금천구,설계업,전문,리스크테크(주),이성찬,8505,"서울특별시 금천구 가산디지털2로 123 , 1308호(가산동, 월드메르디앙벤처센터2차)",02-525-7950
7453,서울,금천구,설계업,일반(기계),(주)대유엠이씨,김홍택,8507,서울특별시 금천구 가산디지털1로 168  (가산동) C동 606호,02-3471-0390
7454,서울,금천구,설계업,전문,(주)지에프이엔지,정종균,8504,서울특별시 금천구 가산디지털2로 165  (가산동) 13층 1305호,02-861-1720
7455,서울,금천구,설계업,전문,(주)전방재엔지니어링,전홍재,8512,"서울특별시 금천구 디지털로9길 56 , 1003호(가산동, 코오롱테크노밸리)",02-868-9119
7456,서울,금천구,설계업,전문,원우이에프엔지니어링(주),백미란,8628,"서울특별시 금천구 금하로14길 6-16 , 103호(시흥동)",02-2060-6688
7457,서울,금천구,설계업,"일반(전기),일반(기계)",대아이앤씨(주),"이경,김경수",8504,서울특별시 금천구 서부샛길 606 B동 30층(가산동),02-3461-8885
7458,서울,금천구,설계업,"일반(전기),일반(기계)",노불방재(주),오경택,8592,"서울특별시 금천구 가산디지털2로 18 203호(가산동,대륭테크노타운1차)",02-867-2026
7459,서울,금천구,설계업,일반(전기),문엔지니어링(주),김성만,8507,"서울특별시 금천구 가산디지털1로 146 , 1207호(가산동, 대륭테크노타운22차)",02-838-5993
7460,서울,금천구,설계업,일반(전기),상진기술엔지니어링(주),서상진,8584,"서울특별시 금천구 두산로 70 , A동 1509호(독산동)",02-2169-2700
7461,서울,금천구,설계업,전문,한국설비연구(주),"강기호,정진호",8505,서울특별시 금천구 가산디지털2로 123 (가산동) 1310호,02-2025-8300
7462,서울,금천구,설계업,전문,(주)이음엔지니어링,채재묵,8501,서울특별시 금천구 가산디지털2로 184 (가산동) 610호,02-447-8677
7463,서울,금천구,설계업,일반(전기),(주)하예성엔지니어링,강옥구,8507,"서울특별시 금천구 가산디지털1로 168 , C동 502호(가산동, 우림라이온스밸리)",02-2026-5435
7464,서울,금천구,설계업,"일반(전기),일반(기계)",(주)나래디엔에이,"김중,문정희",8590,"서울특별시 금천구 가산디지털1로 100 , 506호, 507호(가산동, 에이스골드타워)",02-3142-8994
7465,서울,금천구,설계업,전문,주식회사 한빛안전기술단,조용선,8589,"서울특별시 금천구 가산디지털2로 70 , 1003호(가산동, 대륭테크노타운19차)",070-4895-1191
7466,서울,금천구,설계업,전문,(주)남도티이씨,노균일,8510,서울특별시 금천구 벚꽃로 298  (가산동) 508호,02-2083-8119
7467,서울,금천구,설계업,"일반(전기),일반(기계)",주식회사 더힐이앤씨,박희재,8589,"서울특별시 금천구 가산디지털2로 46 , 1109호,1110호(가산동)",02-6959-1183
7468,서울,금천구,설계업,전문,주식회사 세종씨엠건축사사무소,"김주석,박기영",8588,"서울특별시 금천구 가산디지털2로 43-14 , 914호 (가산동, 한화비즈메트로2차)",02-2601-1153
7469,서울,금천구,설계업,전문,국제엔지니어링(주),신관호,8511,"서울특별시 금천구 디지털로9길 65 , 6층 607호(가산동, 백상스타타워1차)",02-2051-5119
7470,서울,금천구,설계업,전문,(주)삼진탑테크엔지니어링,김진현,8502,서울특별시 금천구 가산디지털1로 212 (가산동) 305호,02-2082-8118
7471,서울,금천구,설계업,전문,젠센휴즈 주식회사,박승민,8502,"서울특별시 금천구 가산디지털1로 226 , 에이스하이엔드타워5차 802호,803호,804호(가산동)",02-6340-0825
7472,서울,금천구,설계업,전문,(주)영진이앤씨,임은옥,8594,"서울특별시 금천구 가산디지털1로 19 , 1607호(가산동, 대륭테크노타운18차)",02-899-1976
7473,서울,금천구,설계업,전문,대부소방기술 주식회사,최종호,8589,"서울특별시 금천구 가산디지털2로 46 , 에이스태세라타워 1104~1107호(가산동)",02-2179-7100
7474,서울,금천구,설계업,전문,주식회사 대한기술단,서정화,8511,"서울특별시 금천구 벚꽃로 254 , 207호(가산동, 월드메르디앙1차)",02-383-7119
7475,서울,금천구,설계업,"일반(전기),일반(기계)",주식회사 국민방재산업,박진형,8584,"서울특별시 금천구 두산로 70 ,비동 2204호 (독산동, 현대지식산업센터)",02-3472-1119
7476,서울,금천구,설계업,"일반(전기),일반(기계)",주식회사 라온에프에스,도대진,8591,"서울특별시 금천구 가산디지털1로 2 , 513호(가산동, 우림라이온스밸리2차)",02-894-9998
7477,서울,금천구,설계업,"일반(전기),일반(기계)",주식회사 물꼬방재기술,최근주,8502,"서울특별시 금천구 가산디지털1로 226 , 1202호 (가산동,에이스하이엔드타워5차)",02-858-9110
7478,서울,금천구,설계업,"일반(전기),일반(기계)",테스엔지니어링 주식회사,조형주,8510,"서울특별시 금천구 벚꽃로 298 , 606호(가산동, 대륭포스트타워6차)",02-6956-1871
7479,서울,금천구,설계업,전문,(주)명성하나엔지니어링,신현미,8507,"서울특별시 금천구 가산디지털1로 146 , 804호 (가산동, 대륭테크노타운 22차)",02-6951-0262
7480,서울,금천구,설계업,"일반(전기),일반(기계)",엔솔엔지니어링(주),최용병,8501,"서울특별시 금천구 가산디지털2로 184 , 311호 (가산동, 벽산디지털밸리2차)",02-855-8393
7481,서울,금천구,설계업,"일반(전기),일반(기계)",필즈엔지니어링(주),나장훈,8502,"서울특별시 금천구 가산디지털1로 186 , 제이플라츠 904호,905호",070-4477-0808
7482,서울,금천구,설계업,"일반(전기),일반(기계)",(주)천일엠이씨,모유미,8505,"서울특별시 금천구 가산디지털2로 101 , 6층 비608, 비609호(가산동, 한라원앤원타워)",02-525-7697
7483,서울,금천구,설계업,전문,주식회사 해치에프엔씨,신동성,8591,"서울특별시 금천구 가산디지털1로 30 , 1410호 (가산동, 에이스하이엔드타워10차)",02-6953-0902
7484,서울,금천구,설계업,"일반(전기),일반(기계)",주식회사 글로텍엔지니어링,김균,8503,"서울특별시 금천구 가산디지털1로 171 , 12층 1201호-1218호, 13층 1301호-1318호(가산동, 가산 에스케이 브이원 센터)",02-6345-7001
7485,서울,금천구,설계업,"일반(전기),일반(기계)",주식회사 계원디앤이,방형호,8517,"서울특별시 금천구 디지털로10길 78 , 1101호(가산동, 가산테라타워)",02-318-2362
7486,서울,금천구,설계업,전문,주식회사 건일방재,박동섭,8504,"서울특별시 금천구 가산디지털2로 143 , 18층 1810호(가산동, 어반워크 2차)",02-564-9110
7487,서울,금천구,설계업,"일반(전기),일반(기계)",다우엔지니어링,이용준,8590,"서울특별시 금천구 가산디지털1로 84 , 301호 (가산동, 에이스하이엔드타워8차)",02-577-0642
7488,서울,금천구,설계업,"일반(전기),일반(기계)",주식회사 대광사업단,박선희,8505,"서울특별시 금천구 가산디지털2로 101 , 비동 1509호(가산동,한라원앤원타워)",02-2689-0404
7489,서울,금천구,설계업,전문,주식회사 티제이이엔지,"이태주,조옥래",8505,"서울특별시 금천구 가산디지털2로 95 , 611호(가산동, 케이엠타워)",02-2039-5414
7490,서울,금천구,설계업,"일반(전기),일반(기계)",주식회사 삼경이앤지,송미영,8506,"서울특별시 금천구 가산디지털1로 131 , 9층 비905-가호(가산동, 비와이씨하이시티)",02-6959-3234
7491,서울,금천구,설계업,일반(전기),수승 ETF,변희대,8595,"서울특별시 금천구 범안로 1126 , 13층 제1301호 일부(1301-3호)(가산동, 대륭21차)",02-2600-3666
7492,서울,노원구,설계업,일반(기계),(주)삼정이엔씨건축사사무소,용웅식,1750,"서울특별시 노원구 노원로 248 , 510호(하계동, 삼정 이오니아)",02-548-6116
7493,서울,노원구,설계업,"일반(전기),일반(기계)",선진ENG,장윤정,1624,"서울특별시 노원구 동일로 1700 , 3층 313호(상계동, 토마토파르코)",02-955-8805
7494,서울,도봉구,설계업,전문,(주)서광방재,이재붕,1332,"서울특별시 도봉구 마들로 657 , 2층 217호(방학동, 이에스에이아파트)",02-956-2121
7495,서울,동대문구,설계업,"일반(전기),일반(기계)",대영방재시스템(주),허혁,2570,"서울특별시 동대문구 약령중앙로10길 9 , 5층(제기동, 한성빌딩)",02-2233-0013
7496,서울,동대문구,설계업,"일반(전기),일반(기계)",(주)건창기술단,"김영규,이상호",2577,"서울특별시 동대문구 왕산로 81 , 707호(용두동,두산베어스타워)",02-925-3775
7497,서울,동대문구,설계업,전문,주식회사 에스씨아이엔에스,진병래,2418,"서울특별시 동대문구 이문로 136 , 2층 에프2-24(이문동, 이문동 웰츠타워)",02-2135-3895
7498,서울,동대문구,설계업,전문,주식회사 글로벌이앤피,박재현,2468,서울특별시 동대문구 회기로8길 13 (제기동),02-2214-7613
7499,서울,동대문구,설계업,"일반(전기),일반(기계)",주식회사 동양티피티,유태완,2644,서울특별시 동대문구 장한로 18 (장안동),02-2216-6321
7500,서울,동대문구,설계업,전문,주식회사 대오엔지니어링,김창수,2439,"서울특별시 동대문구 망우로 67 , 206호(휘경동, 효자 워너빌)",02-2248-3400
7501,서울,동대문구,설계업,"일반(전기),일반(기계)",주식회사 보우티앤씨,최용민,2586,"서울특별시 동대문구 천호대로4길 19-19 , 302호 보성빌딩 (신설동)",02-2238-2654
7502,서울,동대문구,설계업,전문,주식회사 유진씨엔이,이광철,2484,"서울특별시 동대문구 홍릉로 48-1 , 4층(청량리동)",02-957-6100
7503,서울,동대문구,설계업,일반(전기),(주)성화기술단,오종대,2627,서울특별시 동대문구 답십리로64길 135 (장안동) 5층,02-2216-0483
7504,서울,동대문구,설계업,"일반(전기),일반(기계)",대한소방공사 주식회사,장지민,2633,"서울특별시 동대문구 천호대로 389 , 706호(장안동, 서울시새마을회관)",1544-5289
7505,서울,동대문구,설계업,"일반(전기),일반(기계)",주식회사 유진방재,김효남,2428,"서울특별시 동대문구 휘경로 71 , 2층(휘경동)",02-960-2226
7506,서울,동대문구,설계업,"일반(전기),일반(기계)",명성소방감리 주식회사,신명희,2586,"서울특별시 동대문구 난계로30길 65 , 201호(신설동)",02-2252-4391
7507,서울,동대문구,설계업,일반(전기),(주)이디씨이엔지,김지영,2629,"서울특별시 동대문구 장한로5길 8 , 2층(장안동)",070-4435-6253
7508,서울,동작구,설계업,"일반(전기),일반(기계)",주식회사 유신,"박석성,장학성,전경수",7071,"서울특별시 동작구 보라매로5가길 24 , 4층(신대방동, 보라매나산스위트)",02-6202-0933
7509,서울,마포구,설계업,전문,(주)현대화이어텍,"양유선,김영기",3966,서울특별시 마포구 월드컵북로 121 (성산동),02-3142-9112
7510,서울,마포구,설계업,"일반(전기),일반(기계)",무진소방 이엔지,표효종,4156,"서울특별시 마포구 독막로 331 , 17층 1703호(도화동, 마스터즈타워빌딩)",02-354-1194
7511,서울,마포구,설계업,일반(기계),FOREST MEC,송요권,4031,서울특별시 마포구 잔다리로 66 (서교동) 3층,02-3142-7764
7512,서울,마포구,설계업,일반(전기),원이엔씨기술설계 주식회사,장석찬,4029,"서울특별시 마포구 동교로 96 ,2층 (서교동)",02-583-3920
7513,서울,마포구,설계업,"일반(전기),일반(기계)",(주)대경전기설계사무소,"송일섭,유한서,조수섭",3997,서울특별시 마포구 잔다리로 119 (서교동) 2층,02-323-9424
7514,서울,마포구,설계업,일반(기계),에이치와이엠이씨,송준영,3938,"서울특별시 마포구 월드컵로36길 14 , 401호(성산동, 상암 두산위브센티움)",02-2282-7325
7515,서울,마포구,설계업,"일반(전기),일반(기계)",(주)극동파워테크,"배철한,한민희",4020,"서울특별시 마포구 포은로 29-1 , 2층(합정동)",02-3142-5113
7516,서울,서대문구,설계업,"일반(전기),일반(기계)",이화소방이엔지(주),강선미,3650,"서울특별시 서대문구 연희로41길 71 , 1층(홍은동)",02-336-7777
7517,서울,서대문구,설계업,전문,(주)유일에프에스이,김시권,3714,"서울특별시 서대문구 수색로 144 , 2층(북가좌동, 국제빌딩)",02-307-1190
7518,서울,서대문구,설계업,"일반(전기),일반(기계)",에이에이아키그룹건축사사무소(주),한철욱,3737,"서울특별시 서대문구 충정로 23 (충정로3가, 풍산빌딩)",02-2187-0500
7519,서울,서대문구,설계업,일반(전기),주식회사 플러스윈,유영제,3668,"서울특별시 서대문구 증가로24다길 40 , 반지층안쪽(북가좌동)",
7520,서울,서초구,설계업,"일반(전기),일반(기계)",(주)진화이앤씨,"박종원,박양원",6690,서울특별시 서초구 도구로1길 50 (방배동),02-588-4251
7521,서울,서초구,설계업,전문,(주)무한개발,"김규현,김은실",6664,서울특별시 서초구 서초대로26길 24  (방배동) 5층,02-3486-9119
7522,서울,서초구,설계업,전문,롯데건설(주),박현철,6515,서울특별시 서초구 잠원로14길 29 (잠원동),02-3480-4087
7523,서울,서초구,설계업,전문,한국화재안전시스템(주),김금남,6741,"서울특별시 서초구 강남대로30길 65 5층(양재동,청호빌딩)",02-6403-3119
7524,서울,서초구,설계업,전문,(주)한석소방이엔씨,"김공희,공주식",6745,"서울특별시 서초구 바우뫼로41길 39 , 4층(양재동, 선일빌딩)",02-575-5550
7525,서울,서초구,설계업,"일반(전기),일반(기계)",(주)아이엔지소방,김상태,6785,서울특별시 서초구 동산로 30  (양재동) 401호,02-2057-7119
7526,서울,서초구,설계업,일반(전기),(주)청송설계이앤씨,이수희,6741,"서울특별시 서초구 강남대로30길 63 , 3층(양재동, 초석빌딩)",02-501-4192
7527,서울,서초구,설계업,"일반(전기),일반(기계)",(주)삼성감리엔지니어링,한정희,6646,서울특별시 서초구 반포대로22길 65 (서초동),02-585-6422
7528,서울,서초구,설계업,"일반(전기),일반(기계)",(주)일신이앤드씨,홍영남,6648,서울특별시 서초구 반포대로 98 (서초동),02-3488-3500
7529,서울,서초구,설계업,"일반(전기),일반(기계)",에스지씨이앤씨 주식회사,"이창모,이우성",6792,서울특별시 서초구 양재대로 246 (염곡동),02-489-8473
7530,서울,서초구,설계업,전문,서림방재기술(주),오기석,6785,서울특별시 서초구 강남대로10길 59 (양재동) 3층,02-578-6234
7531,서울,서초구,설계업,일반(기계),(주)태양엠이씨,성기찬,6782,서울특별시 서초구 언남20길 6 (양재동) 4층,02-3462-8886
7532,서울,서초구,설계업,일반(기계),(주)우림설비 기술사사무소,유상헌,6682,서울특별시 서초구 방배로19길 21 (방배동) 2층,02-587-3826
7533,서울,서초구,설계업,"일반(전기),일반(기계)",주식회사 준영이엔씨,박우섭,6787,서울특별시 서초구 강남대로8길 24-8 (양재동),02-3445-0404
7534,서울,서초구,설계업,일반(전기),(주)새한기술그룹,최경한,6704,"서울특별시 서초구 방배로8길 13 , 2층(방배동)",02-547-6424
7535,서울,서초구,설계업,일반(전기),주식회사 대성티이씨,서용봉,6787,서울특별시 서초구 강남대로8길 24-18 (양재동) 동영빌딩 3층,02-576-1757
7536,서울,서초구,설계업,"일반(전기),일반(기계)",(주)코담엔지니어링,신호원,6564,서울특별시 서초구 방배천로 160 (방배동) 4층,02-599-1248
7537,서울,서초구,설계업,"일반(전기),일반(기계)",주식회사 제일엔지니어링 종합건축사사무소,오승교,6779,서울특별시 서초구 강남대로16길 22-6 (양재동),02-3498-2608
7538,서울,서초구,설계업,전문,주식회사 반석소방,유미정,6745,"서울특별시 서초구 바우뫼로41길 13 , 2층 나호(양재동)",02-579-6557
7539,서울,서초구,설계업,"일반(전기),일반(기계)",(주)영화키스톤건축사사무소,김주열,6744,"서울특별시 서초구 강남대로 190  (양재동) 6,7층",02-3488-7900
7540,서울,서초구,설계업,"일반(전기),일반(기계)",(주)한길이앤씨,"강응만,오승민",6585,"서울특별시 서초구 방배로34길 12 , 3층(방배동)",02-703-4530
7541,서울,서초구,설계업,"일반(전기),일반(기계)",신정설비기술사사무소,이익종,6741,"서울특별시 서초구 바우뫼로41길 16 , 2층 202-2호(양재동)",02-578-2016
7542,서울,서초구,설계업,"일반(전기),일반(기계)",주식회사 대한방재산업,박정열,6791,"서울특별시 서초구 논현로 7 , 2층(양재동, 윤남빌딩)",02-576-6119
7543,서울,서초구,설계업,전문,석우엔지니어링(주),"김윤석,유재철,조병우",6752,"서울특별시 서초구 강남대로27길 9 , 2층(양재동, 수암빌딩)",02-526-1100
7544,서울,서초구,설계업,"일반(전기),일반(기계)",주식회사 중민,"이준규,이자영",6741,"서울특별시 서초구 바우뫼로41길 18 , 4층(양재동, 윈윈센타)",070-4617-5952
7545,서울,서초구,설계업,일반(기계),주식회사 비엔텍아이엔씨,이호석,6778,"서울특별시 서초구 강남대로18길 11 ,2층(양재동, 영주빌딩)",02-579-4796
7546,서울,서초구,설계업,일반(전기),주식회사 영광이앤아이,김남신,6502,"서울특별시 서초구 신반포로3길 8 , 301호(반포동, 반포프라자)",02-3477-1945
7547,서울,서초구,설계업,전문,주식회사 피씨엠글로벌기술사건축사사무소,윤성도,6732,"서울특별시 서초구 서운로 13 , 607호(서초동, 중앙로얄오피스텔)",02-3472-7894
7548,서울,서초구,설계업,전문,주식회사 설화엔지니어링,이원구,6725,서울특별시 서초구 남부순환로335길 38 (서초동),02-3472-0166
7549,서울,서초구,설계업,일반(기계),주식회사 주성이엔지,권병인,6787,"서울특별시 서초구 동산로2길 50 ,2층(양재동, 가보빌딩)",02-3461-1399
7550,서울,서초구,설계업,일반(기계),주식회사 세진이앤이,김종철,6529,"서울특별시 서초구 신반포로45길 55 ,3층(잠원동)",02-515-7940
7551,서울,서초구,설계업,"일반(전기),일반(기계)",진성이엔씨 기술사사무소,여진환,6664,"서울특별시 서초구 방배로16길 11-3 , 2층(방배동)",02-581-3466
7552,서울,서초구,설계업,"일반(전기),일반(기계)",주식회사 지테크이엔지,"김혜자,오동환",6741,"서울특별시 서초구 바우뫼로41길 16 , 2층 202-1호(양재동)",02-578-2610
7553,서울,서초구,설계업,"일반(전기),일반(기계)",우리이엔씨,정상용,6748,"서울특별시 서초구 논현로27길 96 , 2층(양재동)",02-2135-8807
7554,서울,서초구,설계업,일반(기계),(주)삼원엠이씨,박성훈,6542,"서울특별시 서초구 사평대로55길 33 , 3층(반포동, 진석빌딩)",02-515-1061
7555,서울,서초구,설계업,전문,(주)낙생도원방재,"정우열,이용섭",6642,"서울특별시 서초구 서초중앙로8길 111 , 5층(서초동, 우명빌딩)",02-523-6119
7556,서울,서초구,설계업,"일반(전기),일반(기계)",주식회사 대호소방,김진태,6761,"서울특별시 서초구 전원말길 11 , 비1호(방배동)",02-584-9019
7557,서울,서초구,설계업,"일반(전기),일반(기계)",(주)나우기술단,최규우,6742,"서울특별시 서초구 남부순환로356길 57-2 , 402호(양재동, 한승빌딩)",02-546-6570
7558,서울,성동구,설계업,"일반(전기),일반(기계)",(주)성지이앤씨,김진환,4788,"서울특별시 성동구 광나루로 130 8층 807호(성수동1가,서울숲아이티캐슬)",02-2201-5601
7559,서울,성동구,설계업,전문,(주)건국이엔아이,박정렬,4800,서울특별시 성동구 동일로 261 (송정동) 건국빌딩,02-499-5400
7560,서울,성동구,설계업,"일반(전기),일반(기계)",(주)한양티이씨,조형국,4787,서울특별시 성동구 성수이로18길 31 (성수동2가) 8층,070-7734-0800
7561,서울,성동구,설계업,전문,(주)성일이앤씨,홍승수,4793,"서울특별시 성동구 성수일로10길 26 , 901호, 902호, 903호 (성수동2가)",02-569-7221
7562,서울,성동구,설계업,전문,한방유비스(주),"황현수,최두찬",4790,"서울특별시 성동구 성수일로 77 9층(성수동1가, 서울숲아이티밸리)",02-2023-5000
7563,서울,성동구,설계업,"일반(전기),일반(기계)",주식회사 진엔지니어링건축사사무소,"김미선,오호진,조현숙",4799,"서울특별시 성동구 아차산로17길 49 , 415호(성수동2가, 성수더블유센터 데시앙플렉스)",02-501-7855
7564,서울,성동구,설계업,일반(전기),목원전기설계 주식회사,최상운,4781,서울특별시 성동구 성수일로4길 25 (성수동2가) 312호,02-572-8845
7565,서울,성동구,설계업,일반(기계),(주)세아엠이씨,구웅서,4801,"서울특별시 성동구 광나루로9가길 9 , 2층, 옥탑층(송정동)",02-6248-0300
7566,서울,성동구,설계업,일반(전기),주식회사 조은기술단,최승환,4790,"서울특별시 성동구 성수일로 89 , 708호(성수동1가, 메타모르포)",02-456-4300
7567,서울,성동구,설계업,일반(기계),(주)유진기술사사무소,장무석,4797,"서울특별시 성동구 성수이로 118 , 308호(성수동2가, 성수아카데미타워)",02-468-5306
7568,서울,성동구,설계업,"일반(전기),일반(기계)",(주)에디슨전기,하영복,4789,서울특별시 성동구 아차산로 3 (성수동1가) 2층,02-468-6020
7569,서울,성동구,설계업,전문,주식회사 지케이이엔지,"이종서,황일권",4793,"서울특별시 성동구 성수일로10길 26 , 208호 (성수동2가, 하우스디세종타워)",02-525-0044
7570,서울,성동구,설계업,"일반(전기),일반(기계)",주식회사 동방엠이씨,김영민,4782,"서울특별시 성동구 아차산로 84 , 403호(성수동2가, 홍인빌딩)",02-462-5646
7571,서울,성동구,설계업,전문,(주)삼우엠이피컨설턴트,"이종형,김기성",4799,서울특별시 성동구 아차산로15길 52 (성수동2가) 503호,02-404-8111
7572,서울,성동구,설계업,일반(전기),(주)명인에스아이엔지니어링,김인호,4799,"서울특별시 성동구 광나루로6길 35 , 제7층 제712호 (성수동2가, 성수동 우림이비즈센터)",02-512-6699
7573,서울,성동구,설계업,"일반(전기),일반(기계)",주식회사 동해종합기술공사,김승진,4799,"서울특별시 성동구 광나루로6길 35 , 502호(성수동2가, 우림이-비즈센타)",02-575-1199
7574,서울,성동구,설계업,일반(전기),(주)삼우티이씨,"황헌상,최수영",4780,"서울특별시 성동구 성수이로7길 27 ,901호(성수동2가, 서울숲 코오롱디지털타워2차)",02-2117-0300
7575,서울,성동구,설계업,전문,(주)삼인이에스,"조춘식,송재택",4790,"서울특별시 성동구 아차산로 49 , 803호(성수동1가)",02-2117-0780
7576,서울,성동구,설계업,일반(전기),주식회사 한신종합기술,김성주,4799,"서울특별시 성동구 아차산로17길 57 , 4층 407호(성수동2가, 일신건영휴먼테코)",02-417-0070
7577,서울,성동구,설계업,전문,주식회사 미동엔지니어링,이은풍,4794,서울특별시 성동구 아차산로 103 (성수동2가) 810,02-2118-7300
7578,서울,성동구,설계업,전문,신원이엔지(주),김태철,4778,"서울특별시 성동구 왕십리로 114 , 4층(성수동1가, 신한빌딩)",02-469-6111
7579,서울,성동구,설계업,일반(전기),주식회사 엔이아이기술,강대남,4788,"서울특별시 성동구 광나루로 130 , 1403호 (성수동1가, 서울숲IT캐슬)",02-889-9210
7580,서울,성동구,설계업,전문,한강설비엔지니어링 주식회사,박재관,4785,"서울특별시 성동구 뚝섬로13길 4 , 1층(성수동2가)",02-2117-0290
7581,서울,성동구,설계업,전문,주식회사 건창이엔이,장가익,4781,서울특별시 성동구 성수이로 51 (성수동2가) 405호,02-3486-0440
7582,서울,성동구,설계업,전문,주식회사 새롬이엔지,홍성완,4745,"서울특별시 성동구 고산자로6길 22 , 2층(행당동)",02-2292-0119
7583,서울,성동구,설계업,전문,주식회사 정원이앤씨,이상우,4794,"서울특별시 성동구 아차산로 103 , 12층 1204호(성수동2가, 영동테크노타워)",02-2088-7830
7584,서울,성동구,설계업,일반(기계),동방이앤씨,강래담,4802,"서울특별시 성동구 광나루로 289 , 2층 203호(송정동)",02-577-5645
7585,서울,성동구,설계업,"일반(전기),일반(기계)",미광엠이씨,송은호,4708,"서울특별시 성동구 마장로 228 , 4층(홍익동)",02-2295-6110
7586,서울,성동구,설계업,전문,(주)기장엔지니어링,윤태식,4756,"서울특별시 성동구 마장로 331 , 5층(마장동, 태상빌딩)",02-467-2555
7587,서울,성동구,설계업,일반(기계),주식회사 더블제이엠이씨,윤종진,4782,"서울특별시 성동구 연무장5가길 7 , 523호(성수동2가, 성수역현대테라스타워)",02-6953-3958
7588,서울,성동구,설계업,"일반(전기),일반(기계)",새봄이엔지건축사사무소 주식회사,"호은선,김정희",4758,"서울특별시 성동구 마장로 302 , 9층(마장동, 열산빌딩)",02-2295-1225
7589,서울,성동구,설계업,"일반(전기),일반(기계)",주식회사 두레소방,강순희,4759,"서울특별시 성동구 마조로 71 , 1층(마장동)",02-499-4119
7590,서울,성동구,설계업,일반(전기),주식회사 강동이엔씨,"견병태,김수혁",4791,서울특별시 성동구 상원길 66 (성수동1가),02-2058-0185
7591,서울,성북구,설계업,일반(기계),두현,윤구섭,2832,"서울특별시 성북구 동소문로13가길 58 , 3층(동소문동4가)",02-922-8631
7592,서울,송파구,설계업,전문,주식회사 정도,"이상일,이상천",5574,서울특별시 송파구 도곡로 454  (잠실동) ,02-2143-4200
7593,서울,송파구,설계업,전문,(주)건국방재엔지니어링,임완재,5839,서울특별시 송파구 충민로 52  (문정동) B동 502호,02-461-6900
7594,서울,송파구,설계업,"일반(전기),일반(기계)",(주)아세아방재,나판주,5531,"서울특별시 송파구 풍성로26길 33 , 2층(풍납동, 신화빌딩)",02-422-1191
7595,서울,송파구,설계업,"일반(전기),일반(기계)",(주)한국전설엔지니어링,허만일,5668,"서울특별시 송파구 가락로21길 11 , 201호(송파동, 한일빌딩)",02-2202-4457
7596,서울,송파구,설계업,"일반(전기),일반(기계)",(주)명신화이어이엔지,김일규,5803,서울특별시 송파구 동남로4길 35  (문정동) ,02-406-3119
7597,서울,송파구,설계업,전문,미래설비엔지니어링(주),문여만,5595,"서울특별시 송파구 백제고분로22길 29 (삼전동, 후산빌딩) 303호",02-3431-1080
7598,서울,송파구,설계업,일반(전기),동산엔지니어링(주),김동만,5840,"서울특별시 송파구 충민로 10 , 8층 에스18호(문정동, 가든파이브툴)",02-3400-9000
7599,서울,송파구,설계업,"일반(전기),일반(기계)",(주)소정이엔지,정춘배,5687,"서울특별시 송파구 백제고분로40길 35-18 2층 201호(석촌동,율암빌딩)",02-422-2357
7600,서울,송파구,설계업,"일반(전기),일반(기계)",(주)선화기술단사무소,전임수,5836,"서울특별시 송파구 법원로 127 ,1413호(문정동, 문정대명벨리온)",02-420-7359
7601,서울,송파구,설계업,일반(전기),(주)신우디엔시,이기환,5854,"서울특별시 송파구 법원로 114 , 비동 909호(문정동, 문정엠스테이트)",02-3434-8800
7602,서울,송파구,설계업,"일반(전기),일반(기계)",(주)토문엔지니어링건축사사무소,이을재,5839,"서울특별시 송파구 충민로 52 8층(문정동,가든파이브윅스 디동)",02-2018-8096
7603,서울,송파구,설계업,"일반(전기),일반(기계)",(주)무림설계기술단,김미정,5641,서울특별시 송파구 오금로19길 9 (방이동),02-424-4445
7604,서울,송파구,설계업,전문,(주)삼우전기컨설턴트,이철규,5630,서울특별시 송파구 백제고분로50길 12 (방이동),02-3433-8600
7605,서울,송파구,설계업,일반(전기),(주)지화기술단,신윤용,5809,"서울특별시 송파구 송이로36길 62-19 (문정동, 대성빌딩)",02-408-5273
7606,서울,송파구,설계업,일반(전기),(주)에이스파트너,최종환,5614,"서울특별시 송파구 석촌호수로18길 26 (석촌동, 금한빌딩)",02-424-4567
7607,서울,송파구,설계업,전문,주식회사 코담기술단,"엄주선,송가철",5550,서울특별시 송파구 오금로17길 8 (방이동) 302호,02-412-6573
7608,서울,송파구,설계업,일반(전기),하이텍앤솔 주식회사,김다위,5808,"서울특별시 송파구 새말로 109 , 3층(문정동)",02-3401-6599
7609,서울,송파구,설계업,일반(기계),(주)관덕엠이씨,"이광호,최찬항",5600,"서울특별시 송파구 백제고분로27길 39-6 , 301호(삼전동, 효천빌딩)",02-545-3680
7610,서울,송파구,설계업,일반(전기),(주)유원이앤씨,박팔영,5839,서울특별시 송파구 충민로 52 (문정동) C동 202호,02-517-1860
7611,서울,송파구,설계업,"일반(전기),일반(기계)",(주)엘림전설,명태현,5688,서울특별시 송파구 가락로 89 (석촌동),02-419-8552
7612,서울,송파구,설계업,"일반(전기),일반(기계)",(주)서원엠이씨,"최지호,강진숙",5854,"서울특별시 송파구 송파대로 201 , 에이동 7층 에이-708호(문정동,송파테라타워2)",02-420-1093
7613,서울,송파구,설계업,전문,(주)한국화재안전기술,권순평,5708,서울특별시 송파구 송이로14길 22 (가락동) 4층,02-452-8119
7614,서울,송파구,설계업,전문,주식회사 세원기술단,이장열,5854,"서울특별시 송파구 법원로 128 , 에이동 1007호, 1008호(문정동, 에스케이브이원 지엘메트로시티)",02-579-4590
7615,서울,송파구,설계업,"일반(전기),일반(기계)",(주)성우엠이씨,이인숙,5510,"서울특별시 송파구 올림픽로35가길 11 ,720호(신천동, 한신잠실코아오피스텔)",02-472-1926
7616,서울,송파구,설계업,"일반(전기),일반(기계)",(주)진원기술사사무소,인성남,5641,서울특별시 송파구 오금로19길 9  (방이동) 202호,02-3432-9500
7617,서울,송파구,설계업,전문,(주)비전이엔지기술사사무소,"손호섭,박보경",5807,"서울특별시 송파구 문정로4길 14 , 4층, 5층 (문정동, 동산빌딩)",070-4161-6802
7618,서울,송파구,설계업,"일반(전기),일반(기계)",(주)영광기술단,최광기,5836,"서울특별시 송파구 법원로11길 11 , 비동 1414호(문정동,문정현대지식산업센터1-1)",02-6408-2888
7619,서울,송파구,설계업,"일반(전기),일반(기계)",(주)동일기술공사,"이상학,황주환",5800,서울특별시 송파구 송이로30길 7 (문정동),02-3400-5600
7620,서울,송파구,설계업,전문,주식회사 지케이엔지니어링,서용헌,5836,"서울특별시 송파구 법원로 127 , 6층 608호,609호(문정동,대명벨리온지식산업센터)",02-6414-0004
7621,서울,송파구,설계업,"일반(전기),일반(기계)",주식회사 에스에이치한성소방,이승헌,5543,"서울특별시 송파구 올림픽로 362 , 6층 603호(방이동)",02-431-3833
7622,서울,송파구,설계업,전문,신영비엠이 주식회사,김종혁,5837,"서울특별시 송파구 송파대로 111 , 205동 713호(문정동, 파크하비오)",02-582-1181
7623,서울,송파구,설계업,전문,주식회사 세명이엔씨,권오경,5836,"서울특별시 송파구 법원로11길 11 , 비동 703호(문정동, 문정현대지식산업센터1-1)",02-499-7119
7624,서울,송파구,설계업,일반(기계),삼신설계(주),정종림,5837,"서울특별시 송파구 송파대로 111 , 하비오타워 205동 511호 (문정동, 파크하비오)",02-578-5671
7625,서울,송파구,설계업,"일반(전기),일반(기계)",주식회사 한빛이엔지,이근태,5756,"서울특별시 송파구 마천로45길 7 , 2층 202호(마천동, 안진빌딩)",070-8889-2651
7626,서울,송파구,설계업,일반(전기),조엔지니어링,조만영,5854,"서울특별시 송파구 법원로 114 , B동 8층 814호(문정동,엠스테이트)",02-6972-2505
7627,서울,송파구,설계업,"일반(전기),일반(기계)",(주)엠브이피소방,진형주,5840,"서울특별시 송파구 충민로 10 , 툴관동 3층 씨-19,20,29,30호(문정동,가든파이브툴)",02-407-4119
7628,서울,송파구,설계업,일반(전기),주식회사 디케이티이에스,윤동규,5855,"서울특별시 송파구 송파대로 167 , B동 718호(문정동,문정역테라타워)",02-431-8886
7629,서울,송파구,설계업,일반(기계),주식회사 지음엠이씨,신효섭,5836,"서울특별시 송파구 법원로11길 25 , 비-1402(문정동, 에이치비지니스파크))",02-6972-1656
7630,서울,송파구,설계업,일반(기계),주식회사 태영이엔시,전영준,5836,"서울특별시 송파구 법원로11길 11 , B동 1104호(문정동, 문정현대지식산업센터1-1)",02-736-3136
7631,서울,송파구,설계업,"일반(전기),일반(기계)",주식회사 다온이앤씨,"김영철,김진향",5578,"서울특별시 송파구 삼전로 37 , 401호(잠실동)",02-418-2700
7632,서울,송파구,설계업,"일반(전기),일반(기계)",(주)성도엔지니어링기술사사무소,이용호,5659,"서울특별시 송파구 마천로 70-12 , 지하1층(오금동)",02-3437-7233
7633,서울,송파구,설계업,전문,유원컨설턴트 주식회사,신태균,5855,"서울특별시 송파구 송파대로 167 , 제비동1516호, 1517호(문정동, 문정역테라타워)",02-499-1116
7634,서울,송파구,설계업,전문,(주)주원에프엔씨,서동학,5836,"서울특별시 송파구 법원로11길 11 , A동 9층 911호(문정동, 문정현대지식산업센터1-1)",02-6412-0119
7635,서울,송파구,설계업,일반(기계),주식회사 일송엔지니어링 기술사사무소,한달석,5855,"서울특별시 송파구 송파대로 167 , A동 A717호(문정동, 문정역테라타워)",02-549-3840
7636,서울,송파구,설계업,"일반(전기),일반(기계)",(주)진인프라,김성용,5697,"서울특별시 송파구 가락로16길 3-20 , 진인프라빌딩(석촌동)",02-330-3900
7637,서울,송파구,설계업,"일반(전기),일반(기계)",(주)수방재시스템,이승훈,5597,"서울특별시 송파구 삼학사로1길 26-1 , 202호(삼전동)",02-418-1190
7638,서울,송파구,설계업,전문,(주)한백에프앤씨,박종아,5782,서울특별시 송파구 동남로20길 32 (가락동),02-404-4119
7639,서울,송파구,설계업,일반(전기),(주)진기술단,진호순,5719,"서울특별시 송파구 송파대로28길 12 , 507호(가락동, 밀리아나1차오피스텔)",02-406-7785
7640,서울,송파구,설계업,일반(전기),(주)신명이앤씨,기수만,5855,"서울특별시 송파구 법원로6길 7 , 8층807호(문정동, 송파유탑테크밸리)",02-568-7441
7641,서울,송파구,설계업,"일반(전기),일반(기계)",한국지역난방기술(주),신훈식,5836,"서울특별시 송파구 법원로 135 , 10층,11층(문정동, 소노타워)",02-3399-6212
7642,서울,송파구,설계업,"일반(전기),일반(기계)",주식회사 삼원방재산업,이민호,5839,"서울특별시 송파구 충민로 52 , 에이207호(문정동, 가든파이브웍스)",02-2057-4119
7643,서울,송파구,설계업,"일반(전기),일반(기계)",(주)오에스엘이엔지,한수진,5836,"서울특별시 송파구 법원로11길 11 , 비동 404호,405호,406호(문정동, 현대지식산업센터1-1)",02-2148-6800
7644,서울,송파구,설계업,전문,(주)동남엠이씨,홍대경,5660,"서울특별시 송파구 중대로 275 , 5층(오금동, 우리빌딩)",02-568-2850
7645,서울,송파구,설계업,일반(전기),하경이엔씨(주),문흥열,5569,"서울특별시 송파구 올림픽로12길 52 , 201호(잠실동)",02-416-4151
7646,서울,송파구,설계업,"일반(전기),일반(기계)",주식회사 희테크엔지니어링,한상훈,5839,"서울특별시 송파구 충민로 52 , 제5층 비509호(문정동, 가든파이브웍스)",070-8287-3122
7647,서울,송파구,설계업,일반(전기),주식회사 세진이엘씨,박홍주,5718,"서울특별시 송파구 송파대로28길 24 , 913호(가락동, 밀리아나2차오피스텔)",02-3401-3978
7648,서울,송파구,설계업,"일반(전기),일반(기계)",주식회사 태조엔지니어링,한명식,5545,"서울특별시 송파구 백제고분로 503 , 4층(방이동)",02-2140-9200
7649,서울,송파구,설계업,전문,주식회사 에이치비엔지니어링,이점동,5783,"서울특별시 송파구 오금로46길 30 ,2층(가락동)",02-404-0046
7650,서울,송파구,설계업,"일반(전기),일반(기계)",주식회사 반도엔지니어링,최인영,5644,"서울특별시 송파구 가락로 234 , 303호(방이동, 힐빌딩)",02-6953-1665
7651,서울,송파구,설계업,일반(기계),(주)세익엠이씨,"심낙권,심성훈",5713,서울특별시 송파구 중대로9길 58 (가락동),02-521-1253
7652,서울,송파구,설계업,일반(전기),극동전기기술,손정희,5718,"서울특별시 송파구 송파대로28길 24 , 1208호(가락동, 밀리아나2차오피스텔)",02-568-5680
7653,서울,송파구,설계업,일반(전기),주식회사코덕엔지니어링,윤정기,5711,"서울특별시 송파구 중대로9길 41 , 5층(가락동, 익수빌딩)",02-3012-4561
7654,서울,양천구,설계업,"일반(전기),일반(기계)",(주)한국이에프티엔지니어링,하성철,8079,"서울특별시 양천구 신정로 267 , 803호(신정동, 양천벤처타운)",02-2065-9384
7655,서울,양천구,설계업,"일반(전기),일반(기계)",(주)엠에스제이텍,서민자,7945,서울특별시 양천구 신정중앙로 70 (신정동) 2층,02-2065-3558
7656,서울,영등포구,설계업,"일반(전기),일반(기계)",(주)대한진호산업,최창호,7252,서울특별시 영등포구 영등포로53길 11-1  (영등포동2가) 덕영빌딩 401호,02-2068-4119
7657,서울,영등포구,설계업,"일반(전기),일반(기계)",(주)신화에프이원,오석열,7220,"서울특별시 영등포구 당산로 168 , 7층(당산동4가)",02-2635-8119
7658,서울,영등포구,설계업,전문,오씨에스엔지니어링(주),이판열,7327,"서울특별시 영등포구 여의나루로 71 , 6층 606호, 607호(여의도동, 동화빌딩)",02-558-3003
7659,서울,영등포구,설계업,전문,주식회사 하이멕,이수연,7271,서울특별시 영등포구 양산로 53 (양평동3가) 8층,02-6340-3000
7660,서울,영등포구,설계업,"일반(전기),일반(기계)",(주)포트텍,안상수,7299,서울특별시 영등포구 경인로 775 (문래동3가) 3동 401호,02-2636-0911
7661,서울,영등포구,설계업,"일반(전기),일반(기계)",(주)예다종합설계감리사무소,"이윤상,이용수",7299,서울특별시 영등포구 당산로2길 12  (문래동3가) 606호,02-2635-3858
7662,서울,영등포구,설계업,전문,(주)지여이앤씨,홍천화,7228,서울특별시 영등포구 영신로 220 케이앤케이디지털타워 402호,02-2655-9301
7663,서울,영등포구,설계업,일반(전기),주식회사 이파워기술단,윤기수,7217,서울특별시 영등포구 당산로 171 (당산동4가) 1401호,02-2678-3477
7664,서울,영등포구,설계업,"일반(전기),일반(기계)",신한전설 주식회사,최광일,7266,서울특별시 영등포구 당산로 84 (당산동1가),02-2675-1097
7665,서울,영등포구,설계업,"일반(전기),일반(기계)",주식회사 대광엔지니어링,임연택,7217,"서울특별시 영등포구 당산로41길 11 , 320호(당산동4가,당산에스케이브이1센타)",02-2632-1516
7666,서울,영등포구,설계업,"일반(전기),일반(기계)",(주)현우엠이씨,이선우,7413,"서울특별시 영등포구 대림로29길 8 2층(대림동,대호빌딩)",02-575-7363
7667,서울,영등포구,설계업,전문,주식회사  드림엔지니어링,오진택,7307,서울특별시 영등포구 영신로20길 12 (영등포동),02-831-7890
7668,서울,영등포구,설계업,일반(전기),주식회사 소울엔지니어링,양승직,7282,"서울특별시 영등포구 선유로13길 25 , 318호 에이스하이테크시티2 지식산업센터(문래동6가)",02-499-3119
7669,서울,영등포구,설계업,전문,주식회사 범창종합기술,남창호,7207,서울특별시 영등포구 양평로21가길 19 (양평동5가) 8층,02-570-1500
7670,서울,영등포구,설계업,일반(전기),주식회사 지성설계컨설턴트,"조재금,조후동",7271,서울특별시 영등포구 양산로 53 (양평동3가),02-6340-2200
7671,서울,영등포구,설계업,전문,(주)창조종합건축사사무소,"김영관,강민석,방세환",7253,서울특별시 영등포구 버드나루로 15 (영등포동2가),02-2177-8300
7672,서울,영등포구,설계업,"일반(전기),일반(기계)",(주)전기설계협인,강용일,7207,서울특별시 영등포구 양평로21가길 19 (양평동5가),02-561-1501
7673,서울,영등포구,설계업,전문,주식회사 형진이앤씨,고희경,7208,"서울특별시 영등포구 선유로49길 23 , 8층 814호 815호(양평동4가, 선유도역2차아이에스비즈타워)",02-6673-7013
7674,서울,영등포구,설계업,"일반(전기),일반(기계)",주식회사 태림이앤씨,"이호진,유미향",7228,"서울특별시 영등포구 영신로 220 , 1802호 (영등포동8가, 케이앤케이디지털타워)",070-7706-0790
7675,서울,영등포구,설계업,전문,주식회사 로몬이엔씨,전흥기,7251,"서울특별시 영등포구 영신로 166 , 417호,418호(영등포동6가, 영등포반도아이비밸리)",02-6111-5100
7676,서울,영등포구,설계업,전문,(사)한국안전인증원,윤해권,7280,"서울특별시 영등포구 문래북로 8 , 7층 702호(문래동6가, 에이스엔에스타워)",02-6291-0107
7677,서울,영등포구,설계업,일반(기계),주식회사 선진이앰씨,김정훈,7281,"서울특별시 영등포구 선유로9길 10 , 1118호(문래동6가, 문래에스케이브이원센터)",070-8667-1528
7678,서울,영등포구,설계업,일반(전기),SJ엔지니어링,김성준,7217,"서울특별시 영등포구 당산로41길 11 , 3층 309호(당산동4가, 당산 SK V1 center)",02-2633-1258
7679,서울,용산구,설계업,일반(전기),은세기술(주),박병수,4321,서울특별시 용산구 한강대로 297 (갈월동) 301호,02-3272-8383
7680,서울,은평구,설계업,"일반(전기),일반(기계)",(주)경기소방이앤씨,김성민,3401,서울특별시 은평구 역말로 67 (역촌동) 1층,02-388-7777
7681,서울,은평구,설계업,"일반(전기),일반(기계)",(주)이화소방,"이혁준,유은지",3497,"서울특별시 은평구 증산로 327 , 1층(증산동, 이룸스페이스)",02-383-0119
7682,서울,은평구,설계업,"일반(전기),일반(기계)",(주)에프엠코리아일일구,최광례,3302,"서울특별시 은평구 진관3로 32 , 제4층 402호(진관동, 은평뉴타운파크앤타워)",02-543-0119
7683,서울,종로구,설계업,"일반(전기),일반(기계)",지멘스(주),정하중,3155,서울특별시 종로구 종로3길 17 (청진동),02-3450-1026
7684,서울,종로구,설계업,전문,주식회사 큐방재전력,한성필,3182,"서울특별시 종로구 새문안로3길 12 , 지하1층 36-에이호(신문로1가, 신문로빌딩)",02-2261-4119
7685,서울,종로구,설계업,"일반(전기),일반(기계)",에스케이에코플랜트(주),"장동현,김형근",3143,서울특별시 종로구 율곡로2길 19 (수송동),02-3700-7308
7686,서울,종로구,설계업,전문,지에스건설(주),"허윤홍,허창수",3159,서울특별시 종로구 종로 33 (청진동),02-2154-1064
7687,서울,종로구,설계업,전문,현대엔지니어링(주),김상현,3058,서울특별시 종로구 율곡로 75 (계동),02-2134-1964
7688,서울,종로구,설계업,전문,현대건설(주),김도형,3058,서울특별시 종로구 율곡로 75  (계동) ,02-746-4011
7689,서울,종로구,설계업,"일반(전기),일반(기계)",(주)종합건축사사무소그룹예성,"박재호,김수찬",3184,서울특별시 종로구 새문안로 42 (신문로2가),02-738-2353
7690,서울,종로구,설계업,일반(기계),주식회사 다주종합 건축사사무소,유병헌,3169,"서울특별시 종로구 사직로 96 , 비01호(필운동, 파크뷰타워)",02-928-2240
7691,서울,종로구,설계업,"일반(전기),일반(기계)",해원전기설계 사무소,조병균,3013,서울특별시 종로구 세검정로9길 59 2층 (신영동),02-924-8378
7692,서울,종로구,설계업,"일반(전기),일반(기계)",(주)극동문화전기설계,"김경용,이래선,이래설",3139,서울특별시 종로구 종로 123 (종로3가),02-765-0240
7693,서울,종로구,설계업,전문,디엘이앤씨 주식회사,박상신,3181,서울특별시 종로구 통일로 134 (평동),02-2011-7114
7694,서울,종로구,설계업,"일반(전기),일반(기계)",(주)대한콘설탄트,이영민,3027,서울특별시 종로구 필운대로 9 (필운동),02-735-5249
7695,서울,종로구,설계업,"일반(전기),일반(기계)",(주)유정이엔지,유미경,3139,"서울특별시 종로구 종로 123 , 504호(종로3가, 고영빌딩)",02-747-4505
7696,서울,종로구,설계업,전문,에스케이에코엔지니어링 주식회사,송영규,3142,"서울특별시 종로구 율곡로 6 ,비동(중학동)",02-6324-5130
7697,서울,종로구,설계업,"일반(전기),일반(기계)",(주)정현이엔지,김종현,3182,"서울특별시 종로구 새문안로 91 , 914호(신문로1가)",02-735-5541
7698,서울,중구,설계업,전문,(주)대우건설,김보현,4548,서울특별시 중구 을지로 170 (을지로4가),02-2288-3860
7699,서울,중구,설계업,"일반(전기),일반(기계)",(주)후지타(영업소),남종국,4527,서울특별시 중구 세종대로 30 (남대문로5가),02-756-7173
7700,서울,중구,설계업,전문,(주)간삼건축종합건축사사무소,김태집,4607,서울특별시 중구 동호로20다길 16 (신당동),02-2250-6000
7701,서울,중구,설계업,일반(전기),주식회사 라인일렉,김민경,4545,"서울특별시 중구 을지로 157 , 3층 라355호(산림동, 대림상가)",070-4258-7374
7702,서울,중구,설계업,"일반(전기),일반(기계)",한화솔루션(주),"남정운,김동관,홍정권",4541,서울특별시 중구 청계천로 86 (장교동),02-729-5841
7703,서울,중랑구,설계업,"일반(전기),일반(기계)",(주)동신앤공간엔지니어링,"이미정,정향배",2001,서울특별시 중랑구 중랑역로47길 6-7 (묵동),02-949-1460
7704,서울,중랑구,설계업,일반(기계),(주)티이디이엔씨,은익표,2262,"서울특별시 중랑구 신내역로 111 , 1122호(신내동, 신내에스케이브이1센터)",02-434-7260
7705,서울,중랑구,설계업,"일반(전기),일반(기계)",월드기술단 주식회사,강광신,2175,"서울특별시 중랑구 상봉로 62 , 3층(망우동)",02-2207-5130
7706,서울,중랑구,설계업,"일반(전기),일반(기계)",(주)티이컨설팅,최진성,2055,"서울특별시 중랑구 신내역로3길 40-36 , 10층 A-1013호(신내동, 신내데시앙플렉스지식산업센터)",02-437-3377
7707,서울,중랑구,설계업,"일반(전기),일반(기계)",이룸엠이씨,강훈,2055,"서울특별시 중랑구 신내역로3길 40-36 , B동 2층 205호(신내동, 신내데시앙플렉스 지식산업센터)",02-421-4246
7708,부산,강서구,설계업,"일반(전기),일반(기계)",(주)엔케이,천남주,46743,부산광역시 강서구 과학산단로 194-11 (지사동) .,051-200-0742
7709,부산,강서구,설계업,"일반(전기),일반(기계)",(주)해강기술단,박현주,46726,"부산광역시 강서구 명지국제6로 21 , 1동 404호(명지동, 플러스시티)",051-866-7426
7710,부산,강서구,설계업,"일반(전기),일반(기계)",(주)유지에스,정해경,46703,부산광역시 강서구 공항로 1191 (대저1동),051-714-7358
7711,부산,금정구,설계업,"일반(전기),일반(기계)",우리이엔지,김영일,46253,"부산광역시 금정구 오륜대로 23-1 , 3층(부곡동)",051-929-5119
7712,부산,금정구,설계업,"일반(전기),일반(기계)",주식회사 이도소방,박성진,46214,"부산광역시 금정구 금단로 202 ,2층(남산동, 한남빌딩)",051-714-3193
7713,부산,금정구,설계업,일반(전기),(주)한빛이노텍,"이영철,박태원",46257,"부산광역시 금정구 개좌로 263 , 에이동 301-1호(회동동)",051-913-0120
7714,부산,기장군,설계업,"일반(전기),일반(기계)",대경기술(주),임영하,46080,부산광역시 기장군 청강로85번길 16 (),051-722-0855
7715,부산,기장군,설계업,"일반(전기),일반(기계)",(주)한국이앤지,김진아,46008,"부산광역시 기장군 정관읍 정관로 383 , 1동 401호(대성타워)",051-727-9388
7716,부산,기장군,설계업,"일반(전기),일반(기계)",(주)대윤엔지니어링,강민우,46059,"부산광역시 기장군 기장읍 읍내로 39 , 203호",051-926-8834
7717,부산,남구,설계업,전문,(주)한국소방,허보혜,48531,"부산광역시 남구 유엔평화로 165 ,303호(용당동, 광덕빌딩)",051-644-9119
7718,부산,남구,설계업,"일반(전기),일반(기계)",(주)골드이엔지,현규섭,48494,"부산광역시 남구 유엔로 127-2 (대연동,대성맨션) 상가동 110호",051-818-7341
7719,부산,남구,설계업,전문,(주)드림기술단,"신종대,황정희",48508,"부산광역시 남구 수영로 312 (대연동, 21센츄리시티) 1702호",051-817-7119
7720,부산,남구,설계업,"일반(전기),일반(기계)",도무스설비연구소,조영화,48493,"부산광역시 남구 유엔평화로10번길 16 (대연동, 건익빌딩2층)",051-633-4600
7721,부산,남구,설계업,전문,(주)세원엠이씨,송인엽,48508,"부산광역시 남구 수영로 312 , 1105.1106.1107호(대연동, 21센츄리시티)",051-853-3630
7722,부산,남구,설계업,"일반(전기),일반(기계)",주식회사 한성소방이엔지,정재중,48549,"부산광역시 남구 양지골로 152 (감만동, 유창그린아파트) 5동 1-1호",051-865-7119
7723,부산,남구,설계업,"일반(전기),일반(기계)",이정설비기술사사무소,임홍현,48508,"부산광역시 남구 수영로 312 , 1330호(대연동,21센츄리시티오피스텔)",051-464-0507
7724,부산,남구,설계업,"일반(전기),일반(기계)",(주)동광소방,김기용,48410,부산광역시 남구 고동골로59번길 52-10 (문현동),051-553-3119
7725,부산,동구,설계업,"일반(전기),일반(기계)",(주)유경기업,"이재근,이재진",48791,"부산광역시 동구 고관로 90 , 베스안오션뷰302호(수정동)",051-895-1700
7726,부산,동구,설계업,"일반(전기),일반(기계)",(주)에이스이엔지,"이동관,황순한",48742,"부산광역시 동구 자성로141번길 11 (범일동, 삼환오피스텔)1501호",051-867-4739
7727,부산,동구,설계업,"일반(전기),일반(기계)",금정엔지니어링(주),정의광,48797,부산 동구 초량3동 135-48 번지,051-469-3119
7728,부산,동구,설계업,"일반(전기),일반(기계)",(주)한국코아엔지니어링,유충희,48742,부산 동구 범일2동 830-295 번지,051-636-4477
7729,부산,동구,설계업,일반(전기),(주)세부엔지니어링,오효진,48742,"부산광역시 동구 자성로133번길 6 103동 3407호(범일동, 진흥 마제스타워 범일)",051-711-9560
7730,부산,동래구,설계업,"일반(전기),일반(기계)",(주)중앙엔지니어링,이민현,47876,"부산광역시 동래구 아시아드대로 111-1 , 3층(사직동)",051-714-0074
7731,부산,동래구,설계업,"일반(전기),일반(기계)",(주)동지종합엔지니어링,박영현,47846,부산광역시 동래구 아시아드대로255번가길 8-8 401호(온천동),051-503-4377
7732,부산,동래구,설계업,전문,(주)한국나이스기술단,양범식,47887,"부산광역시 동래구 온천천로319번길 12 , 2층(수안동, 난빌딩)",051-557-4266
7733,부산,동래구,설계업,전문,(주)스마트이앤텍,이재화,47864,"부산광역시 동래구 사직북로 29-4 , 2층(사직동)",051-506-3629
7734,부산,동래구,설계업,"일반(전기),일반(기계)",제이에스이엔지,박지연,47865,부산광역시 동래구 사직로 68 (사직동) 4층,051-928-3105
7735,부산,동래구,설계업,"일반(전기),일반(기계)",신화E.N.G,박상진,47816,부산광역시 동래구 온천천로 195 (명륜동) .,051-553-5119
7736,부산,동래구,설계업,"일반(전기),일반(기계)",(주)장인기술단,김인수,47886,"부산광역시 동래구 온천천로339번길 28 (낙민동, 낙민동한일유앤아이아파트) 107동 상가202호",051-644-1744
7737,부산,동래구,설계업,"일반(전기),일반(기계)",(주)여명기술단,임경화,47718,"부산광역시 동래구 쇠미로 223 , 2층(온천동)",051-506-7118
7738,부산,동래구,설계업,일반(전기),엘티유이엔지,최동수,47743,부산광역시 동래구 명륜로 175 (명륜동) 8층 801호(대월오피스텔),051-502-7806
7739,부산,동래구,설계업,"일반(전기),일반(기계)",(주)신흥설비설계,김현대,47857,부산광역시 동래구 석사로 35 301(사직동),051-951-2929
7740,부산,동래구,설계업,"일반(전기),일반(기계)",(주)성림기술단,최대윤,47831,부산광역시 동래구 여고로127번길 23 (사직동) .,051-506-6677
7741,부산,동래구,설계업,일반(기계),무진엔지니어링,이종영,47883,부산광역시 동래구 수안로 53 (수안동) .,051-552-1450
7742,부산,동래구,설계업,"일반(전기),일반(기계)",(주)현대이엔지,고기영,47846,"부산광역시 동래구 아시아드대로255번가길 8-9 (온천동, 한사랑아파트) 상가 401호",051-501-1193
7743,부산,동래구,설계업,일반(전기),이호전설(주),부태삼,47857,"부산광역시 동래구 석사로 35 (사직동, 보현타워) 501호",051-557-7270
7744,부산,동래구,설계업,"일반(전기),일반(기계)",규영플랜,"박영미,이종목",47838,"부산광역시 동래구 여고북로73번길 34 ,201호(온천동, 대화빌)",051-509-6900
7745,부산,동래구,설계업,"일반(전기),일반(기계)",(주)배정기술단,박미령,47718,"부산광역시 동래구 쇠미로 223 , 5층(온천동)",070-7783-1908
7746,부산,동래구,설계업,"일반(전기),일반(기계)",(주)와이앤제이이앤씨,강민규,47877,"부산광역시 동래구 충렬대로238번길 31 , 502호(수안동, 태웅빌딩)",051-926-8832
7747,부산,동래구,설계업,일반(기계),지오바이브랩 기술사사무소,김상혁,47826,부산광역시 동래구 미남로102번길 41 (온천동),
7748,부산,동래구,설계업,"일반(전기),일반(기계)",주식회사 성도이엔지,박판수,47750,"부산광역시 동래구 충렬사로 57 , 1층(명장동)",051-703-1599
7749,부산,동래구,설계업,"일반(전기),일반(기계)",(주)더베스트이앤씨,박병진,47887,"부산광역시 동래구 온천천로337번길 25 , 3층(수안동, 해성퓨리즈빌딩)",051-557-4245
7750,부산,부산진구,설계업,전문,(주)세종기술단,김태완,47209,"부산광역시 부산진구 거제천로 52 (양정동, 세종빌딩)",051-465-7972
7751,부산,부산진구,설계업,"일반(전기),일반(기계)",(주)정엔지니어링,박정철,47101,부산광역시 부산진구 성지곡로51번길 27 (초읍동),051-507-0119
7752,부산,부산진구,설계업,전문,(주)신우방재,김미선,47210,부산광역시 부산진구 거제천로18번길 32 2층(양정동),051-817-3119
7753,부산,부산진구,설계업,"일반(전기),일반(기계)",(주)욱동방재,정정애,47287,"부산광역시 부산진구 부전로 56-1 , 비101호(부전동, 탑패밀리)",051-808-6906
7754,부산,부산진구,설계업,"일반(전기),일반(기계)",(주)삼영기술,이기상,47297,"부산광역시 부산진구 전포대로199번길 15 (전포동, 현대오피스텔3층)",051-811-8828
7755,부산,부산진구,설계업,전문,(주)광명토탈엔지니어링,김재곤,47251,"부산광역시 부산진구 중앙대로775번길 5 , 1601호(부전동, 삼정기업빌딩)",051-818-2391
7756,부산,부산진구,설계업,전문,대원포비스(주),추원호,47236,"부산광역시 부산진구 전포대로 294 703호(전포동,서면한신하이텔)",051-807-0119
7757,부산,부산진구,설계업,일반(기계),(주)세정이엔지,윤정기,47369,부산광역시 부산진구 만리산로 14-1 (범천동),051-714-5566
7758,부산,부산진구,설계업,"일반(전기),일반(기계)",이호기술단(주),김덕선,47123,부산광역시 부산진구 동평로 277 (연지동) 2층,051-556-7266
7759,부산,부산진구,설계업,"일반(전기),일반(기계)",보원엔지니어링(주),"진치호,최병찬",47301,부산광역시 부산진구 전포대로 242 (전포동) 남경빌딩 2층,051-808-2750
7760,부산,부산진구,설계업,일반(기계),조은엔지니어링,변종명,47216,"부산광역시 부산진구 연수로11번길 5 , 3층(양정동)",051-803-4119
7761,부산,부산진구,설계업,전문,(주)이정이앤씨,박해복,47362,"부산광역시 부산진구 자유평화로37번길 67 (범천동, 두산위브센티움) 3층 301호",051-441-9070
7762,부산,부산진구,설계업,"일반(전기),일반(기계)",(주)진일기술단,박배서,47209,부산광역시 부산진구 거제천로44번길 6 (양정동),070-8853-7323
7763,부산,부산진구,설계업,"일반(전기),일반(기계)",주식회사 메이크순(make soon),김미란,47284,부산광역시 부산진구 부전로 75-5 (부전동) .,051-817-0119
7764,부산,부산진구,설계업,"일반(전기),일반(기계)",(주)도시이앤씨,이춘복,47257,부산광역시 부산진구 서면문화로 43 (부전동) 광명빌딩 4층,051-807-3306
7765,부산,부산진구,설계업,"일반(전기),일반(기계)",(주)동선,정두환,47284,"부산광역시 부산진구 부전로 43 1220호(부전동, 서면베르빌오피스텔)",051-464-9284
7766,부산,부산진구,설계업,"일반(전기),일반(기계)",주식회사 와이케이엔지니어링,김태우,47232,부산광역시 부산진구 진남로356번길 99 (전포동),051-868-9741
7767,부산,사상구,설계업,"일반(전기),일반(기계)",(주)근우이앤지,정영훈,47017,부산광역시 사상구 주례로 147 (주례동),051-893-7119
7768,부산,사상구,설계업,"일반(전기),일반(기계)",(주)남경이엔지,김경숙,47016,"부산광역시 사상구 동주로 6-7 (주례동, 남경빌딩) .",051-317-3119
7769,부산,사상구,설계업,"일반(전기),일반(기계)",주호E&C,오방덕,46981,"부산광역시 사상구 대동로 303 , 8층 813호(감전동, 부산디지털밸리아파트형공장)",051-891-8155
7770,부산,사상구,설계업,"일반(전기),일반(기계)",주식회사 드림종합기술단,"김헌호,황정애",46981,"부산광역시 사상구 대동로 303 ,1105호(감전동,부산디지털밸리)",051-714-0019
7771,부산,사상구,설계업,"일반(전기),일반(기계)",티에스이엔이,박덕훈,46927,"부산광역시 사상구 백양대로 960-1 ,2층(모라동)",051-898-9494
7772,부산,사상구,설계업,일반(기계),주식회사 가온이엔씨,"윤인구,강두금",47017,"부산광역시 사상구 주례로 101 , 상가1동 3층 305호(주례동, 현대무지개타운)",051-710-7237
7773,부산,사상구,설계업,"일반(전기),일반(기계)",주식회사 태경엔지니어링,장서윤,46985,"부산광역시 사상구 학감대로 238-30 , 202호(감전동, 고암빌딩)",051-312-1356
7774,부산,사상구,설계업,"일반(전기),일반(기계)",민엔설트,민주현,46923,"부산광역시 사상구 사상로439번길 54 , 2층(모라동)",051-553-4010
7775,부산,사상구,설계업,일반(전기),낙안기술사,이명철,46977,"부산광역시 사상구 괘감로 37 , 22동 2층 201호(괘법동, 산업용품유통상가)",051-319-4119
7776,부산,사하구,설계업,"일반(전기),일반(기계)",주식회사 엠케이소방,정호영,49493,부산광역시 사하구 다대로530번길 31 (다대동) .,051-959-1119
7777,부산,사하구,설계업,전문,주식회사 엘제이 이앤에스,이은석,49487,부산광역시 사하구 다산로175번길 51 (다대동) .,051-711-0188
7778,부산,수영구,설계업,전문,(주)동남기술단,홍말윤,48240,부산광역시 수영구 연수로348번길 5 (광안동) .,051-625-2365
7779,부산,수영구,설계업,전문,(주)중앙기술단,이상욱,48226,부산광역시 수영구 구락로 25 (수영동) 2층,051-759-5442
7780,부산,수영구,설계업,"일반(전기),일반(기계)",동남이엔지,김경한,48240,부산광역시 수영구 연수로348번길 5 (광안동) 3층,051-751-9072
7781,부산,수영구,설계업,전문,(주)지이플러스방재,황국건,48280,부산광역시 수영구 광안해변로370번길 9-32 (민락동) 801호,051-996-0119
7782,부산,수영구,설계업,"일반(전기),일반(기계)",아림엔지니어링,임나정,48200,"부산광역시 수영구 망미배산로70번다길 9 , 4층(망미동)",051-911-7337
7783,부산,수영구,설계업,"일반(전기),일반(기계)",(주)중앙제이앤지,배미숙,48226,부산광역시 수영구 구락로 25 1층 (수영동),051-759-5442
7784,부산,연제구,설계업,전문,(주)디에이치기술단,정병훈,47598,"부산광역시 연제구 중앙대로1054번길 6 , 5층(연산동)",051-867-9548
7785,부산,연제구,설계업,"일반(전기),일반(기계)",이에스종합기술단,김용배,47504,"부산광역시 연제구 중앙대로 1249-1 , 3층(거제동)",051-506-8177
7786,부산,연제구,설계업,"일반(전기),일반(기계)",우일기술단(주),이봉두,47581,"부산광역시 연제구 월드컵대로 62 602호(연산동, 선빌딩)",051-633-8877
7787,부산,연제구,설계업,일반(기계),(주)현우설비연구소,이연수,47596,부산광역시 연제구 월드컵대로91번가길 28 (연산동) .,051-853-3773
7788,부산,연제구,설계업,"일반(전기),일반(기계)",(주)부흥이앤씨,정기용,47598,부산광역시 연제구 중앙대로1050번길 5 (연산동) 토목회관 3층,051-817-5417
7789,부산,연제구,설계업,일반(기계),(주)지이엔지니어링,김회률,47511,"부산광역시 연제구 법원로 12 , 503호(거제동, 로윈타워)",051-506-6301
7790,부산,연제구,설계업,일반(기계),에스엘 이엔지,이대희,47511,"부산광역시 연제구 법원남로16번길 27 (거제동,현성노블레스) 505호",051-817-3292
7791,부산,연제구,설계업,"일반(전기),일반(기계)",제이엠소방 주식회사,장정아,47562,"부산광역시 연제구 과정로276번길 33 , 1층(연산동)",
7792,부산,영도구,설계업,전문,(주)에이치제이중공업,"김완석,유상철",49001,부산광역시 영도구 태종로 233 (봉래동5가),02-450-8503
7793,부산,중구,설계업,일반(전기),(주)한신콘설탄트,한상로,48967,부산광역시 중구 고가길 32 (보수동1가) .,051-254-8141
7794,부산,해운대구,설계업,"일반(전기),일반(기계)",(주)나이스에너지엔지니어링,이미라,48058,"부산광역시 해운대구 센텀중앙로 97 , 에이동 1905호 (재송동, 센텀스카이비즈)",051-783-7766
7795,부산,해운대구,설계업,"일반(전기),일반(기계)",(주)선진이엔지,최두환,48059,"부산광역시 해운대구 센텀동로 99 1308호(재송동, 벽산이-센텀클래스원)",051-782-7500
7796,부산,해운대구,설계업,"일반(전기),일반(기계)",(주)민텍,김일준,48059,"부산광역시 해운대구 센텀북대로 60 1008호(재송동, 샌텀아이에스타워)",051-322-8216
7797,부산,해운대구,설계업,"일반(전기),일반(기계)",프로테크,배병목,48105,부산광역시 해운대구 좌동순환로468번길 54 (중동) .,051-324-8119
7798,부산,해운대구,설계업,"일반(전기),일반(기계)",주식회사 에이치엘설비엔지니어링,김부영,48058,부산광역시 해운대구 센텀중앙로 97 (재송동) 센텀스카이비즈 에이동 1306호,070-4353-6500
7799,부산,해운대구,설계업,일반(전기),(주)고려소방,김명수,48051,부산광역시 해운대구 해운대로61번길 32 (재송동) .,051-782-7119
7800,부산,해운대구,설계업,"일반(전기),일반(기계)",(주)우일엔지니어링,양덕경,48045,부산광역시 해운대구 삼어로133번나길 14 (반여동),051-913-2000
7801,부산,해운대구,설계업,전문,(주)중앙이엠씨,정연태,48057,부산광역시 해운대구 재반로50번길 21-22 (재송동) .,051-463-4650
7802,부산,해운대구,설계업,"일반(전기),일반(기계)",(주)나이스에너지,송상호,48058,"부산광역시 해운대구 센텀중앙로 97 (재송동, 센텀스카이비즈) 에이동 1907호",051-783-8300
7803,부산,해운대구,설계업,일반(기계),상록엔지니어링(주),이영석,48059,"부산광역시 해운대구 센텀동로 99 , 917호(재송동, 벽산이-센텀클래스원)",051-868-5530
7804,부산,해운대구,설계업,"일반(전기),일반(기계)",다안 스마트 이엔지,김동완,48058,"부산광역시 해운대구 센텀중앙로 97 , A동 37층 3710호(재송동, 센텀스카이비즈)",051-783-3710
7805,대구,남구,설계업,"일반(전기),일반(기계)",주식회사 경도기술단,한은아,42471,대구광역시 남구 성당로 74-2 (대명동),053-628-7200
7806,대구,남구,설계업,일반(전기),(주)우보엔지니어링,임창호,42433,대구광역시 남구 대봉로 162 (이천동),053-474-3411
7807,대구,남구,설계업,일반(기계),도담ENG,박성운,42416,대구광역시 남구 명덕로40길 111 (대명동),053-622-0934
7808,대구,남구,설계업,일반(기계),(주)삼정설비연구소,"이승수,이상준",42510,"대구광역시 남구 대덕로 146 상가 201호 (봉덕동,스카이파크)",053-753-4868
7809,대구,남구,설계업,일반(기계),우리이엔지,정우덕,42423,대구광역시 남구 명덕로52길 55 (이천동),053-471-0111
7810,대구,달서구,설계업,일반(기계),(주)도경이엔지,김종삼,42612,"대구광역시 달서구 이곡서로 25 , 120호(이곡동)",053-794-4277
7811,대구,달서구,설계업,"일반(전기),일반(기계)",(주)기성이앤씨,박정현,42647,대구광역시 달서구 야외음악당로 223 (두류동),053-657-8200
7812,대구,달서구,설계업,"일반(전기),일반(기계)",(주)가람기술단,강봉기,42760,대구광역시 달서구 월배로11길 32 (대천동),053-638-2711
7813,대구,달서구,설계업,일반(전기),대양엔지니어링,최남수,42819,대구광역시 달서구 앞산순환로 279 (송현동),053-473-2927
7814,대구,달서구,설계업,"일반(전기),일반(기계)",우성설계감리(주),"배용호,신진걸",42741,"대구광역시 달서구 월배로 375 ,4층(송현동)",053-625-4119
7815,대구,달서구,설계업,"일반(전기),일반(기계)",(주)나우전기,추영곤,42812,"대구광역시 달서구 상화북로 195-3 ,3층(상인동)",053-624-4868
7816,대구,달서구,설계업,"일반(전기),일반(기계)",(주)한양이엔씨,장상필,42742,대구광역시 달서구 월배로73길 43 (송현동),053-744-3119
7817,대구,달서구,설계업,"일반(전기),일반(기계)",주식회사 신진알앤씨,김종현,42733,"대구광역시 달서구 와룡로 18 , 3층(본동)",053-582-7114
7818,대구,달서구,설계업,전문,주식회사 나우엔지니어링,이지현,42814,"대구광역시 달서구 월곡로 180 , 6층(상인동)",053-721-7122
7819,대구,달성군,설계업,"일반(전기),일반(기계)",(주)광명엔지니어링,강태중,42974,대구광역시 달성군 논공읍 달성군청로6길 17 (금포리),053-593-8550
7820,대구,동구,설계업,"일반(전기),일반(기계)",(주)에프엠119,주덕호,41068,"대구광역시 동구 이노밸리로54길 11-6 , 1층",053-474-7118
7821,대구,동구,설계업,일반(기계),(주)삼주텍기술사사무소,김영근,41085,"대구광역시 동구 동호로2길 2-2 (동호동, 1층)",053-744-5312
7822,대구,동구,설계업,"일반(전기),일반(기계)",(주)덕원기술사,권영대,41263,"대구광역시 동구 동부로5길 41-3 ,1,2층(신천동)",053-756-5577
7823,대구,동구,설계업,"일반(전기),일반(기계)",한일전기설계감리사무소,이재철,41249,대구광역시 동구 동부로26길 28 (신천동),053-744-6915
7824,대구,동구,설계업,"일반(전기),일반(기계)",주식회사 초이,남혜숙,41059,"대구광역시 동구 매여로1길 6 , 이동(상매동)",053-965-1272
7825,대구,동구,설계업,"일반(전기),일반(기계)",세이프소방방재 주식회사,정 훈,41269,대구광역시 동구 송라로 45-20 (신천동),053-741-8849
7826,대구,동구,설계업,"일반(전기),일반(기계)",(주)새솔ENC,권영관,41254,"대구광역시 동구 동부로 64 , 2층(신천동)",053-253-4412
7827,대구,동구,설계업,"일반(전기),일반(기계)",주식회사 풍림소방,권성은,41155,"대구광역시 동구 동촌로 62 , 2층(검사동)",053-939-6119
7828,대구,동구,설계업,"일반(전기),일반(기계)",주식회사 보정건축사사무소,남효황,41243,"대구광역시 동구 동부로26길 5 , 2층 222호(신천동, 부띠끄시티테라스)",053-742-0953
7829,대구,북구,설계업,"일반(전기),일반(기계)",다온이엔지,장순규,41518,"대구광역시 북구 유통단지로 16 (산격동, 9동 2층 21호)",053-383-7335
7830,대구,북구,설계업,일반(전기),서진엔지니어링,장승필,41518,"대구광역시 북구 유통단지로 50 , 231호(산격동, 전기조명관)",053-955-8411
7831,대구,북구,설계업,"일반(전기),일반(기계)",주식회사 지이에스,이정화,41467,대구광역시 북구 칠곡중앙대로 232 (태전동),053-719-0890
7832,대구,북구,설계업,"일반(전기),일반(기계)",주식회사 대림엔지니어링,김동수,41476,"대구광역시 북구 호국로 209 ,7층(서변동)",053-941-4916
7833,대구,북구,설계업,일반(기계),(주)에스와이이앤지,김헌규,41494,대구광역시 북구 노원로1길 194 (노원동3가),053-384-8918
7834,대구,북구,설계업,"일반(전기),일반(기계)",(주)에이치에스청명,"강인환,김주연",41518,"대구광역시 북구 유통단지로 16 ,업무지원동 6층 1호(산격동)",053-252-9191
7835,대구,북구,설계업,"일반(전기),일반(기계)",라온소방ENG,임종범,41506,"대구광역시 북구 유통단지로3길 68-19 ,1층 (산격동)",053-951-0999
7836,대구,서구,설계업,전문,(주)태성소방,박진수,41749,대구광역시 서구 북비산로33길 9-8 (평리동),053-551-1191
7837,대구,서구,설계업,"일반(전기),일반(기계)",(주)정우디엔아이,양홍석,41756,"대구광역시 서구 와룡로 307 , 디센터 909호, 910호 (중리동)",053-423-8504
7838,대구,서구,설계업,"일반(전기),일반(기계)",주식회사 위너엔지니어링,윤혁,41756,"대구광역시 서구 와룡로 307 , B112호(중리동, 디센터1976지식산업센터)",053-525-3344
7839,대구,수성구,설계업,"일반(전기),일반(기계)",(주)제일소방방재,김국일,42200,"대구광역시 수성구 범안로 93 , 103호(범물동)",053-292-9119
7840,대구,수성구,설계업,"일반(전기),일반(기계)",(주)한양텍,이수삼,42184,대구광역시 수성구 무학로31길 92  (지산동) ,053-472-3119
7841,대구,수성구,설계업,전문,(주)영신방재엔지니어링,배규범,42170,대구광역시 수성구 청수로24길 23 (두산동),053-766-1195
7842,대구,수성구,설계업,"일반(전기),일반(기계)",대진엔지니어링,나채형,42075,대구광역시 수성구 교학로8길 5 (만촌동),053-745-7555
7843,대구,수성구,설계업,일반(기계),(주)동남기술사,김홍구,42013,대구광역시 수성구 상록로 38-1 (범어동),053-742-1662
7844,대구,수성구,설계업,일반(전기),우진엔지니어링,"박정원,현용락",42049,대구광역시 수성구 충의로 39 (만촌동),053-525-9844
7845,대구,수성구,설계업,전문,서한컨설탄트(주),문갑곤,42038,"대구광역시 수성구 화랑로 56 ,8층(만촌동,효창빌딩)",053-741-4791
7846,대구,수성구,설계업,전문,(주)신덕엔지니어링,김길수,42060,"대구광역시 수성구 무열로 65 , 2층(만촌동)",053-745-2217
7847,대구,수성구,설계업,일반(기계),세영설비설계사무소,이진식,42051,대구광역시 수성구 국채보상로216길 63 (만촌동),053-753-2025
7848,대구,수성구,설계업,"일반(전기),일반(기계)",서진설비설계사무소,박진현,42049,대구광역시 수성구 충의로 39 (만촌동),053-742-4038
7849,대구,수성구,설계업,일반(기계),모든ENG,이승주,42059,대구광역시 수성구 만촌로8길 8 (만촌동),053-762-7990
7850,대구,수성구,설계업,일반(기계),한국기연,"이진하,이정하",42021,대구광역시 수성구 국채보상로180길 13 (범어동),053-426-4528
7851,대구,수성구,설계업,일반(기계),명신ENG설계사무소,박용인,42171,"대구광역시 수성구 동대구로 59 ,F동 902호(두산동, 대우트럼프월드수성아파트)",053-764-4277
7852,대구,수성구,설계업,"일반(전기),일반(기계)",(주)한동엔지니어링,이규헌,42132,"대구광역시 수성구 명덕로 408 , 11층 (수성동2가)",053-751-1888
7853,대구,수성구,설계업,일반(기계),에이지이앤이(AG EnE)기술사사무소,조윤형,42031,"대구광역시 수성구 동원로 29 ,3층(범어동)",053-280-9027
7854,대구,수성구,설계업,"일반(전기),일반(기계)",이에스설비 주식회사,김은진,42140,"대구광역시 수성구 범어천로 36 , 2층(황금동)",053-745-3722
7855,대구,수성구,설계업,"일반(전기),일반(기계)",가온이엔지,우현정,42283,대구광역시 수성구 신매로8길 8-13 (신매동),053-324-8004
7856,대구,중구,설계업,일반(전기),(주)한신엔지니어링,정현석,41911,대구광역시 중구 국채보상로131길 32  (동인동1가) ,053-424-2113
7857,대구,중구,설계업,전문,(주)신일이앤씨,최문홍,41902,대구광역시 중구 태평로 113-45 (태평로3가),053-665-8700
7858,대구,중구,설계업,일반(전기),(주)뉴한국설계감리,황성근,41953,대구광역시 중구 동덕로 36 (대봉동),053-424-0278
7859,대구,중구,설계업,일반(기계),하나이엔지,시진욱,41946,"대구광역시 중구 국채보상로 726 , 5층(동인동4가, 강남빌딩)",053-255-9829
7860,대구,중구,설계업,"일반(전기),일반(기계)",(주)세명기술단,임경춘,41904,"대구광역시 중구 태평로51길 13 (동인동1가, 쌍용빌딩 2층)",053-422-1343
7861,대구,중구,설계업,일반(기계),주식회사 신덕,김정식,41904,"대구광역시 중구 신암로 6 , 604호(동인동1가, 삼승슈퍼타워)",053-744-1772
7862,대구,중구,설계업,"일반(전기),일반(기계)",주식회사 청이엔지,류기해,41946,"대구광역시 중구 국채보상로 726 ,6층(동인동4가,강남빌딩)",053-254-1720
7863,대구,중구,설계업,일반(기계),새솔이엔지,박정환,41904,"대구광역시 중구 신암로 6 , 6층 602호(동인동1가, 삼승슈퍼타워아파트)",053-253-3545
7864,인천,계양구,설계업,전문,(주)비티엑스엔펌,이은영,21065,"인천광역시 계양구 계산새로87번길 6 401호(용종동, 레드몰2차)",032-544-3019
7865,인천,계양구,설계업,"일반(전기),일반(기계)",(주)대현이엔씨,유강후,21069,"인천광역시 계양구 오조산로57번길 7-1  401호 (계산동,미래사랑빌딩) ",032-549-0019
7866,인천,계양구,설계업,"일반(전기),일반(기계)",(주)정평이앤씨,김경진,21031,"인천광역시 계양구 장제로 851 , 5층(임학동)",032-547-7119
7867,인천,계양구,설계업,"일반(전기),일반(기계)",주식회사 두힘,황병우,21060,"인천광역시 계양구 계산새로65번길 15 ,4층 401호(계산동, 서협빌딩)",032-584-1119
7868,인천,계양구,설계업,"일반(전기),일반(기계)",에이치이티엔(주),박승현,21091,"인천광역시 계양구 계양대로 82 , 2층 209호(작전동)",
7869,인천,남동구,설계업,"일반(전기),일반(기계)",(주)인천방재,최정식,21588,"인천광역시 남동구 호구포로 746  (구월동,승희빌딩)5층",032-461-2271
7870,인천,남동구,설계업,전문,(주)천일이앤씨,이광우,21632,"인천광역시 남동구 남동대로239번길 72-20 , 204호, 205-1호 (논현동, 두레비지니스센터)",032-423-3138
7871,인천,남동구,설계업,일반(기계),신라파이어(주),이정규,21631,인천광역시 남동구 은봉로75번길 20 (논현동)22B-8L,032-817-8119
7872,인천,남동구,설계업,"일반(전기),일반(기계)",(주)한양,최인호,21556,인천광역시 남동구 미래로 14 일류빌딩 (구월동),02-721-8199
7873,인천,남동구,설계업,전문,(주)비상이앤씨,문제안,21645,인천광역시 남동구 도림로 29 2층(도림동),032-431-5127
7874,인천,남동구,설계업,"일반(전기),일반(기계)",(주)하나설비설계사무소,이승권,21563,인천광역시 남동구 인주대로 713 명성빌딩 4층(구월동),032-469-7595
7875,인천,남동구,설계업,일반(전기),효성전기TCS(주),최종식,21572,"인천광역시 남동구 성말로53번길 27-17 , 1층(구월동)",032-442-0408
7876,인천,남동구,설계업,일반(기계),(주)평상,황재화,21550,"인천광역시 남동구 남동대로 925-1 703호(간석동, 국제빌딩)",032-429-7898
7877,인천,남동구,설계업,"일반(전기),일반(기계)",(주)신한이엔씨,"김수경,전장열",21532,"인천광역시 남동구 장자로6번길 3-10 ,2층 (장수동)",032-421-6491
7878,인천,남동구,설계업,전문,(주)덕수이앤지,이재우,21582,"인천광역시 남동구 선수촌공원로17번길 1 에이동 402호(구월동, 테크노밸리)",032-468-4528
7879,인천,남동구,설계업,일반(전기),세일엔지니어링(주),전지혜,21558,인천광역시 남동구 예술로 206  (구월동)구월중앙프라자 B동 505호,032-432-7663
7880,인천,남동구,설계업,"일반(전기),일반(기계)",(주)경기기술단,이용원,21536,인천광역시 남동구 구월말로3번길 37 카우빌딩2층(구월동),032-213-0085
7881,인천,남동구,설계업,"일반(전기),일반(기계)",(주)드림이엔씨,전영희,21641,"인천광역시 남동구 호구포로 201 , 209호(논현동, 논현두손지젤타워)",032-473-6651
7882,인천,남동구,설계업,전문,(주)제이에이치에너지,유정희,21628,"인천광역시 남동구 비류대로 622 , 13층 1309호,1310호,1311호,1312호,1313호,1314호,1315호,1316호,1317호(남촌동, 남동산단케이원지식산업센터)",032-573-5570
7883,인천,남동구,설계업,"일반(전기),일반(기계)",(주)현이엔지,김석구,21633,"인천광역시 남동구 은청로 4-7 , B동 319호(고잔동, 남동공단산업용품상가)",032-422-9742
7884,인천,남동구,설계업,"일반(전기),일반(기계)",주식회사 동일소방,정일훈,21596,"인천광역시 남동구 담방로 29 , 상가동 306호(만수동)",032-472-8119
7885,인천,남동구,설계업,전문,윤전테크 주식회사,고광훈,21694,인천광역시 남동구 남동동로63번길 41 (고잔동),070-8894-5544
7886,인천,남동구,설계업,"일반(전기),일반(기계)",(주)서전종합전기,정정심,21691,"인천광역시 남동구 호구포로 139 , 8층 803호(고잔동, 청류지산 지식산업센터)",032-266-0106
7887,인천,남동구,설계업,"일반(전기),일반(기계)",주식회사 도담설계사무소,"맹대진,한영흠",21524,"인천광역시 남동구 만수서로 60 , 304호 (만수동,향촌 필러스프라자)",032-467-0119
7888,인천,남동구,설계업,"일반(전기),일반(기계)",나노조명,김기정,21693,인천광역시 남동구 능허대로741번길 35 (고잔동),032-651-5541
7889,인천,남동구,설계업,"일반(전기),일반(기계)",바로엔지니어링 주식회사,이진주,21589,"인천광역시 남동구 인주대로 856 , 3층 (만수동)",032-218-3027
7890,인천,남동구,설계업,일반(기계),은성 엔지니어링,"신성순,이성락",21559,"인천광역시 남동구 문화서로 76 , 301호(구월동)",032-421-9700
7891,인천,미추홀구,설계업,"일반(전기),일반(기계)",(주)한국방재,"임보배,임배운",22109,"인천광역시 미추홀구 봉수대로 17 , 501호(도화동, 동인천테크노텔)",032-885-1194
7892,인천,미추홀구,설계업,"일반(전기),일반(기계)",미주설비(주),김현천,22129,인천광역시 미추홀구 염창로 77 (주안동) 2층,032-875-1615
7893,인천,미추홀구,설계업,"일반(전기),일반(기계)",신나래엔지니어링(주),권용국,22126,"인천광역시 미추홀구 염전로 330 , 1120호 (주안동)",032-555-8340
7894,인천,미추홀구,설계업,"일반(전기),일반(기계)",(주)하나기술단,연재호,22137,"인천광역시 미추홀구 경인남길 354 101호(도화동,휴그린빌3차)",032-464-5119
7895,인천,미추홀구,설계업,"일반(전기),일반(기계)",(주)용광기술단,최용광,22235,인천광역시 미추홀구 소성로 325-6 (문학동),032-434-4006
7896,인천,미추홀구,설계업,"일반(전기),일반(기계)",(주)삼덕엔지니어링,남연수,22188,"인천광역시 미추홀구 용정공원로83번길 43 , 102동 301호(용현동, 이편한세상시티인하대역)",032-422-3148
7897,인천,미추홀구,설계업,"일반(전기),일반(기계)",(주)지유엔지니어링,구윤정,22204,"인천광역시 미추홀구 매소홀로 262 , 10층 10021호(학익동, 시티필드)",032-716-9110
7898,인천,미추홀구,설계업,"일반(전기),일반(기계)",(주)엘디이앤씨,박종미,22134,"인천광역시 미추홀구 주안로 156 , 5층 502호(주안동, 태양빌딩)",032-864-6644
7899,인천,부평구,설계업,"일반(전기),일반(기계)",대우소방(주),윤수헌,21316,인천광역시 부평구 부평대로 298 (갈산동),032-502-0119
7900,인천,부평구,설계업,"일반(전기),일반(기계)",(주)중앙소방이앤지,김정섭,21316,인천광역시 부평구 부평대로 296 (갈산동 158),032-503-0119
7901,인천,부평구,설계업,"일반(전기),일반(기계)",(주)화신기술단,이순철,21392,인천광역시 부평구 장제로101번길 35  (부평동) 402호,032-422-0577
7902,인천,부평구,설계업,"일반(전기),일반(기계)",(주)한신이앤씨,김기춘,21364,"인천광역시 부평구 부평대로167번길 54 , 4층 405호(청천동)",032-715-8210
7903,인천,부평구,설계업,"일반(전기),일반(기계)",(주)다인,"이병학,정우준",21310,인천광역시 부평구 안남로 423 222호 (청천동),032-204-7000
7904,인천,부평구,설계업,"일반(전기),일반(기계)",(주)에스엠이엔에프,강세민,21433,"인천광역시 부평구 마장로 43-20 비104호, 비105호(십정동, 브라운스톤 백운)",032-439-3123
7905,인천,부평구,설계업,"일반(전기),일반(기계)",주식회사 하영엔지니어링,고두경,21315,"인천광역시 부평구 부평대로 337  ,  1125호, 1126호(청천동,부평제이타워3차 지식산업센터)",032-505-2700
7906,인천,서구,설계업,"일반(전기),일반(기계)",(주)한국소방엔지니어링,"권혁진,권순도",22636,"인천광역시 서구 완정로 163  (왕길동,트리플타워)12층",032-548-1193
7907,인천,서구,설계업,"일반(전기),일반(기계)",대한화재안전(주),정진환,22709,인천광역시 서구 경명대로 704 (공촌동),032-569-1191
7908,인천,서구,설계업,"일반(전기),일반(기계)",청훈이엔지(주),양기영,22731,"인천광역시 서구 염곡로464번길 23 , 501호(가정동, 엔시티타워 )",070-8272-1389
7909,인천,서구,설계업,"일반(전기),일반(기계)",(주)태원종합기술단건축사사무소,양철웅,22729,인천광역시 서구 승학로 209 (심곡동),032-567-9815
7910,인천,서구,설계업,전문,(주)대원종합이엔지,고정근,22728,"인천광역시 서구 탁옥로 16 ,2층 (심곡동)",032-564-6119
7911,인천,서구,설계업,전문,성화하이테크(주),김대식,22636,"인천광역시 서구 검단로 474 ,804호(왕길동,뷰비스타운)",031-356-7540
7912,인천,서구,설계업,"일반(전기),일반(기계)",(주)이곳이앤씨,황용희,22770,"인천광역시 서구 중봉대로 490 , 837호(청라동, 청라더리브티아모지식산업센터)",032-572-4941
7913,인천,서구,설계업,"일반(전기),일반(기계)",에프씨방재 주식회사,오주환,22789,인천광역시 서구 가정로261번길 7 (석남동),032-724-8511
7914,인천,서구,설계업,"일반(전기),일반(기계)",주식회사 경보소방엔지니어링,고양섭,22698,"인천광역시 서구 승학로 426 , 403호(검암동, 우주프라자)",032-565-4941
7915,인천,연수구,설계업,"일반(전기),일반(기계)",(주)에스케이방재산업,박용태,21907,인천광역시 연수구 예술로22번길 20 1층 102호(선학동),032-508-8119
7916,인천,연수구,설계업,"일반(전기),일반(기계)",완설비엔지니어링기술사사무소,정영호,22006,"인천광역시 연수구 센트럴로 313 , 씨워크 인테라스 한라B동 2527호(송도동)",032-225-9139
7917,인천,연수구,설계업,"일반(전기),일반(기계)",해솔이엔씨,전예진,21984,"인천광역시 연수구 송도과학로28번길 8 , 이스트동 2층 223호(송도동, 더샵 송도트리플타워 East)",
7918,인천,연수구,설계업,일반(기계),주식회사 제이엠에스엔씨,신의수,22007,"인천광역시 연수구 인천타워대로 323 (송도동, 센트로드 비동 30층 브이46)",070-4157-7884
7919,인천,연수구,설계업,"일반(전기),일반(기계)",주식회사 코원이앤씨,김민구,21990,"인천광역시 연수구 송도미래로 30 , 이동 1703호(송도동, 송도동 비알씨스마트밸리 지식산업센타)",032-217-9742
7920,인천,연수구,설계업,"일반(전기),일반(기계)",제이에스디앤피 주식회사,이상혁,21984,"인천광역시 연수구 송도과학로16번길 13-18 , 504호(송도동, 송도건원테크노큐브)",070-8680-2626
7921,인천,옹진군,설계업,"일반(전기),일반(기계)",주식회사 에너지드림,전기재,23101,인천광역시 옹진군 백령면 백령로 363-5 .,070-4161-9800
7922,인천,중구,설계업,"일반(전기),일반(기계)",주식회사 신원이엔씨,최점순,22402,"인천광역시 중구 하늘달빛로 90-7 , 908호, 909호(중산동,스카이에비뉴1차))",032-327-6528
7923,광주,광산구,설계업,"일반(전기),일반(기계)",거성엔지니어링,공호진,62252,"광주광역시 광산구 장신로 261 (신창동,드림프라자 506호)",062-367-4911
7924,광주,광산구,설계업,전문,엔지니어링그룹 에이원,한영미,62251,광주광역시 광산구 왕버들로 287 2층(신창동),062-523-6403
7925,광주,광산구,설계업,"일반(전기),일반(기계)",다경ENG,송현주,62252,"광주광역시 광산구 장신로 261 (신창동,드림프라자 406호)",062-363-1380
7926,광주,광산구,설계업,"일반(전기),일반(기계)",우림이앤씨,김유선,62308,광주광역시 광산구 수완로11번안길 16 (수완동),062-944-2119
7927,광주,광산구,설계업,전문,주식회사 피치이앤씨,임정호,62216,"광주광역시 광산구 하남산단6번로 57 ,산업동407호(오선동)",062-531-6119
7928,광주,남구,설계업,"일반(전기),일반(기계)",(주)상현이앤지,배기태,61752,광주광역시 남구 신만산길 43 (원산동),062-444-2119
7929,광주,남구,설계업,일반(전기),(주)전원기술단,이몽실,61628,광주광역시 남구 구성로 70-1 (월산동),062-675-4700
7930,광주,남구,설계업,"일반(전기),일반(기계)",(유)빛고을엔지니어링,공계자,61742,광주광역시 남구 서문대로 556 3층(송하동),062-673-7373
7931,광주,남구,설계업,"일반(전기),일반(기계)",화성 엔지니어링,정운호,61662,광주광역시 남구 천변좌로 454 3층(양림동),062-710-4911
7932,광주,동구,설계업,"일반(전기),일반(기계)",(주)이건 종합건축사사무소,양상훈,61413,광주광역시 동구 중앙로 306 (계림동) 신양빌딩 1-5층,062-234-1100
7933,광주,동구,설계업,"일반(전기),일반(기계)",(주)리가온건축사사무소,이현조,61432,"광주광역시 동구 동명로 57 , 4층(동명동)",062-415-7210
7934,광주,동구,설계업,"일반(전기),일반(기계)",주식회사 21세기이엔지,"조호성,박봉래",61432,광주광역시 동구 동명로67번길 22-31 (산수동),062-652-2290
7935,광주,북구,설계업,전문,(주)선진이앤에프,정회광,61151,광주광역시 북구 월동로 81-4 (각화동),062-265-5404
7936,광주,북구,설계업,"일반(전기),일반(기계)",청인이엔지,정주일,61011,"광주광역시 북구 첨단과기로208번길 43-22 ,A동 10층 1006호(오룡동,와이어스파크(지식산업센터))",062-975-0718
7937,광주,북구,설계업,"일반(전기),일반(기계)",(주)영상엔지니어링,이안수,61040,광주광역시 북구 일곡마을로 39 (일곡동),062-574-3100
7938,광주,북구,설계업,"일반(전기),일반(기계)",(주)필소방,고필문,61011,"광주광역시 북구 첨단과기로208번길 43-22 , 비동 12층 1206호(오룡동,와이어스파크 지식산업센터)",062-974-0823
7939,광주,북구,설계업,"일반(전기),일반(기계)",한걸음 주식회사,신영태,61206,광주광역시 북구 필문대로11번길 7 (풍향동),062-512-5383
7940,광주,북구,설계업,"일반(전기),일반(기계)",주식회사 대담엔지니어링,김현덕,61199,"광주광역시 북구 동문대로 116 ,5층(두암동)",062-384-8231
7941,광주,북구,설계업,"일반(전기),일반(기계)",주식회사 엘에이치엔지니어링,이현,61072,광주광역시 북구 연양로105번길 40-2 (양산동),062-575-3471
7942,광주,북구,설계업,"일반(전기),일반(기계)",리우이앤시,김기준,61011,"광주광역시 북구 첨단과기로208번길 43-22 ,B동 7층 707호(오룡동,와이어스파크(지식산업센터))",062-975-0735
7943,광주,북구,설계업,"일반(전기),일반(기계)",주식회사 대성이앤씨,김대성,61011,"광주광역시 북구 첨단과기로208번길 43-22 , 비동 605호(오룡동, 와이어스파크)",062-974-0446
7944,광주,북구,설계업,"일반(전기),일반(기계)",메타이엔지 주식회사,박상일,61173,"광주광역시 북구 문화소통로 170 ,1201호(용봉동)",062-375-7620
7945,광주,북구,설계업,"일반(전기),일반(기계)",주식회사 거령,박도민,61019,"광주광역시 북구 하서로423번길 12-7 , 3층 302호(용두동)",062-376-2337
7946,광주,북구,설계업,"일반(전기),일반(기계)",주식회사 위드이앤씨,김유연,61199,"광주광역시 북구 동문대로 116 ,5층 501호(두암동)",062-412-1177
7947,광주,북구,설계업,"일반(전기),일반(기계)",한엔지니어링,이진수,61011,"광주광역시 북구 첨단과기로208번길 43-22 ,B동 1208호(오룡동, 와이어스파크(지식산업센터))",062-975-0130
7948,광주,서구,설계업,전문,세기방재(주),"김명길,정찬명",62074,"광주광역시 서구 매월2로 53 ,9동 119호(매월동,광주산업용재유통센터)",062-513-9019
7949,광주,서구,설계업,"일반(전기),일반(기계)",(주)건창기술단,류백호,62054,광주광역시 서구 풍암신흥로62번길 3-38 (풍암동),062-655-7119
7950,광주,서구,설계업,"일반(전기),일반(기계)",(주)팔마이엔지,박인수,62073,"광주광역시 서구 매월2로15번길 16 (매월동,상가202동 209호)",062-610-5693
7951,광주,서구,설계업,"일반(전기),일반(기계)",(주)좋은엔지니어링,박규남,61981,광주광역시 서구 대남대로 473-2 (농성동) 3층,062-383-7113
7952,광주,서구,설계업,"일반(전기),일반(기계)",주식회사 유원,정호성,61901,광주광역시 서구 유덕로 22-6 205호(유촌동),070-4252-8754
7953,광주,서구,설계업,"일반(전기),일반(기계)",좋은엔지니어링,"김준채,이현주",61950,광주광역시 서구 치평로 124 (치평동),062-432-9991
7954,광주,서구,설계업,"일반(전기),일반(기계)",주식회사 신가전기,유정남,62058,"광주광역시 서구 풍암2로 2 ,4층402호(풍암동)",062-651-4024
7955,광주,서구,설계업,"일반(전기),일반(기계)",주식회사 나래이엔씨,"오성일,정은하",61955,광주광역시 서구 상무대로673번길 8 (마륵동),062-521-8228
7956,대전,대덕구,설계업,"일반(전기),일반(기계)",주식회사 대양이엔씨,박찬현,34359,대전광역시 대덕구 아리랑로125번길 11 (읍내동),042-628-8301
7957,대전,대덕구,설계업,일반(기계),PLAN엔지니어링,전병열,34410,"대전광역시 대덕구 송촌북로35번길 11 , 102호(중리동)",042-382-0834
7958,대전,동구,설계업,"일반(전기),일반(기계)",(주)플래닝에프,이용,34540,대전광역시 동구 한밭대로 1305 (용전동),042-634-3119
7959,대전,동구,설계업,전문,(주)신화엔지니어링종합건축사사무소,"김인수,박성원,송명기,최재인",34552,"대전광역시 동구 동서대로 1659 (신화빌딩, 용전동)",042-670-3182
7960,대전,동구,설계업,"일반(전기),일반(기계)",합동소방기술단(주),최종광,34565,"대전광역시 동구 대전천북로 124 , 2층(삼성동)",042-624-2119
7961,대전,동구,설계업,"일반(전기),일반(기계)",유일방재,차재희,34506,"대전광역시 동구 동대전로256번길 152 ,1층(가양동)",042-633-7118
7962,대전,동구,설계업,일반(전기),청화이엔지(주),이재옥,34574,"대전광역시 동구 가양로132번길 19 , 3층(가양동)",042-334-0500
7963,대전,동구,설계업,일반(기계),태윤 엔지니어링,김윤태,34677,"대전광역시 동구 판암로 15 , 3층 301호(판암동)",042-282-6934
7964,대전,동구,설계업,전문,(자)승인기술사,고영필,34519,"대전광역시 동구 대학로 62-29 , 지하1층(용운동)",042-525-3119
7965,대전,서구,설계업,"일반(전기),일반(기계)",주식회사 건일엔지니어링,길상원,35263,"대전광역시 서구 계룡로583번길 49 203호(탄방동, 젠트리움)",042-522-3760
7966,대전,서구,설계업,"일반(전기),일반(기계)",(주)삼인엔지니어링,김봉환,35303,"대전광역시 서구 용문로 89-39 (용문동, 해피투게더 102호)",042-222-7356
7967,대전,서구,설계업,"일반(전기),일반(기계)",동아ENG,"유승오,이우용",35414,"대전광역시 서구 복수남로 5 202호(복수동,K빌딩)",042-586-0002
7968,대전,서구,설계업,"일반(전기),일반(기계)",한결엔지니어링,박종운,35385,"대전광역시 서구 가수원로 97 , 3층 302호(가수원동, 금원빌딩)",042-524-1119
7969,대전,서구,설계업,전문,(주)우송방재,장상욱,35279,"대전광역시 서구 계룡로232번길 174 (월평동,2층)",042-861-8660
7970,대전,서구,설계업,"일반(전기),일반(기계)",(주)온누리이엔지,김봉무,35286,"대전광역시 서구 동서대로 993 , 2층(내동)",042-527-0120
7971,대전,서구,설계업,일반(전기),주식회사 아원전기,김기원,35380,대전광역시 서구 구봉산북로280번길 16-13 (관저동) 1층,042-637-4579
7972,대전,서구,설계업,"일반(전기),일반(기계)",대전방재,한상균,35390,"대전광역시 서구 가수원중로57번길 5 ,103호(가수원동)",042-532-1119
7973,대전,서구,설계업,일반(기계),태화종합기술,"원대희,진용석",35263,대전광역시 서구 문정로90번길 67 (탄방동),042-483-6670
7974,대전,서구,설계업,일반(기계),에이펙엔지니어링,김영진,35227,대전광역시 서구 신갈마로 262 (갈마동),042-488-1965
7975,대전,서구,설계업,"일반(전기),일반(기계)",(주)도원엔지니어링건축사사무소,"이강희,손정숙,최철순",35270,대전광역시 서구 계룡로 390 (갈마동),042-521-2100
7976,대전,서구,설계업,일반(전기),율삼엔지니어링(주),문희선,35265,"대전광역시 서구 대덕대로168번길 22 (갈마동, 위너스빌2) 201호",042-531-6311
7977,대전,서구,설계업,"일반(전기),일반(기계)",세중이엔씨,임창은,35346,"대전광역시 서구 배재로 155-7 , 3층 2호(도마동, 경남상가)",042-639-6497
7978,대전,서구,설계업,일반(기계),성도설비설계사무소,김재성,35203,"대전광역시 서구 둔산대로117번길 44 ,엑스포오피스텔 419호(만년동)",042-471-2281
7979,대전,서구,설계업,"일반(전기),일반(기계)",(주)건국엔지니어링,"이평구,김기만",35394,"대전광역시 서구 정림로 78-14 ,4층(정림동)",042-533-9355
7980,대전,서구,설계업,"일반(전기),일반(기계)",미래방재시스템,박재성,35377,"대전광역시 서구 계백로828번길 22-6 , 101호(관저동)",042-368-1380
7981,대전,서구,설계업,"일반(전기),일반(기계)",주식회사 성일소방산업,육성일,35361,"대전광역시 서구 봉우로56번길 15-18 , 101호(관저동)",042-623-0119
7982,대전,서구,설계업,일반(전기),일렉트로컨설팅,정동학,35263,"대전광역시 서구 계룡로583번길 55 ,B106호 (탄방동)",042-221-8800
7983,대전,서구,설계업,일반(전기),주식회사 동천아이엔씨,김보선,35399,대전광역시 서구 정림로10번길 37-15 (정림동),042-823-5100
7984,대전,서구,설계업,일반(기계),온정건설산업(주),조성덕,35390,대전광역시 서구 가수원로 35 (가수원동),042-633-6119
7985,대전,서구,설계업,"일반(전기),일반(기계)",신영이엔씨 주식회사,유승용,35377,"대전광역시 서구 구봉산북로16번길 4 , 3층(관저동)",042-721-5383
7986,대전,서구,설계업,일반(기계),은성이엔지,강형구,35311,"대전광역시 서구 갈마로 329 , 4층 402호 주화빌딩 402호(가장동)",042-522-6260
7987,대전,서구,설계업,"일반(전기),일반(기계)",지우엔지니어링,유현주,35277,"대전광역시 서구 신갈마로155번길 33 , 3층(갈마동)",042-322-9119
7988,대전,서구,설계업,"일반(전기),일반(기계)",다온이엔씨,김관수,35230,"대전광역시 서구 갈마역로 10 , 203호(둔산동, 두양리체스)",042-488-7429
7989,대전,유성구,설계업,"일반(전기),일반(기계)",주식회사 합동전기,최재익,34179,"대전광역시 유성구 도안대로567번길 10 , 201호(봉명동)",042-538-7770
7990,대전,유성구,설계업,일반(기계),이케이네이션 주식회사,백정준,34202,"대전광역시 유성구 복용동로 43 ,(복용동) 4층 에프435호",042-477-3972
7991,대전,유성구,설계업,전문,주식회사 한국가스기술공사,조용돈,34007,대전광역시 유성구 대덕대로 1227 (봉산동),042-600-8067
7992,대전,유성구,설계업,"일반(전기),일반(기계)",태양기술단(주),조춘영,34165,대전광역시 유성구 장대로 72 3층(장대동),042-522-3677
7993,대전,유성구,설계업,"일반(전기),일반(기계)",마이크로닉시스템 주식회사,"김홍래,김환배",305-328,대전광역시 유성구 죽동로 65 (죽동),042-223-8000
7994,대전,유성구,설계업,"일반(전기),일반(기계)",백제이엔지,이병진,34159,"대전광역시 유성구 학하중앙로 60 , 505동 5층 504호(덕명동, 유성 숲 오투그란데3차)",042-824-1157
7995,대전,유성구,설계업,일반(기계),미래이앤씨,조한섭,34165,"대전광역시 유성구 유성대로 791 , 3층 301호(장대동,삐아네따빌딩)",042-532-8961
7996,대전,유성구,설계업,전문,(주)스마트소방,"이수상,김기욱",34036,"대전광역시 유성구 테크노2로 340 ,1동(탑립동)",042-934-1190
7997,대전,유성구,설계업,"일반(전기),일반(기계)",코스타이엔지(주),이민구,34162,대전광역시 유성구 복용로40번길 26 (복용동),042-256-4500
7998,대전,유성구,설계업,일반(기계),(주)금강건축설비이엔지,박재범,34168,"대전광역시 유성구 대학로 31 , 11층 1206호(봉명동, 한진리조트)",042-532-0574
7999,대전,유성구,설계업,"일반(전기),일반(기계)",주식회사 스탠더드시험연구소,"박준현,박혜영",34129,"대전광역시 유성구 가정로 168 신관4층(가정동, 케이티북대전지점)",042-867-6453
8000,대전,유성구,설계업,"일반(전기),일반(기계)",소방하는사람들,박동이,34087,"대전광역시 유성구 은구비남로7번길 16 ,306호(지족동, FM랜드빌딩)",042-861-1190
8001,대전,유성구,설계업,"일반(전기),일반(기계)",(주)지아이이엔지니어링,홍경표,34070,"대전광역시 유성구 지족북로 76 , 지아빌딩2층 (지족동)",042-537-3663
8002,대전,유성구,설계업,"일반(전기),일반(기계)",호현소방,이준철,34016,"대전광역시 유성구 테크노3로 65 , 5층 513호(관평동, 한신에스메카)",042-622-3119
8003,대전,유성구,설계업,전문,주식회사 케이제이기술사이앤씨,"정미연,윤기진",34165,"대전광역시 유성구 유성대로 801 , 2층(장대동)",042-822-6789
8004,대전,중구,설계업,"일반(전기),일반(기계)",(주)나래엔지니어링,한상민,35084,"대전광역시 중구 성산로3번길 32-10 , 2층(안영동)",042-527-1997
8005,대전,중구,설계업,일반(전기),(주)기술사사무소한빛기술단,유만수,35054,대전광역시 중구 보문산로 116 (산성동),042-531-3103
8006,대전,중구,설계업,일반(전기),(주)남양이엔지,조원용,34840,"대전광역시 중구 동서대로1440번길 5 203호(선화동, 아르젠)",042-483-1991
8007,대전,중구,설계업,일반(전기),주식회사 영인전기설계감리,이창덕,34994,대전광역시 중구 문화로46번길 9 (산성동),042-348-5228
8008,대전,중구,설계업,"일반(전기),일반(기계)",에스텍엔지니어링,김대영,34909,"대전광역시 중구 계백로 1719 , 1816호(오류동, 센트리아오피스텔)",042-537-5119
8009,세종,세종시,설계업,"일반(전기),일반(기계)",(주)미래이엔지,이규진,30016,세종특별자치시 조치원읍 안터길 105 .,044-998-6460
8010,세종,세종시,설계업,일반(전기),(주)한국이알이시,이성욱,30130,"세종특별자치시  한누리대로 193 ,제1동 403호 (나성동,참미르빌딩)",070-7493-6900
8011,세종,세종시,설계업,"일반(전기),일반(기계)",한빛소방 주식회사,"박미숙,하성민",30150,"세종특별자치시 한누리대로 2003 ,1동 605호(소담동, 펠리체타워3)",044-868-1196
8012,세종,세종시,설계업,전문,주식회사 강철소방엔지니어링,"신태수,주미자",30083,"세종특별자치시 금남면 성덕영곡길 26 , 1층",044-867-1193
8013,울산,남구,설계업,"일반(전기),일반(기계)",주식회사 이지스소방,"박준길,박형열",44703,울산광역시 남구 왕생로 97  3층(달동),052-208-6325
8014,울산,남구,설계업,일반(전기),세종엔지니어링,김동면,44683,울산광역시 남구 중앙로258번길 13-1 (신정동) .,052-266-6365
8015,울산,남구,설계업,전문,(주)한솔이엔지,강명성,44716,울산광역시 남구 산업로 625 (삼산동),052-227-7355
8016,울산,남구,설계업,"일반(전기),일반(기계)",가나테크,김재현,44760,울산광역시 남구 번영로 34-1 2층(야음동),052-227-8819
8017,울산,남구,설계업,"일반(전기),일반(기계)",울산소방기술(주),김경수,44688,울산광역시 남구 신정로 108 (신정동),052-260-7212
8018,울산,남구,설계업,"일반(전기),일반(기계)",(주)한진엔지니어링,박종욱,44673,울산광역시 남구 봉월로60번길 33 (신정동),052-265-1235
8019,울산,남구,설계업,"일반(전기),일반(기계)",삼두종합기술(주),최영수,44776,울산광역시 남구 테크노산업로29번길 76 (두왕동) .,052-270-2700
8020,울산,남구,설계업,"일반(전기),일반(기계)",(주)명성이엔지,이상용,44715,울산광역시 남구 화합로134번길 13 4층(삼산동),052-294-6118
8021,울산,남구,설계업,"일반(전기),일반(기계)",주식회사 화인씨앤엠,양청미,44776,울산광역시 남구 테크노산업로55번길 37-6 (두왕동) .,052-239-8600
8022,울산,남구,설계업,"일반(전기),일반(기계)",진엔지니어링,엄진형,44776,"울산광역시 남구 테크노산업로55번길 79-19 , 1층 (두왕동)",052-261-7711
8023,울산,남구,설계업,"일반(전기),일반(기계)",에코이엔지 주식회사,이제익,44715,"울산광역시 남구 정동로60번길 8 , 3층(삼산동)",052-260-9240
8024,울산,남구,설계업,"일반(전기),일반(기계)",(주)건호이엔씨,정성호,44783,울산광역시 남구 용잠로74번길 48 (부곡동),052-268-0294
8025,울산,북구,설계업,"일반(전기),일반(기계)",현대방재엔지니어링(주),문장열,44239,울산광역시 북구 사청1길 9 (화봉동) .,052-287-9112
8026,울산,북구,설계업,일반(전기),(주)한국공정안전환경센터,김명일,44254,울산광역시 북구 명촌21길 10-16 (진장동),052-256-5109
8027,울산,울주군,설계업,"일반(전기),일반(기계)",(주)보명엔지니어링,이동철,44985,울산광역시 울주군 청량읍 상남길 6-9 (상남리),052-287-7179
8028,울산,울주군,설계업,일반(기계),(주)양수금속,오창수,44993,울산광역시 울주군 온산읍 처용산업1길 76-6 .,052-256-7901
8029,울산,울주군,설계업,"일반(전기),일반(기계)",(주)한국인엔지니어링,정상인,44933,"울산광역시 울주군 범서읍 굴화2길 32-5 ,2층",052-260-7831
8030,울산,중구,설계업,전문,탑이앤지(주),최성우,44422,"울산광역시 중구 성안로 147 3층 (성안동,신광빌딩)",052-710-3119
8031,울산,중구,설계업,"일반(전기),일반(기계)",하나엔지니어링,정진학,44505,"울산광역시 중구 내황7길 71 (반구동, 해븐에이레네) 201호",052-292-0711
8032,울산,중구,설계업,"일반(전기),일반(기계)",(주)케이플랜,김수강,44472,"울산광역시 중구 평산로 8 , 201호(약사동)",052-285-1116
8033,울산,중구,설계업,"일반(전기),일반(기계)",와이에스 엔지니어링,구태연,44511,"울산광역시 중구 서원4길 4 , 101호(복산동)",070-5143-7858
8034,경기(남),과천시,설계업,"일반(전기),일반(기계)",(주)누리앤소방전기안전,"이귀연,우외석",13840,"경기도 과천시 과천대로7길 33 , 에이동 1408호(갈현동, 과천디테크타워)",02-6929-4334
8035,경기(남),과천시,설계업,전문,(주)서정이앤지,"이동용,김종분",13840,"경기도 과천시 과천대로7길 33 , 공장비동 7층 0712호(갈현동, 과천 디테크타워))",02-507-1190
8036,경기(남),과천시,설계업,전문,대평엔지니어링(주),박종환,13840,"경기도 과천시 과천대로7길 33 , 에이동 1109호,1112호(갈현동, 디테크타워)",02-417-5114
8037,경기(남),과천시,설계업,"일반(전기),일반(기계)",(주)디엠이엔지종합건축사사무소,김경옥,13840,"경기도 과천시 과천대로7나길 37 , 1301호(갈현동)",02-729-9705
8038,경기(남),과천시,설계업,"일반(전기),일반(기계)",(주)세움이앤씨건축사사무소,조용문,13840,"경기도 과천시 과천대로7나길 37 , 701호(갈현동)",02-507-8051
8039,경기(남),과천시,설계업,"일반(전기),일반(기계)",(주)선진엔지니어링종합건축사사무소,"유태원,배성진",13840,"경기도 과천시 과천대로7길 20 , 비타워 5층,6층(갈현동, 과천 스마트케이 업무시설)",02-2670-5505
8040,경기(남),과천시,설계업,"일반(전기),일반(기계)",주식회사 신원기술단,박경종,13840,"경기도 과천시 과천대로7나길 37 , 5층 501호(갈현동, 디엠빌딩)",02-514-7572
8041,경기(남),과천시,설계업,전문,(주)디이테크설비컨설턴트,"권현철,조권호",13840,"경기도 과천시 과천대로7길 33 , 공장비동 1007호(갈현동, 디 테크 타워과천)",02-6405-9313
8042,경기(남),과천시,설계업,"일반(전기),일반(기계)",(주)삼안,최동식,13837,경기도 과천시 별양상가3로 5 4~6층(별안동),02-6488-8000
8043,경기(남),과천시,설계업,일반(전기),지디엔지니어링(주),박지수,13840,"경기도 과천시 과천대로7길 33 , 에이동 1112호(갈현동, 디테크타워)",02-417-5114
8044,경기(남),광명시,설계업,전문,(주)거산이앤지,"이용철,이경화",14322,"경기도 광명시 소하로 190 , 에이동 1206, 1210, 1211, 1212, 1213, 1214, 1215, 1216호(소하동, 광명지타워)",02-846-3119
8045,경기(남),광명시,설계업,"일반(전기),일반(기계)",(주)공간이엔지,홍사근,14322,"경기도 광명시 하안로 60 , 이동 904호(소하동, 광명테크노파크)",02-6112-3600
8046,경기(남),광명시,설계업,전문,(주)지엠이앤에스,김완섭,14322,"경기도 광명시 하안로 60 , 디-1209(소하동, 광명테크노파크)",02-844-8588
8047,경기(남),광명시,설계업,"일반(전기),일반(기계)",주식회사 한국소방이엔지,송진호,14303,"경기도 광명시 오리로651번길 5 , 제4층 405호(하안동, 프라임모터스)",02-869-0119
8048,경기(남),광명시,설계업,"일반(전기),일반(기계)",건우엔지니어링,윤원하,14353,"경기도 광명시 덕안로104번길 17 , 7층 2호(일직동, M클러스터)",02-862-7139
8049,경기(남),광명시,설계업,"일반(전기),일반(기계)",주식회사 한양전설,이인호,14303,"경기도 광명시 오리로651번길 8 , 1028호(하안동, 현대테라타워광명)",070-8833-0711
8050,경기(남),광명시,설계업,"일반(전기),일반(기계)",(주)피에프이에스,박하현,14322,"경기도 광명시 하안로 60 , 디동 1502호(소하동, 광명테크노파크)",02-897-4507
8051,경기(남),광명시,설계업,"일반(전기),일반(기계)",강산이엔씨(주),"정원진,장영수",14348,"경기도 광명시 새빛공원로 67 , 19층 비1904호(일직동, 광명역자이타워)",02-6299-7770
8052,경기(남),광명시,설계업,전문,예원,권태희,14303,"경기도 광명시 범안로996번길 6 , 7층 712,713호(하안동, 광명티아모IT타워)",02-898-0958
8053,경기(남),광명시,설계업,전문,사단법인 국가화재평가원,전성호,14353,"경기도 광명시 일직로 43 , 비동 2211호(일직동, 지아이디씨)",070-4482-0116
8054,경기(남),광주시,설계업,"일반(전기),일반(기계)",(주)케이엠에스,김용한,12767,경기도 광주시 고불로 458 (삼동),031-763-3119
8055,경기(남),광주시,설계업,"일반(전기),일반(기계)",라인비엔텍(주),성복희,12744,경기도 광주시 중앙로175번길 4 (송정동),031-765-2565
8056,경기(남),광주시,설계업,전문,(주)라인이엔씨,홍순균,12739,"경기도 광주시 중앙로319번길 10-27 (송정동, 부영빌딩2층)",031-761-0636
8057,경기(남),광주시,설계업,"일반(전기),일반(기계)",주식회사 올바로,이승현,12773,"경기도 광주시 오포읍 창뜰윗길 21-11 , 2층",031-717-3119
8058,경기(남),광주시,설계업,"일반(전기),일반(기계)",(주)수성전기,이영곤,12758,"경기도 광주시 중앙로 108 , 7층(경안동, 스타타워)",031-769-4375
8059,경기(남),군포시,설계업,일반(기계),(주)차림설계기술,김종환,15846,경기도 군포시 산본로48번길 18 (당정동) 4층,02-3679-8570
8060,경기(남),군포시,설계업,전문,(주)삼주이앤지,"김대영,박진희",15880,"경기도 군포시 번영로28번길 37-12 , 402-1호(부곡동, 거성프라자1)",031-341-1190
8061,경기(남),군포시,설계업,"일반(전기),일반(기계)",(주)에이원방재산업,조보훈,15829,"경기도 군포시 산본로324번길 8 , 206호(금정동, 동영센트럴타워)",031-393-0042
8062,경기(남),군포시,설계업,"일반(전기),일반(기계)",(주)대왕엔지니어링,이성희,15871,경기도 군포시 용호1로 56 (당동) 대림프라자 3층 303호,031-391-4461
8063,경기(남),군포시,설계업,"일반(전기),일반(기계)",주식회사 청강이연기술,이국연,15849,경기도 군포시 당정로28번길 17 (당정동),070-5088-2907
8064,경기(남),김포시,설계업,"일반(전기),일반(기계)",한강방재(주),박득순,10090,"경기도 김포시 태장로 789 , 665호(장기동, 금광하이테크시티)",031-987-7119
8065,경기(남),김포시,설계업,"일반(전기),일반(기계)",주식회사 지에프아이,이상섭,10048,"경기도 김포시 양촌읍 황금3로39번길 20-42 ,",070-4493-8076
8066,경기(남),김포시,설계업,"일반(전기),일반(기계)",주식회사 동호이엔씨,김현진,10090,"경기도 김포시 태장로795번길 23 , 329호(장기동, 김포마스터비즈파크)",031-997-8182
8067,경기(남),부천시,설계업,전문,주식회사 이래엠이씨,김미자,14552,경기도 부천시 원미구 부천로209번길 41 (춘의동),032-665-8154
8068,경기(남),부천시,설계업,전문,(주)건일엠이씨,남상윤,14548,"경기도 부천시 원미구 중동로254번길 64  (중동 신일아르디세 208,203호)",032-652-4059
8069,경기(남),부천시,설계업,"일반(전기),일반(기계)",(주)대일티이씨,김효진,14449,"경기도 부천시 석천로 397 , 401동 608호(삼정동, 부천테크노파크쌍용3차)",032-624-4330
8070,경기(남),부천시,설계업,"일반(전기),일반(기계)",경인소방이엔지,오수현,14441,"경기도 부천시 오정구 산업로7번길 31 , 2층 사무실 일부(오정동)",032-656-6119
8071,경기(남),부천시,설계업,"일반(전기),일반(기계)",대아기술단,윤성권,14531,"경기도 부천시 정주로 53 , 7층 711호(약대동)",032-324-1538
8072,경기(남),부천시,설계업,"일반(전기),일반(기계)",(주)유진이엔씨,이성빈,14558,"경기도 부천시 조마루로385번길 92 , 8층 829호, 830호(원미동, 부천테크노밸리 유1센터)",032-214-6900
8073,경기(남),부천시,설계업,"일반(전기),일반(기계)",(주)반석이레기술단,황종일,14553,"경기도 부천시 부천로185번길 15 , 3층(춘의동, 대종빌딩)",032-327-5014
8074,경기(남),부천시,설계업,전문,한길이앤씨,임준순,14623,"경기도 부천시 부일로233번길 18 , 4층 402-108호(상동, 송내프라자)",031-486-8119
8075,경기(남),부천시,설계업,"일반(전기),일반(기계)",으뜸방재ENG,이성학,14556,"경기도 부천시 조마루로385번길 122 , B151호(춘의동, 삼보테크노타워)",070-7842-8810
8076,경기(남),부천시,설계업,"일반(전기),일반(기계)",주식회사 테크로스워터앤에너지,윤혁노,14523,경기도 부천시 도약로 261 (도당동),032-680-0500
8077,경기(남),부천시,설계업,일반(전기),(주)인호기술단,심판섭,14548,"경기도 부천시 중동로254번길 36 , 4층 407호(중동, 하이베라스)",032-328-6393
8078,경기(남),부천시,설계업,"일반(전기),일반(기계)",주식회사 서영티이씨,김미옥,14727,"경기도 부천시 중동로 36 , 4층 402호(송내동)",032-657-7855
8079,경기(남),부천시,설계업,일반(전기),(주)애니파워이앤씨,최군선,14723,"경기도 부천시 경인로 121 , 가동 3층 4호(송내동, 삼정프라자)",032-612-2266
8080,경기(남),부천시,설계업,전문,주식회사 건일이엔지,문희준,14548,"경기도 부천시 중동로254번길 64 , 203호(중동, 신일아르디세)",032-652-4059
8081,경기(남),부천시,설계업,"일반(전기),일반(기계)",주식회사 대호이엔씨,김영숙,14457,"경기도 부천시 부천로436번길 69 , 나동 2층(내동)",032-671-0119
8082,경기(남),성남시,설계업,"일반(전기),일반(기계)",(주)도원방재,"김근배,신근배",13446,경기도 성남시 수정구 사송로 65 (사송동),031-626-2834
8083,경기(남),성남시,설계업,일반(전기),(주)동우방재,김재모,13209,"경기도 성남시 중원구 사기막골로45번길 14 , 비-1203(상대원동, 성남우림라이온스밸리2차)",031-726-7119
8084,경기(남),성남시,설계업,"일반(전기),일반(기계)",경기소방전기(주),한동현,13550,"경기도 성남시 분당구 대왕판교로 287 (궁내동) 궁내빌딩 가동 304,305호",031-713-3550
8085,경기(남),성남시,설계업,전문,벽산엔지니어링(주),김도영,13503,경기도 성남시 분당구 벌말로50번길 41 4층(야탑동),02-767-5645
8086,경기(남),성남시,설계업,전문,(주)신담엔지니어링,"최준호,김종열,김철규",13112,"경기도 성남시 수정구 복정로 97 , 5층(복정동)",02-414-7745
8087,경기(남),성남시,설계업,"일반(전기),일반(기계)",(주)아이비엔지니어링,박흥순,13282,"경기도 성남시 수정구 수정로 219-1 , 4층(태평동)",02-497-2645
8088,경기(남),성남시,설계업,전문,일강엔지니어링(주),변융태,13466,"경기도 성남시 분당구 운중로138번길 7-1 , 2층(운중동)",031-8017-1010
8089,경기(남),성남시,설계업,"일반(전기),일반(기계)",주식회사 원이엔씨,임형관,13647,"경기도 성남시 수정구 위례서일로 26 , 라크리움 제10층 제1009호(창곡동)",02-404-8976
8090,경기(남),성남시,설계업,일반(전기),(주)동방방재시스템,김종서,13207,"경기도 성남시 중원구 사기막골로 124 , 에스케이테크노파크 비즈동 904호",031-776-3027
8091,경기(남),성남시,설계업,"일반(전기),일반(기계)",대도엔지니어링,김종욱,13363,"경기도 성남시 중원구 광명로 68 , 307호(성남동, 대신빌딩)",031-755-2143
8092,경기(남),성남시,설계업,일반(전기),(주)이레전기이엔씨,장상진,13308,경기도 성남시 수정구 성남대로 1262 (태평동) 삼우빌딩 7층,031-723-9193
8093,경기(남),성남시,설계업,전문,(주)서영엔지니어링,김종흔,13595,"경기도 성남시 분당구 황새울로 246 (수내동,도담빌딩)",02-6915-7083
8094,경기(남),성남시,설계업,"일반(전기),일반(기계)",(주)소명이엔지,조성식,13511,"경기도 성남시 분당구 판교로715번길 3 , 4층(야탑동)",031-781-6164
8095,경기(남),성남시,설계업,"일반(전기),일반(기계)",주식회사 케이파워이엔씨,이경엽,13506,"경기도 성남시 분당구 성남대로916번길 11 , 703호(야탑동, 글라스타워)",031-605-3200
8096,경기(남),성남시,설계업,"일반(전기),일반(기계)",이알티엔지니어링 주식회사,전우수,13486,"경기도 성남시 분당구 판교로 253 , 비동 404호(삼평동, 판교이노밸리)",031-8018-8988
8097,경기(남),성남시,설계업,"일반(전기),일반(기계)",유원이앤에프(주),이광흠,13229,"경기도 성남시 중원구 둔촌대로 464 505호(상대원동,드림테크노)",031-737-6900
8098,경기(남),성남시,설계업,일반(기계),유노빅스이엔씨 주식회사,김한준,13494,"경기도 성남시 분당구 대왕판교로 660 , 에이동 707호(삼평동,유스페이스1)",031-625-4540
8099,경기(남),성남시,설계업,"일반(전기),일반(기계)",(주)제이아이소방엔지니어링,이승희,13356,"경기도 성남시 중원구 광명로 71 1005호(성남동, 현대그린타운)",031-755-1190
8100,경기(남),성남시,설계업,"일반(전기),일반(기계)",(주)호성엔지니어링,이병희,13201,"경기도 성남시 중원구 갈마치로 302 , 제15층 제비-1507호(상대원동, 성남우림라이온스밸리5차)",031-733-9110
8101,경기(남),성남시,설계업,일반(전기),주식회사 에이치디에프,김은영,13506,"경기도 성남시 분당구 성남대로916번길 7 , 605호(야탑동, 서일빌딩)",031-781-9572
8102,경기(남),성남시,설계업,"일반(전기),일반(기계)",(주)구방엔지니어링건축사사무소,김용담,13439,"경기도 성남시 중원구 양현로405번길 5 , 제3층 308호(여수동, 신야탑푸르지오시티1)",031-721-2500
8103,경기(남),성남시,설계업,"일반(전기),일반(기계)",(주)승진이엠씨,이명근,13506,"경기도 성남시 분당구 성남대로926번길 12 , 410호(야탑동, 금탑프라자)",02-586-9418
8104,경기(남),성남시,설계업,"일반(전기),일반(기계)",현대중공업파워시스템 주식회사,윤경은,13591,"경기도 성남시 분당구 황새울로360번길 27 , 10층(서현동, 센터포인트서현빌딩)",031-220-9517
8105,경기(남),성남시,설계업,"일반(전기),일반(기계)",(주)다음기술단,박철,13493,"경기도 성남시 분당구 판교역로 240 , 에이동 309호(삼평동, 삼환하이펙스)",031-698-2288
8106,경기(남),성남시,설계업,전문,주식회사 익스플래니트,"김혜진,이정숙",13636,"경기도 성남시 분당구 성남대로43번길 10 , 8층 804호(구미동, 하나이지타워)",031-222-9492
8107,경기(남),성남시,설계업,전문,(주)다온엔지니어링,박동준,13403,"경기도 성남시 중원구 둔촌대로 388 , 제10층 1011호(상대원동, 크란츠테크노)",031-733-1330
8108,경기(남),성남시,설계업,"일반(전기),일반(기계)",(주)삼의공영,변윤재,13210,"경기도 성남시 중원구 사기막골로 52 , 408호(상대원동, 선텍시티2)",031-732-2091
8109,경기(남),성남시,설계업,전문,주식회사 코센,임영하,13403,"경기도 성남시 중원구 둔촌대로 388 , 13층(상대원동, 크란츠테크노빌딩)",031-777-8513
8110,경기(남),성남시,설계업,"일반(전기),일반(기계)",(주)동도이엔지,권회순,13308,"경기도 성남시 수정구 성남대로 1262 , 7층(태평동, 삼우빌딩)",070-7671-5001
8111,경기(남),성남시,설계업,일반(전기),(주)파워토스,남재경,13207,"경기도 성남시 중원구 사기막골로 124 , 에스케이엔테크노파크 비즈동 비 117호(상대원동)",070-5005-5007
8112,경기(남),성남시,설계업,"일반(전기),일반(기계)",소리나소방,이승명,13385,"경기도 성남시 중원구 둔촌대로 114 , 3층(하대원동)",031-757-0119
8113,경기(남),수원시,설계업,전문,(주)대경기술단,엄정일,16494,"경기도 수원시 팔달구 중부대로 177 , 1001호(우만동, 송림빌딩10층)",031-214-4949
8114,경기(남),수원시,설계업,"일반(전기),일반(기계)",에스엠이서브텍(주),남형열,16675,"경기도 수원시 영통구 신원로 306 , 1동 713호(원천동, 영통 이노플렉스-1단지)",031-8017-2119
8115,경기(남),수원시,설계업,전문,(주)우보엔지니어링,홍승국,16481,"경기도 수원시 팔달구 장다리로 252 , 2층(인계동)",031-234-7872
8116,경기(남),수원시,설계업,일반(기계),(주)우림엠이씨,조경수,16229,"경기도 수원시 영통구 창룡대로256번길 77 , 에이스광교타워3차 308호(이의동)",031-898-9222
8117,경기(남),수원시,설계업,"일반(전기),일반(기계)",(주)동명기술단,권기준,16579,경기도 수원시 권선구 장다리로 37  (세류동) ,031-232-7747
8118,경기(남),수원시,설계업,전문,(주)대명기술단,한동수,16489,"경기도 수원시 팔달구 인계로 140 6층(인계동, 시안프라자)",031-223-1943
8119,경기(남),수원시,설계업,"일반(전기),일반(기계)",경기엔지니어링(주),"이원섭,김향남",16456,경기도 수원시 팔달구 향교로 71-1 (매산로3가),031-271-0120
8120,경기(남),수원시,설계업,전문,(주)수양엔지니어링,"박상일,김은배",16685,경기도 수원시 영통구 태장로7번길 6-1 (망포동 쌍용3차상가2동2층),031-273-4818
8121,경기(남),수원시,설계업,"일반(전기),일반(기계)",(주)한국전기설계감리기술단,"조원식,박재헌",16487,"경기도 수원시 팔달구 권광로 275-7 , 3층(인계동)",02-3012-2600
8122,경기(남),수원시,설계업,전문,원일이엔지,김미경,16685,"경기도 수원시 영통구 태장로7번길 6-1 , 2층 201호(망포동)",031-203-5388
8123,경기(남),수원시,설계업,"일반(전기),일반(기계)",주식회사 해원기술단,이승호,16679,"경기도 수원시 영통구 영통로 237 , 508호(신동, 에이스하이엔드타워)",070-4760-9100
8124,경기(남),수원시,설계업,"일반(전기),일반(기계)",주식회사 아인인트로,전은서,16580,"경기도 수원시 권선구 경수대로 301 , 성림빌딩 5층(세류동)",031-217-8682
8125,경기(남),수원시,설계업,일반(기계),주식회사 성림엔지니어링,서에녹,16675,"경기도 수원시 영통구 신원로250번길 13 , 비동 1318호(원천동, 현대테라타워영통지식산업센타)",070-9193-5971
8126,경기(남),수원시,설계업,"일반(전기),일반(기계)",주식회사 정찬,홍기영,16580,"경기도 수원시 권선구 경수대로 301 , 7층(세류동, 성림빌딩)",031-238-6860
8127,경기(남),수원시,설계업,"일반(전기),일반(기계)",(주)정찬기술단,"김준곤,이효빈",16490,"경기도 수원시 팔달구 효원로235번길 46-9 , 4층(인계동)",031-8058-4749
8128,경기(남),수원시,설계업,"일반(전기),일반(기계)",(주)지엔티,임종복,16507,"경기도 수원시 영통구 센트럴타운로 103 , 208호,209호(이의동)",02-863-0045
8129,경기(남),수원시,설계업,일반(전기),주식회사 티제이엔지니어링,김정미,16508,"경기도 수원시 영통구 도청로 10 , 비동 404호(이의동, 광교센트럴푸르지오시티)",031-8028-0703
8130,경기(남),수원시,설계업,"일반(전기),일반(기계)",예일엔지니어링 기술사사무소,김명순,16602,"경기도 수원시 권선구 권선로 308-18 , 지원상가동 3층 303호(고색동, 수원종합공구단지)",031-297-6004
8131,경기(남),수원시,설계업,전문,(주)비전엔지니어링,"이현수,고영현",16675,"경기도 수원시 영통구 신원로 306 , 1동 1-102호 1-103호 1-104호 1-비401호 1-비402호(원천동, 영통이노플렉스-1단지)",031-8002-3450
8132,경기(남),수원시,설계업,"일반(전기),일반(기계)",주식회사 한국티이씨,"김광연,임재실",16226,"경기도 수원시 영통구 대학4로 17 , 316에이호(이의동, 에이스광교타워1차)",02-6952-0699
8133,경기(남),시흥시,설계업,"일반(전기),일반(기계)",(주)동광씨앤에스,김경식,15079,"경기도 시흥시 마유로 226 , 비동 412호(정왕동, 파인힐)",031-316-7119
8134,경기(남),시흥시,설계업,"일반(전기),일반(기계)",삼호소방,윤근태,15080,"경기도 시흥시 협력로 281  D-110(정왕동,메가폴리스)",031-433-7119
8135,경기(남),시흥시,설계업,"일반(전기),일반(기계)",제일방재 주식회사,박창수,14931,"경기도 시흥시 매화산단2길 37 , 3층 2호(도창동)",031-448-7119
8136,경기(남),시흥시,설계업,"일반(전기),일반(기계)",바른소방 주식회사,이준범,14905,경기도 시흥시 복지로63번길 4-11 (대야동),031-311-4441
8137,경기(남),시흥시,설계업,전문,주식회사 신한티이씨,정진산,15012,"경기도 시흥시 서울대학로 59-47 , 926호(정왕동, 엠-플러스테크노)",031-431-0210
8138,경기(남),시흥시,설계업,전문,주식회사 광명엔지니어링건축사사무소,허태섭,14998,"경기도 시흥시 새재로 3 , 119호,120호, 121호, 122호, 123호(장현동, 장현2엔플러스빌)",031-317-3411
8139,경기(남),시흥시,설계업,"일반(전기),일반(기계)",주식회사 서원이엔지,"강주석,최민영",14994,"경기도 시흥시 광석천길 18 , 1040호(광석동, 광양프런티어밸리8차)",031-504-9234
8140,경기(남),시흥시,설계업,일반(전기),동부전기안전 주식회사,박선수,14911,"경기도 시흥시 수인로3312번길 16 , 티동 5층 티702호(대야동, 시흥 센트럴 푸르지오)",031-404-1141
8141,경기(남),시흥시,설계업,"일반(전기),일반(기계)",주식회사 하나소방,문희천,15103,"경기도 시흥시 공단1대로 244 , 4동 303호(정왕동)",031-499-1192
8142,경기(남),안산시,설계업,"일반(전기),일반(기계)",경원에프앤씨(주),배영탁,15406,경기도 안산시 단원구 바라지길 26-10 (신길동) .,031-419-2119
8143,경기(남),안산시,설계업,"일반(전기),일반(기계)",(주)협진엔지니어링,"조중현,조민호",15360,"경기도 안산시 단원구 고잔로 76  8층 3호(고잔동,영풍맘모스프라자)",031-482-0267
8144,경기(남),안산시,설계업,"일반(전기),일반(기계)",거양전기(주),김재근,15440,"경기도 안산시 단원구 신촌1길 34 , 1층(초지동)",031-492-1862
8145,경기(남),안산시,설계업,"일반(전기),일반(기계)",(주)화인전설,류옥현,15487,"경기도 안산시 상록구 송호1길 53 , 202호(이동)",031-417-5123
8146,경기(남),안산시,설계업,"일반(전기),일반(기계)",(주)일광,장영석,15489,"경기도 안산시 상록구 이동공원로 33  , 2층(이동)",031-403-6104
8147,경기(남),안산시,설계업,"일반(전기),일반(기계)",(주)한국안전기술단,김용만,15461,"경기도 안산시 단원구 광덕4로 148 , 비동 302호(고잔동,트윈빌딩)",031-483-0287
8148,경기(남),안산시,설계업,"일반(전기),일반(기계)",(주)세신소방엔지니어링,현승순,15628,경기도 안산시 상록구 항가울로 15-1  (사동) ,031-502-4119
8149,경기(남),안산시,설계업,"일반(전기),일반(기계)",대창방재,박정송,15466,"경기도 안산시 단원구 이삭1길 11 , 201호(고잔동)",031-480-7119
8150,경기(남),안산시,설계업,"일반(전기),일반(기계)",(주)유일소방이엔지,안선기,15304,경기도 안산시 상록구 정재로8길 8 (부곡동),031-408-8119
8151,경기(남),안산시,설계업,전문,주식회사 삼주안전기술단,엄태용,15288,"경기도 안산시 상록구 예술광장1로 16 , 502호(월피동, 칠성프라자)",031-453-0445
8152,경기(남),안산시,설계업,"일반(전기),일반(기계)",주식회사 제이에스이엔씨,김정현,15461,"경기도 안산시 단원구 광덕대로 193 , 714호,715호(고잔동, 신양타운)",031-506-8119
8153,경기(남),안산시,설계업,"일반(전기),일반(기계)",주식회사 케이아트엔지니어링종합건축사사무소,이현종,15471,"경기도 안산시 단원구 광덕서로 66 , 508호(고잔동, 하눌법조빌딩)",031-411-4343
8154,경기(남),안산시,설계업,"일반(전기),일반(기계)",하나종우엔지니어링,"박선영,이의연",15461,"경기도 안산시 단원구 광덕대로 193 (고잔동, 신양타운 302호)",031-475-8012
8155,경기(남),안산시,설계업,"일반(전기),일반(기계)",버슘머트리얼즈한양기공 주식회사,"김우규,이경재",15420,경기도 안산시 단원구 해봉로 283 (신길동),031-500-8220
8156,경기(남),안산시,설계업,"일반(전기),일반(기계)",형제소방,김동기,15350,"경기도 안산시 단원구 고잔로 115 , 106동 2501호(고잔동, 안산센트럴 푸르지오)",
8157,경기(남),안성시,설계업,"일반(전기),일반(기계)",국민소방안전(주),김연이,17593,경기도 안성시 강변로 97-3 (성남동),031-671-1773
8158,경기(남),안성시,설계업,"일반(전기),일반(기계)",대영소방기술(주),박민혜,17552,경기도 안성시 공도읍 기업단지로 95 .,031-651-8812
8159,경기(남),안성시,설계업,일반(기계),창신기술 주식회사,"김종원,정상규",17540,"경기도 안성시 대덕면 미륵로 84 ,",031-712-1192
8160,경기(남),안양시,설계업,"일반(전기),일반(기계)",(주)광현이앤씨,김관배,14056,"경기도 안양시 동안구 학의로 282 , 817호(관양동, 금강펜테리움아이티타워)",02-588-7330
8161,경기(남),안양시,설계업,전문,(주)영설계엔지니어링,"하상만,안형국",14056,"경기도 안양시 동안구 학의로 282 , 1520호(관양동, 금강펜테리움)",031-784-0207
8162,경기(남),안양시,설계업,"일반(전기),일반(기계)",와이에스에프에스(주),김종남,14056,"경기도 안양시 동안구 학의로 282 , 1607호(관양동, 금강펜테리움아이티타워)",031-337-5119
8163,경기(남),안양시,설계업,"일반(전기),일반(기계)",(주)동호,오준미,14121,경기도 안양시 동안구 엘에스로 37 (호계동),031-380-8038
8164,경기(남),안양시,설계업,"일반(전기),일반(기계)",고구려방재(주),송광주,13967,"경기도 안양시 만안구 안양로 456  ,2층 (석수동)",031-473-4911
8165,경기(남),안양시,설계업,"일반(전기),일반(기계)",(주)이산,"이원찬,이현상,하수용,한광두",14066,경기도 안양시 동안구 부림로 121 (관양동) 7층,031-389-0114
8166,경기(남),안양시,설계업,"일반(전기),일반(기계)",(주)유신건축종합건축사사무소,"김지덕,김우영",14072,경기도 안양시 동안구 평촌대로227번길 48 (호계동) 6층,031-381-2182
8167,경기(남),안양시,설계업,전문,(주)행림종합건축사사무소,"이용호,박철홍,한규철",13943,경기도 안양시 동안구 흥안대로 516 (관양동),02-526-8000
8168,경기(남),안양시,설계업,전문,(주)선우엔지니어링,김계식,14059,"경기도 안양시 동안구 흥안대로 415 , 426호(평촌동, 두산벤처다임)",031-257-4609
8169,경기(남),안양시,설계업,"일반(전기),일반(기계)",(주)건화,"황규영,김문석,홍경표",14059,경기도 안양시 동안구 흥안대로427번길 38 (관양동) 7층,02-6938-7114
8170,경기(남),안양시,설계업,전문,(주)한길엔지니어링,김대석,14117,"경기도 안양시 동안구 엘에스로 76 , 6층 631, 632호(호계동, 디오밸리)",031-442-2299
8171,경기(남),안양시,설계업,"일반(전기),일반(기계)",(주)경민엔지니어링,김백수,14057,"경기도 안양시 동안구 벌말로 126 , 502호(관양동, 평촌오비즈타워)",031-422-7740
8172,경기(남),안양시,설계업,일반(전기),주식회사 예다,김미연,14058,"경기도 안양시 동안구 벌말로 66 , 3층 에프326호(관양동, 하이필드지식산업센터)",031-421-8195
8173,경기(남),안양시,설계업,전문,(주)남진설비,윤원석,14057,경기도 안양시 동안구 시민대로 401 (관양동) 1807호,031-389-6072
8174,경기(남),안양시,설계업,"일반(전기),일반(기계)",삼보기술단,최규섭,431-080,경기 안양시 동안구 호계동 555-9 국제유통단지 28-207,031-479-4881
8175,경기(남),안양시,설계업,"일반(전기),일반(기계)",(주)엘에이치방재,"임성훈,함재영",14084,"경기도 안양시 만안구 덕천로152번길 25 , 비동 821호,822호,823호,824호(안양동, 안양아이에스비즈타워센트럴)",031-458-1119
8176,경기(남),안양시,설계업,전문,세원엔지니어링(주),"박종성,정성근",14035,"경기도 안양시 만안구 문예로 50 2층(안양동, 한림시티빌)",031-429-2643
8177,경기(남),안양시,설계업,"일반(전기),일반(기계)",(주)자람앤수엔지니어링,오대영,14119,"경기도 안양시 동안구 엘에스로91번길 16-39 , 803호(호계동, 안양아이티밸리)",031-343-0110
8178,경기(남),안양시,설계업,전문,(주)정연엔지니어링,박학용,14059,"경기도 안양시 동안구 흥안대로 415 , 1115호, 1116호(평촌동, 두산벤처다임)",031-456-9666
8179,경기(남),안양시,설계업,"일반(전기),일반(기계)",(주)이도엔지니어링,"최병창,정숙구",14118,"경기도 안양시 동안구 엘에스로 136 , 제13층 제에이-1309-2호(호계동, 금정역2차에스케이브이1타워)",02-564-2711
8180,경기(남),안양시,설계업,"일반(전기),일반(기계)",주식회사 스마트 119,한두영,13967,"경기도 안양시 만안구 석천로198번길 62 , 1층 103호(석수동)",031-471-5119
8181,경기(남),안양시,설계업,일반(전기),코비이엔씨(주),이원우,14059,"경기도 안양시 동안구 흥안대로 415 , 825호(평촌동, 두산벤처다임)",031-689-5995
8182,경기(남),안양시,설계업,전문,(주)영설계에프엔씨,안형국,14056,"경기도 안양시 동안구 학의로 282 , 15층 1521호(관양동, 금강펜테리움아이티타워)",031-784-0207
8183,경기(남),안양시,설계업,전문,(주)에스비이엔씨,이수복,14118,"경기도 안양시 동안구 엘에스로 122 , 505호(호계동, 호계데시앙플렉스)",02-3486-6691
8184,경기(남),안양시,설계업,전문,건일엔지니어링(주),류성호,13951,"경기도 안양시 동안구 관악대로 488 , 415호(관양동, 창덕에버빌)",031-426-9597
8185,경기(남),안양시,설계업,일반(기계),(주)삼현이엔씨,황호구,14058,"경기도 안양시 동안구 흥안대로 457-27 , 705호(관양동, 에이스하이테크시티평촌1동)",031-345-7176
8186,경기(남),안양시,설계업,전문,엠케이청효 주식회사,"문형력,문영례",14057,"경기도 안양시 동안구 시민대로 401 , 808호(관양동, 대륭테크노타운15차)",031-476-7114
8187,경기(남),안양시,설계업,"일반(전기),일반(기계)",에스에이치이앤씨(주),박용완,14118,"경기도 안양시 동안구 엘에스로116번길 25-32 , 715호(호계동, 안양에스케이브이1센터)",031-341-7971
8188,경기(남),안양시,설계업,"일반(전기),일반(기계)",주식회사 퍼스트기술단,"유석봉,조은주",14057,"경기도 안양시 동안구 시민대로 383 , 비동 901호(관양동, 디지털엠파이어)",070-4154-5790
8189,경기(남),안양시,설계업,"일반(전기),일반(기계)",(주)금정이엔씨,이승현,14118,"경기도 안양시 동안구 엘에스로 122 , 1024호(호계동, 호계데시앙플렉스)",031-388-2566
8190,경기(남),안양시,설계업,일반(전기),(주)라온에이앤티,"최종익,오경주",14120,"경기도 안양시 동안구 흥안대로 112-1 , 501호(호계동)",02-414-3660
8191,경기(남),안양시,설계업,"일반(전기),일반(기계)",(주)조은엔지니어링,신양식,14059,"경기도 안양시 동안구 흥안대로427번길 16 , 2층 216호(관양동, 평촌디지털엠파이어)",031-422-7640
8192,경기(남),안양시,설계업,일반(기계),주식회사 이건엔지니어링,이건희,14084,"경기도 안양시 만안구 덕천로152번길 25 , B동 1016호(안양동, 안양아이에스비즈타워센트럴)",031-345-7650
8193,경기(남),안양시,설계업,"일반(전기),일반(기계)",주식회사 주신엔지니어링,신지호,14059,"경기도 안양시 동안구 흥안대로427번길 16 , 216호(관양동, 평촌디지털엠파이어)",031-422-7642
8194,경기(남),안양시,설계업,전문,(주)나로이엔씨,위명희,14056,"경기도 안양시 동안구 학의로 250 , 관양두산벤처다임 807호(관양동)",070-4169-8895
8195,경기(남),안양시,설계업,"일반(전기),일반(기계)",(주)해밀엔지니어링종합건설,"김종욱,김진옥",14086,"경기도 안양시 만안구 전파로 26 , 제4층제404호(안양동, 유천팩토피아프라자)",031-683-4255
8196,경기(남),안양시,설계업,"일반(전기),일반(기계)",(주)엠이피엔지니어링,정정윤,14117,"경기도 안양시 동안구 엘에스로 76 , 가동 6층 631호(호계동, 안양국제유통단지)",031-442-2432
8197,경기(남),안양시,설계업,"일반(전기),일반(기계)",티엠지종합엔지니어링건축사사무소 주식회사,"류정우,정민영",14118,"경기도 안양시 동안구 엘에스로 136 , 1609호, 1610호, 1611호, 1612호, 1613호, 1614호,1615호, 1618호(호계동, 금정역2차에스케이브이1타워)",031-391-9600
8198,경기(남),안양시,설계업,"일반(전기),일반(기계)",광명이엔씨,송은숙,14117,"경기도 안양시 동안구 엘에스로 92 , 28동 229, 230호(호계동, 안양국제유통단지)",031-479-2750
8199,경기(남),안양시,설계업,전문,주식회사 다경이엔씨건축사사무소,선명숙,14057,"경기도 안양시 동안구 벌말로 126 , 20층2008호(관양동, 평촌오비즈타워)",031-8045-9923
8200,경기(남),양평군,설계업,일반(전기),(주)한양전력기술사사무소,"송영복,송선근",12547,"경기도 양평군 양평읍 경강로 2247-13 , 1층 103호",02-474-1235
8201,경기(남),양평군,설계업,"일반(전기),일반(기계)",민성산업(주),권민성,12574,"경기도 양평군 강하면 강하1로 97 , 2동 101호",031-8079-8401
8202,경기(남),오산시,설계업,"일반(전기),일반(기계)",(주)이림엔지니어링,이선주,18114,"경기도 오산시 내삼미로79번길 19 , 201호(수청동, 광장프라자)",031-375-2735
8203,경기(남),오산시,설계업,"일반(전기),일반(기계)",(주)엔케이텍,천영수,18145,경기도 오산시 남부대로 380  (원동),031-377-3311
8204,경기(남),오산시,설계업,"일반(전기),일반(기계)",(주)선진전력기술단,유해만,18143,경기도 오산시 남부대로 313 (원동),031-373-9815
8205,경기(남),오산시,설계업,"일반(전기),일반(기계)",(주)하나전력기술단,오봉원,18143,경기도 오산시 남부대로 313 (원동),031-373-9815
8206,경기(남),오산시,설계업,"일반(전기),일반(기계)",중앙이엔에프(주),"김영자,김희태",18136,"경기도 오산시 오산로 270 , 1층(오산동)",031-375-5500
8207,경기(남),오산시,설계업,"일반(전기),일반(기계)",하랑엔지니어링 주식회사,김인수,18115,"경기도 오산시 오산로368번길 24 , 지하1층(궐동)",031-8077-9635
8208,경기(남),오산시,설계업,"일반(전기),일반(기계)",주식회사 이삼이엔씨,"정연미,정광석",18143,"경기도 오산시 오산로 164 , 805-3호(원동, 양우프라자)",031-377-0127
8209,경기(남),용인시,설계업,"일반(전기),일반(기계)",(주)동방방재,민경인,17144,경기도 용인시 처인구 중부대로1576번길 20  (마평동) ,031-335-5545
8210,경기(남),용인시,설계업,"일반(전기),일반(기계)",(주)엘엔피,박지웅,17130,경기도 용인시 처인구 이동읍 덕성산단1로68번길 20 .,031-334-9110
8211,경기(남),용인시,설계업,"일반(전기),일반(기계)",(주)유원건축사사무소,김선필,17047,경기도 용인시 처인구 중부대로 1315  (역북동) ,031-336-7802
8212,경기(남),용인시,설계업,"일반(전기),일반(기계)",(주)제이유엔기술단,나준혁,16972,경기도 용인시 기흥구 관곡로 92 (구갈동) 505호,031-281-0789
8213,경기(남),용인시,설계업,"일반(전기),일반(기계)",(주)엠알솔루텍,정명옥,17030,경기도 용인시 처인구 포곡읍 금어로 311 (),02-401-2970
8214,경기(남),용인시,설계업,일반(전기),(주)우림전기엔지니어링,박정규,17050,경기도 용인시 처인구 금령로39번길 5-4 (김량장동),031-336-6030
8215,경기(남),용인시,설계업,일반(전기),(주)비케이엔지니어링,이배원,16914,"경기도 용인시 기흥구 구성로 357 , 씨동709호(청덕동, 용인테크노밸리 지식산업센터)",031-282-9998
8216,경기(남),용인시,설계업,전문,주식회사 하나이엔지,김영기,17039,"경기도 용인시 처인구 양지면 한금로 8 , 하나빌딩",031-339-5828
8217,경기(남),용인시,설계업,"일반(전기),일반(기계)",주식회사 이제이엔지니어링,"김진우,김정익",17033,"경기도 용인시 처인구 모현읍 외개일로 91-13 , 1층",070-7777-6372
8218,경기(남),용인시,설계업,일반(기계),주식회사 태맨엠이씨,정철근,16860,"경기도 용인시 수지구 성복2로 17 , 202호(성복동, 골드프라자1)",070-7005-9841
8219,경기(남),용인시,설계업,"일반(전기),일반(기계)",(주)조은엔지니어링,지영은,17095,"경기도 용인시 기흥구 중부대로 184 , 에이동 308호(영덕동, 힉스유타워)",031-281-0237
8220,경기(남),의왕시,설계업,"일반(전기),일반(기계)",(주)대림소방공사,박성규,16026,"경기도 의왕시 내손중앙로 37-4 , 지하1층(내손동)",031-465-1501
8221,경기(남),이천시,설계업,"일반(전기),일반(기계)",(주)신한소방,안선규,17367,"경기도 이천시 영창로124번길 1 , 1호(관고동)",031-638-7119
8222,경기(남),평택시,설계업,"일반(전기),일반(기계)",두성이엔지(주),이현정,17923,경기도 평택시 평남로 210-12 (통복동),031-653-0182
8223,경기(남),평택시,설계업,"일반(전기),일반(기계)",대성이엔에프(주),김태성,17703,"경기도 평택시 서탄면 발안로 1212 , 2층203-2호",031-378-0222
8224,경기(남),평택시,설계업,"일반(전기),일반(기계)",주식회사 성우엔지니어링,민원기,17852,"경기도 평택시 평남로 933 , 701호, 702호, 703호, 704호(비전동, 태성빌딩)",031-657-7184
8225,경기(남),평택시,설계업,전문,주식회사 인우이엔씨,장영준,17915,"경기도 평택시 조개터로6번길 31-17 , 2층(합정동)",031-651-6927
8226,경기(남),평택시,설계업,"일반(전기),일반(기계)",(주)백향엔지니어링,유재국,17898,경기도 평택시 평택4로 71 (비전동),031-658-8082
8227,경기(남),평택시,설계업,"일반(전기),일반(기계)",주식회사 성지소방기술,지현권,17875,경기도 평택시 청룡길 14-1 (청룡동),031-654-6119
8228,경기(남),평택시,설계업,"일반(전기),일반(기계)",삼원ENG,강전석,17881,"경기도 평택시 평택2로 130 , 301호, 302호(비전동, 예그리나빌딩)",031-656-7018
8229,경기(남),평택시,설계업,"일반(전기),일반(기계)",(주)한빛소방,조경래,17728,"경기도 평택시 지산로 226 , 1층(지산동)",031-668-8063
8230,경기(남),평택시,설계업,"일반(전기),일반(기계)",성우씨엔이,곽종성,17851,"경기도 평택시 비전2로 79 , 601호(비전동)",031-654-3599
8231,경기(남),평택시,설계업,전문,제이비엔지니어링 주식회사,전종배,18014,"경기도 평택시 고덕중앙로 290 , 제255호(어염리, 에이스퍼스트고덕)",070-4035-1097
8232,경기(남),평택시,설계업,"일반(전기),일반(기계)",대신EMC,신영섭,17826,"경기도 평택시 잔다리2길 4 , 2층(세교동)",031-618-9100
8233,경기(남),평택시,설계업,일반(전기),주식회사 소공,문소현,451-843,"경기도 평택시 고덕면 해창리 1272-3, 329호 (에스타워프라임)",031-666-6900
8234,경기(남),하남시,설계업,"일반(전기),일반(기계)",(주)승화엔지니어링,허재길,465-030,경기도 하남시 신장동 564-7 우리빌딩 지층,031-796-4512
8235,경기(남),하남시,설계업,"일반(전기),일반(기계)",원진기술산업(주),김재균,12927,"경기도 하남시 덕풍동로 111-15 , 1동 505호(덕풍동, 리치플러스 하남센터)",031-795-9902
8236,경기(남),하남시,설계업,"일반(전기),일반(기계)",(주)동도이엔씨,이종화,12918,"경기도 하남시 조정대로 45 ,  8층 에프853호(풍산동, 미사센텀비즈)",02-417-2164
8237,경기(남),하남시,설계업,"일반(전기),일반(기계)",(주)한림미다스,김영성,12912,"경기도 하남시 미사강변한강로 270-1 , 201동 3층 105호(망월동, 미사강변호반써밋)",031-792-0019
8238,경기(남),하남시,설계업,"일반(전기),일반(기계)",유한책임회사 엠케이지,"한혜숙,이동렬",12992,경기도 하남시 서하남로 56 (감북동),02-478-6060
8239,경기(남),하남시,설계업,"일반(전기),일반(기계)",(주)동아방재이엔지,정우진,12993,"경기도 하남시 감일남로52번길 43 , 1층, 2층(감일동)",02-6959-7100
8240,경기(남),하남시,설계업,전문,(주)태영이엠씨,"정현식,오전석",12918,"경기도 하남시 조정대로 45 , 626호 627호(풍산동, 미사센텀비즈)",070-7835-2114
8241,경기(남),하남시,설계업,전문,선인기술단(주),"임종율,이진성",12982,"경기도 하남시 하남대로 947 , 비동1309호(풍산동, 하남테크로벨리유원센터)",031-233-5102
8242,경기(남),하남시,설계업,"일반(전기),일반(기계)",주식회사 지에이치이앤에이,"최성규,박지홍",12925,"경기도 하남시 미사대로 520 , 현대지식산업센터 한강미사 2차-25블럭 제5층 제씨에이 05-008호,009호(덕풍동)",031-794-8119
8243,경기(남),하남시,설계업,"일반(전기),일반(기계)",(주)화신파워텍,"원종위,김병한",12930,"경기도 하남시 조정대로 150 , 868호(덕풍동, 아이테코)",031-795-1901
8244,경기(남),하남시,설계업,일반(기계),(주)윤성지앤티,박성수,12918,"경기도 하남시 조정대로 35 , 6층 에프618호(풍산동, 미사하우스디엘타워)",02-3411-2119
8245,경기(남),하남시,설계업,"일반(전기),일반(기계)",(주)라인엔지니어링,이동진,12925,"경기도 하남시 미사대로 520 , 디동 901호,902호(덕풍동, 현대지식산업센터 한강미사2차)",031-8018-4819
8246,경기(남),하남시,설계업,일반(기계),케이아이 ENG,박정웅,12925,"경기도 하남시 미사대로 550 , 8층 에이8-0050호(덕풍동, 현대지식산업센터 한강미사)",031-791-2040
8247,경기(남),화성시,설계업,"일반(전기),일반(기계)",명성종합소방설비(주),"홍인호,이재웅",18428,경기도 화성시 남여울2길 23 (능동),031-8003-2115
8248,경기(남),화성시,설계업,"일반(전기),일반(기계)",(주)세종엔지니어링,표용만,18392,경기도 화성시 병점동로164번길 35  (진안동),031-221-6758
8249,경기(남),화성시,설계업,"일반(전기),일반(기계)",(주)동진,안진섭,18595,경기도 화성시 향남읍 제암고주로 5 203호,031-223-1391
8250,경기(남),화성시,설계업,"일반(전기),일반(기계)",한양이엔지(주),"김윤상,이종근",18380,경기도 화성시 영통로26번길 72 (반월동),031-695-0062
8251,경기(남),화성시,설계업,일반(기계),주식회사 인빌더스,윤세호,18469,"경기도 화성시 동탄첨단산업1로 27 , 에이동 2101호(영천동, 금강 펜테리움 아이엑스타워)",031-385-2203
8252,경기(남),화성시,설계업,"일반(전기),일반(기계)",주연소방(주),김성권,18327,경기도 화성시 봉담읍 최루백로381번길 27 (),031-222-3119
8253,경기(남),화성시,설계업,"일반(전기),일반(기계)",한주케미칼(주),김동준,18260,경기도 화성시 남양읍 쌍송북로 52-18 (),02-850-6683
8254,경기(남),화성시,설계업,"일반(전기),일반(기계)",(주)종우앤종우소방기술단,허동필,18282,"경기도 화성시 비봉면 남이로 221 ,",031-438-6517
8255,경기(남),화성시,설계업,"일반(전기),일반(기계)",세움엠엔씨엔지니어링,표순용,18471,"경기도 화성시 동탄순환대로 823 , 1508, 1509호(영천동, 에이팩시티)",031-898-9130
8256,경기(남),화성시,설계업,일반(기계),유니슨엔지니어링(주),이미숙,18542,경기도 화성시 마도면 마도공단로1길 96 (마도산업단지8-8블럭),02-563-9313
8257,경기(남),화성시,설계업,"일반(전기),일반(기계)",주식회사 동명기술공단종합건축사사무소,신완수,18459,"경기도 화성시 노작로4길 8 , 4층(반송동, 성원프라자)",02-6211-7153
8258,경기(남),화성시,설계업,"일반(전기),일반(기계)",상기이엔지(주),김관태,18455,"경기도 화성시 메타폴리스로 42 , 601호(반송동, 디앤씨빌딩)",031-613-8320
8259,경기(남),화성시,설계업,"일반(전기),일반(기계)",(주)현진소방엔지니어링,이한홍,18398,"경기도 화성시 효행로 1069 , 701호(진안동, 메디피아)",031-238-1046
8260,경기(남),화성시,설계업,"일반(전기),일반(기계)",(주)이림,어승철,18371,"경기도 화성시 병점노을4로 29 , 1205호(병점동, 엘타워)",031-375-2735
8261,경기(남),화성시,설계업,전문,주식회사 에스이엔씨,전상규,18422,"경기도 화성시 여울로3길 22 , 4층(능동)",031-302-7779
8262,경기(남),화성시,설계업,전문,주식회사 서원이엔씨,유화성,18469,"경기도 화성시 동탄첨단산업1로 58 , 908호(영천동, 퍼스트코리아)",02-2039-9540
8263,경기(남),화성시,설계업,"일반(전기),일반(기계)",지엠엔지니어링 주식회사,송명현,18258,"경기도 화성시 남양읍 남양시장로105번길 5 , 송호지학장학회관 201호",031-366-9820
8264,경기(남),화성시,설계업,"일반(전기),일반(기계)",비디아이(주),안승만,18529,"경기도 화성시 팔탄면 서해로 1155 ,",070-7495-3424
8265,경기(남),화성시,설계업,"일반(전기),일반(기계)",주식회사 이케이엔지니어링,박영심,18469,"경기도 화성시 동탄기흥로 560 , 1209호(영천동, 동탄동익미라벨타워)",031-8015-2341
8266,경기(남),화성시,설계업,"일반(전기),일반(기계)",엠에스이엔지,김미영,18326,"경기도 화성시 세자로442번길 32 , 2층(안녕동)",031-374-6548
8267,경기(남),화성시,설계업,"일반(전기),일반(기계)",코리아엔지니어링,권순용,18240,"경기도 화성시 수노을중앙로 389 , 211동 1층 6호(새솔동, 메종 드 엘리프 송산)",031-503-4380
8268,경기(남),화성시,설계업,"일반(전기),일반(기계)",주식회사 세움이엔지,표주현,18471,"경기도 화성시 동탄순환대로 823 ,1508호 (영천동, 에이팩시티)",031-898-9130
8269,경기(남),화성시,설계업,"일반(전기),일반(기계)",(주)대창전기기술단,조민재,18463,"경기도 화성시 동탄대로 706 , 1동 3층 329호(영천동, 동탄아이티밸리2)",070-4900-3550
8270,경기(남),화성시,설계업,"일반(전기),일반(기계)",현대소방,이동훈,18244,"경기도 화성시 수노을중앙로 142 , 507호(새솔동, 센타프라자)",031-506-7503
8271,경기(남),화성시,설계업,일반(전기),(주)정인엔지니어링,김태홍,18469,"경기도 화성시 동탄기흥로 559 , 601호,602호,603호,604호(영천동, 으뜸유테크밸리)",031-8077-9802
8272,경기(북),가평군,설계업,"일반(전기),일반(기계)",주식회사 연엔지니어링,이돈홍,12467,"경기도 가평군 설악면 신천중앙로 79 , 4층(신천리)",031-699-0873
8273,경기(북),고양시,설계업,"일반(전기),일반(기계)",(주)한라소방,전완기,10460,"경기도 고양시 덕양구 고양대로1315번길 44 , 1층 1호(주교동)",031-967-0116
8274,경기(북),고양시,설계업,"일반(전기),일반(기계)",한국소방안전(주),강성심,10402,"경기도 고양시 일산동구 정발산로 19 301호(장항동,지평프라자)",031-913-1192
8275,경기(북),고양시,설계업,"일반(전기),일반(기계)",(주)명광엔지니어링건축사사무소,진교삼,10585,"경기도 고양시 덕양구 안진2길 4 (지축동, 명광빌딩)",031-968-2377
8276,경기(북),고양시,설계업,"일반(전기),일반(기계)",(주)신한에프앤씨,김귀형,10556,경기도 고양시 덕양구 삼송로205번안길 2 (삼송동),02-3158-1119
8277,경기(북),고양시,설계업,"일반(전기),일반(기계)",동양종합엔지니어링 주식회사,"김대성,김세련,김용순,최준오",10364,"경기도 고양시 일산동구 무궁화로 7-45 , 13층 1340호(장항동, 양우로데오시티플러스)",070-8285-5254
8278,경기(북),고양시,설계업,"일반(전기),일반(기계)",(주)고양일산소방공사,조광연,10359,경기도 고양시 일산동구 일산로463번길 64-4 (정발산동),031-903-9119
8279,경기(북),고양시,설계업,전문,(주)지엠이엠씨,강원구,10449,경기도 고양시 일산동구 호수로 358-25 822호(백석동),031-938-0999
8280,경기(북),고양시,설계업,일반(기계),주식회사 대아엠앤씨,한창희,10542,"경기도 고양시 덕양구 청초로 10 , 에이에이동 2118호, 2119호, 2120호, 2121호(덕은동)",02-6101-3260
8281,경기(북),고양시,설계업,전문,주식회사 인곡엔지니어링,김성식,10380,"경기도 고양시 일산서구 중앙로 1542 , 411-3호(대화동, 신동아노블타워)",02-2203-3937
8282,경기(북),고양시,설계업,"일반(전기),일반(기계)",(주)지엠엔지니어링,최영미,10496,"경기도 고양시 덕양구 화정로 29 , 제상가2동 308호(화정동)",031-966-1634
8283,경기(북),고양시,설계업,일반(기계),아람엔지니어링,조광현,10477,경기도 고양시 덕양구 화중로130번길 14 (화정동) 아성프라자 401호,02-569-0541
8284,경기(북),고양시,설계업,"일반(전기),일반(기계)",(주)극동전기기술단,김영일,10523,"경기도 고양시 덕양구 무원로 6 , 무원빌딩 703호 (행신동)",031-972-2535
8285,경기(북),고양시,설계업,"일반(전기),일반(기계)",(주)성진티이씨,주형욱,10495,경기도 고양시 덕양구 충장로 134 (행신동) 아이프라자 707호,070-4681-7001
8286,경기(북),고양시,설계업,일반(전기),주식회사 이타엔지니어링,"천석봉,최정미",10390,"경기도 고양시 일산서구 킨텍스로 255 , 오피스동 701호(대화동)",031-912-3363
8287,경기(북),고양시,설계업,전문,주식회사 와이디이엔지,전형철,10364,"경기도 고양시 일산동구 무궁화로 37 , 405호(장항동, 노블리제)",02-2635-0302
8288,경기(북),고양시,설계업,"일반(전기),일반(기계)",주식회사 우진에프이엠,박강민,10462,"경기도 고양시 덕양구 마상로140번길 48 , 509호, 510호(주교동, 신양빌딩)",031-966-6117
8289,경기(북),고양시,설계업,"일반(전기),일반(기계)",경기소방방재 주식회사,이현화,10455,"경기도 고양시 덕양구 호국로 525 , 1층(대장동)",031-968-5119
8290,경기(북),고양시,설계업,"일반(전기),일반(기계)",이룸이앤씨,이상민,10380,"경기도 고양시 일산서구 중앙로 1542 , 508호(대화동, 신동아노블타워오피스텔)",031-874-4311
8291,경기(북),고양시,설계업,"일반(전기),일반(기계)",주식회사 테라엔지니어링,윤윤정,10526,"경기도 고양시 덕양구 충장로 20 , 8층 801호(행신동, 청원프라자)",031-994-3353
8292,경기(북),고양시,설계업,"일반(전기),일반(기계)",에너지엑스 주식회사,"박성현,홍두화",10546,"경기도 고양시 덕양구 향기로 152 , 5층(향동동, 에너지엑스 디와이빌딩)",02-554-9114
8293,경기(북),고양시,설계업,"일반(전기),일반(기계)",바로기술사사무소,김민석,10568,"경기도 고양시 덕양구 통일로 345 , 4층 401-4호(신원동, 유창프라자)",
8294,경기(북),고양시,설계업,"일반(전기),일반(기계)",(주)두성에프엔씨,오승만,10550,"경기도 고양시 덕양구 삼원로 63 , 12층 1211호, 1212호(원흥동, 고양아크비즈",02-3159-1158
8295,경기(북),구리시,설계업,"일반(전기),일반(기계)",(주)거성방재시스템,오기윤,11961,"경기도 구리시 벌말로 81-10 , 2층 (토평동)",031-564-7014
8296,경기(북),구리시,설계업,"일반(전기),일반(기계)",(주)청수엔지니어링,이상욱,11916,경기도 구리시 동구릉로136번길 90 (인창동) 청과동 3층 53168호,031-528-5549
8297,경기(북),구리시,설계업,"일반(전기),일반(기계)",(주)경호엔지니어링종합건축사사무소,"조영수,강예석",11940,경기도 구리시 체육관로74번길 41 (수택동),031-553-0040
8298,경기(북),구리시,설계업,전문,(주)주성지앤비,김효규,11901,"경기도 구리시 갈매순환로 188 , 에이동 911호(갈매동, 스칸센알토 지식산업센터)",031-523-2517
8299,경기(북),구리시,설계업,"일반(전기),일반(기계)",주식회사 백송이엔씨,"백종관,송기대",11954,"경기도 구리시 아차산로413번길 39 , 202호(교문동)",031-8027-8585
8300,경기(북),남양주시,설계업,"일반(전기),일반(기계)",(주)새한이엔씨,김현미,12150,"경기도 남양주시 늘을2로14번길 5  (호평동,샤르망메디칼프라자) 804호",031-511-4119
8301,경기(북),남양주시,설계업,"일반(전기),일반(기계)",(주)명동전기공사,남궁성,12031,경기도 남양주시 수동면 지둔로 42 .,031-584-8576
8302,경기(북),남양주시,설계업,"일반(전기),일반(기계)",주식회사 상송엔지니어링건축사사무소,황장석,12154,경기도 남양주시 호평로68번길 38-76 (호평동) 201호,031-511-7793
8303,경기(북),남양주시,설계업,"일반(전기),일반(기계)",(주)한결,조은정,12217,"경기도 남양주시 경춘로 1245-53 , 3층(평내동)",031-511-7790
8304,경기(북),남양주시,설계업,"일반(전기),일반(기계)",주식회사 청림이엔지,정윤영,12248,"경기도 남양주시 다산순환로 20 , 에이에이동 818, 819호(다산동, 다산현대프리미어캠퍼스지식산업센터)",02-463-4381
8305,경기(북),남양주시,설계업,"일반(전기),일반(기계)",주식회사 정상티이씨,"정상훈,이보용",12129,"경기도 남양주시 진건읍 진건오남로390번길 169-47 , 3층 (송능리)",070-4454-3566
8306,경기(북),남양주시,설계업,전문,주식회사 선이엔지,정상곤,12106,"경기도 남양주시 순화궁로 272 , 1104호 1105호(별내동, 동광비즈타워별내제1동)",031-510-6321
8307,경기(북),남양주시,설계업,"일반(전기),일반(기계)",주식회사 에스엠기술단,최상문,12248,"경기도 남양주시 다산중앙로145번길 15 , 8층 802-71호(다산동, 신해센트럴타워 2차)",031-523-3027
8308,경기(북),남양주시,설계업,"일반(전기),일반(기계)",남양방재(주),김천용,12106,"경기도 남양주시 순화궁로 249 , 지식산업센터-1동 9층 엔901호,902호(별내동, 별내역파라곤스퀘어)",031-573-5911
8309,경기(북),남양주시,설계업,"일반(전기),일반(기계)",주식회사 에스플러스이앤씨,한종선,12106,"경기도 남양주시 순화궁로 272 , 827호(별내동, 동광 비즈타워 별내)",
8310,경기(북),남양주시,설계업,"일반(전기),일반(기계)",주식회사 보우엔지니어링,"김남칠,황영희",12106,"경기도 남양주시 순화궁로 249 , 엠동 921호(별내동, 별내역파라곤스퀘어)",02-477-8074
8311,경기(북),남양주시,설계업,"일반(전기),일반(기계)",주식회사 유엔지니어링,"정교연,김병수,이자형",12248,"경기도 남양주시 다산중앙로19번길 17 , 에프921호(다산동, 다산진건 블루웨일 지식산업센터 1차)",0507-1387-8051
8312,경기(북),남양주시,설계업,전문,주식회사 제이알엠에스,하정호,12106,"경기도 남양주시 순화궁로 249 , 엠동 2012호(별내동, 별내역 파라곤스케어)",031-931-1440
8313,경기(북),남양주시,설계업,"일반(전기),일반(기계)",주식회사 에스디이앤씨,"김진영,김재성",12242,"경기도 남양주시 홍유릉로 59 , 202호 내1(일패동)",031-592-9194
8314,경기(북),남양주시,설계업,"일반(전기),일반(기계)",주식회사 화인위너텍,최소현,12106,"경기도 남양주시 순화궁로 272 , 324호(별내동, 동광비즈타워)",031-571-7119
8315,경기(북),남양주시,설계업,"일반(전기),일반(기계)",주식회사 삼민기술단,남형준,12106,"경기도 남양주시 순화궁로 282 , 1106호(별내동, 에이스하이엔드타워)",070-4488-0568
8316,경기(북),양주시,설계업,"일반(전기),일반(기계)",(주)신우전기엔지니어링,"고전주,이기철",11501,경기도 양주시 외미로 16 (남방동),031-840-8094
8317,경기(북),양주시,설계업,"일반(전기),일반(기계)",주식회사 정전기,이정우,11417,"경기도 양주시 광적면 부흥로 862 , 207호",070-4272-1183
8318,경기(북),양주시,설계업,"일반(전기),일반(기계)",(주)양주방재,김은섭,11465,"경기도 양주시 화합로1710번길 12 , 제지2층 제비230호(옥정동, 양주옥정듀클래스1)",031-843-0288
8319,경기(북),의정부시,설계업,전문,(주)지에프에스,"김태호,김현식",11781,경기도 의정부시 산단로76번길 56  (용현동) ,031-850-0119
8320,경기(북),의정부시,설계업,전문,(주)세종기술사사무소,황창진,11706,"경기도 의정부시 평화로 360 , 상가 3층 305호(호원동, 호원우성아파트)",02-384-4770
8321,경기(북),의정부시,설계업,"일반(전기),일반(기계)",이룸 이앤씨,김태호,11626,"경기도 의정부시 범골로 88 , 5층(의정부동, 대성빌딩)",031-874-4311
8322,경기(북),의정부시,설계업,"일반(전기),일반(기계)",(주)케이제이엔지니어링,서주희,11775,"경기도 의정부시 청사로5번길 8-17 , 505호(신곡동, 센타프라자)",031-871-1905
8323,경기(북),의정부시,설계업,"일반(전기),일반(기계)",(주)케이제이종합엔지니어링,송주봉,11775,경기도 의정부시 청사로5번길 8-17 (신곡동) 금오센타프라자 504호,031-871-1907
8324,경기(북),의정부시,설계업,"일반(전기),일반(기계)",삼설엔지니어링,지인호,11625,"경기도 의정부시 경의로 11 , 4층(의정부동)",031-878-0767
8325,경기(북),의정부시,설계업,"일반(전기),일반(기계)",(주)케이지엔지니어링종합건축사사무소,천병희,11625,경기도 의정부시 의정로 20 (의정부동),031-828-1114
8326,경기(북),의정부시,설계업,"일반(전기),일반(기계)",주식회사 티에스엔지니어링,권희선,11684,"경기도 의정부시 평화로 724 , 가동 2층 207호(가능동, 의정부제이몰)",031-840-5119
8327,경기(북),의정부시,설계업,"일반(전기),일반(기계)",한북기술단,정동호,11673,"경기도 의정부시 시민로19번길 10 , 3층(의정부동)",031-873-8212
8328,경기(북),의정부시,설계업,"일반(전기),일반(기계)",(주)케이제이종합감리,송광현,11775,"경기도 의정부시 청사로5번길 8-17 , 506호(신곡동, 센타프라자)",031-871-1908
8329,경기(북),의정부시,설계업,"일반(전기),일반(기계)",(주)건화이엔씨,송명호,11653,경기도 의정부시 경의로55번길 16 (의정부동),031-826-6202
8330,경기(북),파주시,설계업,"일반(전기),일반(기계)",시온건설전력(주),윤종윤,10944,경기도 파주시 앞골길 213-14 (아동동),031-944-0159
8331,경기(북),파주시,설계업,"일반(전기),일반(기계)",(주)이레소방엔지니어링,황환성,10915,"경기도 파주시 금빛로 15 , 908호(금촌동, 미라클프라자)",031-935-5711
8332,경기(북),파주시,설계업,전문,리스크엔지니어링서비스 주식회사,김미현,10896,"경기도 파주시 와석순환로515번길 91 , 804호(와동동, 프라임타워)",
8333,경기(북),포천시,설계업,"일반(전기),일반(기계)",일오삼,한종수,11184,"경기도 포천시 소흘읍 호국로287번길 9-53 , 202호",031-595-1530
8334,강원,강릉시,설계업,"일반(전기),일반(기계)",다감이엔지,김민석,25506,"강원특별자치도 강릉시 화부산로 23 , 3층(교동)",033-646-4119
8335,강원,강릉시,설계업,"일반(전기),일반(기계)",신호ENG,최창순,25506,강원특별자치도 강릉시 강릉대로 123 3층 (교동),033-642-5956
8336,강원,강릉시,설계업,"일반(전기),일반(기계)",금양테크 주식회사,김종철,25480,"강원특별자치도 강릉시 보래미하길 81 , 2층(포남동)",033-651-2010
8337,강원,강릉시,설계업,"일반(전기),일반(기계)",(주)화신엔지니어링,"최효진,정찬",25518,강원특별자치도 강릉시 하슬라로 32 (홍제동),031-8097-7209
8338,강원,강릉시,설계업,"일반(전기),일반(기계)",인선설계감리,서창연,25492,"강원특별자치도 강릉시 강릉대로 341 ,(포남동)",033-653-4464
8339,강원,강릉시,설계업,"일반(전기),일반(기계)",다보이엔지 주식회사,김영창,25478,강원특별자치도 강릉시 보래미길 31 (포남동),033-651-1276
8340,강원,강릉시,설계업,일반(전기),선건축사사무소,최선욱,25533,강원특별자치도 강릉시 임영로 134 (임당동),033-643-1221
8341,강원,강릉시,설계업,"일반(전기),일반(기계)",(주)대주기술,주영석,25477,"강원특별자치도 강릉시 가작로 275 ,(포남동)",033-652-3526
8342,강원,강릉시,설계업,"일반(전기),일반(기계)",주식회사 이엘이엔지,신승우,25567,"강원특별자치도 강릉시 하평2길 6 , 상가동 302호 303호(포남동, 청송아파트)",033-651-2128
8343,강원,동해시,설계업,"일반(전기),일반(기계)",한일이엔지 주식회사,조대호,25771,강원특별자치도 동해시 동굴3길 19-6 (천곡동),033-532-0976
8344,강원,삼척시,설계업,"일반(전기),일반(기계)",(주)한일엔지니어링,김순희,25918,강원특별자치도 삼척시 원당로 7-16  (원당동),033-572-8544
8345,강원,속초시,설계업,"일반(전기),일반(기계)",주식회사 탑설계감리사무소,김주원,24853,"강원특별자치도 속초시 동해대로 4236 ,1310호(교동,아남프라자)",033-638-1278
8346,강원,속초시,설계업,"일반(전기),일반(기계)",(주)정엔지니어링,장경영,24824,"강원특별자치도 속초시 중앙로 190 , 712호(동명동,설악센트리움)",033-631-1539
8347,강원,원주시,설계업,"일반(전기),일반(기계)",(주)한성기술단,오상구,26431,강원특별자치도 원주시 감영길 4 (원동),033-764-6982
8348,강원,원주시,설계업,"일반(전기),일반(기계)",조은엔지니어링(주),주현철,26314,"강원특별자치도 원주시 가치래미길 39 , 조은빌딩 2층(가현동)",033-735-6119
8349,강원,원주시,설계업,"일반(전기),일반(기계)",선인엔지니어링,이수영,26417,"강원특별자치도 원주시 동진골1길 9-2 ,(학성동)",033-742-0022
8350,강원,원주시,설계업,"일반(전기),일반(기계)",(주)한길이엔지,고남섭,26469,강원특별자치도 원주시 치악고교길 19 (관설동),033-763-3194
8351,강원,원주시,설계업,"일반(전기),일반(기계)",주식회사 극동전력에프엠,양창훈,26451,강원특별자치도 원주시 늘품로 158-1 (단구동),033-766-6337
8352,강원,원주시,설계업,"일반(전기),일반(기계)",(주)세명엔지니어링,임진근,26316,강원특별자치도 원주시 북원로2738번길 9 (태장동),033-746-1239
8353,강원,원주시,설계업,"일반(전기),일반(기계)",주식회사 에이원,"김대호,이용걸",26464,"강원특별자치도 원주시 세계로 9 , 4층 402호, 403호(반곡동, 강원혁신지식산업센터))",033-813-2777
8354,강원,원주시,설계업,"일반(전기),일반(기계)",주식회사 신일방재,신광일,26452,"강원특별자치도 원주시 치악로1570번길 2 ,1층(단구동)",033-765-3690
8355,강원,원주시,설계업,"일반(전기),일반(기계)",(주)신화엔지니어링,이상우,26379,"강원특별자치도 원주시 바우골길 8 , 4층 403호, 404호 (단계동)",033-764-2813
8356,강원,춘천시,설계업,"일반(전기),일반(기계)",전기기술사사무소 강원기술단,"민대식,민은미,한창석",24456,강원특별자치도 춘천시 칠전동길 33 (칠전동) ,033-263-2097
8357,강원,춘천시,설계업,"일반(전기),일반(기계)",(주)광장,진현미,24345,강원특별자치도 춘천시 공지로 178 (석사동),033-263-0489
8358,강원,춘천시,설계업,"일반(전기),일반(기계)",전기기술사사무소 예강ENG,박정일,24212,강원특별자치도 춘천시 동면 금베이길 54 .,033-255-3254
8359,강원,춘천시,설계업,"일반(전기),일반(기계)",(주)기술사사무소고려기술단,김동조,24411,강원특별자치도 춘천시 신동면 모오리길 62 .,033-254-4144
8360,강원,춘천시,설계업,"일반(전기),일반(기계)",(주)진화기술공사,최한중,24297,"강원특별자치도 춘천시 춘천로 334 ,(후평동)",033-255-1997
8361,강원,춘천시,설계업,일반(전기),원전기설계사무소,원천희,24307,"강원특별자치도 춘천시 세실로 196 , 2층 (후평동)",033-254-1720
8362,강원,춘천시,설계업,"일반(전기),일반(기계)",주식회사 사조기술단,"박민영,하연호",24407,"강원특별자치도 춘천시 동내면 장안길 23-9 ,",033-254-2991
8363,강원,춘천시,설계업,"일반(전기),일반(기계)",(주)성익이엔에프,김은희,24408,강원특별자치도 춘천시 동내면 원창고개길 174-12 .,033-252-4509
8364,강원,춘천시,설계업,"일반(전기),일반(기계)",주식회사 오성이엔씨,김남수,24408,강원특별자치도 춘천시 동내면 학곡서길 10 .,033-261-0204
8365,강원,춘천시,설계업,"일반(전기),일반(기계)",가람이엔지 주식회사,이상진,24211,"강원특별자치도 춘천시 동면 가산로 58-27 ,",033-261-5303
8366,강원,춘천시,설계업,"일반(전기),일반(기계)",주식회사 더나은,권영희,24296,강원특별자치도 춘천시 동광길 6 (후평동),033-241-7782
8367,강원,춘천시,설계업,"일반(전기),일반(기계)",(주)동서엔지니어링,이익상,24387,"강원특별자치도 춘천시 후석로 44 , (석사동)",02-409-1230
8368,충북,괴산군,설계업,"일반(전기),일반(기계)",주식회사 이연이앤씨,연명흠,28034,"충청북도 괴산군 괴산읍 읍내로2길 5 , 2층",043-836-9010
8369,충북,제천시,설계업,"일반(전기),일반(기계)",주식회사 원엔지니어링,정철호,27126,충청북도 제천시 송학면 송학주천로2길 46 (),043-651-3119
8370,충북,제천시,설계업,"일반(전기),일반(기계)",주식회사 제이엔지니어링,이원섭,27134,충청북도 제천시 고명로 248 (고명동),043-645-2363
8371,충북,진천군,설계업,"일반(전기),일반(기계)",주식회사 이도기술단,이규선,27832,"충청북도 진천군 진천읍 중앙서1길 6-5 ,2층",043-930-3800
8372,충북,청주시,설계업,"일반(전기),일반(기계)",주식회사 에스 씨 티,문지연,28182,충청북도 청주시 서원구 남이면 척산길 7-44 (),02-860-9600
8373,충북,청주시,설계업,"일반(전기),일반(기계)",(주)세명이앤씨,섭동현,28140,충청북도 청주시 청원구 북이면 신기초정로 73 ,043-214-3119
8374,충북,청주시,설계업,"일반(전기),일반(기계)",(주)태일전력기술단,김태봉,28576,"충청북도 청주시 흥덕구 공단로 134 904호(송정동, 세중테크노밸리)",043-257-7569
8375,충북,청주시,설계업,"일반(전기),일반(기계)",(주)홍익기술단,성낙전,28399,충청북도 청주시 흥덕구 풍년로150번길 28 (가경동),043-230-7857
8376,충북,청주시,설계업,"일반(전기),일반(기계)",(주)해월엔지니어링,"연성호,김태원",28465,충청북도 청주시 흥덕구 백봉로 241 4층(봉명동),043-223-6123
8377,충북,청주시,설계업,일반(기계),(주)태창엔지니어링,김태우,28548,"충청북도 청주시 서원구 직지대로772번길 5 , 301호(사직동, 천길빌딩)",043-221-2333
8378,충북,청주시,설계업,"일반(전기),일반(기계)",(주)한양이엔지,임형관,28310,"충청북도 청주시 청원구 상리로8번길 51 ,2층(율량동)",043-296-9774
8379,충북,청주시,설계업,전문,(주)아람엔지니어링,오국진,28510,"충청북도 청주시 상당구 상당로144번길 16 , 사랑빌딩 3층(수동)",043-257-3360
8380,충북,청주시,설계업,"일반(전기),일반(기계)",한을이엔지,박종복,28626,"충청북도 청주시 서원구 원흥로 74 ,4층 401호(산남동)",043-232-2763
8381,충북,청주시,설계업,"일반(전기),일반(기계)",(주)태양기술사사무소,임흥순,28771,"충청북도 청주시 상당구 용암로99번길 37 ,2층(용암동, 673-1)",043-288-4691
8382,충북,청주시,설계업,"일반(전기),일반(기계)",온누리엔지니어링,장연순,28536,"충청북도 청주시 청원구 중앙로 124-2 ,3층 (우암동,3층)",043-906-4166
8383,충북,청주시,설계업,전문,(주)미래이앤지,함경태,28576,"충청북도 청주시 흥덕구 공단로 134 (송정동,세중테크노밸리 802,803)",043-212-5460
8384,충북,청주시,설계업,"일반(전기),일반(기계)",(주)선엔지니어링종합건축사사무소,"신동안,오선교",28544,충청북도 청주시 상당구 사직대로361번길 91 (영동),043-220-8500
8385,충북,청주시,설계업,"일반(전기),일반(기계)",(주)청솔엔지니어링,한국환,28741,"충청북도 청주시 상당구 수영로156번길 55 , 2층 202호(영운동)",043-254-2691
8386,충북,청주시,설계업,전문,(주)태창전기설계사무소,김은영,28576,"충청북도 청주시 흥덕구 공단로 134 ,3층 306호(송정동)",043-273-6016
8387,충북,청주시,설계업,"일반(전기),일반(기계)",창신ENG,이숙,28655,충청북도 청주시 서원구 사운로46번길 13 2층(사직동),043-276-5385
8388,충북,청주시,설계업,일반(전기),(주)신광기술사,이상호,28310,충청북도 청주시 청원구 상리로8번길 7-9 (율량동),043-250-1400
8389,충북,청주시,설계업,일반(전기),(주)우신전기기술사사무소,안병록,28541,충청북도 청주시 상당구 교서로 86-6 (영동),043-223-3333
8390,충북,청주시,설계업,"일반(전기),일반(기계)",수인엔지니어링,정필규,28426,충청북도 청주시 흥덕구 죽천로79번길 22 산업유통상가2단지 202호(복대동),043-236-0194
8391,충북,청주시,설계업,"일반(전기),일반(기계)",주식회사 신라기술단,"엄문용,이기호",28578,"충청북도 청주시 흥덕구 직지대로 530 , 제1동 제713호(송정동, 청주테크노에스타워)",043-238-3788
8392,충북,청주시,설계업,전문,주식회사 탑테크엔지니어링,박정규,28343,충청북도 청주시 청원구 1순환로 358 (내덕동),043-223-1213
8393,충북,청주시,설계업,"일반(전기),일반(기계)",주식회사 원,장원,28805,"충청북도 청주시 서원구 남이면 양촌4길 22 , 1층",043-233-4117
8394,충북,청주시,설계업,"일반(전기),일반(기계)",씨케이엔지니어링,"김홍영,조성백",28783,"충청북도 청주시 상당구 월평로238번길 18 ,301호(용암동)",043-222-2016
8395,충북,청주시,설계업,"일반(전기),일반(기계)",DS엔지니어링,엄영섭,28464,"충청북도 청주시 흥덕구 덕암로 92 , 2층(봉명동)",043-260-2357
8396,충북,청주시,설계업,전문,(주)건사엔지니어링,박경래,28187,충청북도 청주시 상당구 남일면 효촌송암1길 51-3 .,043-284-1681
8397,충북,청주시,설계업,"일반(전기),일반(기계)",주식회사 가인엔지니어링,박상희,28578,"충청북도 청주시 흥덕구 직지대로 530 , 1동 413호(송정동,청주테크노에스타워)",043-238-3788
8398,충북,청주시,설계업,"일반(전기),일반(기계)",한일이엔지,이규숙,28187,충청북도 청주시 상당구 남일면 효촌송암1길 45 .,043-283-0227
8399,충북,청주시,설계업,전문,주식회사 행복종합엔지니어링건축사사무소,박수근,28424,"충청북도 청주시 흥덕구 대농로 43 ,상가동 802호(복대동, 신영지웰시티)",052-267-6006
8400,충북,청주시,설계업,"일반(전기),일반(기계)",주식회사 우림엠이씨,최영주,28625,"충청북도 청주시 서원구 산남로62번길 31 , 601호(산남동, 원흥법조빌딩)",043-271-7249
8401,충북,청주시,설계업,"일반(전기),일반(기계)",주식회사 영진엔지니어링,이경제,28583,충청북도 청주시 흥덕구 대신로 66 (복대동),043-292-8431
8402,충북,청주시,설계업,"일반(전기),일반(기계)",이엔지태창,김경옥,28576,"충청북도 청주시 흥덕구 공단로 134 ,307-1호(송정동)",043-273-6016
8403,충북,청주시,설계업,"일반(전기),일반(기계)",주식회사 경성이엔지,박찬영,28187,충청북도 청주시 상당구 남일면 효촌송암1길 51-3 .,043-297-5004
8404,충북,충주시,설계업,전문,주식회사 중앙방재,박철균,27463,충청북도 충주시 주덕읍 신덕로 1190 .,043-847-2119
8405,충북,충주시,설계업,"일반(전기),일반(기계)",예인전기기술사사무소,이원석,27339,충청북도 충주시 금제12길 10-1 (금릉동),043-855-1052
8406,충북,충주시,설계업,"일반(전기),일반(기계)",주식회사 에이스소방,신찬식,27337,충청북도 충주시 팽고리산길 117 (금릉동),043-848-8119
8407,충남,계룡시,설계업,"일반(전기),일반(기계)",나라기술,정진붕,32826,"충청남도 계룡시 서금암3길 5 , 523호(금암동,쉐리움)",070-4111-6424
8408,충남,계룡시,설계업,일반(기계),라인이엔씨,서은교,32806,"충청남도 계룡시 엄사면 번영6길 8-6 , 1층 104호",042-841-2606
8409,충남,공주시,설계업,"일반(전기),일반(기계)",(주)대원이엔씨,이주섭,32589,"충청남도 공주시 의당면 연수원길 115-19 , 303호",070-8797-4035
8410,충남,공주시,설계업,"일반(전기),일반(기계)",주식회사 드림이앤디,홍윤표,32580,"충청남도 공주시 번영1로 156 ,3층(신관동)",042-828-0956
8411,충남,공주시,설계업,"일반(전기),일반(기계)",(주)신명이엔지,김세진,32512,"충청남도 공주시 정안면 정안중앙길 129 , 1층",041-400-8788
8412,충남,공주시,설계업,"일반(전기),일반(기계)",주식회사 비젼아이티,이지환,32569,충청남도 공주시 한적2길 47 (금흥동),041-856-6551
8413,충남,금산군,설계업,"일반(전기),일반(기계)",합동소방이엔지(주),신철구,32710,충청남도 금산군 추부면 신평공단로 9-13 (1층),070-7663-6119
8414,충남,당진시,설계업,"일반(전기),일반(기계)",(주)경동이앤지,황일재,31784,충청남도 당진시 백암로 75-4 (채운동),041-356-5118
8415,충남,당진시,설계업,"일반(전기),일반(기계)",서해기술단(주),이종구,31734,충청남도 당진시 영금절골길 13 (반촌리),041-357-1119
8416,충남,당진시,설계업,"일반(전기),일반(기계)",(주)두원기술단,박우영,31768,"충청남도 당진시 우두로2길 9 1층(우두동, 명품빌딩2차)",041-352-5913
8417,충남,당진시,설계업,"일반(전기),일반(기계)",주식회사 새미래소방,조용영,31771,"충청남도 당진시 밤절로 136 , 7층 5호(수청동,시티타워빌딩)",042-719-2119
8418,충남,당진시,설계업,일반(전기),백제전기,김기창,31778,충청남도 당진시 대덕1로2길 30 (수청동),041-562-4417
8419,충남,서산시,설계업,"일반(전기),일반(기계)",(주)에이스에프에스,박병권,31901,충청남도 서산시 대산읍 독곶2로 18 .,041-668-7119
8420,충남,서산시,설계업,"일반(전기),일반(기계)",(주)토탈방재,배대순,31900,충청남도 서산시 대산읍 독곶수등길 51 (대산읍),041-667-9119
8421,충남,서산시,설계업,"일반(전기),일반(기계)",(주)동양소방,이금주,31994,충청남도 서산시 한마음13로 13 (석림동),041-666-2119
8422,충남,서산시,설계업,"일반(전기),일반(기계)",(주)비앤와이이엔지,윤대호,31988,충청남도 서산시 충의로 29-21 (예천동),041-665-1188
8423,충남,서산시,설계업,"일반(전기),일반(기계)",예다엔지니어링,유연용,31995,"충청남도 서산시 덕지천로 60 , 301호(석남동)",041-667-5300
8424,충남,서산시,설계업,"일반(전기),일반(기계)",주식회사 창조종합건축사사무소,"유병문,유도균",31983,"충청남도 서산시 중앙로 10 , 402호(동문동)",041-664-7000
8425,충남,아산시,설계업,일반(전기),(주)청우디엔시,"김숙화,이민규",31470,"충청남도 아산시 배방읍 희망로46번길 11-16 ,1108호(파모스라움)",02-3434-8888
8426,충남,아산시,설계업,전문,한국안전기술 주식회사,연태영,31418,충청남도 아산시 음봉면 산동로 145-33 .,041-547-3119
8427,충남,아산시,설계업,"일반(전기),일반(기계)",주식회사 대평이엠씨,지승환,31457,"충청남도 아산시 탕정면 용머리길 40 , 1동 6층 618호",041-534-8822
8428,충남,천안시,설계업,"일반(전기),일반(기계)",(주)삼호엔지니어링,임시경,31192,충청남도 천안시 동남구 구성1길 19 (구성동),041-563-1190
8429,충남,천안시,설계업,"일반(전기),일반(기계)",(주)대진방재,임영묵,31148,충청남도 천안시 동남구 봉서6길 8 (봉명동),041-578-1971
8430,충남,천안시,설계업,전문,주식회사 씨에이파트너스,박홍주,31156,"충청남도 천안시 서북구 불당22대로 92 , 6층 605호(불당동,마블러스티타워)",041-523-4858
8431,충남,천안시,설계업,"일반(전기),일반(기계)",(주)에이스엔지니어링,박호천,31156,"충청남도 천안시 서북구 불당36길 63 , 405호(불당동)",041-558-7713
8432,충남,천안시,설계업,"일반(전기),일반(기계)",(합)피이피그린,박인수,31155,"충청남도 천안시 서북구 미라7길 22 (미라빌딩 4층,쌍용동)",041-565-6332
8433,충남,천안시,설계업,전문,(주)대림엠이씨,이용철,31104,"충청남도 천안시 서북구 1공단4길 27 , 3층 (두정동, 새론타워)",041-564-5354
8434,충남,천안시,설계업,"일반(전기),일반(기계)",주식회사 하나소방1ST,김석태,31067,충청남도 천안시 동남구 만남의길 24 (신부동),041-579-1919
8435,충남,천안시,설계업,"일반(전기),일반(기계)",(주)경동엔지니어링,"강재홍,강성묵",31124,"충청남도 천안시 동남구 만남로 72 (신부동,삼부르네상스홈 1514호)",041-555-4733
8436,충남,천안시,설계업,"일반(전기),일반(기계)",(주)세종그룹엔지니어링,김미희,31104,"충청남도 천안시 서북구 1공단4길 27 ,4층(두정동, 새론타워)",041-417-1199
8437,충남,천안시,설계업,"일반(전기),일반(기계)",(주)유일엔지니어링,김광수,31099,"충청남도 천안시 서북구 늘푸른2길 14-4 ,4층(두정동, 유일빌딩)",041-574-1933
8438,충남,천안시,설계업,"일반(전기),일반(기계)",(주)우리소방,윤주헌,31068,충청남도 천안시 동남구 태조산길 120-10 (유량동),041-566-1911
8439,충남,천안시,설계업,일반(전기),(주)대관,김진오,31198,"충청남도 천안시 동남구 청수5로 3 , 802호(청당동, 랜드마크원빌딩)",041-562-4417
8440,충남,천안시,설계업,"일반(전기),일반(기계)",이플랜엔지니어링,최영호,31204,"충청남도 천안시 동남구 통정12로 13 , 2층 201호(신방동, 신흥빌딩)",041-576-1975
8441,충남,천안시,설계업,"일반(전기),일반(기계)",파란방재,김석원,31204,충청남도 천안시 동남구 통정1로 27-10 (신방동),041-551-1978
8442,충남,천안시,설계업,"일반(전기),일반(기계)",유림기술단,"김훈진,가경호",31101,"충청남도 천안시 서북구 두정중1길 12-2 ,201호(두정동, 명진빌라)",041-565-8004
8443,충남,천안시,설계업,일반(전기),신화티이씨,허상운,31132,"충청남도 천안시 동남구 원성2교길 22 (원성동, 2층)",041-569-7097
8444,충남,천안시,설계업,"일반(전기),일반(기계)",하나설비엔지니어링,류성현,31104,"충청남도 천안시 서북구 1공단4길 27 , 새론타워2층(두정동)",041-417-4181
8445,충남,천안시,설계업,"일반(전기),일반(기계)",주식회사 누리기술단,박종일,31101,"충청남도 천안시 서북구 두정중2길 40 ,2층(두정동)",041-562-9977
8446,충남,천안시,설계업,전문,주식회사 선진티이씨,변상호,31204,"충청남도 천안시 동남구 통정1로 27-30 , 201호(신방동)",041-562-2351
8447,충남,천안시,설계업,일반(기계),연우이엔지(ENG),우진식,31183,충청남도 천안시 동남구 용곡1길 70 (용곡동),041-577-5593
8448,충남,천안시,설계업,"일반(전기),일반(기계)",미르엔지니어링,우창희,31164,"충청남도 천안시 서북구 불당9길 5-8 ,1 동(불당동)",041-558-1478
8449,충남,천안시,설계업,일반(전기),(주)삼도이앤씨,서광현,31106,"충청남도 천안시 서북구 두정상가3길 20 , 2층 215호(두정동, 더리치빌2차)",041-414-0208
8450,충남,천안시,설계업,일반(전기),주식회사 은성이엔지,권혁진,31106,"충청남도 천안시 서북구 두정상가1길 27 , 210호(두정동, 프라지움1차)",041-566-3969
8451,충남,천안시,설계업,"일반(전기),일반(기계)",명성엔지니어링,박성수,31101,"충청남도 천안시 서북구 두정중2길 40 ,2층(두정동)",041-562-9978
8452,충남,천안시,설계업,전문,진흥이엔지 주식회사,"임중훈,김태수",31174,"충청남도 천안시 서북구 충무로 125 , 5층 501호 (쌍용동)",041-553-4557
8453,충남,천안시,설계업,"일반(전기),일반(기계)",한국소방안전 주식회사,최진호,31142,"충청남도 천안시 서북구 쌍용대로 224 , 3층(성정동)",041-592-1119
8454,충남,천안시,설계업,"일반(전기),일반(기계)",(주)건우이엠씨,이준희,31101,"충청남도 천안시 서북구 두정중1길 6 ,2층(두정동)",041-566-4557
8455,충남,태안군,설계업,"일반(전기),일반(기계)",주식회사 유니온,한경섭,32146,충청남도 태안군 태안읍 순환길 26 .,041-356-5118
8456,전북,군산시,설계업,"일반(전기),일반(기계)",유스파워(주),고환구,54079,전북특별자치도 군산시 검다메안길 13 (조촌동) 301호,063-452-0508
8457,전북,군산시,설계업,"일반(전기),일반(기계)",주식회사 진포소방이앤씨,이석순,54097,전북특별자치도 군산시 공단대로 147 (미장동) 102호-103호,063-468-1190
8458,전북,군산시,설계업,"일반(전기),일반(기계)",지우엔지니어링,박민지,54077,전북특별자치도 군산시 진포로 175 (조촌동) 2층,063-451-6513
8459,전북,군산시,설계업,"일반(전기),일반(기계)",주식회사 서영이엔지,정세웅,54076,"전북특별자치도 군산시 조촌4길 78 , 1동 2층(조촌동)",063-466-0423
8460,전북,군산시,설계업,"일반(전기),일반(기계)",주식회사 다올,전원효,54094,전북특별자치도 군산시 미장안7길 8 2층 201호(미장동),063-451-0751
8461,전북,군산시,설계업,"일반(전기),일반(기계)",로컴엔지니어링,김건우,54127,"전북특별자치도 군산시 대학로 278-2 ,4층 401호(나운동)",063-468-8700
8462,전북,김제시,설계업,"일반(전기),일반(기계)",주식회사 진하엔지니어링,윤은수,54379,"전북특별자치도 김제시 요촌중길 6 ,1동(요촌동)",063-547-3301
8463,전북,남원시,설계업,"일반(전기),일반(기계)",세웅이엔씨,이영욱,55733,전북특별자치도 남원시 요천로 1871 (고죽동),063-634-2600
8464,전북,부안군,설계업,"일반(전기),일반(기계)",태인엔지니어링(주),시춘근,56306,"전북특별자치도 부안군 부안읍 상원길 19 (상원아파트) 1층,104호",063-236-6200
8465,전북,부안군,설계업,"일반(전기),일반(기계)",유한회사 필엔지니어링,정우필,56308,전북특별자치도 부안군 부안읍 남문안길 16 .,063-582-1081
8466,전북,익산시,설계업,"일반(전기),일반(기계)",(유)광진이엔지,이춘우,54666,전북특별자치도 익산시 학곤로16길 73 (송학동),063-841-1244
8467,전북,익산시,설계업,"일반(전기),일반(기계)",(주)대성건축사사무소,김창호,54621,전북특별자치도 익산시 선화로 259 (남중동),063-841-1203
8468,전북,익산시,설계업,"일반(전기),일반(기계)",번창시스템 주식회사,이향아,54576,"전북특별자치도 익산시 왕궁면 국가식품로13길 40 , 근린생활시설동 202호(익산푸르지오더퍼스트)",070-5147-5713
8469,전북,장수군,설계업,"일반(전기),일반(기계)",주식회사 덕진소방,박동규,55614,전북특별자치도 장수군 장계면 천변안길 17 .,063-274-8119
8470,전북,전주시,설계업,"일반(전기),일반(기계)",(주)주연이엔지,김종배,55062,전북특별자치도 전주시 완산구 호암로 82 402호(그린빌딩) (효자동2가),063-227-6606
8471,전북,전주시,설계업,"일반(전기),일반(기계)",(주)대신기술단,왕영식,55038,전북특별자치도 전주시 완산구 전주천동로 210  (다가동2가),063-226-6500
8472,전북,전주시,설계업,"일반(전기),일반(기계)",유한회사 대화,박진형,54879,전북특별자치도 전주시 덕진구 만성용흥길 12 (만성동),063-228-2127
8473,전북,전주시,설계업,"일반(전기),일반(기계)",(유)다산이엔지,권영관,54956,"전북특별자치도 전주시 완산구 서곡로 69  (효자동3가,2층)",063-251-8391
8474,전북,전주시,설계업,"일반(전기),일반(기계)",주식회사 전일이앤씨,강병삼,54818,전북특별자치도 전주시 덕진구 구억명덕로 437 (금상동),063-243-4628
8475,전북,전주시,설계업,"일반(전기),일반(기계)",주식회사 삼부감리,김영미,54961,전북특별자치도 전주시 완산구 척동4길 15-4 (효자동3가) 봉은빌딩 4층,063-251-3106
8476,전북,전주시,설계업,"일반(전기),일반(기계)",진성ESC,김영국,55122,전북특별자치도 전주시 완산구 평화14길 28-15 3층 (평화동1가),063-221-8547
8477,전북,전주시,설계업,"일반(전기),일반(기계)",(주)이린,김한규,54977,전북특별자치도 전주시 완산구 중산로 20  (중화산동2가),063-227-6626
8478,전북,전주시,설계업,"일반(전기),일반(기계)",(주)부윤엔지니어링,백종호,54871,전북특별자치도 전주시 덕진구 오공로 43-34 (중동) 403호,063-225-2750
8479,전북,전주시,설계업,"일반(전기),일반(기계)",대한엔지니어링,김경미,54954,전북특별자치도 전주시 완산구 전룡6길 6  (서신동),063-221-2948
8480,전북,전주시,설계업,"일반(전기),일반(기계)",(유)유진엔지니어링,안용환,54962,전북특별자치도 전주시 완산구 마전1길 10  (효자동3가) 가온빌딩 3층,063-224-6794
8481,전북,전주시,설계업,"일반(전기),일반(기계)",(주)다우코퍼레이션,박식,54877,전북특별자치도 전주시 완산구 천잠로 453 (효자동3가),063-255-8200
8482,전북,전주시,설계업,일반(기계),원일엔지니어링,공유원,54980,전북특별자치도 전주시 완산구 산월2길 37 (중화산동2가) 3층,063-229-1020
8483,전북,전주시,설계업,"일반(전기),일반(기계)",(유)승현,송우섭,55136,전북특별자치도 전주시 완산구 난전들로 220-96 (평화동2가),063-236-0767
8484,전북,전주시,설계업,"일반(전기),일반(기계)",유한회사 지에이시스템,"원승연,정미지",54973,전북특별자치도 전주시 완산구 백제대로 305 (중화산동2가),063-241-2000
8485,전북,전주시,설계업,"일반(전기),일반(기계)",건축사사무소 세원건축,이영철,55089,전북특별자치도 전주시 완산구 용리로 106 (삼천동1가) 2층,063-288-3301
8486,전북,전주시,설계업,"일반(전기),일반(기계)",유한회사 광성이엔지,정회헌,54809,"전북특별자치도 전주시 덕진구 여실길 20-1 , 1층(여의동)",063-252-4119
8487,전북,정읍시,설계업,"일반(전기),일반(기계)",주식회사 우석엔지니어링,이성준,56162,전북특별자치도 정읍시 대흥3길 16-7 (시기동) 2층,063-538-2752
8488,전북,정읍시,설계업,"일반(전기),일반(기계)",유한회사 더로드,박요순,56163,"전북특별자치도 정읍시 남북로 56 (수성동) ,203호",063-538-9011
8489,전남,고흥군,설계업,"일반(전기),일반(기계)",유한회사 장강,손명희,59540,"전라남도 고흥군 고흥읍 여산당촌길 23 ,301호(고흥군산림조합청사)",062-371-4564
8490,전남,광양시,설계업,전문,(주)파워엔지니어링,"김기석,박인호",57759,전라남도 광양시 광양읍 익신산단1길 50 (),061-793-8500
8491,전남,광양시,설계업,"일반(전기),일반(기계)",주식회사 미래,황규호,57796,"전라남도 광양시 발섬4길 7-10 ,3층(중동)",061-793-8507
8492,전남,광양시,설계업,"일반(전기),일반(기계)",주식회사 이레기술사사무소,서은선,57784,"전라남도 광양시 중동1길 21 ,2층(중동)",061-793-8511
8493,전남,나주시,설계업,전문,(주)한길이앤씨,서은호,58325,"전라남도 나주시 그린로 351 1동605호(빛가람동, 아주드림타워)",061-334-7119
8494,전남,나주시,설계업,"일반(전기),일반(기계)",(주)기람엔지니어링,최문한,58243,전라남도 나주시 청암길 17  (청동) ,062-383-4662
8495,전남,나주시,설계업,일반(전기),(주)한빛엔지니어링,조규완,58263,전라남도 나주시 왕건길 33-16 (송월동),061-334-1028
8496,전남,나주시,설계업,"일반(전기),일반(기계)",정도ENG,박진범,58260,전라남도 나주시 학생운동길 35 (남외동),061-334-2800
8497,전남,나주시,설계업,"일반(전기),일반(기계)",가나이엔지 주식회사,정광래,58329,"전라남도 나주시 그린로 230 ,2층(빛가람동)",061-332-8700
8498,전남,나주시,설계업,"일반(전기),일반(기계)",주식회사 엘에이치파워서비스,심재관,58323,"전라남도 나주시 정보화길 26 , 408호(빛가람동)",062-575-9971
8499,전남,나주시,설계업,"일반(전기),일반(기계)",가람이앤씨 주식회사,장경수,58326,"전라남도 나주시 교육길 13 , 씨동 205호(빛가람동, 스마트파크)",061-335-1100
8500,전남,나주시,설계업,"일반(전기),일반(기계)",주식회사 새터이엔지,나경주,58227,"전라남도 나주시 남평읍 강변1길 65-13 , 1층 102호",062-376-7301
8501,전남,담양군,설계업,"일반(전기),일반(기계)",(유)시온이엔지,이혜정,57320,"전라남도 담양군 대전면 행정길 65-4 ,2동 2층",062-571-0651
8502,전남,목포시,설계업,"일반(전기),일반(기계)",(주)한국소방,고미주,58703,전라남도 목포시 안장산로 45 (용해동),061-245-1119
8503,전남,목포시,설계업,"일반(전기),일반(기계)",(주)백두기연,양정승,58600,전라남도 목포시 대양산단로97번길 33 (대양동),061-278-8204
8504,전남,목포시,설계업,"일반(전기),일반(기계)",(유)전남이엔지,최명운,58660,전라남도 목포시 하당로221번길 4 (상동),061-283-5805
8505,전남,목포시,설계업,"일반(전기),일반(기계)",(유)주영엔지니어링,조동,58642,전라남도 목포시 상리로9번길 25 (상동),061-272-6116
8506,전남,목포시,설계업,"일반(전기),일반(기계)",(유)한빛방재이엔지,강현배,58600,"전라남도 목포시 대양산단로 154 ,2층 2호(대양동)",061-279-1119
8507,전남,목포시,설계업,"일반(전기),일반(기계)",주식회사 대담,손동민,58659,"전라남도 목포시 양을로532번길 2 ,603호(상동, 플래티늄오피스텔)",062-412-1177
8508,전남,목포시,설계업,"일반(전기),일반(기계)",세종유비스,고형길,58711,"전라남도 목포시 양을로 42 2층(대성동, 천년나무아파트 상가)",061-261-0911
8509,전남,목포시,설계업,"일반(전기),일반(기계)",주식회사 호반엔지니어링,조이환,58600,전라남도 목포시 대양산단로125번길 11 (대양동),061-261-1229
8510,전남,목포시,설계업,"일반(전기),일반(기계)",서은ENG,이형일,58639,전라남도 목포시 원산정로 6 (산정동),061-984-4119
8511,전남,순천시,설계업,"일반(전기),일반(기계)",(주)한울이엔지,이창규,57970,전라남도 순천시 연동남1길 37 (조례동),061-724-3634
8512,전남,순천시,설계업,"일반(전기),일반(기계)",유한회사 믿음이엔지,박진홍,57982,"전라남도 순천시 해룡면 동명초등길 35-29 , 1층",061-725-1190
8513,전남,순천시,설계업,전문,(주)하늘천,임인수,57966,전라남도 순천시 충효로 131-10 (조례동),061-811-0230
8514,전남,순천시,설계업,"일반(전기),일반(기계)",유한회사 하나이엔지,허봉석,57970,"전라남도 순천시 연동남1길 36 , 2층(조례동)",061-723-5200
8515,전남,순천시,설계업,"일반(전기),일반(기계)",팔마기술단 주식회사,음호성,57924,전라남도 순천시 중앙로 513-1 (가곡동),061-751-8880
8516,전남,순천시,설계업,"일반(전기),일반(기계)",금아이엔지 주식회사,"조영희,배홍철",57978,전라남도 순천시 연향2로 19 (연향동),061-721-3483
8517,전남,순천시,설계업,"일반(전기),일반(기계)",유한회사 로운이엔지,김도영,57982,"전라남도 순천시 해룡면 조례못등길 102-36 ,2층",061-722-0322
8518,전남,여수시,설계업,"일반(전기),일반(기계)",(유)대성소방공사,김응림,59680,전라남도 여수시 신기북2길 15  (신기동) ,061-683-4417
8519,전남,여수시,설계업,전문,(주)영동이앤씨,박정일,59632,전라남도 여수시 봉계6길 12-1 (봉계동),061-652-8881
8520,전남,여수시,설계업,"일반(전기),일반(기계)",유한기술(주),"장승혁,장수송",59614,전라남도 여수시 여수산단로 810  (중흥동) ,061-685-7550
8521,전남,여수시,설계업,"일반(전기),일반(기계)",(유)성전이엔씨,정효관,59635,"전라남도 여수시 좌수영로 889 , 2층(여천동)",061-653-8218
8522,전남,여수시,설계업,"일반(전기),일반(기계)",SF ENC,유태국,59638,전라남도 여수시 성산로 77 (화장동),061-686-1119
8523,전남,여수시,설계업,"일반(전기),일반(기계)",우리소방ENG,정재훈,59641,전라남도 여수시 화산로 58 2층(화장동),061-683-4377
8524,전남,여수시,설계업,전문,신가승ENG,유정남,59637,전라남도 여수시 성산로 49 (화장동),062-682-1370
8525,전남,여수시,설계업,"일반(전기),일반(기계)",KST (한국안전기술),송금남,59643,전라남도 여수시 화산로 48 (화장동),061-655-6898
8526,전남,여수시,설계업,"일반(전기),일반(기계)",건축사사무소 가인,변형우,59674,전라남도 여수시 시청서3길 7-9 (학동),061-692-3667
8527,전남,여수시,설계업,"일반(전기),일반(기계)",(유)우영소방,우영근,59686,전라남도 여수시 신기남2길 16 (신기동),061-692-1190
8528,전남,여수시,설계업,"일반(전기),일반(기계)",유한회사 성전소방이엔지,정삼한,59714,전라남도 여수시 오림4길 26 (오림동),061-651-8218
8529,전남,여수시,설계업,"일반(전기),일반(기계)",(주)대한방재,김건우,59674,"전라남도 여수시 시청서3길 5-7 ,2층(학동)",061-691-4832
8530,전남,여수시,설계업,전문,대정소방 주식회사,손경숙,59633,전라남도 여수시 주삼덕양로 203 (주삼동),061-685-0578
8531,전남,여수시,설계업,"일반(전기),일반(기계)",(주)하이테크엔지니어링,장영,59610,전라남도 여수시 여수산단1로 366 (화치동),061-690-1000
8532,전남,여수시,설계업,"일반(전기),일반(기계)",한동건설엔지니어링 주식회사,채성의,59602,"전라남도 여수시 율촌면 여순로 1038 ,상가동 205호(동양엔파트)",061-692-5596
8533,전남,여수시,설계업,"일반(전기),일반(기계)",와이에스이엔지,정유진,59639,"전라남도 여수시 무선중앙로 15 , 2층(화장동)",061-686-1190
8534,전남,여수시,설계업,"일반(전기),일반(기계)",주식회사 도진이앤지,손순철,59638,"전라남도 여수시 무선로 239-18 ,2층(화장동)",061-692-3696
8535,전남,여수시,설계업,"일반(전기),일반(기계)",주식회사 테스,김희선,59674,"전라남도 여수시 시청서3길 7-7 ,2층(학동)",070-4249-4175
8536,전남,여수시,설계업,"일반(전기),일반(기계)",주식회사 대신소방기술,김성훈,59678,"전라남도 여수시 쌍봉로 135 , 2층(학동)",061-686-2626
8537,전남,영광군,설계업,"일반(전기),일반(기계)",(주)우진엔지니어링,"이준문,백도갑",57036,전라남도 영광군 영광읍 물무로 77-1 (),062-364-8524
8538,전남,영광군,설계업,"일반(전기),일반(기계)",(주)하나엔지니어링,"강달관,박순희",57031,전라남도 영광군 군서면 백수로17길 10-11 (),062-526-6702
8539,전남,영암군,설계업,"일반(전기),일반(기계)",(주)세진엔지니어링,박찬갑,58408,전라남도 영암군 덕진면 향월유수동길 101-8 (),062-384-6333
8540,전남,영암군,설계업,전문,에이치디현대삼호 주식회사,신현대,58462,전라남도 영암군 삼호읍 대불로 93 (),061-460-2114
8541,전남,장성군,설계업,"일반(전기),일반(기계)",(주)세화방재,박혁,57251,전라남도 장성군 남면 불정길 35 (),061-392-4119
8542,전남,해남군,설계업,"일반(전기),일반(기계)",주식회사 한결엔지니어링,"방진관,최옥경",59025,전라남도 해남군 해남읍 북부순환로 38 .,061-533-6272
8543,전남,해남군,설계업,"일반(전기),일반(기계)",강부건설이엔지 주식회사,배수경,59031,전라남도 해남군 해남읍 중앙1로 477 (),062-575-7416
8544,전남,화순군,설계업,"일반(전기),일반(기계)",(주)진영이앤씨,이연정,58122,"전라남도 화순군 시장길 3-1 (화순읍,1층)",061-374-8182
8545,경북,경산시,설계업,"일반(전기),일반(기계)",(주)대경이엠씨,천종근,38671,경상북도 경산시 성암로7길 21-1  (옥산동) ,053-768-7097
8546,경북,경산시,설계업,"일반(전기),일반(기계)",(주)혁신이앤씨,김수화,38594,경상북도 경산시 원효로40길 47-2 (사동),053-742-4751
8547,경북,경산시,설계업,일반(전기),유신E&C,정현석,38668,"경상북도 경산시 펜타힐즈2로 25 ,6층 601호(중산동)",053-215-8864
8548,경북,경산시,설계업,"일반(전기),일반(기계)",(주)조은엔지니어링,김종희,38668,경상북도 경산시 펜타힐즈2로 9  (중산동) 중산펜타힐즈 M타워 803호,053-813-3900
8549,경북,경산시,설계업,"일반(전기),일반(기계)",나우이엔지,도창호,38605,경상북도 경산시 백양로38길 14 (사동),053-624-4869
8550,경북,경산시,설계업,"일반(전기),일반(기계)",주식회사 이도산업개발,남호연,38417,"경상북도 경산시 하양읍 동서1길 8-2 , 2층",053-813-3119
8551,경북,경산시,설계업,"일반(전기),일반(기계)",주식회사 삼보기술단,황규현,38654,"경상북도 경산시 대학로 63 (정평동, 7층)",053-811-7200
8552,경북,경산시,설계업,일반(기계),(주)엠텍이앤씨,김창현,38605,"경상북도 경산시 백양로34길 2-8 ,2층 201호(사동)",053-745-3722
8553,경북,경산시,설계업,일반(기계),기술사사무소 에너원,정인채,38500,경상북도 경산시 대평길1길 10-8 (대평동),053-314-1184
8554,경북,경산시,설계업,"일반(전기),일반(기계)",SM기술,김희수,38658,"경상북도 경산시 경산로 280 , A동 1층 31호(중산동, 중산 하늘채 더퍼스트)",053-475-3119
8555,경북,경산시,설계업,일반(기계),드림이앤씨,정미화,38605,경상북도 경산시 백양로38길 14 (사동),070-8898-7156
8556,경북,경산시,설계업,"일반(전기),일반(기계)",(주)나무전기,우종순,38439,경상북도 경산시 하양읍 금호강변로 492 .,054-954-0942
8557,경북,경산시,설계업,"일반(전기),일반(기계)",주식회사 케이씨아이,이길용,38658,"경상북도 경산시 대학로 28 , 201호(정평동)",031-8086-5516
8558,경북,경산시,설계업,일반(전기),원이엔지,김석현,38599,"경상북도 경산시 원효로40길 58-8 , 1층 (사동)",053-811-3146
8559,경북,경산시,설계업,"일반(전기),일반(기계)",(주)동성엔지니어링,"이상규,황해근",38660,경상북도 경산시 성암로21길 41 (옥산동) .,02-2041-8500
8560,경북,경산시,설계업,일반(기계),도경엔지니어링,구윤희,38662,"경상북도 경산시 펜타힐즈2로 59 , 405호(중산동)",053-716-4277
8561,경북,경산시,설계업,"일반(전기),일반(기계)",(주)성우이앤씨,손인락,38615,"경상북도 경산시 남매공원로1길 1 , 303호 (계양동)",053-716-0160
8562,경북,경주시,설계업,"일반(전기),일반(기계)",주식회사 태광엔지니어링,이용희,38102,경상북도 경주시 동천로93번길 6 (동천동),054-775-6030
8563,경북,경주시,설계업,"일반(전기),일반(기계)",서린이앤씨,임상규,38149,경상북도 경주시 알천남로 236 (성동동),054-744-5353
8564,경북,경주시,설계업,"일반(전기),일반(기계)",(주)성문기술단,이명조,38067,경상북도 경주시 부엉길 61-1 (석장동),054-741-4570
8565,경북,경주시,설계업,"일반(전기),일반(기계)",제일엔지니어링,최명호,38102,경상북도 경주시 양정로252번길 13 (동천동),054-742-3557
8566,경북,경주시,설계업,"일반(전기),일반(기계)",성우이엔지,김영우,38102,경상북도 경주시 백률로 72 (동천동),054-773-4434
8567,경북,경주시,설계업,일반(전기),(주)동성기술감리단,전진택,38067,경상북도 경주시 부엉길 61-1 (석장동),054-741-4570
8568,경북,경주시,설계업,일반(전기),주식회사 다은기술감리단,전익현,38067,경상북도 경주시 부엉길 61-1 (석장동),054-741-4570
8569,경북,구미시,설계업,"일반(전기),일반(기계)",(주)세림안전소방,김기현,39272,경상북도 구미시 화신로8길 12 (광평동),054-441-0414
8570,경북,구미시,설계업,일반(전기),(주)동영엔지니어링기술사사무소,김한영,39285,경상북도 구미시 송정대로 29 (송정동),054-458-1084
8571,경북,구미시,설계업,"일반(전기),일반(기계)",(주)광진이엔씨,"배윤환,임해식",39147,경상북도 구미시 고아읍 문성로5길 22-34 .,054-451-9400
8572,경북,구미시,설계업,일반(전기),신우ETF기술단,이용석,39312,"경상북도 구미시 형곡동로 61 (형곡동, 2층)",054-455-6258
8573,경북,구미시,설계업,"일반(전기),일반(기계)",(주)진명엔지니어링건축사사무소,서정학,39442,경상북도 구미시 인동35길 22-16 (구평동),054-471-0474
8574,경북,구미시,설계업,"일반(전기),일반(기계)",도담엔지니어링,서철식,39305,경상북도 구미시 산책길 55-27 (원평동),054-455-7373
8575,경북,구미시,설계업,"일반(전기),일반(기계)",(주)탑이엔씨건축사사무소,이영욱,39385,경상북도 구미시 1공단로6길 204 (공단동),054-462-1109
8576,경북,구미시,설계업,전문,(주)신우엔지니어링,"김팔원,류태희",39270,경상북도 구미시 수출대로 225-40 (공단동),054-452-5119
8577,경북,구미시,설계업,"일반(전기),일반(기계)",(주)코러싱,"박동식,박정희",39382,"경상북도 구미시 산호대로 32 , 공장동1 2층206호(공단동)",070-4333-8688
8578,경북,구미시,설계업,전문,주식회사 이앤에스,김제철,39391,"경상북도 구미시 3공단1로 302-7 , 7동 220호(임수동, 구미공구상가)",053-719-0306
8579,경북,구미시,설계업,전문,슈반엔지니어링(주),강창훈,39391,경상북도 구미시 3공단1로 302-7 (임수동) 8동 306호,053-638-4488
8580,경북,구미시,설계업,일반(기계),대경ENG,이경호,39391,"경상북도 구미시 3공단1로 302-7 , 4동 303호 (임수동, 구미산업유통단지)",053-383-2866
8581,경북,구미시,설계업,"일반(전기),일반(기계)",(주)오성소방,"김희윤,곽병철",39318,경상북도 구미시 형곡동로 36 (형곡동),054-443-2119
8582,경북,구미시,설계업,일반(기계),이룸이앤씨,민갑식,39319,"경상북도 구미시 형곡서로 21-15 ,가동 201호(형곡동)",070-7708-2267
8583,경북,구미시,설계업,일반(기계),주식회사 지유엔지니어링,황광석,39439,"경상북도 구미시 인동25길 13 , 2층 202호(인의동)",070-5220-7873
8584,경북,구미시,설계업,"일반(전기),일반(기계)",주식회사 별하이엔지,노성여,39224,"경상북도 구미시 금오산로5길 4 , 3층(원평동)",070-5220-7874
8585,경북,구미시,설계업,일반(기계),주식회사 보성에프앤디,천창현,39232,"경상북도 구미시 송원서로2길 41-1 ,2층(원평동)",053-782-7161
8586,경북,구미시,설계업,일반(기계),주식회사 삼현기술,이순미,39154,경상북도 구미시 해평면 월호3길 73 .,053-314-1184
8587,경북,구미시,설계업,"일반(전기),일반(기계)",현우이엔지,이동현,39322,"경상북도 구미시 신시로14길 64 ,3층(송정동)",054-457-6258
8588,경북,구미시,설계업,"일반(전기),일반(기계)",(주)태성종합기술,정창화,39276,"경상북도 구미시 백산로 167 , 3층(송정동)",054-464-1273
8589,경북,구미시,설계업,"일반(전기),일반(기계)",주식회사 에이치디설비기술단,정석래,39288,"경상북도 구미시 송정대로6길 20 , 301동 202호(송정동, 반석드림빌)",053-527-1836
8590,경북,김천시,설계업,전문,한국전력기술(주),김성암,39660,경상북도 김천시 혁신로 269 (율곡동),054-421-3124
8591,경북,김천시,설계업,"일반(전기),일반(기계)",주식회사 대한전기소방,신창욱,39650,경상북도 김천시 황산로 31 (지좌동),054-437-0722
8592,경북,김천시,설계업,"일반(전기),일반(기계)",(주)위드엔지니어링,임은호,39660,"경상북도 김천시 혁신로 288-2 , 5층(율곡동)",054-436-6610
8593,경북,문경시,설계업,"일반(전기),일반(기계)",주식회사 경도기술단,홍준영,36949,"경상북도 문경시 중앙로 72-3 ,  1동 1003호(점촌동, 대원퀸스힐2차)",053-628-7200
8594,경북,문경시,설계업,일반(전기),미르이에프시,엄중상,36981,"경상북도 문경시 시청2길 21 ,3층 303호(모전동,성덕오피스텔)",054-556-9230
8595,경북,문경시,설계업,"일반(전기),일반(기계)",(주)청우엔지니어링,"손창현,박경원,서석환,윤상국",36981,"경상북도 문경시 시청2길 21 (모전동, 성덕오피스텔 1001호)",031-756-0165
8596,경북,문경시,설계업,"일반(전기),일반(기계)",(주)정화엔지니어링,이석호,36969,경상북도 문경시 점촌6길 20 (점촌동),054-555-8112
8597,경북,안동시,설계업,전문,주식회사 한양기술단,류종길,36632,경상북도 안동시 직곡길 88 (송현동),054-823-0911
8598,경북,안동시,설계업,"일반(전기),일반(기계)",(주)동양기술단,김춘동,36622,경상북도 안동시 금당길 152-5 (풍산읍),054-841-8433
8599,경북,안동시,설계업,일반(전기),아름E&C,김도형,36744,"경상북도 안동시 강남로 99-12 ,2층(수상동)",054-843-9966
8600,경북,안동시,설계업,"일반(전기),일반(기계)",바른이엔지,김대현,36747,"경상북도 안동시 운동장길 91-12 , 1층(정하동)",054-856-7304
8601,경북,안동시,설계업,일반(기계),(주)공간기술단,안철용,36719,경상북도 안동시 중평길 107-3 (용상동),054-857-2042
8602,경북,안동시,설계업,"일반(전기),일반(기계)",글로벌일렉트릭기술사사무소 주식회사,박희정,36635,"경상북도 안동시 송하2길 110 ,2층(송현동)",054-853-1323
8603,경북,안동시,설계업,일반(기계),(주)성우엔지니어링,김재규,36659,"경상북도 안동시 복주5길 41 , 8층 801호(옥동, 메트로오피스텔)",070-5014-4424
8604,경북,안동시,설계업,일반(전기),주식회사 경안기술단,장영수,36691,"경상북도 안동시 명륜1길 12-23 , 2층 (명륜동)",054-857-5669
8605,경북,안동시,설계업,"일반(전기),일반(기계)",주식회사 조이,남식운,36689,"경상북도 안동시 단원로 203 , 1층 102호 (화성동, 삼안빌라)",054-855-3232
8606,경북,안동시,설계업,일반(전기),경원기술단 주식회사,권도형,36625,"경상북도 안동시 제비원로 497 ,2층(이천동)",054-858-8088
8607,경북,안동시,설계업,"일반(전기),일반(기계)",주식회사 선엔지니어링,민병우,36702,"경상북도 안동시 서동문로 214 ,2층 202-27호 (동문동)",054-441-4482
8608,경북,안동시,설계업,일반(기계),주식회사 다온이엔지,김중기,36659,"경상북도 안동시 경북대로 423 , 509호(옥동, 설광빌딩)",053-719-2564
8609,경북,안동시,설계업,일반(전기),주식회사 태영기술단,박옥희,36661,"경상북도 안동시 광명로 169 , 2층 202호(옥동)",054-855-5585
8610,경북,영천시,설계업,"일반(전기),일반(기계)",(주)세원이엔이,"최성용,김종환",38894,"경상북도 영천시 영화로 245 ,2층(완산동)",070-7458-8453
8611,경북,영천시,설계업,"일반(전기),일반(기계)",(주)신라기술사사무소,김상우,38854,경상북도 영천시 보목2길 14 (야사동),054-338-2400
8612,경북,울진군,설계업,일반(전기),주식회사 로운테크,이진주,36327,경상북도 울진군 울진읍 고성1길 22 .,054-741-4570
8613,경북,의성군,설계업,"일반(전기),일반(기계)",티엘이엔지 주식회사,"이태언,강태원,박대근",37338,경상북도 의성군 의성읍 군청길 40 .,053-422-1516
8614,경북,칠곡군,설계업,"일반(전기),일반(기계)",(주)베스트이엔씨,김동구,39860,경상북도 칠곡군 동명면 송산12길 4 .,054-977-3245
8615,경북,포항시,설계업,"일반(전기),일반(기계)",주식회사 포스코디엑스,정덕균,37861,경상북도 포항시 남구 호동로 68 (호동),054-280-1134
8616,경북,포항시,설계업,"일반(전기),일반(기계)",부림방재(주),권기철,37579,경상북도 포항시 북구 장량로17번길 36-14  (장성동) ,054-241-9110
8617,경북,포항시,설계업,전문,대우소방산업(주),강호섭,37794,경상북도 포항시 남구 상공로 273  (송도동) ,054-275-3119
8618,경북,포항시,설계업,"일반(전기),일반(기계)",대경파워텍(주),배용찬,37775,"경상북도 포항시 남구 중앙로147번길 5 , 1층(해도동)",054-291-4084
8619,경북,포항시,설계업,전문,주식회사 포스코이앤씨,전중선,37745,경상북도 포항시 북구 중흥로 307 (죽도동),032-748-3471
8620,경북,포항시,설계업,"일반(전기),일반(기계)",주식회사 플랜텍,구본진,37866,경상북도 포항시 남구 대송로83번길 61 (장흥동),054-279-7410
8621,경북,포항시,설계업,일반(전기),우광ENG,정창현,37760,경상북도 포항시 남구 중흥로101번길 17-1 (상도동),054-277-5261
8622,경북,포항시,설계업,일반(전기),(주)대산이엔지,이진욱,37855,경상북도 포항시 남구 연일읍 중단길 27 (중단리),054-720-0500
8623,경북,포항시,설계업,"일반(전기),일반(기계)",SM엔지니어링,"박성규,임시은",37775,"경상북도 포항시 남구 중앙로 149 , 4층(해도동, 중산빌딩)",054-286-1324
8624,경북,포항시,설계업,"일반(전기),일반(기계)",백광이엔지,이종열,37765,"경상북도 포항시 남구 상대로 73-1 , 3층(상도동)",054-282-0085
8625,경북,포항시,설계업,일반(전기),휘승ENG,이현,37601,"경상북도 포항시 북구 삼호로 483 ,2동 202호(환호동)",054-275-1543
8626,경북,포항시,설계업,"일반(전기),일반(기계)",한화기술단,안광수,37685,"경상북도 포항시 남구 대이로5번길 14 (대잠동, 2층)",054-282-7840
8627,경북,포항시,설계업,"일반(전기),일반(기계)",대창설비설계사무소,송보걸,37685,"경상북도 포항시 남구 새천년대로 429 , 3층 (대잠동)",054-274-1969
8628,경북,포항시,설계업,"일반(전기),일반(기계)",(주)덕원이엔지,권나희,37685,경상북도 포항시 남구 대이로19번길 7  (대잠동) ,054-283-9100
8629,경북,포항시,설계업,"일반(전기),일반(기계)",(주)삼정엔지니어링,"이무형,김경호,최경철",37753,경상북도 포항시 북구 양학천로 20 (죽도동),054-277-1172
8630,경북,포항시,설계업,"일반(전기),일반(기계)",주식회사 다우이엔지,강숙희,37853,"경상북도 포항시 남구 연일읍 연일로 172 , 3층",054-614-4869
8631,경북,포항시,설계업,"일반(전기),일반(기계)",(주)선국엔지니어링,이선희,37588,경상북도 포항시 북구 장량로114번길 24 (장성동),070-4469-5548
8632,경북,포항시,설계업,"일반(전기),일반(기계)",한울이엔지,이준희,37883,"경상북도 포항시 남구 오천읍 원동로 3 , 3층 304F호(메트로프라자)",070-4468-9129
8633,경북,포항시,설계업,"일반(전기),일반(기계)",서진기술단,권서진,37676,"경상북도 포항시 남구 대이로159번길 5-9 , 2층(이동)",054-282-2206
8634,경북,포항시,설계업,일반(기계),주식회사 기술사사무소백광,"권재순,최해율",37765,"경상북도 포항시 남구 상대로 73-1 ,(상도동) 3층",054-282-0085
8635,경북,포항시,설계업,"일반(전기),일반(기계)",주식회사 건일,김석환,37685,"경상북도 포항시 남구 대이로1번길 20 , 602호(대잠동, 동부오피스텔)",031-736-6330
8636,경남,거제시,설계업,"일반(전기),일반(기계)",가람엔지니어링,박순영,53256,경상남도 거제시 고현로2길 34-2 (고현동),055-633-6904
8637,경남,거제시,설계업,"일반(전기),일반(기계)",동서엔지니어링,변석훈,53240,경상남도 거제시 수양2길 9 (수월동),055-633-4390
8638,경남,거제시,설계업,전문,한화오션 주식회사,김희철,53302,경상남도 거제시 거제대로 3370 (아주동),055-735-2114
8639,경남,거창군,설계업,"일반(전기),일반(기계)",(주)국제,조용원,50110,경상남도 거창군 마리면 거안로 808-90 ,055-941-0558
8640,경남,김해시,설계업,"일반(전기),일반(기계)",대경티엔에스 주식회사,임주섭,50924,경상남도 김해시 활천로15번길 22  (부원동) ,055-332-7491
8641,경남,김해시,설계업,"일반(전기),일반(기계)",김해제일기술단,조원직,50923,경상남도 김해시 분성로396번길 9-47 (동상동),055-323-1907
8642,경남,김해시,설계업,"일반(전기),일반(기계)",(주)우리소방,우성석,50967,경상남도 김해시 서김해산단안길 77 (풍유동) .,055-329-8119
8643,경남,김해시,설계업,"일반(전기),일반(기계)",다경엔지니어링,전제동,50933,경상남도 김해시 인제로11번길 15 (어방동),055-323-1593
8644,경남,김해시,설계업,"일반(전기),일반(기계)",(주)케이소방,박경태,50923,"경상남도 김해시 활천로29번길 6-7 (삼정동, 무창빌라) 101호",055-336-9119
8645,경남,김해시,설계업,"일반(전기),일반(기계)",주식회사 해승기술단,김은숙,50938,"경상남도 김해시 분성로 212 , 603호(외동, 초이스타워)",055-313-9381
8646,경남,김해시,설계업,"일반(전기),일반(기계)",주식회사 제이원엔지니어링,"장세선,김혜진",50940,"경상남도 김해시 김해대로 2352 , 아이스퀘어몰 제2층 제디209호(부원동)",055-322-2601
8647,경남,김해시,설계업,"일반(전기),일반(기계)",나우기술단 주식회사,안종한,50988,"경상남도 김해시 대청로210번길 20 , 803-1호(대청동)",055-326-7119
8648,경남,김해시,설계업,"일반(전기),일반(기계)",한길ENG,정종서,50924,"경상남도 김해시 김해대로2431번길 12 , 1층(부원동)",055-584-2800
8649,경남,김해시,설계업,"일반(전기),일반(기계)",블루파이어 주식회사,최인환,51006,경상남도 김해시 금관대로804번길 73-43 (명법동),055-338-9110
8650,경남,사천시,설계업,"일반(전기),일반(기계)",대성엔지니어링,성인호,52522,경상남도 사천시 사천읍 옥산로 128-15 3층 301호(세진빌딩),055-832-9112
8651,경남,사천시,설계업,"일반(전기),일반(기계)",(주)원이앤지,"황성원,이이길",52539,경상남도 사천시 용현면 시청3길 44 .,055-747-2119
8652,경남,사천시,설계업,"일반(전기),일반(기계)",(주)유디피시스,구태수,52517,경상남도 사천시 사천읍 수양로 80-41 .,055-832-3322
8653,경남,사천시,설계업,"일반(전기),일반(기계)",진엔지니어링,최진포,52524,"경상남도 사천시 정동면 진삼로 1350 , 부1호",070-4647-0103
8654,경남,산청군,설계업,"일반(전기),일반(기계)",이수이엔지 주식회사,이정숙,52251,경상남도 산청군 단성면 목화로 902 부1동 5호.,070-4827-1996
8655,경남,양산시,설계업,"일반(전기),일반(기계)",(주)온누리소방공사,박준호,50570,"경상남도 양산시 북정5길 2 , 1층(북정동)",055-383-1190
8656,경남,양산시,설계업,"일반(전기),일반(기계)",(주)하우엔지니어링 건축사사무소,손병찬,50653,"경상남도 양산시 물금읍 증산역로 149 , 204호(세영프라자)",055-912-3353
8657,경남,양산시,설계업,"일반(전기),일반(기계)",(주)이산기술단,김삼용,50629,"경상남도 양산시 양산역로 103 , 201호(중부동, 골든세븐)",055-384-7222
8658,경남,양산시,설계업,일반(전기),KEC,김상수,50635,경상남도 양산시 동면 남양산1길 30 2층,055-372-3701
8659,경남,진주시,설계업,"일반(전기),일반(기계)",이수기술단(주),황국주,52706,경상남도 진주시 강남로331번길 5 (망경동) .,070-4827-1252
8660,경남,진주시,설계업,"일반(전기),일반(기계)",(주)한빛엔지니어링,"허동회,박정주",52655,경상남도 진주시 상봉대룡길21번길 2  (상봉동) ,055-741-1171
8661,경남,진주시,설계업,"일반(전기),일반(기계)",진일엔지니어링,임종수,52661,경상남도 진주시 북장대로63번길 10  (상봉동) ,055-755-5350
8662,경남,진주시,설계업,전문,윤이엔지,이윤열,52769,경상남도 진주시 대신로356번길 6 (하대동) 1층,055-759-8060
8663,경남,진주시,설계업,"일반(전기),일반(기계)",성현이앤씨,김묘경,52818,"경상남도 진주시 동부로169번길 12 , A동 510호(충무공동, 윙스타워)",055-759-7901
8664,경남,진주시,설계업,"일반(전기),일반(기계)",주식회사 라인엔지니어링,"강민우,최종화",52628,경상남도 진주시 금산면 중천로39번길 6 .,055-761-1148
8665,경남,진주시,설계업,"일반(전기),일반(기계)",주식회사 동앤욱엔지니어링,"이동익,권상욱",52818,"경상남도 진주시 범골로54번길 30-9 , 제3층 제비311호(충무공동)",055-761-3287
8666,경남,창원시,설계업,"일반(전기),일반(기계)",나라기업(주),우희석,51382,"경상남도 창원시 의창구 중동중앙로 47 , 어반브릭스 스튜디오스트리트몰동 4012호, 4013호",055-247-3119
8667,경남,창원시,설계업,"일반(전기),일반(기계)",(주)가람소방,박명국,51378,경상남도 창원시 의창구 팔용로416번길 1 (팔용동),055-253-3110
8668,경남,창원시,설계업,"일반(전기),일반(기계)",(주)태경소방,정권수,51165,"경상남도 창원시 의창구 도계로4번길 5 (도계동,1층)",055-276-3863
8669,경남,창원시,설계업,"일반(전기),일반(기계)",(주)경남소방엔지니어링,강종만,51269,경상남도 창원시 마산합포구 무학로 523 (교방동),055-244-6119
8670,경남,창원시,설계업,"일반(전기),일반(기계)",서경이엔씨,주승돈,51436,경상남도 창원시 성산구 원이대로579번길 24 (용호동) 4층,055-262-5924
8671,경남,창원시,설계업,일반(기계),(주)대연이엔지,문재수,51526,"경상남도 창원시 성산구 삼동로128번길 85 501호(내동, 엑스포상가)",055-286-9831
8672,경남,창원시,설계업,전문,두산에너빌리티(주),"박지원,박상현,정연인",51711,경상남도 창원시 성산구 두산볼보로 22 (귀곡동),031-5179-1313
8673,경남,창원시,설계업,"일반(전기),일반(기계)",SJ 엔지니어링,최성락,51515,"경상남도 창원시 성산구 중앙대로 111 820호(중앙동, 평화상가오피스텔)",055-268-6733
8674,경남,창원시,설계업,"일반(전기),일반(기계)",(주)유일테크엔지니어링,하창식,51522,경상남도 창원시 성산구 중앙대로 77 (중앙동) 421호,055-285-0063
8675,경남,창원시,설계업,"일반(전기),일반(기계)",현대공영(주),진종신,51722,경상남도 창원시 마산합포구 오동동10길 56 가고파O/P 501호,055-221-7735
8676,경남,창원시,설계업,"일반(전기),일반(기계)",태림 ENG,조용광,51522,경상남도 창원시 성산구 용지로 70 (중앙동) 2층 219호,055-262-0277
8677,경남,창원시,설계업,일반(전기),기술사사무소 세명,송근수,51515,경상남도 창원시 성산구 중앙대로 111 (중앙동) 901호,055-268-6320
8678,경남,창원시,설계업,전문,(주)범한엔지니어링,함영욱,51199,경상남도 창원시 의창구 의안로8번길 23 (소답동),055-297-9771
8679,경남,창원시,설계업,일반(전기),신명이엔지,박상성,51416,"경상남도 창원시 성산구 대원로27번길 20 606호(대원동, 대원그린빌)",055-298-0260
8680,경남,창원시,설계업,"일반(전기),일반(기계)",주식회사 신흥이앤지,김정수,51436,"경상남도 창원시 성산구 용지로169번길 13 (용호동, 라이크빌-1) 503호",055-262-6119
8681,경남,창원시,설계업,전문,원기술(주),손용보,51505,"경상남도 창원시 성산구 상남로 37 1110호(상남동,덕산베스트텔)",055-288-1263
8682,경남,창원시,설계업,"일반(전기),일반(기계)",(주)경화엔지니어링,최진상,51391,경상남도 창원시 의창구 차룡로48번길 44 (팔용동) 제10층 에프1009호,055-263-9400
8683,경남,창원시,설계업,일반(전기),고려FAMC,"진상현,임동현",51367,경상남도 창원시 의창구 남산로1번길 62 (팔용동) 2층,055-292-4901
8684,경남,창원시,설계업,"일반(전기),일반(기계)",기술사사무소 정원티이씨,이지호,51505,"경상남도 창원시 성산구 상남로 37 , 314호(상남동, 덕산베스트텔)",055-261-1517
8685,경남,창원시,설계업,"일반(전기),일반(기계)",에이스이엔지,"배명희,서봉수",51542,"경상남도 창원시 성산구 곰절길18번길 9 , 사무실동 2층(성주동)",055-286-7749
8686,경남,창원시,설계업,"일반(전기),일반(기계)",화성감리,김대우,51417,경상남도 창원시 성산구 반지로 57-1 (반지동),055-262-2680
8687,경남,창원시,설계업,"일반(전기),일반(기계)",대명엔지니어링,"노대중,황명철",51436,경상남도 창원시 성산구 용지로153번길 3 (용호동) 창원오피스텔 6층 606호,055-263-0878
8688,경남,창원시,설계업,"일반(전기),일반(기계)",대창설비설계사무소,"김형열,이건수",51416,"경상남도 창원시 성산구 대원로27번길 20 704호(대원동, 대원그린빌)",055-237-2803
8689,경남,창원시,설계업,"일반(전기),일반(기계)",동림이앤씨,김미영,51443,"경상남도 창원시 성산구 상남로 212 , 2층(신월동)",055-292-9808
8690,경남,창원시,설계업,"일반(전기),일반(기계)",부원이엔지,임맹섭,51655,경상남도 창원시 진해구 이동로40번길 3 (이동) 2층,055-543-4800
8691,경남,창원시,설계업,"일반(전기),일반(기계)",주식회사 한손이엔씨,이상기,51168,경상남도 창원시 의창구 태복산로3번길 4 (도계동) 3층,055-719-0106
8692,경남,창원시,설계업,"일반(전기),일반(기계)",주식회사 신흥기술단,박형선,51504,"경상남도 창원시 성산구 중앙대로 56 , 4층 413호(상남동, 양지빌딩)",070-4278-0750
8693,경남,창원시,설계업,"일반(전기),일반(기계)",(주)한국종합엔지니어링,한명웅,51573,"경상남도 창원시 성산구 완암로 50 넥스동 811호(성산동, SK테크노파크)",031-420-8715
8694,경남,창원시,설계업,"일반(전기),일반(기계)",(주)원탑전기,문성재,51542,경상남도 창원시 성산구 곰절길18번길 9 (성주동),070-4821-1259
8695,경남,창원시,설계업,"일반(전기),일반(기계)",하원엔지니어링 주식회사,하철호,51313,경상남도 창원시 마산회원구 삼호로 263 (회성동),055-253-3119
8696,경남,창원시,설계업,"일반(전기),일반(기계)",주식회사 한길기술단,김태우,51376,경상남도 창원시 의창구 사화로18번길 28 (팔용동),055-238-0020
8697,경남,창원시,설계업,일반(기계),우리이엔지,윤권민,51436,"경상남도 창원시 성산구 용지로169번길 11-31 , 3층(용호동, 동진빌딩)",070-8778-2309
8698,경남,창원시,설계업,전문,로건 주식회사,김건휘,51410,"경상남도 창원시 성산구 충혼로 91 , 203호(두대동, 창원문성대학교 11호관(벤처창업원))",055-601-1066
8699,경남,창원시,설계업,"일반(전기),일반(기계)",코아이엔지,박재우,51436,"경상남도 창원시 성산구 용지로169번길 13 , 701호(용호동, 라이크빌)",055-263-6649
8700,경남,창원시,설계업,"일반(전기),일반(기계)",두리엔지니어링,"최화중,최요셉",51380,"경상남도 창원시 의창구 의창대로282번길 5-6 , 102호(중동)",055-293-4441
8701,경남,창원시,설계업,"일반(전기),일반(기계)",코드엔지니어링,이규만,51573,"경상남도 창원시 성산구 완암로 50 , 테크동 10층 1006호(성산동, SK테크노파크)",055-715-9903
8702,경남,통영시,설계업,"일반(전기),일반(기계)",세인엔지니어링,김명돌,53017,경상남도 통영시 광도면 죽림1로 4-79 (),055-649-8808
8703,경남,통영시,설계업,"일반(전기),일반(기계)",탑엔지니어링,김세영,53025,경상남도 통영시 용남면 견내량로 34 .,055-649-7656
8704,제주,서귀포시,설계업,"일반(전기),일반(기계)",(주)아성기술단,현봉식,63586,제주특별자치도 서귀포시 동홍로162번길 3 (동홍동) 5층,064-763-0072
8705,제주,서귀포시,설계업,"일반(전기),일반(기계)",주식회사 번영소방,유상인,63597,제주특별자치도 서귀포시 칠십리로 199 (동홍동),064-767-1125
8706,제주,제주시,설계업,"일반(전기),일반(기계)",(주)대경엔지니어링,허경자,63309,"제주특별자치도 제주시 첨단로 322 (영평동, 디케이비지니스센터)",064-717-8900
8707,제주,제주시,설계업,"일반(전기),일반(기계)",(주)윤엔지니어링,김민철,63147,제주특별자치도 제주시 정실동길 27 (오라이동),064-755-1864
8708,제주,제주시,설계업,"일반(전기),일반(기계)",주식회사 도암엔지니어링,오관준,63190,"제주특별자치도 제주시 서사로 175 , 3층(오라일동)",064-753-3426
8709,제주,제주시,설계업,"일반(전기),일반(기계)",(주)종합전기기술사사무소,김명수,63146,제주특별자치도 제주시 오남로 42-3 (오라일동),064-725-2002
8710,제주,제주시,설계업,"일반(전기),일반(기계)",(주)청운엔지니어링,양문길,63219,"제주특별자치도 제주시 도남로16길 22 , 4층(도남동)",064-727-0077
8711,제주,제주시,설계업,"일반(전기),일반(기계)",(주)웅진엔지니어링,강상웅,63206,제주특별자치도 제주시 신성로14길 4  (이도이동) 3층,064-725-3690
8712,제주,제주시,설계업,"일반(전기),일반(기계)",주식회사 다온엔지니어링,강혜정,63075,"제주특별자치도 제주시 대통길 116 , 101호(도평동)",064-746-8229
8713,제주,제주시,설계업,"일반(전기),일반(기계)",주식회사 하나기술사사무소,강경돈,63092,"제주특별자치도 제주시 수목원서길 79-2 ,2층(노형동)",064-702-9206
8714,제주,제주시,설계업,"일반(전기),일반(기계)",주식회사 제이렉,신은의,63147,"제주특별자치도 제주시 아연로 216-18 , 제1동, 제2동(오라이동)",064-744-0472
8715,제주,제주시,설계업,"일반(전기),일반(기계)",주식회사 호승엔지니어링,강봉직,63305,제주특별자치도 제주시 황사평길 35-1 2층(화북이동),064-702-3497
8716,제주,제주시,설계업,일반(기계),에스엠이엔씨,"김성철,박미향",63084,"제주특별자치도 제주시 연북로 41 ,3동 6층 622호(노형동, 메르헨하우스)",064-746-2016
8717,제주,제주시,설계업,일반(기계),명설비,박창명,63145,제주특별자치도 제주시 연미3길 22-1 (오라이동),064-757-9461
8718,제주,제주시,설계업,일반(기계),(주)한울엔지니어링,장원호,63266,"제주특별자치도 제주시 고마로 10 , 2층(일도이동)",064-727-8005
8719,제주,제주시,설계업,"일반(전기),일반(기계)",주식회사 아이앤,김동언,63102,"제주특별자치도 제주시 정존9길 5 ,1층 (노형동)",064-747-5597
8720,제주,제주시,설계업,"일반(전기),일반(기계)",대영기업 주식회사,김영택,63248,"제주특별자치도 제주시 인다4길 4 , 1층(아라일동)",064-727-0466
8721,제주,제주시,설계업,"일반(전기),일반(기계)",우리기술단 주식회사,송희전,63128,"제주특별자치도 제주시 남녕로8길 18 , 2층(연동, 전석빌딩)",064-713-8231
8722,제주,제주시,설계업,"일반(전기),일반(기계)",신아이엔씨 주식회사,전종운,63247,"제주특별자치도 제주시 아봉로 54 , 2층(아라일동)",064-805-8483
8723,제주,제주시,설계업,"일반(전기),일반(기계)",주식회사 한성이엔지,고은진,63236,제주특별자치도 제주시 구산로4길 50-1 (아라일동),064-751-0815
8724,제주,제주시,설계업,"일반(전기),일반(기계)",주식회사 우성,허순하,63206,"제주특별자치도 제주시 신성로14길 4 ,1층(이도이동)",064-726-3661
8725,제주,제주시,설계업,일반(기계),점프 이엔지,문경부,63308,제주특별자치도 제주시 기와4길 11 (영평동) 2층,064-757-0200
8726,제주,제주시,설계업,"일반(전기),일반(기계)",주식회사 케이방재산업,김달수,63297,"제주특별자치도 제주시 화남로 36 , 지하1층(화북일동)",064-702-4105
8727,제주,제주시,설계업,"일반(전기),일반(기계)",퐁낭이엔지 주식회사,고연선,63148,제주특별자치도 제주시 오라로4길 5 (오라삼동),064-702-7287
8728,서울,강남구,감리업,전문,(주)청우이엔지,"이원강,서윤선",6143,"서울특별시 강남구 봉은사로 310 , 10층(역삼동)",02-549-1881
8729,서울,강남구,감리업,"일반(전기),일반(기계)",(주)제일에프엔이,이대호,6314,"서울특별시 강남구 논현로8길 12 ,402호(개포동,주원빌딩)",02-3463-0119
8730,서울,강남구,감리업,전문,(주)한미글로벌건축사사무소,"윤요현,박서영",6164,서울특별시 강남구 테헤란로87길 36 (삼성동) 9층,02-3429-6300
8731,서울,강남구,감리업,전문,(주)다인씨엠건축사사무소,이경희,6173,"서울특별시 강남구 영동대로96길 20 , 8층9층(삼성동, 대화빌딩)",02-6925-2700
8732,서울,강남구,감리업,전문,(주)해안종합건축사사무소,"윤세한,김태만",6135,"서울특별시 강남구 봉은사로 208 (역삼동,해안빌딩)",02-3438-8000
8733,서울,강남구,감리업,전문,(주)아이티엠건축사사무소,임재춘,6056,서울특별시 강남구 선릉로 747  (논현동) ,02-2140-5300
8734,서울,강남구,감리업,"일반(전기),일반(기계)",(주)한신소방,조용식,6246,서울특별시 강남구 논현로75길 25  (역삼동) 2층,02-553-6119
8735,서울,강남구,감리업,전문,(주)토펙엔지니어링건축사사무소,"김철중,전홍철",6301,"서울특별시 강남구 논현로28길 29 (도곡동, 토펙빌딩)",070-7609-4077
8736,서울,강남구,감리업,"일반(전기),일반(기계)",(주)이가종합건축사사무소,임태희,6177,"서울특별시 강남구 영동대로 316 2층, 4층, 5층(대치동, 새마을운동중앙회)",02-3446-8885
8737,서울,강남구,감리업,전문,(주)세정이에프씨,이용철,6166,서울특별시 강남구 테헤란로81길 50-3 (삼성동),02-2274-9691
8738,서울,강남구,감리업,전문,(주)신한종합건축사사무소,송영인,6173,"서울특별시 강남구 테헤란로103길 17 , 2층-4층(삼성동, 정석빌딩)",02-405-8172
8739,서울,강남구,감리업,전문,(주)종합건축사사무소가람건축,"장연철,이득영",6037,서울특별시 강남구 도산대로 165  (신사동) ,02-2017-0306
8740,서울,강남구,감리업,전문,(주)종합건축사사무소동일건축,"오봉석,윤수현",6054,"서울특별시 강남구 도산대로46길 8 (논현동,동일빌딩)",02-2106-4300
8741,서울,강남구,감리업,전문,(주)융도엔지니어링,"허종구,이동락",6097,서울특별시 강남구 봉은사로59길 26 (삼성동),02-2203-5691
8742,서울,강남구,감리업,"일반(전기),일반(기계)",동광소방이엔지,김진복,6227,"서울특별시 강남구 도곡로25길 32 , 102(역삼동)",02-539-6886
8743,서울,강남구,감리업,전문,주식회사 하나기연,김인선,6257,서울특별시 강남구 도곡로 185 (역삼동),02-562-3894
8744,서울,강남구,감리업,전문,더블유에스피아시아리미티드 (영업소),최종철,6223,"서울특별시 강남구 테헤란로32길 26 , 청송빌딩(역삼동)",02-2017-5600
8745,서울,강남구,감리업,"일반(전기),일반(기계)",주식회사 도화엔지니어링,"박승우,곽준상,김덕구,손영일",6178,서울특별시 강남구 삼성로 438 (대치동),02-6323-3000
8746,서울,강남구,감리업,전문,(주)나라기술단,"박우현,안숭원,조영일",6051,서울특별시 강남구 논현로142길 34 (논현동),02-511-2041
8747,서울,강남구,감리업,전문,주식회사 하이플랜,김형민,6301,"서울특별시 강남구 논현로30길 24 , 2층(도곡동)",02-404-8970
8748,서울,강남구,감리업,전문,주식회사 디에이그룹엔지니어링종합건축사사무소,"김현호,조원준",6174,서울특별시 강남구 테헤란로104길 7 (대치동),02-565-9631
8749,서울,강남구,감리업,전문,주식회사 유선엔지니어링건축사사무소,조영돈,6153,서울특별시 강남구 봉은사로 424 (삼성동),02-2189-5800
8750,서울,강남구,감리업,"일반(전기),일반(기계)",주식회사 케이티에스테이트,최남철,6193,"서울특별시 강남구 테헤란로 422 , 17층(대치동)",02-2040-3141
8751,서울,강남구,감리업,전문,(주)정안건축종합건축사사무소,우순곤,6199,"서울특별시 강남구 선릉로 340 , 7층(대치동, 대치이엠프라자)",02-3443-7700
8752,서울,강남구,감리업,전문,주식회사 한미글로벌피엠씨건축사사무소,박재열,6164,"서울특별시 강남구 테헤란로87길 36 , 11층(삼성동, 도심공항타워)",070-7118-1440
8753,서울,강남구,감리업,전문,(주)씨엔아이엔지니어링,박광태,6097,"서울특별시 강남구 선릉로 614-1 , 2층(삼성동, 나라빌딩)",02-548-6622
8754,서울,강남구,감리업,전문,주식회사 케스이앤지,정정숙,6166,"서울특별시 강남구 테헤란로81길 50-3 , 2층(삼성동)",02-2274-9611
8755,서울,강남구,감리업,"일반(전기),일반(기계)",(주)해마종합건축사사무소,전권식,6249,"서울특별시 강남구 역삼로 162 , 5층(역삼동, 안진빌딩)",02-6956-9327
8756,서울,강남구,감리업,"일반(전기),일반(기계)",(주)제이티엠종합건축사사무소,이준무,6083,"서울특별시 강남구 봉은사로103길 5 , 2층, 6층(삼성동, 성재빌딩)",02-6243-0330
8757,서울,강남구,감리업,"일반(전기),일반(기계)",(주)동방엠앤이,최창문,6144,"서울특별시 강남구 선릉로107길 29 , 2층(역삼동, 영빌딩)",02-571-2658
8758,서울,강남구,감리업,전문,주식회사 씨앤아이방재,곽혜순,6097,"서울특별시 강남구 선릉로 614-1 , 5층(삼성동, 나라빌딩)",02-548-6622
8759,서울,강남구,감리업,전문,주식회사 토펙건축사사무소,김연수,6301,"서울특별시 강남구 논현로30길 14 , 3층, 4층(도곡동, 로또빌딩)",070-7609-4363
8760,서울,강동구,감리업,전문,(주)희림종합건축사사무소,"정영균,이목운,허철호",5288,서울특별시 강동구 상일로6길 39 (상일동),02-3410-9000
8761,서울,강동구,감리업,전문,주식회사 주은에프에스,진은수,5394,"서울특별시 강동구 풍성로 136 , 4층 401호(성내동)",02-477-4118
8762,서울,강동구,감리업,"일반(전기),일반(기계)",(주)한국종합기술,김치헌,5288,서울특별시 강동구 상일로6길 21 (상일동),02-2049-5581
8763,서울,강동구,감리업,"일반(전기),일반(기계)",주식회사 콤파스이앤씨,지용근,5398,"서울특별시 강동구 성내로6길 34-24 , 302호(성내동,우창빌딩)",02-482-0119
8764,서울,강동구,감리업,"일반(전기),일반(기계)",동부기술단,황운기,5374,"서울특별시 강동구 양재대로103길 51-3 , 1층 101호(성내동)",02-470-9808
8765,서울,강동구,감리업,"일반(전기),일반(기계)",예안엔지니어링 주식회사,윤광현,5394,서울특별시 강동구 성내로13길 57 1층(성내동),02-477-3553
8766,서울,강서구,감리업,일반(전기),(주)디투엔지니어링,"김낙경,김평래",7794,서울특별시 강서구 마곡중앙8로5길 12 (마곡동),02-330-5009
8767,서울,강서구,감리업,"일반(전기),일반(기계)",(주)상현엔지니어링,"이재권,성영미",7734,"서울특별시 강서구 등촌로 65 , 101동 지3층 B302호(등촌동, 동양하우징)",02-2604-5794
8768,서울,강서구,감리업,전문,동양컨설턴트(주),"김태용,정기화",7573,"서울특별시 강서구 양천로 424 , 321호 (등촌동, 가양역 데시앙플렉스 지식산업센터)",02-2686-8851
8769,서울,강서구,감리업,"일반(전기),일반(기계)",보우엔지니어링,강민주,7654,"서울특별시 강서구 공항대로46길 13-7 , 2층(화곡동, 대명스카이)",02-2697-0343
8770,서울,강서구,감리업,"일반(전기),일반(기계)",한강이엔지,유승택,7806,"서울특별시 강서구 마곡중앙2로 35 , 7층 711호(마곡동, 이너매스마곡II)",02-2696-6889
8771,서울,강서구,감리업,일반(전기),(주)녹색전기엔지니어링,정미숙,7782,"서울특별시 강서구 곰달래로 178 , 501호(화곡동, 르네상스빌딩)",02-2603-8088
8772,서울,강서구,감리업,"일반(전기),일반(기계)",오선엔지니어링(주),민이식,7606,"서울특별시 강서구 초원로 81 , 3층(방화동)",02-6952-8201
8773,서울,강서구,감리업,"일반(전기),일반(기계)",현 이엔씨,이현기,7511,"서울특별시 강서구 방화대로47가길 41 , 5층 522호(방화동, 방화샤르망2오피스텔)",02-2664-1192
8774,서울,강서구,감리업,"일반(전기),일반(기계)",선인S.V,김진현,7712,"서울특별시 강서구 강서로33길 77-4 , 1층 1호(화곡동)",032-541-1195
8775,서울,관악구,감리업,전문,(주)우원엠앤이,"박봉태,변운섭",8768,서울특별시 관악구 조원중앙로1길 13 (신림동),02-860-9700
8776,서울,관악구,감리업,일반(기계),주식회사 건화엠이씨,"이성희,유재원",8805,"서울특별시 관악구 남부순환로 2036 ,3층(남현동,이에스피에이빌딩)",02-591-9026
8777,서울,관악구,감리업,"일반(전기),일반(기계)",하나소방감리,박달기,8803,"서울특별시 관악구 남현길 144 , 102동 401호(남현동, 흥화브라운빌아파트)",02-415-2119
8778,서울,관악구,감리업,"일반(전기),일반(기계)",주식회사 서현,"안명숙,정병율",8752,"서울특별시 관악구 양녕로1길 32 , 1층(봉천동)",02-2081-7022
8779,서울,광진구,감리업,"일반(전기),일반(기계)",(주)다우티이씨,"원상욱,박시현",4989,서울특별시 광진구 능동로30길 23 (능동),02-452-7004
8780,서울,광진구,감리업,전문,주식회사 진원엔지니어링,이규황,4930,"서울특별시 광진구 천호대로 585 , 3층(중곡동)",02-477-8066
8781,서울,광진구,감리업,"일반(전기),일반(기계)",본창에프에이,이성부,4990,"서울특별시 광진구 천호대로110길 108 , 101호(능동)",02-476-1203
8782,서울,광진구,감리업,"일반(전기),일반(기계)",주식회사 조은엔지니어링그룹,김재상,4969,"서울특별시 광진구 아차산로78길 72 , 406호(광장동, 학산오피스텔)",02-585-0412
8783,서울,구로구,감리업,일반(전기),(주)협우지여엔지니어링,임대섭,8382,서울특별시 구로구 디지털로 243 1701-1705호(구로동),02-2224-3900
8784,서울,구로구,감리업,전문,(주)안국엔지니어링,"안병국,이성모",8389,"서울특별시 구로구 디지털로30길 28 마리오타워 1301호,1302호",02-854-9211
8785,서울,구로구,감리업,일반(전기),세종기술(주),"송진호,송성모",8394,서울특별시 구로구 디지털로 242 한화비즈메트로1차 11층(구로동),02-2621-2345
8786,서울,구로구,감리업,일반(전기),벽산파워(주),송한승,8380,"서울특별시 구로구 디지털로31길 12 , 17층(구로동, 태평양물산빌딩)",02-767-5645
8787,서울,구로구,감리업,전문,(주)지아이건설기술그룹,서양동,8389,서울특별시 구로구 디지털로26길 5 (구로동) 1106호,02-6220-5100
8788,서울,구로구,감리업,전문,(주)기광엔지니어링,이종택,8375,"서울특별시 구로구 디지털로31길 41 ,908호(구로동,이앤씨벤처드림타워6차)",02-879-2146
8789,서울,구로구,감리업,"일반(전기),일반(기계)",(주)태인엠이씨,"이종호,이성준",8376,"서울특별시 구로구 디지털로33길 55 , 305호(구로동, 이앤씨벤처드림타워2차)",02-6959-9874
8790,서울,구로구,감리업,"일반(전기),일반(기계)",두진방재이앤씨,조두진,8323,"서울특별시 구로구 구일로10길 27 , B동 919호(구로동, SK허브수오피스텔)",02-6341-2204
8791,서울,구로구,감리업,전문,주식회사 대안엔지니어링,"박종한,이춘선",8295,"서울특별시 구로구 공원로 47 , 301호 일부(구로동, 도림두산베어스타워)",02-525-5119
8792,서울,금천구,감리업,"일반(전기),일반(기계)",리스크테크(주),이성찬,8505,"서울특별시 금천구 가산디지털2로 123 , 1308호(가산동, 월드메르디앙벤처센터2차)",02-525-7950
8793,서울,금천구,감리업,전문,(주)새서울엔지니어링,송진모,8635,"서울특별시 금천구 시흥대로 193 , 606호, 607호(시흥동, 아람아이씨티타워)",02-864-8400
8794,서울,금천구,감리업,전문,(주)전방재엔지니어링,전홍재,8512,"서울특별시 금천구 디지털로9길 56 , 1003호(가산동, 코오롱테크노밸리)",02-868-9119
8795,서울,금천구,감리업,전문,주식회사 한빛안전기술단,조용선,8589,"서울특별시 금천구 가산디지털2로 70 , 1003호(가산동, 대륭테크노타운19차)",070-4895-1191
8796,서울,금천구,감리업,전문,(주)남도티이씨,노균일,8510,서울특별시 금천구 벚꽃로 298  (가산동) 508호,02-2083-8119
8797,서울,금천구,감리업,전문,주식회사 세종씨엠건축사사무소,"김주석,박기영",8588,"서울특별시 금천구 가산디지털2로 43-14 , 914호 (가산동, 한화비즈메트로2차)",02-2601-1153
8798,서울,금천구,감리업,전문,국제엔지니어링(주),신관호,8511,"서울특별시 금천구 디지털로9길 65 , 6층 607호(가산동, 백상스타타워1차)",02-2051-5119
8799,서울,금천구,감리업,전문,(주)삼진탑테크엔지니어링,김진현,8502,서울특별시 금천구 가산디지털1로 212 (가산동) 305호,02-2082-8118
8800,서울,금천구,감리업,전문,젠센휴즈 주식회사,박승민,8502,"서울특별시 금천구 가산디지털1로 226 , 에이스하이엔드타워5차 802호,803호,804호(가산동)",02-6340-0825
8801,서울,금천구,감리업,"일반(전기),일반(기계)",영인기술단,지태용,8639,"서울특별시 금천구 시흥대로 97 , 14동 120호(시흥동, 시흥유통상가)",02-803-9119
8802,서울,금천구,감리업,"일반(전기),일반(기계)",대한소방감리(주),최욱진,8639,서울특별시 금천구 시흥대로 97 (시흥동) 3동 230,02-6336-7595
8803,서울,금천구,감리업,전문,대부소방기술 주식회사,최종호,8589,"서울특별시 금천구 가산디지털2로 46 , 에이스태세라타워 1104~1107호(가산동)",02-2179-7100
8804,서울,금천구,감리업,전문,주식회사 대한기술단,서정화,8511,"서울특별시 금천구 벚꽃로 254 , 207호(가산동, 월드메르디앙1차)",02-383-7119
8805,서울,금천구,감리업,전문,주식회사 두성엠이에프,박현준,8511,"서울특별시 금천구 디지털로9길 33 , 507호(가산동, 아이티미래타워)",02-821-6165
8806,서울,금천구,감리업,"일반(전기),일반(기계)",국제소방ENG,윤영옥,8639,"서울특별시 금천구 시흥대로 97 , 26동 116호 (시흥동)",02-6336-7119
8807,서울,금천구,감리업,전문,(주)명성하나엔지니어링,신현미,8507,"서울특별시 금천구 가산디지털1로 146 , 804호 (가산동, 대륭테크노타운 22차)",02-6951-0262
8808,서울,금천구,감리업,"일반(전기),일반(기계)",제일이엔시,이태보,8639,"서울특별시 금천구 시흥대로 97 , 11동 112호(시흥동, 시흥산업용재유통센타)",02-876-9119
8809,서울,금천구,감리업,전문,(주)천일엠이씨,모유미,8505,"서울특별시 금천구 가산디지털2로 101 , 6층 비608, 비609호(가산동, 한라원앤원타워)",02-525-7697
8810,서울,금천구,감리업,전문,주식회사 해치에프엔씨,신동성,8591,"서울특별시 금천구 가산디지털1로 30 , 1410호 (가산동, 에이스하이엔드타워10차)",02-6953-0902
8811,서울,금천구,감리업,전문,(주)삼진탑엔지니어링,김석영,8502,"서울특별시 금천구 가산디지털1로 212 , 305호(가산동,코오롱디지털타워애스턴)",02-2082-8165
8812,서울,금천구,감리업,"일반(전기),일반(기계)",파이어컴,김송연,8511,"서울특별시 금천구 벚꽃로 254 , 15층 1526호(가산동, 월드메르디앙1차)",02-863-2003
8813,서울,금천구,감리업,전문,주식회사 한테마건축사사무소,"유근태,엄유신",8504,"서울특별시 금천구 서부샛길 606 , 에이동 26층 2609-1호(가산동, 대성디폴리스지식산업센터)",02-766-9328
8814,서울,노원구,감리업,"일반(전기),일반(기계)",월드기술단,오세정,1867,서울특별시 노원구 초안산로2길 112 (월계동),02-942-2072
8815,서울,노원구,감리업,전문,(주)재원엔지니어링,김명환,1849,서울특별시 노원구 화랑로 447 3층 301호 (공릉동),02-469-6234
8816,서울,동대문구,감리업,전문,(주)건창기술단,"김영규,이상호",2577,"서울특별시 동대문구 왕산로 81 , 707호(용두동,두산베어스타워)",02-925-3775
8817,서울,동대문구,감리업,전문,(주)애드세이프,백경원,2633,"서울특별시 동대문구 천호대로 395-2 , 7층(장안동, 창도빌딩)",02-498-8200
8818,서울,동대문구,감리업,전문,주식회사 동양티피티,유태완,2644,서울특별시 동대문구 장한로 18 (장안동),02-2216-6321
8819,서울,동대문구,감리업,전문,주식회사 21세기이엔지,김지훈,2577,"서울특별시 동대문구 왕산로 81 ,706호(용두동, 두산베어스타워)",02-470-9559
8820,서울,동대문구,감리업,"일반(전기),일반(기계)",에이스기술단,양권승,2633,서울특별시 동대문구 천호대로 389 (장안동) 417호,02-2215-5000
8821,서울,동대문구,감리업,전문,주식회사 유진씨엔이,이광철,2484,"서울특별시 동대문구 홍릉로 48-1 , 4층(청량리동)",02-957-6100
8822,서울,동대문구,감리업,전문,명성소방감리 주식회사,신명희,2586,"서울특별시 동대문구 난계로30길 65 , 201호(신설동)",02-2252-4391
8823,서울,동대문구,감리업,"일반(전기),일반(기계)",(주)유진이에프티,이정연,2484,"서울특별시 동대문구 홍릉로 48-1 , 2층(청량리동)",02-962-2000
8824,서울,동대문구,감리업,"일반(전기),일반(기계)",한라방재산업,강창력,2589,서울특별시 동대문구 무학로20길 31 (용두동),02-922-8119
8825,서울,동작구,감리업,"일반(전기),일반(기계)",주식회사 유신,"박석성,장학성,전경수",7071,"서울특별시 동작구 보라매로5가길 24 , 4층(신대방동, 보라매나산스위트)",02-6202-0933
8826,서울,마포구,감리업,"일반(전기),일반(기계)",명지ENG,김설호,3902,"서울특별시 마포구 월드컵북로 481 10층 1-1004호(상암동, 상암오벨리스트 2차)",070-4791-5341
8827,서울,마포구,감리업,전문,(주)극동파워테크,"배철한,한민희",4020,"서울특별시 마포구 포은로 29-1 , 2층(합정동)",02-3142-5113
8828,서울,서대문구,감리업,"일반(전기),일반(기계)",대건소방이엔지,임채순,3670,"서울특별시 서대문구 증가로 150 , 상가동 지하1층 102호(남가좌동, DMC2차아이파크)",02-922-5064
8829,서울,서초구,감리업,전문,(주)한석소방이엔씨,"김공희,공주식",6745,"서울특별시 서초구 바우뫼로41길 39 , 4층(양재동, 선일빌딩)",02-575-5550
8830,서울,서초구,감리업,"일반(전기),일반(기계)",(주)삼성감리엔지니어링,한정희,6646,서울특별시 서초구 반포대로22길 65 (서초동),02-585-6422
8831,서울,서초구,감리업,전문,(주)일신이앤드씨,홍영남,6648,서울특별시 서초구 반포대로 98 (서초동),02-3488-3500
8832,서울,서초구,감리업,전문,서림방재기술(주),오기석,6785,서울특별시 서초구 강남대로10길 59 (양재동) 3층,02-578-6234
8833,서울,서초구,감리업,전문,(주)코담엔지니어링,신호원,6564,서울특별시 서초구 방배천로 160 (방배동) 4층,02-599-1248
8834,서울,서초구,감리업,전문,주식회사 제일엔지니어링 종합건축사사무소,오승교,6779,서울특별시 서초구 강남대로16길 22-6 (양재동),02-3498-2608
8835,서울,서초구,감리업,전문,(주)영화키스톤건축사사무소,김주열,6744,"서울특별시 서초구 강남대로 190  (양재동) 6,7층",02-3488-7900
8836,서울,서초구,감리업,일반(전기),(주)한길이앤씨,"강응만,오승민",6585,"서울특별시 서초구 방배로34길 12 , 3층(방배동)",02-703-4530
8837,서울,서초구,감리업,전문,석우엔지니어링(주),"김윤석,유재철,조병우",6752,"서울특별시 서초구 강남대로27길 9 , 2층(양재동, 수암빌딩)",02-526-1100
8838,서울,서초구,감리업,"일반(전기),일반(기계)",주식회사 중민,"이준규,이자영",6741,"서울특별시 서초구 바우뫼로41길 18 , 4층(양재동, 윈윈센타)",070-4617-5952
8839,서울,서초구,감리업,전문,주식회사 나우씨엠건축사사무소,김홍룡,6770,"서울특별시 서초구 매헌로 54 (양재동,나우건축)",070-7019-5857
8840,서울,서초구,감리업,전문,주식회사 피씨엠글로벌기술사건축사사무소,윤성도,6732,"서울특별시 서초구 서운로 13 , 607호(서초동, 중앙로얄오피스텔)",02-3472-7894
8841,서울,서초구,감리업,전문,주식회사 설화엔지니어링,이원구,6725,서울특별시 서초구 남부순환로335길 38 (서초동),02-3472-0166
8842,서울,서초구,감리업,전문,(주)펨코엔지니어링건축사사무소,"홍정선,류중수",6653,"서울특별시 서초구 반포대로12길 30 , (서초동, 펨코사옥)",070-4700-3160
8843,서울,서초구,감리업,전문,(주)낙생도원방재,"정우열,이용섭",6642,"서울특별시 서초구 서초중앙로8길 111 , 5층(서초동, 우명빌딩)",02-523-6119
8844,서울,서초구,감리업,전문,(주)나우기술단,최규우,6742,"서울특별시 서초구 남부순환로356길 57-2 , 402호(양재동, 한승빌딩)",02-546-6570
8845,서울,성동구,감리업,전문,(주)성지이앤씨,김진환,4788,"서울특별시 성동구 광나루로 130 8층 807호(성수동1가,서울숲아이티캐슬)",02-2201-5601
8846,서울,성동구,감리업,"일반(전기),일반(기계)",(주)건국이엔아이,박정렬,4800,서울특별시 성동구 동일로 261 (송정동) 건국빌딩,02-499-5400
8847,서울,성동구,감리업,"일반(전기),일반(기계)",(주)한양티이씨,조형국,4787,서울특별시 성동구 성수이로18길 31 (성수동2가) 8층,070-7734-0800
8848,서울,성동구,감리업,전문,한방유비스(주),"황현수,최두찬",4790,"서울특별시 성동구 성수일로 77 9층(성수동1가, 서울숲아이티밸리)",02-2023-5000
8849,서울,성동구,감리업,전문,상지이앤씨(주),노현상,4780,"서울특별시 성동구 성수이로7길 27  (성수동2가) 206,207호",02-409-9144
8850,서울,성동구,감리업,전문,주식회사 진엔지니어링건축사사무소,"김미선,오호진,조현숙",4799,"서울특별시 성동구 아차산로17길 49 , 415호(성수동2가, 성수더블유센터 데시앙플렉스)",02-501-7855
8851,서울,성동구,감리업,전문,목원전기설계 주식회사,최상운,4781,서울특별시 성동구 성수일로4길 25 (성수동2가) 312호,02-572-8845
8852,서울,성동구,감리업,전문,주식회사 지케이이엔지,"이종서,황일권",4793,"서울특별시 성동구 성수일로10길 26 , 208호 (성수동2가, 하우스디세종타워)",02-525-0044
8853,서울,성동구,감리업,전문,(주)삼우엠이피컨설턴트,"이종형,김기성",4799,서울특별시 성동구 아차산로15길 52 (성수동2가) 503호,02-404-8111
8854,서울,성동구,감리업,전문,주식회사 동해종합기술공사,김승진,4799,"서울특별시 성동구 광나루로6길 35 , 502호(성수동2가, 우림이-비즈센타)",02-575-1199
8855,서울,성동구,감리업,전문,(주)씨엠파트너스건축사사무소,박관영,4781,"서울특별시 성동구 성수이로 51 , 201호(성수동2가, 서울숲한라시그마벨리)",02-6466-8030
8856,서울,성동구,감리업,전문,(주)두가씨앤씨종합건축사사무소,김재학,4793,"서울특별시 성동구 성수일로10길 26 , 1801호, 1802호(성수동2가, 하우스디세종타워)",02-548-5091
8857,서울,성동구,감리업,전문,주식회사 건창이엔이,장가익,4781,서울특별시 성동구 성수이로 51 (성수동2가) 405호,02-3486-0440
8858,서울,성동구,감리업,"일반(전기),일반(기계)",(주)기장엔지니어링,윤태식,4756,"서울특별시 성동구 마장로 331 , 5층(마장동, 태상빌딩)",02-467-2555
8859,서울,성동구,감리업,전문,새봄이엔지건축사사무소 주식회사,"호은선,김정희",4758,"서울특별시 성동구 마장로 302 , 9층(마장동, 열산빌딩)",02-2295-1225
8860,서울,송파구,감리업,"일반(전기),일반(기계)",(주)한국소방,이종은,5578,"서울특별시 송파구 백제고분로20길 1-14 , 301호(잠실동)",02-539-2119
8861,서울,송파구,감리업,전문,(주)한국전설엔지니어링,허만일,5668,"서울특별시 송파구 가락로21길 11 , 201호(송파동, 한일빌딩)",02-2202-4457
8862,서울,송파구,감리업,"일반(전기),일반(기계)",(주)명신화이어이엔지,김일규,5803,서울특별시 송파구 동남로4길 35  (문정동) ,02-406-3119
8863,서울,송파구,감리업,전문,미래설비엔지니어링(주),문여만,5595,"서울특별시 송파구 백제고분로22길 29 (삼전동, 후산빌딩) 303호",02-3431-1080
8864,서울,송파구,감리업,"일반(전기),일반(기계)",현대소방&설비시스템,위영선,5718,"서울특별시 송파구 송파대로28길 24 , 9층 4호(가락동, 밀리아나2차오피스텔)",02-423-6888
8865,서울,송파구,감리업,일반(전기),동산엔지니어링(주),김동만,5840,"서울특별시 송파구 충민로 10 , 8층 에스18호(문정동, 가든파이브툴)",02-3400-9000
8866,서울,송파구,감리업,전문,(주)지티엘이엔지,손병철,5854,"서울특별시 송파구 법원로 114 , 비동 1310호(문정동,엠스테이트)",02-2633-3303
8867,서울,송파구,감리업,"일반(전기),일반(기계)",(주)선화기술단사무소,전임수,5836,"서울특별시 송파구 법원로 127 ,1413호(문정동, 문정대명벨리온)",02-420-7359
8868,서울,송파구,감리업,전문,(주)토문엔지니어링건축사사무소,이을재,5839,"서울특별시 송파구 충민로 52 8층(문정동,가든파이브윅스 디동)",02-2018-8096
8869,서울,송파구,감리업,전문,(주)무림설계기술단,김미정,5641,서울특별시 송파구 오금로19길 9 (방이동),02-424-4445
8870,서울,송파구,감리업,전문,(주)삼우전기컨설턴트,이철규,5630,서울특별시 송파구 백제고분로50길 12 (방이동),02-3433-8600
8871,서울,송파구,감리업,전문,(주)지화기술단,신윤용,5809,"서울특별시 송파구 송이로36길 62-19 (문정동, 대성빌딩)",02-408-5273
8872,서울,송파구,감리업,"일반(전기),일반(기계)",주식회사 대경기술,송영희,5618,"서울특별시 송파구 석촌호수로 298 , 상가층 201호(송파동, 잠실대우레이크월드)",02-538-8429
8873,서울,송파구,감리업,전문,주식회사 코담기술단,"엄주선,송가철",5550,서울특별시 송파구 오금로17길 8 (방이동) 302호,02-412-6573
8874,서울,송파구,감리업,전문,(주)삼우씨엠건축사사무소,"정승진,강인철",5556,서울특별시 송파구 백제고분로 69 (잠실동),02-3400-3960
8875,서울,송파구,감리업,전문,(주)전인씨엠건축사사무소,"안명제,송호섭,한상규,한준오",5559,"서울특별시 송파구 백제고분로17길 54 , (잠실동, 전인빌딩)",02-552-0025
8876,서울,송파구,감리업,"일반(전기),일반(기계)",(주)한국화재안전기술,권순평,5708,서울특별시 송파구 송이로14길 22 (가락동) 4층,02-452-8119
8877,서울,송파구,감리업,전문,(주)건축사사무소건원엔지니어링,"김득한,이석기",5855,"서울특별시 송파구 송파대로 167 , B동 1606호 (문정동, 문정역테라타워)",02-3458-2800
8878,서울,송파구,감리업,"일반(전기),일반(기계)",(주)성우엠이씨,이인숙,5510,"서울특별시 송파구 올림픽로35가길 11 ,720호(신천동, 한신잠실코아오피스텔)",02-472-1926
8879,서울,송파구,감리업,전문,(주)비전이엔지기술사사무소,"손호섭,박보경",5807,"서울특별시 송파구 문정로4길 14 , 4층, 5층 (문정동, 동산빌딩)",070-4161-6802
8880,서울,송파구,감리업,"일반(전기),일반(기계)",(주)삼우공간건축사사무소,정용찬,5717,"서울특별시 송파구 중대로 135 , 동관 1701호(가락동, 아이티벤처타워)",070-4440-3213
8881,서울,송파구,감리업,전문,(주)영광기술단,최광기,5836,"서울특별시 송파구 법원로11길 11 , 비동 1414호(문정동,문정현대지식산업센터1-1)",02-6408-2888
8882,서울,송파구,감리업,전문,(주)세광티이씨,고성명,5836,"서울특별시 송파구 법원로11길 7 , 씨동 415호(문정동, 문정현대지식산업 센터)",02-3437-8824
8883,서울,송파구,감리업,"일반(전기),일반(기계)",(주)동일기술공사,"이상학,황주환",5800,서울특별시 송파구 송이로30길 7 (문정동),02-3400-5600
8884,서울,송파구,감리업,전문,주식회사 지케이엔지니어링,서용헌,5836,"서울특별시 송파구 법원로 127 , 6층 608호,609호(문정동,대명벨리온지식산업센터)",02-6414-0004
8885,서울,송파구,감리업,전문,신영비엠이 주식회사,김종혁,5837,"서울특별시 송파구 송파대로 111 , 205동 713호(문정동, 파크하비오)",02-582-1181
8886,서울,송파구,감리업,전문,주식회사 제이알씨엠,"노문우,전순홍",5838,"서울특별시 송파구 충민로 66 , 엘-5108호(문정동, 가든파이브라이프)",02-2157-7112
8887,서울,송파구,감리업,전문,(주)휴먼텍코리아엔지니어링건축사사무소,이충기,5836,"서울특별시 송파구 법원로 127 , 708호,709호,710호(문정동,문정대명벨리온)",070-5143-1579
8888,서울,송파구,감리업,전문,(주)성도엔지니어링기술사사무소,이용호,5659,"서울특별시 송파구 마천로 70-12 , 지하1층(오금동)",02-3437-7233
8889,서울,송파구,감리업,"일반(전기),일반(기계)",(주)주원에프엔씨,서동학,5836,"서울특별시 송파구 법원로11길 11 , A동 9층 911호(문정동, 문정현대지식산업센터1-1)",02-6412-0119
8890,서울,송파구,감리업,전문,(주)종합엔지니어링다인,우성훈,5697,"서울특별시 송파구 가락로16길 3-12 , 4층 401호(석촌동, 성창빌딩)",02-3401-0483
8891,서울,송파구,감리업,전문,에이앤유씨엠건축사사무소 주식회사,조재유,5839,"서울특별시 송파구 충민로 52 , 에이동 4층 409호, 410호, 411호(문정동, 가든파이브웍스)",02-2047-3000
8892,서울,송파구,감리업,전문,(주)한백에프앤씨,박종아,5782,서울특별시 송파구 동남로20길 32 (가락동),02-404-4119
8893,서울,송파구,감리업,"일반(전기),일반(기계)",한국지역난방기술(주),신훈식,5836,"서울특별시 송파구 법원로 135 , 10층,11층(문정동, 소노타워)",02-3399-6212
8894,서울,송파구,감리업,전문,(주)한승이엔씨,허승원,5668,"서울특별시 송파구 가락로21길 11 , 303호(송파동, 한일빌딩)",02-419-0209
8895,서울,송파구,감리업,전문,주식회사 범씨엠건축사사무소,조성제,5855,"서울특별시 송파구 송파대로 167 , 제에이동 제에이1311호, 제에이1312호, 제에이1313-1호(문정동, 문정역테라타워)",02-6942-5122
8896,서울,송파구,감리업,전문,(주)동남엠이씨,홍대경,5660,"서울특별시 송파구 중대로 275 , 5층(오금동, 우리빌딩)",02-568-2850
8897,서울,송파구,감리업,전문,주식회사 건축사사무소아라그룹,"왕정한,이상포",5836,"서울특별시 송파구 법원로9길 26 ,413호(문정동, 에이치비지니스파크씨동)",02-549-6693
8898,서울,송파구,감리업,전문,주식회사 에이치비엔지니어링,이점동,5783,"서울특별시 송파구 오금로46길 30 ,2층(가락동)",02-404-0046
8899,서울,송파구,감리업,"일반(전기),일반(기계)",주식회사 문창,김명철,5836,"서울특별시 송파구 법원로11길 7 , C동 1408호, 1409호(문정동, 문정현대지식산업센터1-2)",02-6949-6310
8900,서울,양천구,감리업,전문,(주)한국이에프티엔지니어링,하성철,8079,"서울특별시 양천구 신정로 267 , 803호(신정동, 양천벤처타운)",02-2065-9384
8901,서울,양천구,감리업,"일반(전기),일반(기계)",태산소방감리,왕미애,7904,"서울특별시 양천구 화곡로4길 16-1 ,1층 (신월동)",
8902,서울,양천구,감리업,전문,(주)엠에스제이텍,서민자,7945,서울특별시 양천구 신정중앙로 70 (신정동) 2층,02-2065-3558
8903,서울,영등포구,감리업,"일반(전기),일반(기계)",전우소방산업(주),박성오,7259,"서울특별시 영등포구 당산로26길 11 , 1층(당산동3가)",02-2678-6871
8904,서울,영등포구,감리업,전문,(주)동화이엔씨,이재원,7222,서울특별시 영등포구 당산로 237  (당산동6가) 1107호,02-817-7733
8905,서울,영등포구,감리업,전문,(주)신화에프이원,오석열,7220,"서울특별시 영등포구 당산로 168 , 7층(당산동4가)",02-2635-8119
8906,서울,영등포구,감리업,전문,주식회사 하이멕,이수연,7271,서울특별시 영등포구 양산로 53 (양평동3가) 8층,02-6340-3000
8907,서울,영등포구,감리업,전문,(주)예다종합설계감리사무소,"이윤상,이용수",7299,서울특별시 영등포구 당산로2길 12  (문래동3가) 606호,02-2635-3858
8908,서울,영등포구,감리업,전문,(주)지여이앤씨,홍천화,7228,서울특별시 영등포구 영신로 220 케이앤케이디지털타워 402호,02-2655-9301
8909,서울,영등포구,감리업,"일반(전기),일반(기계)",라미소방방재,유규현,7264,"서울특별시 영등포구 영등포로 109 (당산동2가,제1층 마열 48호)",02-2671-3969
8910,서울,영등포구,감리업,"일반(전기),일반(기계)",하늘소방감리 주식회사,신윤철,7252,"서울특별시 영등포구 영중로14길 50 , 2층(영등포동2가)",
8911,서울,영등포구,감리업,일반(전기),신한전설 주식회사,최광일,7266,서울특별시 영등포구 당산로 84 (당산동1가),02-2675-1097
8912,서울,영등포구,감리업,전문,주식회사 대광엔지니어링,임연택,7217,"서울특별시 영등포구 당산로41길 11 , 320호(당산동4가,당산에스케이브이1센타)",02-2632-1516
8913,서울,영등포구,감리업,"일반(전기),일반(기계)",(주)종합건축사사무소동우건축,"김인배,강철구",7265,서울특별시 영등포구 당산로 92 (당산동1가),02-519-6300
8914,서울,영등포구,감리업,전문,주식회사  드림엔지니어링,오진택,7307,서울특별시 영등포구 영신로20길 12 (영등포동),02-831-7890
8915,서울,영등포구,감리업,전문,(주)창조종합건축사사무소,"김영관,강민석,방세환",7253,서울특별시 영등포구 버드나루로 15 (영등포동2가),02-2177-8300
8916,서울,영등포구,감리업,전문,(주)비더블유기술단,이해덕,7417,"서울특별시 영등포구 대림로 149 , 401호(대림동)",02-6012-7282
8917,서울,영등포구,감리업,"일반(전기),일반(기계)",한진엔지니어링,최준묵,7252,"서울특별시 영등포구 영등포로53길 11-1 , 3층 1호(영등포동2가)",02-2069-1190
8918,서울,영등포구,감리업,전문,(주)정림씨엠건축사사무소,방명세,7305,"서울특별시 영등포구 영중로 15 , 오피스 에이동 제업무시설-1호 12층(영등포동4가, 타임스퀘어)",02-708-8600
8919,서울,은평구,감리업,"일반(전기),일반(기계)",(주)무진에프이앤씨,서종희,3404,"서울특별시 은평구 진흥로 91 , 2층 (역촌동)",02-352-9116
8920,서울,은평구,감리업,전문,(주)이화소방,"이혁준,유은지",3497,"서울특별시 은평구 증산로 327 , 1층(증산동, 이룸스페이스)",02-383-0119
8921,서울,은평구,감리업,"일반(전기),일반(기계)",한화소방이엔지,안병삼,3499,"서울특별시 은평구 증산로9길 11 , 1층 104호(증산동)",02-356-0119
8922,서울,은평구,감리업,"일반(전기),일반(기계)",월드소방건설,임경식,3402,"서울특별시 은평구 역말로 68 , 2층 202호 (역촌동)",02-388-7119
8923,서울,종로구,감리업,"일반(전기),일반(기계)",현대엔지니어링(주),김상현,3058,서울특별시 종로구 율곡로 75 (계동),02-2134-1964
8924,서울,종로구,감리업,"일반(전기),일반(기계)",(주)극동문화전기설계,"김경용,이래선,이래설",3139,서울특별시 종로구 종로 123 (종로3가),02-765-0240
8925,서울,종로구,감리업,"일반(전기),일반(기계)",(주)유정이엔지,유미경,3139,"서울특별시 종로구 종로 123 , 504호(종로3가, 고영빌딩)",02-747-4505
8926,서울,종로구,감리업,"일반(전기),일반(기계)",(주)정현이엔지,김종현,3182,"서울특별시 종로구 새문안로 91 , 914호(신문로1가)",02-735-5541
8927,서울,중구,감리업,"일반(전기),일반(기계)",동부엔지니어링(주),송경한,4527,"서울특별시 중구 소월로 10 (남대문로5가, 단암빌딩)",02-2122-6700
8928,서울,중구,감리업,전문,(주)간삼건축종합건축사사무소,김태집,4607,서울특별시 중구 동호로20다길 16 (신당동),02-2250-6000
8929,서울,중구,감리업,전문,주식회사 한림건축씨엠종합건축사사무소,박진순,4514,"서울특별시 중구 서소문로 120 704호 (서소문동, 에나센터빌딩)",02-6370-1500
8930,부산,강서구,감리업,"일반(전기),일반(기계)",(주)조이테크,김유찬,46701,부산광역시 강서구 대저중앙로357번길 16 (대저1동),051-728-4246
8931,부산,금정구,감리업,전문,(주)유일방재엔지니어링,이유식,46249,"부산광역시 금정구 중앙대로 1942 , 12층(구서동)",051-552-6868
8932,부산,금정구,감리업,"일반(전기),일반(기계)",주식회사 이도소방,박성진,46214,"부산광역시 금정구 금단로 202 ,2층(남산동, 한남빌딩)",051-714-3193
8933,부산,기장군,감리업,"일반(전기),일반(기계)",(주)대윤엔지니어링,강민우,46059,"부산광역시 기장군 기장읍 읍내로 39 , 203호",051-926-8834
8934,부산,남구,감리업,"일반(전기),일반(기계)",(주)한국소방,허보혜,48531,"부산광역시 남구 유엔평화로 165 ,303호(용당동, 광덕빌딩)",051-644-9119
8935,부산,남구,감리업,전문,(주)골드이엔지,현규섭,48494,"부산광역시 남구 유엔로 127-2 (대연동,대성맨션) 상가동 110호",051-818-7341
8936,부산,남구,감리업,"일반(전기),일반(기계)",(주)드림기술단,"신종대,황정희",48508,"부산광역시 남구 수영로 312 (대연동, 21센츄리시티) 1702호",051-817-7119
8937,부산,동구,감리업,전문,금정엔지니어링(주),정의광,48797,부산 동구 초량3동 135-48 번지,051-469-3119
8938,부산,동구,감리업,전문,(주)한국코아엔지니어링,유충희,48742,부산 동구 범일2동 830-295 번지,051-636-4477
8939,부산,동구,감리업,전문,남경이앤지(주),김용정,48797,"부산광역시 동구 초량중로 99-3 , 3층(초량동)",051-466-2345
8940,부산,동구,감리업,"일반(전기),일반(기계)",이담이앤지,최지용,48792,"부산광역시 동구 중앙대로 263 , 12층 10호(초량동, 국제오피스텔)",051-715-6688
8941,부산,동래구,감리업,전문,(주)중앙엔지니어링,이민현,47876,"부산광역시 동래구 아시아드대로 111-1 , 3층(사직동)",051-714-0074
8942,부산,동래구,감리업,전문,(주)한국나이스기술단,양범식,47887,"부산광역시 동래구 온천천로319번길 12 , 2층(수안동, 난빌딩)",051-557-4266
8943,부산,동래구,감리업,"일반(전기),일반(기계)",(주)장인기술단,김인수,47886,"부산광역시 동래구 온천천로339번길 28 (낙민동, 낙민동한일유앤아이아파트) 107동 상가202호",051-644-1744
8944,부산,동래구,감리업,전문,(주)여명기술단,임경화,47718,"부산광역시 동래구 쇠미로 223 , 2층(온천동)",051-506-7118
8945,부산,동래구,감리업,"일반(전기),일반(기계)",신화엔지니어링,임대희,47816,부산광역시 동래구 온천천로 195 (명륜동) 동진빌딩 2층,051-553-5119
8946,부산,동래구,감리업,전문,(주)현대이엔지,고기영,47846,"부산광역시 동래구 아시아드대로255번가길 8-9 (온천동, 한사랑아파트) 상가 401호",051-501-1193
8947,부산,동래구,감리업,전문,(주)배정기술단,박미령,47718,"부산광역시 동래구 쇠미로 223 , 5층(온천동)",070-7783-1908
8948,부산,동래구,감리업,"일반(전기),일반(기계)",동원기술단,김병학,47818,"부산광역시 동래구 충렬대로218번길 51 ,2층(수안동)",051-901-9111
8949,부산,동래구,감리업,전문,(주)더베스트이앤씨,박병진,47887,"부산광역시 동래구 온천천로337번길 25 , 3층(수안동, 해성퓨리즈빌딩)",051-557-4245
8950,부산,부산진구,감리업,전문,(주)세종기술단,김태완,47209,"부산광역시 부산진구 거제천로 52 (양정동, 세종빌딩)",051-465-7972
8951,부산,부산진구,감리업,전문,(주)정엔지니어링,박정철,47101,부산광역시 부산진구 성지곡로51번길 27 (초읍동),051-507-0119
8952,부산,부산진구,감리업,"일반(전기),일반(기계)",(주)욱동방재,정정애,47287,"부산광역시 부산진구 부전로 56-1 , 비101호(부전동, 탑패밀리)",051-808-6906
8953,부산,부산진구,감리업,전문,(주)광명토탈엔지니어링,김재곤,47251,"부산광역시 부산진구 중앙대로775번길 5 , 1601호(부전동, 삼정기업빌딩)",051-818-2391
8954,부산,부산진구,감리업,전문,대원포비스(주),추원호,47236,"부산광역시 부산진구 전포대로 294 703호(전포동,서면한신하이텔)",051-807-0119
8955,부산,부산진구,감리업,전문,삼성유비스(주),이갑진,47236,"부산광역시 부산진구 전포대로 294 , 701호(전포동, 서면한신하이텔)",051-802-1130
8956,부산,부산진구,감리업,전문,이호기술단(주),김덕선,47123,부산광역시 부산진구 동평로 277 (연지동) 2층,051-556-7266
8957,부산,부산진구,감리업,"일반(전기),일반(기계)",보원엔지니어링(주),"진치호,최병찬",47301,부산광역시 부산진구 전포대로 242 (전포동) 남경빌딩 2층,051-808-2750
8958,부산,부산진구,감리업,전문,(주)이정이앤씨,박해복,47362,"부산광역시 부산진구 자유평화로37번길 67 (범천동, 두산위브센티움) 3층 301호",051-441-9070
8959,부산,부산진구,감리업,전문,(주)진일기술단,박배서,47209,부산광역시 부산진구 거제천로44번길 6 (양정동),070-8853-7323
8960,부산,부산진구,감리업,전문,(주)도시이앤씨,이춘복,47257,부산광역시 부산진구 서면문화로 43 (부전동) 광명빌딩 4층,051-807-3306
8961,부산,부산진구,감리업,전문,(주)건일씨엠,김용균,47291,"부산광역시 부산진구 서전로10번길 28 , 3층 301호 (부전동, 오기빌딩)",051-714-4058
8962,부산,부산진구,감리업,전문,주식회사 와이케이엔지니어링,김태우,47232,부산광역시 부산진구 진남로356번길 99 (전포동),051-868-9741
8963,부산,북구,감리업,전문,(주)일신이앤에프,박은주,46542,"부산광역시 북구 학사로17번나길 7 (화명동, 수정빌딩) 301호",051-362-2119
8964,부산,사상구,감리업,"일반(전기),일반(기계)",(주)나라세이프티,"이영호,이혜주",46938,"부산광역시 사상구 백양대로804번길 13 , 부원상가 111동 301호(덕포동, 부원파크타운)",051-703-1599
8965,부산,사상구,감리업,전문,주식회사 드림종합기술단,"김헌호,황정애",46981,"부산광역시 사상구 대동로 303 ,1105호(감전동,부산디지털밸리)",051-714-0019
8966,부산,사상구,감리업,"일반(전기),일반(기계)",셀터엔지니어링,이영민,46985,"부산광역시 사상구 학감대로 238-30 , 2층 202호(감전동, 오성빌딩)",051-506-1194
8967,부산,사상구,감리업,전문,티에스이엔이,박덕훈,46927,"부산광역시 사상구 백양대로 960-1 ,2층(모라동)",051-898-9494
8968,부산,사하구,감리업,"일반(전기),일반(기계)",와이지이엔지,양명규,49519,"부산광역시 사하구 다대로429번길 12 제1상가 제2층 212호(다대동, 삼환아파트)",
8969,부산,수영구,감리업,전문,(주)중앙기술단,이상욱,48226,부산광역시 수영구 구락로 25 (수영동) 2층,051-759-5442
8970,부산,수영구,감리업,"일반(전기),일반(기계)",(주)중앙제이앤지,배미숙,48226,부산광역시 수영구 구락로 25 1층 (수영동),051-759-5442
8971,부산,연제구,감리업,전문,(주)디에이치기술단,정병훈,47598,"부산광역시 연제구 중앙대로1054번길 6 , 5층(연산동)",051-867-9548
8972,부산,연제구,감리업,"일반(전기),일반(기계)",이에스종합기술단,김용배,47504,"부산광역시 연제구 중앙대로 1249-1 , 3층(거제동)",051-506-8177
8973,부산,연제구,감리업,"일반(전기),일반(기계)",우일기술단(주),이봉두,47581,"부산광역시 연제구 월드컵대로 62 602호(연산동, 선빌딩)",051-633-8877
8974,부산,연제구,감리업,전문,(주)부흥이앤씨,정기용,47598,부산광역시 연제구 중앙대로1050번길 5 (연산동) 토목회관 3층,051-817-5417
8975,부산,영도구,감리업,전문,(주)에이치제이중공업,"김완석,유상철",49001,부산광역시 영도구 태종로 233 (봉래동5가),02-450-8503
8976,부산,중구,감리업,전문,(주)상지엔지니어링건축사사무소,"허동윤,김동회",48983,부산광역시 중구 자갈치로 42 (남포동5가) 513호,051-247-0208
8977,부산,해운대구,감리업,전문,(주)나이스에너지엔지니어링,이미라,48058,"부산광역시 해운대구 센텀중앙로 97 , 에이동 1905호 (재송동, 센텀스카이비즈)",051-783-7766
8978,부산,해운대구,감리업,"일반(전기),일반(기계)",(주)선진이엔지,최두환,48059,"부산광역시 해운대구 센텀동로 99 1308호(재송동, 벽산이-센텀클래스원)",051-782-7500
8979,부산,해운대구,감리업,전문,(주)우일엔지니어링,양덕경,48045,부산광역시 해운대구 삼어로133번나길 14 (반여동),051-913-2000
8980,부산,해운대구,감리업,전문,(주)나이스에너지,송상호,48058,"부산광역시 해운대구 센텀중앙로 97 (재송동, 센텀스카이비즈) 에이동 1907호",051-783-8300
8981,부산,해운대구,감리업,"일반(전기),일반(기계)",(주)아이엔지그룹건축사사무소,김안경,48002,"부산광역시 해운대구 반송로525번길 25 (석대동) 502호, 아이티타워",051-717-1205
8982,대구,남구,감리업,"일반(전기),일반(기계)",금상ENG,구자현,42428,"대구광역시 남구 이천로19길 51-2 , 2층(대명동)",053-283-3119
8983,대구,남구,감리업,전문,주식회사 이루에프앤씨,박용수,42418,"대구광역시 남구 대명로57길 10-6 , 3층(대명동)",
8984,대구,달서구,감리업,전문,(주)기성이앤씨,박정현,42647,대구광역시 달서구 야외음악당로 223 (두류동),053-657-8200
8985,대구,달서구,감리업,"일반(전기),일반(기계)",(주)가람기술단,강봉기,42760,대구광역시 달서구 월배로11길 32 (대천동),053-638-2711
8986,대구,달서구,감리업,전문,우성설계감리(주),"배용호,신진걸",42741,"대구광역시 달서구 월배로 375 ,4층(송현동)",053-625-4119
8987,대구,달서구,감리업,"일반(전기),일반(기계)",(주)나우전기,추영곤,42812,"대구광역시 달서구 상화북로 195-3 ,3층(상인동)",053-624-4868
8988,대구,달서구,감리업,"일반(전기),일반(기계)",(주)한양이엔씨,장상필,42742,대구광역시 달서구 월배로73길 43 (송현동),053-744-3119
8989,대구,달서구,감리업,전문,주식회사 나우엔지니어링,이지현,42814,"대구광역시 달서구 월곡로 180 , 6층(상인동)",053-721-7122
8990,대구,달서구,감리업,"일반(전기),일반(기계)",기성엔지니어링,김용현,42697,"대구광역시 달서구 성서동로 317 , 4층(장기동)",053-242-2553
8991,대구,달성군,감리업,전문,(주)광명엔지니어링,강태중,42974,대구광역시 달성군 논공읍 달성군청로6길 17 (금포리),053-593-8550
8992,대구,동구,감리업,전문,(주)동우이앤씨,홍준표,41256,"대구광역시 동구 동대구로 489 , 16층 (신천동, 대구무역회관)",053-749-2000
8993,대구,동구,감리업,"일반(전기),일반(기계)",(주)덕원기술사,권영대,41263,"대구광역시 동구 동부로5길 41-3 ,1,2층(신천동)",053-756-5577
8994,대구,동구,감리업,전문,덕원기술단,홍성우,41256,"대구광역시 동구 동대구로85길 51 (신천동, 미성빌딩 3층)",053-741-0109
8995,대구,동구,감리업,"일반(전기),일반(기계)",세이프소방방재 주식회사,정 훈,41269,대구광역시 동구 송라로 45-20 (신천동),053-741-8849
8996,대구,동구,감리업,"일반(전기),일반(기계)",(주)새솔ENC,권영관,41254,"대구광역시 동구 동부로 64 , 2층(신천동)",053-253-4412
8997,대구,동구,감리업,"일반(전기),일반(기계)",(주)대천이엔지,권재이,41263,대구광역시 동구 동부로5길 41-3 (신천동),054-283-9100
8998,대구,동구,감리업,"일반(전기),일반(기계)",주식회사 보정건축사사무소,남효황,41243,"대구광역시 동구 동부로26길 5 , 2층 222호(신천동, 부띠끄시티테라스)",053-742-0953
8999,대구,북구,감리업,"일반(전기),일반(기계)",대영소방기술(주),권성호,41477,"대구광역시 북구 망월길 20-1 (서변동,2층)",053-951-2597
9000,대구,북구,감리업,"일반(전기),일반(기계)",다온이엔지,장순규,41518,"대구광역시 북구 유통단지로 16 (산격동, 9동 2층 21호)",053-383-7335
9001,대구,북구,감리업,"일반(전기),일반(기계)",주식회사 지이에스,이정화,41467,대구광역시 북구 칠곡중앙대로 232 (태전동),053-719-0890
9002,대구,북구,감리업,"일반(전기),일반(기계)",(주)기전엔지니어링,조권제,41477,"대구광역시 북구 망월길 20-1 (서변동, 2층)",053-954-2596
9003,대구,북구,감리업,"일반(전기),일반(기계)",한국전기소방감리(주),배철진,41533,대구광역시 북구 연암로 174 (산격동),053-944-9119
9004,대구,북구,감리업,"일반(전기),일반(기계)",하나로소방감리,이덕성,41474,대구광역시 북구 서변로23길 14 (서변동),053-214-4119
9005,대구,북구,감리업,"일반(전기),일반(기계)",주식회사 대림엔지니어링,김동수,41476,"대구광역시 북구 호국로 209 ,7층(서변동)",053-941-4916
9006,대구,북구,감리업,전문,한국안전기술 주식회사,김정인,41504,"대구광역시 북구 유통단지로 103 , 2층28호(산격동, 복합건축자재관)",053-621-2141
9007,대구,서구,감리업,전문,(주)정우디엔아이,양홍석,41756,"대구광역시 서구 와룡로 307 , 디센터 909호, 910호 (중리동)",053-423-8504
9008,대구,수성구,감리업,전문,(주)한양텍,이수삼,42184,대구광역시 수성구 무학로31길 92  (지산동) ,053-472-3119
9009,대구,수성구,감리업,전문,(주)이명이앤씨건축사사무소,김영두,42218,"대구광역시 수성구 용학로 180 , 5층(지산동)",053-780-9000
9010,대구,수성구,감리업,"일반(전기),일반(기계)",우진엔지니어링,"박정원,현용락",42049,대구광역시 수성구 충의로 39 (만촌동),053-525-9844
9011,대구,수성구,감리업,"일반(전기),일반(기계)",(주)부창엔지니어링,최희,42144,대구광역시 수성구 청솔로2길 8 (황금동),053-763-5353
9012,대구,수성구,감리업,전문,서한컨설탄트(주),문갑곤,42038,"대구광역시 수성구 화랑로 56 ,8층(만촌동,효창빌딩)",053-741-4791
9013,대구,수성구,감리업,전문,(주)신덕엔지니어링,김길수,42060,"대구광역시 수성구 무열로 65 , 2층(만촌동)",053-745-2217
9014,대구,수성구,감리업,전문,(주)한동엔지니어링,이규헌,42132,"대구광역시 수성구 명덕로 408 , 11층 (수성동2가)",053-751-1888
9015,대구,수성구,감리업,"일반(전기),일반(기계)",세원엔지니어링,권세원,42201,"대구광역시 수성구 수성로 23 , 3층 303호(상동, 세종빌딩)",053-216-1666
9016,대구,중구,감리업,전문,(주)신일이앤씨,최문홍,41902,대구광역시 중구 태평로 113-45 (태평로3가),053-665-8700
9017,대구,중구,감리업,"일반(전기),일반(기계)",한울엔지니어링,여상헌,41904,"대구광역시 중구 태평로 275 ,3층(동인동3가)",053-745-9230
9018,대구,중구,감리업,전문,(주)세명기술단,임경춘,41904,"대구광역시 중구 태평로51길 13 (동인동1가, 쌍용빌딩 2층)",053-422-1343
9019,인천,계양구,감리업,전문,세영엔지니어링(주),양청석,21060,"인천광역시 계양구 계산새로 71 에이동 1114호(계산동, 하이베라스빌딩)",032-555-7942
9020,인천,계양구,감리업,"일반(전기),일반(기계)",(주)대현이엔씨,유강후,21069,"인천광역시 계양구 오조산로57번길 7-1  401호 (계산동,미래사랑빌딩) ",032-549-0019
9021,인천,계양구,감리업,"일반(전기),일반(기계)",큰샘기술사사무소,김종수,21065,"인천광역시 계양구 계양문화로 90 ,503-4호(용종동,새롬프라자)",032-541-1855
9022,인천,계양구,감리업,전문,(주)정평이앤씨,김경진,21031,"인천광역시 계양구 장제로 851 , 5층(임학동)",032-547-7119
9023,인천,계양구,감리업,"일반(전기),일반(기계)",주식회사 두힘,황병우,21060,"인천광역시 계양구 계산새로65번길 15 ,4층 401호(계산동, 서협빌딩)",032-584-1119
9024,인천,남동구,감리업,전문,(주)천일이앤씨,이광우,21632,"인천광역시 남동구 남동대로239번길 72-20 , 204호, 205-1호 (논현동, 두레비지니스센터)",032-423-3138
9025,인천,남동구,감리업,전문,(주)비상이앤씨,문제안,21645,인천광역시 남동구 도림로 29 2층(도림동),032-431-5127
9026,인천,남동구,감리업,"일반(전기),일반(기계)",(주)인천소방감리,편석현,21596,"인천광역시 남동구 담방로 39 201호 (만수동, 로얄프라자)",032-464-2119
9027,인천,남동구,감리업,전문,(주)하나설비설계사무소,이승권,21563,인천광역시 남동구 인주대로 713 명성빌딩 4층(구월동),032-469-7595
9028,인천,남동구,감리업,전문,(주)대경기전,함문상,21552,"인천광역시 남동구 간석동 749-9, 3층",032-571-3377
9029,인천,남동구,감리업,전문,(주)티에스엔지니어링건축사사무소,조규수,21539,"인천광역시 남동구 하촌로 53 , 302호(만수동, 동명빌딩)",02-830-3622
9030,인천,남동구,감리업,전문,(주)신한이엔씨,"김수경,전장열",21532,"인천광역시 남동구 장자로6번길 3-10 ,2층 (장수동)",032-421-6491
9031,인천,남동구,감리업,전문,(주)덕수이앤지,이재우,21582,"인천광역시 남동구 선수촌공원로17번길 1 에이동 402호(구월동, 테크노밸리)",032-468-4528
9032,인천,남동구,감리업,전문,(주)청우소방이엔씨,서창배,21588,인천광역시 남동구 호구포로 746  (구월동) 4층,032-462-4118
9033,인천,남동구,감리업,"일반(전기),일반(기계)",(주)경기기술단,이용원,21536,인천광역시 남동구 구월말로3번길 37 카우빌딩2층(구월동),032-213-0085
9034,인천,남동구,감리업,전문,(주)원우소방,오종수,21582,"인천광역시 남동구 선수촌공원로 37 702호(구월동, 중앙프라자)",032-462-4119
9035,인천,남동구,감리업,"일반(전기),일반(기계)",비상이앤에프,노종민,21564,"인천광역시 남동구 용천로11번길 1 , 201호(구월동)",032-472-4119
9036,인천,남동구,감리업,"일반(전기),일반(기계)",(주)서전종합전기,정정심,21691,"인천광역시 남동구 호구포로 139 , 8층 803호(고잔동, 청류지산 지식산업센터)",032-266-0106
9037,인천,남동구,감리업,"일반(전기),일반(기계)",바로엔지니어링 주식회사,이진주,21589,"인천광역시 남동구 인주대로 856 , 3층 (만수동)",032-218-3027
9038,인천,미추홀구,감리업,"일반(전기),일반(기계)",청학소방감리,김경호,22137,"인천광역시 미추홀구 경인남길 354 (도화동, 휴그린빌3차) 502호",032-466-5119
9039,인천,미추홀구,감리업,전문,(주)단에이앤씨 종합건축사사무소,박규석,22221,인천광역시 미추홀구 학익소로 66 (학익동),032-425-8855
9040,인천,미추홀구,감리업,"일반(전기),일반(기계)",(주)삼덕엔지니어링,남연수,22188,"인천광역시 미추홀구 용정공원로83번길 43 , 102동 301호(용현동, 이편한세상시티인하대역)",032-422-3148
9041,인천,미추홀구,감리업,전문,(주)백림종합건축사사무소,이명진,22136,"인천광역시 미추홀구 주안로 86 ,10층 1001호(주안동, 우신주안빌딩)",032-710-8978
9042,인천,미추홀구,감리업,전문,(주)지유엔지니어링,구윤정,22204,"인천광역시 미추홀구 매소홀로 262 , 10층 10021호(학익동, 시티필드)",032-716-9110
9043,인천,미추홀구,감리업,"일반(전기),일반(기계)",영원이앤지,김아영,22235,"인천광역시 미추홀구 소성로 327 , 2층(문학동)",
9044,인천,미추홀구,감리업,"일반(전기),일반(기계)",(주)엘디이앤씨,박종미,22134,"인천광역시 미추홀구 주안로 156 , 5층 502호(주안동, 태양빌딩)",032-864-6644
9045,인천,부평구,감리업,전문,(주)태양유니스,배종배,21389,"인천광역시 부평구 경원대로1377번길 14  (부평동,파레스오피스텔)2층",032-362-4665
9046,인천,부평구,감리업,"일반(전기),일반(기계)",(주)중앙소방이앤지,김정섭,21316,인천광역시 부평구 부평대로 296 (갈산동 158),032-503-0119
9047,인천,부평구,감리업,전문,(주)미래이앤지,박정순,21457,"인천광역시 부평구 일신로 65 ,2층(일신동, 케이알빌딩)",032-522-7119
9048,인천,부평구,감리업,전문,(주)한신이앤씨,김기춘,21364,"인천광역시 부평구 부평대로167번길 54 , 4층 405호(청천동)",032-715-8210
9049,인천,부평구,감리업,전문,(주)케이아이기술단,이명욱,21315,"인천광역시 부평구 새벌로 4 , 1층(청천동)",032-502-5533
9050,인천,부평구,감리업,"일반(전기),일반(기계)",에스디 유한책임회사,장은경,21404,"인천광역시 부평구 경원대로 1420 ,제2호 3층(부평동)",032-521-8181
9051,인천,부평구,감리업,전문,(주)건축사사무소케이아이씨,한창희,21344,인천광역시 부평구 길주로 659 405호(삼산동),032-505-4059
9052,인천,서구,감리업,전문,(주)한국소방엔지니어링,"권혁진,권순도",22636,"인천광역시 서구 완정로 163  (왕길동,트리플타워)12층",032-548-1193
9053,인천,서구,감리업,"일반(전기),일반(기계)",청훈이엔지(주),양기영,22731,"인천광역시 서구 염곡로464번길 23 , 501호(가정동, 엔시티타워 )",070-8272-1389
9054,인천,서구,감리업,전문,(주)태원종합기술단건축사사무소,양철웅,22729,인천광역시 서구 승학로 209 (심곡동),032-567-9815
9055,인천,서구,감리업,전문,(주)대원종합이엔지,고정근,22728,"인천광역시 서구 탁옥로 16 ,2층 (심곡동)",032-564-6119
9056,인천,서구,감리업,전문,(주)이룸이앤씨,손연희,22816,인천광역시 서구 신진말로 39 501호 (가좌동),032-571-8300
9057,인천,서구,감리업,전문,(주)반석기술단,김현중,22730,"인천광역시 서구 심곡로56번길 2 , 501호(심곡동, 삼원빌딩)",032-886-9355
9058,인천,서구,감리업,전문,주식회사 금라기술단,전철욱,22726,"인천광역시 서구 탁옥로 55 ,1012호(심곡동,에스엠스카이빌)",070-4353-6257
9059,인천,서구,감리업,전문,(주)이곳이앤씨,황용희,22770,"인천광역시 서구 중봉대로 490 , 837호(청라동, 청라더리브티아모지식산업센터)",032-572-4941
9060,인천,서구,감리업,"일반(전기),일반(기계)",주식회사 경보소방엔지니어링,고양섭,22698,"인천광역시 서구 승학로 426 , 403호(검암동, 우주프라자)",032-565-4941
9061,인천,연수구,감리업,전문,(주)포스코에이앤씨건축사사무소,김동근,21998,"인천광역시 연수구 컨벤시아대로 165 ,24층(송도동, 포스코타워송도)",02-2018-7717
9062,광주,광산구,감리업,"일반(전기),일반(기계)",거성엔지니어링,공호진,62252,"광주광역시 광산구 장신로 261 (신창동,드림프라자 506호)",062-367-4911
9063,광주,광산구,감리업,전문,엔지니어링그룹 에이원,한영미,62251,광주광역시 광산구 왕버들로 287 2층(신창동),062-523-6403
9064,광주,광산구,감리업,"일반(전기),일반(기계)",우림이앤씨,김유선,62308,광주광역시 광산구 수완로11번안길 16 (수완동),062-944-2119
9065,광주,광산구,감리업,"일반(전기),일반(기계)",주식회사 피치이앤씨,임정호,62216,"광주광역시 광산구 하남산단6번로 57 ,산업동407호(오선동)",062-531-6119
9066,광주,남구,감리업,"일반(전기),일반(기계)",진성이앤씨,이영곤,61729,광주광역시 남구 회재로 1160-12 2층 (주월동),062-671-0119
9067,광주,남구,감리업,전문,주식회사 미드엔지니어링건축사사무소,안태경,61616,"광주광역시 남구 대남대로 267 , 303호(백운동)",062-511-9650
9068,광주,동구,감리업,"일반(전기),일반(기계)",(주)이건 종합건축사사무소,양상훈,61413,광주광역시 동구 중앙로 306 (계림동) 신양빌딩 1-5층,062-234-1100
9069,광주,동구,감리업,전문,주식회사 21세기이엔지,"조호성,박봉래",61432,광주광역시 동구 동명로67번길 22-31 (산수동),062-652-2290
9070,광주,북구,감리업,"일반(전기),일반(기계)",명이엔씨,김대중,61106,광주광역시 북구 저불로 90 (용봉동),070-7677-9119
9071,광주,북구,감리업,"일반(전기),일반(기계)",동우이앤씨,전창현,61052,광주광역시 북구 안산로 67  (오치동),062-513-8891
9072,광주,북구,감리업,전문,청인이엔지,정주일,61011,"광주광역시 북구 첨단과기로208번길 43-22 ,A동 10층 1006호(오룡동,와이어스파크(지식산업센터))",062-975-0718
9073,광주,북구,감리업,"일반(전기),일반(기계)",이화엔지니어링,박승영,61072,광주광역시 북구 자라봉로 57 (양산동),062-576-2119
9074,광주,북구,감리업,"일반(전기),일반(기계)",건아이앤씨,이승배,61011,"광주광역시 북구 첨단과기로208번길 43-22 ,B동 1206호(오룡동,와이어스파크(지식산업센터))",062-954-2119
9075,광주,북구,감리업,전문,태연엔지니어링 주식회사,신승수,61087,"광주광역시 북구 첨단연신로 97 , 605호(신용동, 솔로몬타워)",062-531-4450
9076,광주,북구,감리업,전문,(유)이에프,박일규,61215,"광주광역시 북구 서암대로 315 , 4층(우산동)",070-8281-7911
9077,광주,북구,감리업,"일반(전기),일반(기계)",주식회사 유현이엔지,선현종,61114,광주광역시 북구 운용로 33 (운암동),062-511-4597
9078,광주,북구,감리업,"일반(전기),일반(기계)",한엔지니어링,이진수,61011,"광주광역시 북구 첨단과기로208번길 43-22 ,B동 1208호(오룡동, 와이어스파크(지식산업센터))",062-975-0130
9079,광주,북구,감리업,"일반(전기),일반(기계)",라온엔지니어링건축사사무소 주식회사,최환석,61227,광주광역시 북구 서암대로274번길 9 (중흥동),062-521-2123
9080,광주,서구,감리업,전문,(주)건창기술단,류백호,62054,광주광역시 서구 풍암신흥로62번길 3-38 (풍암동),062-655-7119
9081,광주,서구,감리업,"일반(전기),일반(기계)",(주)팔마이엔지,박인수,62073,"광주광역시 서구 매월2로15번길 16 (매월동,상가202동 209호)",062-610-5693
9082,광주,서구,감리업,전문,(주)이림기술단,길현옥,61947,"광주광역시 서구 시청로 97 , 2518호(치평동, 중흥에스-클래스스카이31)",070-4353-6245
9083,광주,서구,감리업,"일반(전기),일반(기계)",주식회사 유원,정호성,61901,광주광역시 서구 유덕로 22-6 205호(유촌동),070-4252-8754
9084,광주,서구,감리업,"일반(전기),일반(기계)",좋은엔지니어링,"김준채,이현주",61950,광주광역시 서구 치평로 124 (치평동),062-432-9991
9085,대전,동구,감리업,"일반(전기),일반(기계)",태원방재,송순선,34570,대전광역시 동구 태전로104번길 30  (삼성동),042-353-5119
9086,대전,동구,감리업,전문,(주)신화엔지니어링종합건축사사무소,"김인수,박성원,송명기,최재인",34552,"대전광역시 동구 동서대로 1659 (신화빌딩, 용전동)",042-670-3182
9087,대전,동구,감리업,전문,합동소방기술단(주),최종광,34565,"대전광역시 동구 대전천북로 124 , 2층(삼성동)",042-624-2119
9088,대전,동구,감리업,"일반(전기),일반(기계)",유일방재,차재희,34506,"대전광역시 동구 동대전로256번길 152 ,1층(가양동)",042-633-7118
9089,대전,서구,감리업,"일반(전기),일반(기계)",주식회사 건일엔지니어링,길상원,35263,"대전광역시 서구 계룡로583번길 49 203호(탄방동, 젠트리움)",042-522-3760
9090,대전,서구,감리업,"일반(전기),일반(기계)",현무소방ENG,정시희,35324,"대전광역시 서구 도마로37번길 36 ,10동 202호(도마동, 삼정하이츠)",042-535-7118
9091,대전,서구,감리업,"일반(전기),일반(기계)",행복방재,이인택,35390,"대전광역시 서구 가수원중로57번길 97 (가수원동,1층)",042-544-5119
9092,대전,서구,감리업,전문,동아ENG,"유승오,이우용",35414,"대전광역시 서구 복수남로 5 202호(복수동,K빌딩)",042-586-0002
9093,대전,서구,감리업,전문,한결엔지니어링,박종운,35385,"대전광역시 서구 가수원로 97 , 3층 302호(가수원동, 금원빌딩)",042-524-1119
9094,대전,서구,감리업,전문,(주)우송방재,장상욱,35279,"대전광역시 서구 계룡로232번길 174 (월평동,2층)",042-861-8660
9095,대전,서구,감리업,전문,(주)도원엔지니어링건축사사무소,"이강희,손정숙,최철순",35270,대전광역시 서구 계룡로 390 (갈마동),042-521-2100
9096,대전,서구,감리업,"일반(전기),일반(기계)",미래방재시스템,박재성,35377,"대전광역시 서구 계백로828번길 22-6 , 101호(관저동)",042-368-1380
9097,대전,서구,감리업,전문,신영이엔씨 주식회사,유승용,35377,"대전광역시 서구 구봉산북로16번길 4 , 3층(관저동)",042-721-5383
9098,대전,유성구,감리업,"일반(전기),일반(기계)",주식회사 한국가스기술공사,조용돈,34007,대전광역시 유성구 대덕대로 1227 (봉산동),042-600-8067
9099,대전,중구,감리업,"일반(전기),일반(기계)",고래시스템,"최진호,이연수",34891,대전광역시 중구 태평로14번길 42  (유천동) ,042-622-1191
9100,대전,중구,감리업,"일반(전기),일반(기계)",동안FS,황건택,34995,"대전광역시 중구 대둔산로446번길 61 , 102호(산성동)",042-586-1542
9101,대전,중구,감리업,"일반(전기),일반(기계)",(주)나래엔지니어링,한상민,35084,"대전광역시 중구 성산로3번길 32-10 , 2층(안영동)",042-527-1997
9102,대전,중구,감리업,"일반(전기),일반(기계)",KS 방재,김기승,34960,"대전광역시 중구 문화로 173 , 2층(문화동)",042-531-1119
9103,대전,중구,감리업,"일반(전기),일반(기계)",세종소방기술,이중환,34909,"대전광역시 중구 계백로 1719 ,(오류동) 1207호",042-521-1119
9104,세종,세종시,감리업,"일반(전기),일반(기계)",(주)한국이알이시,이성욱,30130,"세종특별자치시  한누리대로 193 ,제1동 403호 (나성동,참미르빌딩)",070-7493-6900
9105,세종,세종시,감리업,"일반(전기),일반(기계)",운우기술단,이선아,30130,"세종특별자치시  한누리대로 207 ,406호(나성동, 세진이너스빌)",044-867-1395
9106,울산,남구,감리업,"일반(전기),일반(기계)",(주)한솔이엔지,강명성,44716,울산광역시 남구 산업로 625 (삼산동),052-227-7355
9107,울산,남구,감리업,"일반(전기),일반(기계)",울산소방기술(주),김경수,44688,울산광역시 남구 신정로 108 (신정동),052-260-7212
9108,울산,남구,감리업,전문,(주)대흥종합엔지니어링건축사사무소,정태석,44740,울산광역시 남구 두왕로322번길 6-7 (신정동),052-271-9860
9109,울산,남구,감리업,전문,(주)한진엔지니어링,박종욱,44673,울산광역시 남구 봉월로60번길 33 (신정동),052-265-1235
9110,울산,남구,감리업,전문,(주)동남종합감리공단건축사사무소,"윤승문,이창열",44688,울산광역시 남구 신정로 114 (신정동),052-258-6500
9111,울산,남구,감리업,전문,(주)안전문화재단기술사사무소,조용호,44672,"울산광역시 남구 봉월로82번길 39 , 2층(신정동)",052-268-8119
9112,울산,남구,감리업,"일반(전기),일반(기계)",태원기술단,이승희,44689,"울산광역시 남구 중앙로204번길 28 , 2층 (신정동)",052-271-7402
9113,울산,남구,감리업,"일반(전기),일반(기계)",(주)명성이엔지,이상용,44715,울산광역시 남구 화합로134번길 13 4층(삼산동),052-294-6118
9114,울산,남구,감리업,"일반(전기),일반(기계)",진엔지니어링,엄진형,44776,"울산광역시 남구 테크노산업로55번길 79-19 , 1층 (두왕동)",052-261-7711
9115,울산,남구,감리업,"일반(전기),일반(기계)",(주)한림이앤씨건축사사무소,윤찬중,44628,"울산광역시 남구 삼호로7번길 39 (무거동,한림빌딩)",052-277-0163
9116,울산,남구,감리업,"일반(전기),일반(기계)",에코이엔지 주식회사,이제익,44715,"울산광역시 남구 정동로60번길 8 , 3층(삼산동)",052-260-9240
9117,울산,북구,감리업,"일반(전기),일반(기계)",대림이엔지,오기택,44254,"울산광역시 북구 고헌로 90 , 1동 2층 202호(명촌동, 세원We아파트)",052-256-5119
9118,울산,울주군,감리업,전문,(주)보명엔지니어링,이동철,44985,울산광역시 울주군 청량읍 상남길 6-9 (상남리),052-287-7179
9119,울산,울주군,감리업,"일반(전기),일반(기계)",(주)마근이엔지,박삼열,44950,울산광역시 울주군 삼남읍 교동로 48 .,052-244-8708
9120,울산,울주군,감리업,전문,(주)한국인엔지니어링,정상인,44933,"울산광역시 울주군 범서읍 굴화2길 32-5 ,2층",052-260-7831
9121,울산,중구,감리업,전문,탑이앤지(주),최성우,44422,"울산광역시 중구 성안로 147 3층 (성안동,신광빌딩)",052-710-3119
9122,울산,중구,감리업,"일반(전기),일반(기계)",(주)케이플랜,김수강,44472,"울산광역시 중구 평산로 8 , 201호(약사동)",052-285-1116
9123,울산,중구,감리업,전문,(주)동보,신의식,44531,"울산광역시 중구 강북로 123 (옥교동, 태화강엑소디움) 102-1606호",052-257-2190
9124,경기(남),과천시,감리업,"일반(전기),일반(기계)",(주)서정이앤지,"이동용,김종분",13840,"경기도 과천시 과천대로7길 33 , 공장비동 7층 0712호(갈현동, 과천 디테크타워))",02-507-1190
9125,경기(남),과천시,감리업,전문,대평엔지니어링(주),박종환,13840,"경기도 과천시 과천대로7길 33 , 에이동 1109호,1112호(갈현동, 디테크타워)",02-417-5114
9126,경기(남),과천시,감리업,전문,(주)디엠이엔지종합건축사사무소,김경옥,13840,"경기도 과천시 과천대로7나길 37 , 1301호(갈현동)",02-729-9705
9127,경기(남),과천시,감리업,전문,(주)세움이앤씨건축사사무소,조용문,13840,"경기도 과천시 과천대로7나길 37 , 701호(갈현동)",02-507-8051
9128,경기(남),과천시,감리업,전문,(주)선진엔지니어링종합건축사사무소,"유태원,배성진",13840,"경기도 과천시 과천대로7길 20 , 비타워 5층,6층(갈현동, 과천 스마트케이 업무시설)",02-2670-5505
9129,경기(남),과천시,감리업,전문,(주)무영씨엠건축사사무소,한일기,13840,"경기도 과천시 과천대로7길 26 , 2층(갈현동, 과천스마트케이비타워)",02-2188-3100
9130,경기(남),과천시,감리업,전문,주식회사 에이치케이건축사사무소,서진철,13840,"경기도 과천시 과천대로7나길 9 , 9층, 10층, 11층(갈현동, 디엑스타워)",02-591-0071
9131,경기(남),과천시,감리업,전문,주식회사 신원기술단,박경종,13840,"경기도 과천시 과천대로7나길 37 , 5층 501호(갈현동, 디엠빌딩)",02-514-7572
9132,경기(남),과천시,감리업,전문,(주)한국씨엠엔지니어링,장우열,13840,"경기도 과천시 과천대로7나길 37 , 702호(갈현동)",02-3679-3119
9133,경기(남),과천시,감리업,전문,(주)삼안,최동식,13837,경기도 과천시 별양상가3로 5 4~6층(별안동),02-6488-8000
9134,경기(남),과천시,감리업,전문,지디엔지니어링(주),박지수,13840,"경기도 과천시 과천대로7길 33 , 에이동 1112호(갈현동, 디테크타워)",02-417-5114
9135,경기(남),과천시,감리업,"일반(전기),일반(기계)",천진종합건축사사무소 주식회사,정양승,13840,"경기도 과천시 과천대로7나길 60 , 씨-211호(갈현동, 과천어반허브지식산업센터)",02-6403-2395
9136,경기(남),과천시,감리업,"일반(전기),일반(기계)",(주)종합건축사사무소근정,"김종문,안상구",13840,"경기도 과천시 과천대로7길 20 , 에이타워 7층(갈현동, 스마트케이빌딩)",02-540-4485
9137,경기(남),광명시,감리업,전문,(주)거산이앤지,"이용철,이경화",14322,"경기도 광명시 소하로 190 , 에이동 1206, 1210, 1211, 1212, 1213, 1214, 1215, 1216호(소하동, 광명지타워)",02-846-3119
9138,경기(남),광명시,감리업,"일반(전기),일반(기계)",(주)공간이엔지,홍사근,14322,"경기도 광명시 하안로 60 , 이동 904호(소하동, 광명테크노파크)",02-6112-3600
9139,경기(남),광명시,감리업,"일반(전기),일반(기계)",(주)삼삼이엔지,김홍규,14239,"경기도 광명시 디지털로33번길 15 (철산동, 서창빌딩)",02-2688-8414
9140,경기(남),광명시,감리업,"일반(전기),일반(기계)",대신소방설계감리공사,유혜선,14284,"경기도 광명시 오리로 1031 (광명동, 대령오피스텔 102호)",02-2617-1190
9141,경기(남),광명시,감리업,전문,(주)지엠이앤에스,김완섭,14322,"경기도 광명시 하안로 60 , 디-1209(소하동, 광명테크노파크)",02-844-8588
9142,경기(남),광명시,감리업,전문,(주)선경엔지니어링,박근수,14200,"경기도 광명시 광명로 965 , 302호(광명동)",02-6085-8955
9143,경기(남),광명시,감리업,"일반(전기),일반(기계)",주식회사 한양전설,이인호,14303,"경기도 광명시 오리로651번길 8 , 1028호(하안동, 현대테라타워광명)",070-8833-0711
9144,경기(남),광명시,감리업,전문,예원,권태희,14303,"경기도 광명시 범안로996번길 6 , 7층 712,713호(하안동, 광명티아모IT타워)",02-898-0958
9145,경기(남),광주시,감리업,전문,(주)라인이엔씨,홍순균,12739,"경기도 광주시 중앙로319번길 10-27 (송정동, 부영빌딩2층)",031-761-0636
9146,경기(남),광주시,감리업,전문,라인기술단(주),서병원,12744,"경기도 광주시 중앙로175번길 4 , 101호(송정동)",031-765-2506
9147,경기(남),군포시,감리업,"일반(전기),일반(기계)",(주)에이원방재산업,조보훈,15829,"경기도 군포시 산본로324번길 8 , 206호(금정동, 동영센트럴타워)",031-393-0042
9148,경기(남),군포시,감리업,"일반(전기),일반(기계)",(주)대왕엔지니어링,이성희,15871,경기도 군포시 용호1로 56 (당동) 대림프라자 3층 303호,031-391-4461
9149,경기(남),군포시,감리업,전문,(주)세명이엔지,방장원,15813,경기도 군포시 금산로 14 (금정동),031-453-5887
9150,경기(남),김포시,감리업,"일반(전기),일반(기계)",(주)극동이앤씨,김윤호,10109,경기도 김포시 봉화로 11 (사우동) 4층 402호,031-983-3721
9151,경기(남),부천시,감리업,전문,(주)건일엠이씨,남상윤,14548,"경기도 부천시 원미구 중동로254번길 64  (중동 신일아르디세 208,203호)",032-652-4059
9152,경기(남),부천시,감리업,"일반(전기),일반(기계)",경인소방이엔지,오수현,14441,"경기도 부천시 오정구 산업로7번길 31 , 2층 사무실 일부(오정동)",032-656-6119
9153,경기(남),부천시,감리업,전문,주식회사 서영티이씨,김미옥,14727,"경기도 부천시 중동로 36 , 4층 402호(송내동)",032-657-7855
9154,경기(남),부천시,감리업,"일반(전기),일반(기계)",(주)우림엔지니어링,안한섭,14612,"경기도 부천시 신흥로 93 , 303호(심곡동, 영우빌딩)",032-661-1313
9155,경기(남),부천시,감리업,"일반(전기),일반(기계)",지엔에스기술단,이강율,14517,"경기도 부천시 원미구 신흥로 337 , 3층(도당동, 도당빌딩)",032-657-1191
9156,경기(남),성남시,감리업,전문,벽산엔지니어링(주),김도영,13503,경기도 성남시 분당구 벌말로50번길 41 4층(야탑동),02-767-5645
9157,경기(남),성남시,감리업,전문,(주)신담엔지니어링,"최준호,김종열,김철규",13112,"경기도 성남시 수정구 복정로 97 , 5층(복정동)",02-414-7745
9158,경기(남),성남시,감리업,전문,(주)아이비엔지니어링,박흥순,13282,"경기도 성남시 수정구 수정로 219-1 , 4층(태평동)",02-497-2645
9159,경기(남),성남시,감리업,"일반(전기),일반(기계)",주식회사 원이엔씨,임형관,13647,"경기도 성남시 수정구 위례서일로 26 , 라크리움 제10층 제1009호(창곡동)",02-404-8976
9160,경기(남),성남시,감리업,전문,(주)한양기술단,조혜진,13486,"경기도 성남시 분당구 판교로227번길 6 , 825호(삼평동, 판교테크노밸리브릿지타워)",070-4107-7711
9161,경기(남),성남시,감리업,"일반(전기),일반(기계)",대도엔지니어링,김종욱,13363,"경기도 성남시 중원구 광명로 68 , 307호(성남동, 대신빌딩)",031-755-2143
9162,경기(남),성남시,감리업,전문,(주)해우엔지니어링건축사사무소,김지언,13112,"경기도 성남시 수정구 복정로 111 , 201호(복정동)",031-756-3383
9163,경기(남),성남시,감리업,전문,(주)케이디엔지니어링건축사사무소,서정식,13637,"경기도 성남시 분당구 구미로9번길 3-10 (구미동,글로리타워8층)",031-717-4860
9164,경기(남),성남시,감리업,전문,유원이앤에프(주),이광흠,13229,"경기도 성남시 중원구 둔촌대로 464 505호(상대원동,드림테크노)",031-737-6900
9165,경기(남),성남시,감리업,"일반(전기),일반(기계)",주식회사 고라이엔씨,장연순,13113,경기 성남시 수정구 복정동 642-7 단곡빌딩 3층,031-722-1660
9166,경기(남),성남시,감리업,전문,(주)하림기술단,이진구,13567,경기도 성남시 분당구 양현로166번길 15 (이매동) 장수빌딩 502호,031-703-7933
9167,경기(남),성남시,감리업,전문,(주)호성엔지니어링,이병희,13201,"경기도 성남시 중원구 갈마치로 302 , 제15층 제비-1507호(상대원동, 성남우림라이온스밸리5차)",031-733-9110
9168,경기(남),성남시,감리업,전문,주식회사 건축사사무소테크뱅크,"정진우,김용봉",13114,"경기도 성남시 수정구 복정로118번길 40 , 102호(복정동)",031-759-9697
9169,경기(남),성남시,감리업,전문,(주)구방엔지니어링건축사사무소,김용담,13439,"경기도 성남시 중원구 양현로405번길 5 , 제3층 308호(여수동, 신야탑푸르지오시티1)",031-721-2500
9170,경기(남),성남시,감리업,전문,주식회사 익스플래니트,"김혜진,이정숙",13636,"경기도 성남시 분당구 성남대로43번길 10 , 8층 804호(구미동, 하나이지타워)",031-222-9492
9171,경기(남),성남시,감리업,전문,(주)다온엔지니어링,박동준,13403,"경기도 성남시 중원구 둔촌대로 388 , 제10층 1011호(상대원동, 크란츠테크노)",031-733-1330
9172,경기(남),성남시,감리업,전문,(주)해우이엔지,이혜숙,13112,"경기도 성남시 수정구 복정로 85 , 201호(복정동)",031-751-1997
9173,경기(남),성남시,감리업,"일반(전기),일반(기계)",삼보기술,하정훈,13386,"경기도 성남시 중원구 제일로 20 , 3층 302호(하대원동)",031-608-4420
9174,경기(남),성남시,감리업,일반(전기),주식회사 프로텍타코리아,이상래,13218,"경기도 성남시 중원구 둔촌대로457번길 8 , 10층 1002호(상대원동, 성남산업단지관리공단)",031-741-4361
9175,경기(남),성남시,감리업,전문,주식회사 베스텍파트너스,"배인영,조미자",13557,"경기도 성남시 분당구 정자일로 177 , 비동2312호(정자동, 분당인텔리지2)",031-778-7367
9176,경기(남),수원시,감리업,전문,(주)진광건설엔지니어링,조영재,16299,경기도 수원시 장안구 경수대로 1016 (송죽동),031-246-3141
9177,경기(남),수원시,감리업,전문,(주)대경기술단,엄정일,16494,"경기도 수원시 팔달구 중부대로 177 , 1001호(우만동, 송림빌딩10층)",031-214-4949
9178,경기(남),수원시,감리업,"일반(전기),일반(기계)",(주)독도이앤씨,김동렬,16489,"경기도 수원시 팔달구 인계로94번길 21  3층(인계동,수일빌딩) ",031-239-7119
9179,경기(남),수원시,감리업,전문,(주)우보엔지니어링,홍승국,16481,"경기도 수원시 팔달구 장다리로 252 , 2층(인계동)",031-234-7872
9180,경기(남),수원시,감리업,"일반(전기),일반(기계)",(주)동명기술단,권기준,16579,경기도 수원시 권선구 장다리로 37  (세류동) ,031-232-7747
9181,경기(남),수원시,감리업,전문,(주)대명기술단,한동수,16489,"경기도 수원시 팔달구 인계로 140 6층(인계동, 시안프라자)",031-223-1943
9182,경기(남),수원시,감리업,전문,(주)수양엔지니어링,"박상일,김은배",16685,경기도 수원시 영통구 태장로7번길 6-1 (망포동 쌍용3차상가2동2층),031-273-4818
9183,경기(남),수원시,감리업,"일반(전기),일반(기계)",(주)대영테크,최주식,16675,"경기도 수원시 영통구 신원로 290 , 102동 306호(원천동, 글로벌)",031-213-6119
9184,경기(남),수원시,감리업,전문,(주)한국전기설계감리기술단,"조원식,박재헌",16487,"경기도 수원시 팔달구 권광로 275-7 , 3층(인계동)",02-3012-2600
9185,경기(남),수원시,감리업,"일반(전기),일반(기계)",그린엔지니어링,유영수,16575,"경기도 수원시 권선구 세권로43번길 26-6 , 1층 128호(세류동, 수원권선 어울림)",031-232-0119
9186,경기(남),수원시,감리업,"일반(전기),일반(기계)",명성소방이엔지(주),안명렬,16562,"경기도 수원시 권선구 동수원로285번길 14-9 , 102호(권선동)",031-8003-2117
9187,경기(남),수원시,감리업,"일반(전기),일반(기계)",우송이앤지,송진호,16677,"경기도 수원시 영통구 신원로 55 , 803호(신동, 테크트리 영통 지식산업센터)",031-222-0130
9188,경기(남),수원시,감리업,전문,주식회사 해원기술단,이승호,16679,"경기도 수원시 영통구 영통로 237 , 508호(신동, 에이스하이엔드타워)",070-4760-9100
9189,경기(남),수원시,감리업,"일반(전기),일반(기계)",재이기술단,정경훈,16314,"경기도 수원시 장안구 수성로261번길 16 , 310호(정자동)",031-318-9110
9190,경기(남),수원시,감리업,"일반(전기),일반(기계)",주식회사 아인인트로,전은서,16580,"경기도 수원시 권선구 경수대로 301 , 성림빌딩 5층(세류동)",031-217-8682
9191,경기(남),수원시,감리업,전문,(주)정찬기술단,"김준곤,이효빈",16490,"경기도 수원시 팔달구 효원로235번길 46-9 , 4층(인계동)",031-8058-4749
9192,경기(남),시흥시,감리업,"일반(전기),일반(기계)",(주)동광씨앤에스,김경식,15079,"경기도 시흥시 마유로 226 , 비동 412호(정왕동, 파인힐)",031-316-7119
9193,경기(남),시흥시,감리업,전문,주식회사 광명엔지니어링건축사사무소,허태섭,14998,"경기도 시흥시 새재로 3 , 119호,120호, 121호, 122호, 123호(장현동, 장현2엔플러스빌)",031-317-3411
9194,경기(남),시흥시,감리업,전문,나우씨아이 주식회사,나백훈,15119,"경기도 시흥시 거북섬중앙로 1 , 3동 119호(정왕동, 시화엠티브이 보니타가)",031-506-6110
9195,경기(남),안산시,감리업,전문,(주)한국안전기술단,김용만,15461,"경기도 안산시 단원구 광덕4로 148 , 비동 302호(고잔동,트윈빌딩)",031-483-0287
9196,경기(남),안산시,감리업,전문,(주)경문기술단,이용기,15431,"경기도 안산시 단원구 풍전로 37-9 , 309동 210호(원곡동,트리플렉스)",031-417-6119
9197,경기(남),안산시,감리업,"일반(전기),일반(기계)",삼성엔지니어링(주),신현일,15431,"경기도 안산시 단원구 풍전로 37-9 , 312동 210호(원곡동, 트리플렉스)",031-493-3318
9198,경기(남),안산시,감리업,"일반(전기),일반(기계)",이안엔지니어링,김미애,15433,"경기도 안산시 단원구 동산로 63 , 360호(원시동)",031-401-0122
9199,경기(남),안산시,감리업,"일반(전기),일반(기계)",엘림방재,유성호,15541,"경기도 안산시 상록구 샘골로 136 , 2층 204-906호(본오동, 우남빌딩)",070-7527-9347
9200,경기(남),안성시,감리업,"일반(전기),일반(기계)",주식회사 이도이엔씨,박태민,17560,"경기도 안성시 공도읍 공도로 151 , 201호(한일아파트상가)",031-652-2541
9201,경기(남),안양시,감리업,전문,(주)영설계엔지니어링,"하상만,안형국",14056,"경기도 안양시 동안구 학의로 282 , 1520호(관양동, 금강펜테리움)",031-784-0207
9202,경기(남),안양시,감리업,"일반(전기),일반(기계)",(주)경기방재소방공사,이현태,14042,"경기도 안양시 동안구 전파로 88 505호(호계동,신원비젼타워)",031-478-8900
9203,경기(남),안양시,감리업,"일반(전기),일반(기계)",(주)이산,"이원찬,이현상,하수용,한광두",14066,경기도 안양시 동안구 부림로 121 (관양동) 7층,031-389-0114
9204,경기(남),안양시,감리업,전문,(주)유신건축종합건축사사무소,"김지덕,김우영",14072,경기도 안양시 동안구 평촌대로227번길 48 (호계동) 6층,031-381-2182
9205,경기(남),안양시,감리업,전문,(주)행림종합건축사사무소,"이용호,박철홍,한규철",13943,경기도 안양시 동안구 흥안대로 516 (관양동),02-526-8000
9206,경기(남),안양시,감리업,"일반(전기),일반(기계)",(주)도심엔지니어링종합건축사사무소,김왕선,14067,"경기도 안양시 동안구 평촌대로212번길 55 , 4층(관양동, 대고빌딩)",031-423-4889
9207,경기(남),안양시,감리업,전문,(주)선우엔지니어링,김계식,14059,"경기도 안양시 동안구 흥안대로 415 , 426호(평촌동, 두산벤처다임)",031-257-4609
9208,경기(남),안양시,감리업,"일반(전기),일반(기계)",(주)건화,"황규영,김문석,홍경표",14059,경기도 안양시 동안구 흥안대로427번길 38 (관양동) 7층,02-6938-7114
9209,경기(남),안양시,감리업,전문,(주)한길엔지니어링,김대석,14117,"경기도 안양시 동안구 엘에스로 76 , 6층 631, 632호(호계동, 디오밸리)",031-442-2299
9210,경기(남),안양시,감리업,전문,(주)경민엔지니어링,김백수,14057,"경기도 안양시 동안구 벌말로 126 , 502호(관양동, 평촌오비즈타워)",031-422-7740
9211,경기(남),안양시,감리업,"일반(전기),일반(기계)",(주)엘에이치방재,"임성훈,함재영",14084,"경기도 안양시 만안구 덕천로152번길 25 , 비동 821호,822호,823호,824호(안양동, 안양아이에스비즈타워센트럴)",031-458-1119
9212,경기(남),안양시,감리업,전문,세원엔지니어링(주),"박종성,정성근",14035,"경기도 안양시 만안구 문예로 50 2층(안양동, 한림시티빌)",031-429-2643
9213,경기(남),안양시,감리업,전문,(주)자람앤수엔지니어링,오대영,14119,"경기도 안양시 동안구 엘에스로91번길 16-39 , 803호(호계동, 안양아이티밸리)",031-343-0110
9214,경기(남),안양시,감리업,전문,(주)정연엔지니어링,박학용,14059,"경기도 안양시 동안구 흥안대로 415 , 1115호, 1116호(평촌동, 두산벤처다임)",031-456-9666
9215,경기(남),안양시,감리업,전문,(주)영설계에프엔씨,안형국,14056,"경기도 안양시 동안구 학의로 282 , 15층 1521호(관양동, 금강펜테리움아이티타워)",031-784-0207
9216,경기(남),안양시,감리업,전문,(주)에스비이엔씨,이수복,14118,"경기도 안양시 동안구 엘에스로 122 , 505호(호계동, 호계데시앙플렉스)",02-3486-6691
9217,경기(남),안양시,감리업,전문,주식회사 갑인엔지니어링,정길영,14059,"경기도 안양시 동안구 흥안대로427번길 47 , 701호(관양동, 인덕원엘디씨비즈타워)",031-251-5032
9218,경기(남),안양시,감리업,"일반(전기),일반(기계)",건일엔지니어링(주),류성호,13951,"경기도 안양시 동안구 관악대로 488 , 415호(관양동, 창덕에버빌)",031-426-9597
9219,경기(남),안양시,감리업,"일반(전기),일반(기계)",엠케이청효 주식회사,"문형력,문영례",14057,"경기도 안양시 동안구 시민대로 401 , 808호(관양동, 대륭테크노타운15차)",031-476-7114
9220,경기(남),안양시,감리업,"일반(전기),일반(기계)",주식회사 퍼스트기술단,"유석봉,조은주",14057,"경기도 안양시 동안구 시민대로 383 , 비동 901호(관양동, 디지털엠파이어)",070-4154-5790
9221,경기(남),안양시,감리업,전문,(주)금정이엔씨,이승현,14118,"경기도 안양시 동안구 엘에스로 122 , 1024호(호계동, 호계데시앙플렉스)",031-388-2566
9222,경기(남),안양시,감리업,"일반(전기),일반(기계)",(주)조은엔지니어링,신양식,14059,"경기도 안양시 동안구 흥안대로427번길 16 , 2층 216호(관양동, 평촌디지털엠파이어)",031-422-7640
9223,경기(남),안양시,감리업,전문,주식회사 주신엔지니어링,신지호,14059,"경기도 안양시 동안구 흥안대로427번길 16 , 216호(관양동, 평촌디지털엠파이어)",031-422-7642
9224,경기(남),안양시,감리업,전문,(주)나로이엔씨,위명희,14056,"경기도 안양시 동안구 학의로 250 , 관양두산벤처다임 807호(관양동)",070-4169-8895
9225,경기(남),안양시,감리업,전문,(주)해밀엔지니어링종합건설,"김종욱,김진옥",14086,"경기도 안양시 만안구 전파로 26 , 제4층제404호(안양동, 유천팩토피아프라자)",031-683-4255
9226,경기(남),안양시,감리업,"일반(전기),일반(기계)",신한국방재기술 주식회사,이묘실,14057,"경기도 안양시 동안구 시민대로 401 , 2105호(관양동, 대륭테크노타운15차)",031-384-1541
9227,경기(남),안양시,감리업,"일반(전기),일반(기계)",주식회사 다경이엔씨건축사사무소,선명숙,14057,"경기도 안양시 동안구 벌말로 126 , 20층2008호(관양동, 평촌오비즈타워)",031-8045-9923
9228,경기(남),안양시,감리업,"일반(전기),일반(기계)",(주)유일엔지니어링 종합건축사사무소,김환성,14055,"경기도 안양시 동안구 시민대로 317 , 9층(관양동, 대한스마트타워)",02-2149-3333
9229,경기(남),안양시,감리업,"일반(전기),일반(기계)",(주)라온엔지니어링건축사사무소,김기동,13943,"경기도 안양시 동안구 흥안대로 516 , 4층 403호(관양동, 멤피스타워)",031-426-8501
9230,경기(남),오산시,감리업,"일반(전기),일반(기계)",(주)이림엔지니어링,이선주,18114,"경기도 오산시 내삼미로79번길 19 , 201호(수청동, 광장프라자)",031-375-2735
9231,경기(남),오산시,감리업,전문,(주)선진전력기술단,유해만,18143,경기도 오산시 남부대로 313 (원동),031-373-9815
9232,경기(남),오산시,감리업,"일반(전기),일반(기계)",(주)하나전력기술단,오봉원,18143,경기도 오산시 남부대로 313 (원동),031-373-9815
9233,경기(남),오산시,감리업,"일반(전기),일반(기계)",중앙이엔에프(주),"김영자,김희태",18136,"경기도 오산시 오산로 270 , 1층(오산동)",031-375-5500
9234,경기(남),오산시,감리업,"일반(전기),일반(기계)",하랑엔지니어링 주식회사,김인수,18115,"경기도 오산시 오산로368번길 24 , 지하1층(궐동)",031-8077-9635
9235,경기(남),용인시,감리업,전문,(주)유원건축사사무소,김선필,17047,경기도 용인시 처인구 중부대로 1315  (역북동) ,031-336-7802
9236,경기(남),용인시,감리업,"일반(전기),일반(기계)",(주)아키덤엔지니어링,김지원,16832,"경기도 용인시 수지구 풍덕천로 183 , 5층 503호(풍덕천동)",031-263-2646
9237,경기(남),용인시,감리업,"일반(전기),일반(기계)",(주)제이유엔기술단,나준혁,16972,경기도 용인시 기흥구 관곡로 92 (구갈동) 505호,031-281-0789
9238,경기(남),용인시,감리업,"일반(전기),일반(기계)",(주)엠알솔루텍,정명옥,17030,경기도 용인시 처인구 포곡읍 금어로 311 (),02-401-2970
9239,경기(남),용인시,감리업,"일반(전기),일반(기계)",세종소방감리,김석우,17041,"경기도 용인시 처인구 백옥대로 1420 , 106호(유방동)",031-321-2888
9240,경기(남),용인시,감리업,전문,해성종합기술 주식회사,공민성,17022,경기도 용인시 처인구 포곡읍 선장1로 59 .,031-336-7378
9241,경기(남),용인시,감리업,전문,주식회사 하나이엔지,김영기,17039,"경기도 용인시 처인구 양지면 한금로 8 , 하나빌딩",031-339-5828
9242,경기(남),용인시,감리업,전문,주식회사 신화제이비,최창윤,16827,"경기도 용인시 수지구 신수로 767 , 비동 2606호(동천동, 분당수지 유-타워)",031-299-2275
9243,경기(남),용인시,감리업,전문,(주)건축사사무소광장,신만석,16898,"경기도 용인시 기흥구 죽전로 39 , 707호(보정동, 에스제이타워)",031-898-3534
9244,경기(남),용인시,감리업,"일반(전기),일반(기계)",주식회사 이제이엔지니어링,"김진우,김정익",17033,"경기도 용인시 처인구 모현읍 외개일로 91-13 , 1층",070-7777-6372
9245,경기(남),용인시,감리업,전문,미래이앤씨,김정훈,16977,"경기도 용인시 기흥구 강남서로 9 , 812호(구갈동, 아카데미프라자)",070-4524-0432
9246,경기(남),용인시,감리업,"일반(전기),일반(기계)",(주)부성씨엠,김선옥,16914,"경기도 용인시 기흥구 구성로 357 , 디동 507호(청덕동, 용인테크노밸리지식산업센터)",070-4820-2834
9247,경기(남),용인시,감리업,"일반(전기),일반(기계)",(주)조은엔지니어링,지영은,17095,"경기도 용인시 기흥구 중부대로 184 , 에이동 308호(영덕동, 힉스유타워)",031-281-0237
9248,경기(남),평택시,감리업,"일반(전기),일반(기계)",대성이엔에프(주),김태성,17703,"경기도 평택시 서탄면 발안로 1212 , 2층203-2호",031-378-0222
9249,경기(남),평택시,감리업,전문,주식회사 성우엔지니어링,민원기,17852,"경기도 평택시 평남로 933 , 701호, 702호, 703호, 704호(비전동, 태성빌딩)",031-657-7184
9250,경기(남),평택시,감리업,전문,주식회사 인우이엔씨,장영준,17915,"경기도 평택시 조개터로6번길 31-17 , 2층(합정동)",031-651-6927
9251,경기(남),평택시,감리업,"일반(전기),일반(기계)",(주)백향엔지니어링,유재국,17898,경기도 평택시 평택4로 71 (비전동),031-658-8082
9252,경기(남),평택시,감리업,"일반(전기),일반(기계)",제이에스엔지니어링,이재석,17714,경기도 평택시 진위면 동부대로 41 107동 202호(한승아파트상가),031-667-3455
9253,경기(남),평택시,감리업,"일반(전기),일반(기계)",삼우소방이엔지,김대현,17728,경기도 평택시 지산로 226 (지산동),031-668-8063
9254,경기(남),평택시,감리업,"일반(전기),일반(기계)",중앙이엔지 주식회사,김석태,17704,경기도 평택시 서탄면 수월암1길 155 .,031-373-7755
9255,경기(남),평택시,감리업,"일반(전기),일반(기계)",성우씨엔이,곽종성,17851,"경기도 평택시 비전2로 79 , 601호(비전동)",031-654-3599
9256,경기(남),평택시,감리업,전문,제이비엔지니어링 주식회사,전종배,18014,"경기도 평택시 고덕중앙로 290 , 제255호(어염리, 에이스퍼스트고덕)",070-4035-1097
9257,경기(남),평택시,감리업,전문,주식회사 건창엔지니어링,김은애,17923,"경기도 평택시 화촌2길 7-14 , 1층(통복동, 제2동)",070-4496-3054
9258,경기(남),하남시,감리업,전문,(주)동도이엔씨,이종화,12918,"경기도 하남시 조정대로 45 ,  8층 에프853호(풍산동, 미사센텀비즈)",02-417-2164
9259,경기(남),하남시,감리업,전문,(주)태영이엠씨,"정현식,오전석",12918,"경기도 하남시 조정대로 45 , 626호 627호(풍산동, 미사센텀비즈)",070-7835-2114
9260,경기(남),하남시,감리업,전문,선인기술단(주),"임종율,이진성",12982,"경기도 하남시 하남대로 947 , 비동1309호(풍산동, 하남테크로벨리유원센터)",031-233-5102
9261,경기(남),하남시,감리업,전문,주식회사 지에이치이앤에이,"최성규,박지홍",12925,"경기도 하남시 미사대로 520 , 현대지식산업센터 한강미사 2차-25블럭 제5층 제씨에이 05-008호,009호(덕풍동)",031-794-8119
9262,경기(남),하남시,감리업,일반(전기),(주)화신파워텍,"원종위,김병한",12930,"경기도 하남시 조정대로 150 , 868호(덕풍동, 아이테코)",031-795-1901
9263,경기(남),하남시,감리업,"일반(전기),일반(기계)",(주)대진소방이엔씨,곽정열,12918,"경기도 하남시 조정대로 35 , 1층 에프109호(풍산동, 미사하우스디엘타워)",031-795-8119
9264,경기(남),하남시,감리업,"일반(전기),일반(기계)",에이스에프엔씨,안홍주,12925,"경기도 하남시 미사대로 510 , 3층 317호(덕풍동, 한강미사 아이에스비즈)",031-8028-4318
9265,경기(남),하남시,감리업,전문,(주)라인엔지니어링,이동진,12925,"경기도 하남시 미사대로 520 , 디동 901호,902호(덕풍동, 현대지식산업센터 한강미사2차)",031-8018-4819
9266,경기(남),화성시,감리업,"일반(전기),일반(기계)",(주)세종엔지니어링,표용만,18392,경기도 화성시 병점동로164번길 35  (진안동),031-221-6758
9267,경기(남),화성시,감리업,전문,(주)동진,안진섭,18595,경기도 화성시 향남읍 제암고주로 5 203호,031-223-1391
9268,경기(남),화성시,감리업,전문,(주)도솔방재,김환연,18587,경기도 화성시 향남읍 삼천병마로 281-15  205(상가동) ,031-353-2793
9269,경기(남),화성시,감리업,"일반(전기),일반(기계)",우리소방이엔지,김주철,18469,"경기도 화성시 동탄기흥로 590 , B동 525호(영천동, 동탄센트럴에이스타워)",031-8043-1096
9270,경기(남),화성시,감리업,"일반(전기),일반(기계)",(주)종우앤종우소방기술단,허동필,18282,"경기도 화성시 비봉면 남이로 221 ,",031-438-6517
9271,경기(남),화성시,감리업,"일반(전기),일반(기계)",(주)대한이앤에프,"박수진,이은경",18405,"경기도 화성시 효행로 1068 , 801호(병점동, 리더스프라자)",070-4403-3119
9272,경기(남),화성시,감리업,"일반(전기),일반(기계)",주식회사 동명기술공단종합건축사사무소,신완수,18459,"경기도 화성시 노작로4길 8 , 4층(반송동, 성원프라자)",02-6211-7153
9273,경기(남),화성시,감리업,전문,상기이엔지(주),김관태,18455,"경기도 화성시 메타폴리스로 42 , 601호(반송동, 디앤씨빌딩)",031-613-8320
9274,경기(남),화성시,감리업,"일반(전기),일반(기계)",주식회사 대청엔지니어링,김현미,18469,"경기도 화성시 동탄기흥로 590 , 비동 412호(영천동, 동탄센트럴에이스타워)",070-8845-0520
9275,경기(남),화성시,감리업,전문,주식회사 에스이엔씨,전상규,18422,"경기도 화성시 여울로3길 22 , 4층(능동)",031-302-7779
9276,경기(남),화성시,감리업,"일반(전기),일반(기계)",주식회사 서원이엔씨,유화성,18469,"경기도 화성시 동탄첨단산업1로 58 , 908호(영천동, 퍼스트코리아)",02-2039-9540
9277,경기(남),화성시,감리업,"일반(전기),일반(기계)",주식회사 소방인,인대환,18325,경기도 화성시 효행로614번길 46-5 (안녕동),031-222-5119
9278,경기(남),화성시,감리업,전문,엠에스이엔지,김미영,18326,"경기도 화성시 세자로442번길 32 , 2층(안녕동)",031-374-6548
9279,경기(남),화성시,감리업,"일반(전기),일반(기계)",(주)진주엠이씨,김기덕,18528,"경기도 화성시 팔탄면 시청로 971 , 2층 202호",031-354-1718
9280,경기(북),가평군,감리업,"일반(전기),일반(기계)",태왕씨엠 주식회사,안나현,12417,"경기도 가평군 가평읍 광장로22번길 36 , 1층 102호",031-233-5102
9281,경기(북),고양시,감리업,"일반(전기),일반(기계)",(주)광원,"이승돈,조동호",10404,"경기도 고양시 일산동구 중앙로 1322  1609호(정발산동,일산현대아이스페이스)",031-919-6422
9282,경기(북),고양시,감리업,"일반(전기),일반(기계)",태화소방이앤지,송재남,10540,경기도 고양시 덕양구 화랑로 38-1 (화전동),02-3152-0119
9283,경기(북),고양시,감리업,전문,(주)명광엔지니어링건축사사무소,진교삼,10585,"경기도 고양시 덕양구 안진2길 4 (지축동, 명광빌딩)",031-968-2377
9284,경기(북),고양시,감리업,전문,동양종합엔지니어링 주식회사,"김대성,김세련,김용순,최준오",10364,"경기도 고양시 일산동구 무궁화로 7-45 , 13층 1340호(장항동, 양우로데오시티플러스)",070-8285-5254
9285,경기(북),고양시,감리업,"일반(전기),일반(기계)",(주)지엠이엠씨,강원구,10449,경기도 고양시 일산동구 호수로 358-25 822호(백석동),031-938-0999
9286,경기(북),고양시,감리업,전문,(주)서광이에프,조재경,10503,"경기도 고양시 덕양구 중앙로 628 , 506호(화정동, 예일프라자)",031-966-8119
9287,경기(북),고양시,감리업,"일반(전기),일반(기계)",(주)선진기술단,천경일,10381,경기도 고양시 일산서구 중앙로 1568 (대화동) 하성프라자 705호,031-925-0445
9288,경기(북),고양시,감리업,전문,주식회사 인곡엔지니어링,김성식,10380,"경기도 고양시 일산서구 중앙로 1542 , 411-3호(대화동, 신동아노블타워)",02-2203-3937
9289,경기(북),고양시,감리업,전문,(주)지엠엔지니어링,최영미,10496,"경기도 고양시 덕양구 화정로 29 , 제상가2동 308호(화정동)",031-966-1634
9290,경기(북),고양시,감리업,"일반(전기),일반(기계)",대안엔지니어링,이찬복,10446,"경기도 고양시 일산동구 강송로73번길 26-10 , B01호 (백석동)",031-932-7641
9291,경기(북),고양시,감리업,전문,대현종합기술 주식회사,박대희,10459,"경기도 고양시 덕양구 원당로 83 , 208호(주교동)",02-371-1173
9292,경기(북),고양시,감리업,전문,(주)하나종합테크,김대홍,10477,"경기도 고양시 덕양구 은빛로 53 , 303호(화정동, 코스미온빌)",031-994-0530
9293,경기(북),고양시,감리업,"일반(전기),일반(기계)",해치아이,노연선,10497,"경기도 고양시 덕양구 화중로104번길 28 , 9층 910호 중 J06호(화정동, 화정씨네마플러스)",031-968-7871
9294,경기(북),고양시,감리업,전문,주식회사 더나은엔지니어링,조재경,10503,"경기도 고양시 덕양구 중앙로 628 ,  506호(화정동, 예일프라자)",031-971-1119
9295,경기(북),고양시,감리업,"일반(전기),일반(기계)",세화이엔지,이청명,10575,"경기도 고양시 덕양구 삼막3길 5 , 6층 638호(오금동, 고양삼송 한강듀클래스)",02-385-0025
9296,경기(북),고양시,감리업,전문,에너지엑스 주식회사,"박성현,홍두화",10546,"경기도 고양시 덕양구 향기로 152 , 5층(향동동, 에너지엑스 디와이빌딩)",02-554-9114
9297,경기(북),고양시,감리업,"일반(전기),일반(기계)",원소방,이금복,10592,"경기도 고양시 덕양구 삼송로 222 , 101동 321호 (업무동)(삼송동,삼송역 현대 헤리엇)",070-8285-1158
9298,경기(북),구리시,감리업,전문,(주)경호엔지니어링종합건축사사무소,"조영수,강예석",11940,경기도 구리시 체육관로74번길 41 (수택동),031-553-0040
9299,경기(북),구리시,감리업,전문,(주)하일기술단,김일천,11901,"경기도 구리시 갈매순환로 154 , 제9층 제에이925호(갈매동, 현대테라타워구리갈매)",031-511-9260
9300,경기(북),남양주시,감리업,전문,주식회사 상송엔지니어링건축사사무소,황장석,12154,경기도 남양주시 호평로68번길 38-76 (호평동) 201호,031-511-7793
9301,경기(북),남양주시,감리업,전문,(주)한결,조은정,12217,"경기도 남양주시 경춘로 1245-53 , 3층(평내동)",031-511-7790
9302,경기(북),남양주시,감리업,"일반(전기),일반(기계)",유영ENG,김길환,12096,"경기도 남양주시 순화궁로 418 , 제1동 제9층 제비9-0010호 (별내동, 현대그리너리캠퍼스 주건축물)",
9303,경기(북),남양주시,감리업,"일반(전기),일반(기계)",가람소방,윤여훈,472-863,"경기도 남양주시 진접읍 연평리 428-1, 1층",070-8848-9191
9304,경기(북),남양주시,감리업,"일반(전기),일반(기계)",(주)원소방플랜,김종섭,12224,"경기도 남양주시 평내로20번길 8 , 103호 (평내동)",031-592-9917
9305,경기(북),남양주시,감리업,"일반(전기),일반(기계)",다원 F&F,윤혁준,12248,"경기도 남양주시 다산중앙로19번길 17 , 8층 F819호(다산동, 다산진건블루웨일 지식산업센터 1차)",031-556-7170
9306,경기(북),남양주시,감리업,전문,주식회사 선이엔지,정상곤,12106,"경기도 남양주시 순화궁로 272 , 1104호 1105호(별내동, 동광비즈타워별내제1동)",031-510-6321
9307,경기(북),남양주시,감리업,전문,주식회사 에스엠기술단,최상문,12248,"경기도 남양주시 다산중앙로145번길 15 , 8층 802-71호(다산동, 신해센트럴타워 2차)",031-523-3027
9308,경기(북),남양주시,감리업,전문,주식회사 다산이테크이엔지,이윤정,12167,경기도 남양주시 화도읍 맷돌로 18 .,031-511-6644
9309,경기(북),양주시,감리업,"일반(전기),일반(기계)",(주)신우전기엔지니어링,"고전주,이기철",11501,경기도 양주시 외미로 16 (남방동),031-840-8094
9310,경기(북),양주시,감리업,"일반(전기),일반(기계)",경림소방이.앤.씨,노창수,11498,경기도 양주시 부흥로 1534-1 (남방동),031-840-1190
9311,경기(북),양주시,감리업,"일반(전기),일반(기계)",주식회사 새서울이앤지,김선범,11497,경기도 양주시 평화로 1279 (산북동),031-840-8282
9312,경기(북),의정부시,감리업,전문,(주)케이제이엔지니어링,서주희,11775,"경기도 의정부시 청사로5번길 8-17 , 505호(신곡동, 센타프라자)",031-871-1905
9313,경기(북),의정부시,감리업,전문,(주)케이제이종합엔지니어링,송주봉,11775,경기도 의정부시 청사로5번길 8-17 (신곡동) 금오센타프라자 504호,031-871-1907
9314,경기(북),의정부시,감리업,"일반(전기),일반(기계)",제일소방엔지니어링,최용복,11813,"경기도 의정부시 천보로 14 , 2층 2049호(민락동, 민락송학글래드스톤앤그레이스모나코)",031-837-9111
9315,경기(북),의정부시,감리업,"일반(전기),일반(기계)",건화방재감리단,안기조,11650,경기도 의정부시 둔야로 20 (의정부동) 중앙오피스텔 403호,031-874-0233
9316,경기(북),의정부시,감리업,전문,(주)케이지엔지니어링종합건축사사무소,천병희,11625,경기도 의정부시 의정로 20 (의정부동),031-828-1114
9317,경기(북),의정부시,감리업,"일반(전기),일반(기계)",주식회사 화이온방재,나양분,11772,"경기도 의정부시 부용로213번길 37-11 , 1호 (신곡동)",031-841-1119
9318,경기(북),의정부시,감리업,"일반(전기),일반(기계)",한북기술단,정동호,11673,"경기도 의정부시 시민로19번길 10 , 3층(의정부동)",031-873-8212
9319,경기(북),의정부시,감리업,전문,(주)케이제이종합감리,송광현,11775,"경기도 의정부시 청사로5번길 8-17 , 506호(신곡동, 센타프라자)",031-871-1908
9320,경기(북),의정부시,감리업,"일반(전기),일반(기계)",주식회사 한국전력전문기술,천미애,11801,"경기도 의정부시 문충로 74 , 비동 523호(고산동, 고산듀클래스)",070-8666-3445
9321,경기(북),파주시,감리업,전문,(주)이레소방엔지니어링,황환성,10915,"경기도 파주시 금빛로 15 , 908호(금촌동, 미라클프라자)",031-935-5711
9322,경기(북),파주시,감리업,"일반(전기),일반(기계)",아인엔지니어링,"백숙연,박주병",10939,"경기도 파주시 조리읍 통일로 153 , 103동 2401호(송촌토파즈아파트)",031-943-3509
9323,경기(북),포천시,감리업,"일반(전기),일반(기계)",일오삼,한종수,11184,"경기도 포천시 소흘읍 호국로287번길 9-53 , 202호",031-595-1530
9324,강원,강릉시,감리업,"일반(전기),일반(기계)",다감이엔지,김민석,25506,"강원특별자치도 강릉시 화부산로 23 , 3층(교동)",033-646-4119
9325,강원,강릉시,감리업,"일반(전기),일반(기계)",신호ENG,최창순,25506,강원특별자치도 강릉시 강릉대로 123 3층 (교동),033-642-5956
9326,강원,강릉시,감리업,"일반(전기),일반(기계)",금양테크 주식회사,김종철,25480,"강원특별자치도 강릉시 보래미하길 81 , 2층(포남동)",033-651-2010
9327,강원,강릉시,감리업,"일반(전기),일반(기계)",주식회사 삼우,안준교,25570,강원특별자치도 강릉시 경강로 2292 (포남동),033-652-8119
9328,강원,강릉시,감리업,"일반(전기),일반(기계)",이원방재시스템,이종원,25547,강원특별자치도 강릉시 성덕포남로153번길 15 (포남동),
9329,강원,강릉시,감리업,전문,(주)대주기술,주영석,25477,"강원특별자치도 강릉시 가작로 275 ,(포남동)",033-652-3526
9330,강원,강릉시,감리업,"일반(전기),일반(기계)",(주)강원기계설비,정은하,25488,"강원특별자치도 강릉시 가작로 270 , 4층(포남동)",031-316-7119
9331,강원,강릉시,감리업,"일반(전기),일반(기계)",태광에프에스,최종태,25473,강원특별자치도 강릉시 성곡고양길5번안길 29 (교동),
9332,강원,강릉시,감리업,"일반(전기),일반(기계)",주식회사 이엘이엔지,신승우,25567,"강원특별자치도 강릉시 하평2길 6 , 상가동 302호 303호(포남동, 청송아파트)",033-651-2128
9333,강원,동해시,감리업,전문,주식회사 건축사사무소건일종합기술,박병욱,25777,"강원특별자치도 동해시 감추4길 42 ,2층(천곡동, 태영빌딩)",032-652-4059
9334,강원,동해시,감리업,전문,한일이엔지 주식회사,조대호,25771,강원특별자치도 동해시 동굴3길 19-6 (천곡동),033-532-0976
9335,강원,삼척시,감리업,전문,(주)한일엔지니어링,김순희,25918,강원특별자치도 삼척시 원당로 7-16  (원당동),033-572-8544
9336,강원,속초시,감리업,"일반(전기),일반(기계)",주식회사 탑설계감리사무소,김주원,24853,"강원특별자치도 속초시 동해대로 4236 ,1310호(교동,아남프라자)",033-638-1278
9337,강원,원주시,감리업,전문,(주)한성기술단,오상구,26431,강원특별자치도 원주시 감영길 4 (원동),033-764-6982
9338,강원,원주시,감리업,"일반(전기),일반(기계)",조은엔지니어링(주),주현철,26314,"강원특별자치도 원주시 가치래미길 39 , 조은빌딩 2층(가현동)",033-735-6119
9339,강원,원주시,감리업,"일반(전기),일반(기계)",라온이엔지,김기두,26460,"강원특별자치도 원주시 입춘로 45 , B동 1011호(반곡동, 엔터비즈타워)",033-733-2375
9340,강원,원주시,감리업,전문,선인엔지니어링,이수영,26417,"강원특별자치도 원주시 동진골1길 9-2 ,(학성동)",033-742-0022
9341,강원,원주시,감리업,"일반(전기),일반(기계)",(주)한길이엔지,고남섭,26469,강원특별자치도 원주시 치악고교길 19 (관설동),033-763-3194
9342,강원,원주시,감리업,"일반(전기),일반(기계)",주식회사 극동전력에프엠,양창훈,26451,강원특별자치도 원주시 늘품로 158-1 (단구동),033-766-6337
9343,강원,원주시,감리업,"일반(전기),일반(기계)",(주)세명엔지니어링,임진근,26316,강원특별자치도 원주시 북원로2738번길 9 (태장동),033-746-1239
9344,강원,원주시,감리업,전문,주식회사 한성테크,김정미,26460,"강원특별자치도 원주시 입춘로 45 ,제6층 제씨619호(반곡동, 엔터비즈타워)",033-745-3365
9345,강원,원주시,감리업,"일반(전기),일반(기계)",(주)세명기술단,이영자,26316,강원특별자치도 원주시 북원로2738번길 9 (태장동),033-744-1239
9346,강원,원주시,감리업,"일반(전기),일반(기계)",(주)이강이앤씨,강성현,26454,"강원특별자치도 원주시 동부순환로 325 , 2층(행구동)",033-744-7678
9347,강원,춘천시,감리업,"일반(전기),일반(기계)",전기기술사사무소 강원기술단,"민대식,민은미,한창석",24456,강원특별자치도 춘천시 칠전동길 33 (칠전동) ,033-263-2097
9348,강원,춘천시,감리업,전문,(주)광장,진현미,24345,강원특별자치도 춘천시 공지로 178 (석사동),033-263-0489
9349,강원,춘천시,감리업,"일반(전기),일반(기계)",전기기술사사무소 예강ENG,박정일,24212,강원특별자치도 춘천시 동면 금베이길 54 .,033-255-3254
9350,강원,춘천시,감리업,"일반(전기),일반(기계)",(주)기술사사무소고려기술단,김동조,24411,강원특별자치도 춘천시 신동면 모오리길 62 .,033-254-4144
9351,강원,춘천시,감리업,"일반(전기),일반(기계)",(주)엘피스,함종철,24455,강원특별자치도 춘천시 국사봉길 106 (퇴계동),033-241-7782
9352,강원,춘천시,감리업,"일반(전기),일반(기계)",원전기설계사무소,원천희,24307,"강원특별자치도 춘천시 세실로 196 , 2층 (후평동)",033-254-1720
9353,강원,춘천시,감리업,"일반(전기),일반(기계)",주식회사 사조기술단,"박민영,하연호",24407,"강원특별자치도 춘천시 동내면 장안길 23-9 ,",033-254-2991
9354,강원,춘천시,감리업,"일반(전기),일반(기계)",브이텍,권영희,24296,"강원특별자치도 춘천시 동광길 6 , 2층(후평동)",033-241-7782
9355,강원,춘천시,감리업,"일반(전기),일반(기계)",주식회사 오성이엔씨,김남수,24408,강원특별자치도 춘천시 동내면 학곡서길 10 .,033-261-0204
9356,강원,춘천시,감리업,"일반(전기),일반(기계)",가람이엔지 주식회사,이상진,24211,"강원특별자치도 춘천시 동면 가산로 58-27 ,",033-261-5303
9357,강원,춘천시,감리업,전문,(주)산이앤씨건축사사무소,"한광호,민춘기",24275,강원특별자치도 춘천시 중앙로134번길 12 (소양로4가) ,033-243-2994
9358,충북,음성군,감리업,"일반(전기),일반(기계)",연휘소방엔지니어링,윤연기,27665,충청북도 음성군 대소면 오태로 144-16 .,043-218-7119
9359,충북,제천시,감리업,"일반(전기),일반(기계)",무한ENG,최종환,27176,"충청북도 제천시 독순로23길 19 , 상가동 103호(교동, 두진아파트)",043-647-6119
9360,충북,제천시,감리업,"일반(전기),일반(기계)",제일소방설계.감리사무소,문성환,27144,"충청북도 제천시 신죽하로 69 , 1층 1호(장락동)",043-651-3119
9361,충북,진천군,감리업,"일반(전기),일반(기계)",주식회사 이도기술단,이규선,27832,"충청북도 진천군 진천읍 중앙서1길 6-5 ,2층",043-930-3800
9362,충북,청주시,감리업,"일반(전기),일반(기계)",(주)세명이앤씨,섭동현,28140,충청북도 청주시 청원구 북이면 신기초정로 73 ,043-214-3119
9363,충북,청주시,감리업,"일반(전기),일반(기계)",(주)태일전력기술단,김태봉,28576,"충청북도 청주시 흥덕구 공단로 134 904호(송정동, 세중테크노밸리)",043-257-7569
9364,충북,청주시,감리업,"일반(전기),일반(기계)",(주)홍익기술단,성낙전,28399,충청북도 청주시 흥덕구 풍년로150번길 28 (가경동),043-230-7857
9365,충북,청주시,감리업,"일반(전기),일반(기계)",국원엔지니어링(주),이승원,28570,충청북도 청주시 흥덕구 1순환로584번길 54-1 (봉명동),043-267-3119
9366,충북,청주시,감리업,"일반(전기),일반(기계)",선우엔지니어링(주),최건모,28625,충청북도 청주시 서원구 두꺼비로94번길 12-1 (산남동),043-294-2119
9367,충북,청주시,감리업,전문,태일소방감리사무소,류호철,28729,"충청북도 청주시 상당구 꽃산동로 15-2  (금천동), 덕성아파트상가 2-103",043-250-9713
9368,충북,청주시,감리업,전문,주식회사 대성종합기술단,김선금,28310,충청북도 청주시 청원구 상리로18번길 58 (율량동),043-221-7217
9369,충북,청주시,감리업,전문,(주)미래이앤지,함경태,28576,"충청북도 청주시 흥덕구 공단로 134 (송정동,세중테크노밸리 802,803)",043-212-5460
9370,충북,청주시,감리업,전문,신성종합건축사사무소(주),"정현석,권오준",28397,충청북도 청주시 흥덕구 2순환로1261번길 40  프라임타워3층(가경동) ,043-237-8105
9371,충북,청주시,감리업,전문,(주)선엔지니어링종합건축사사무소,"신동안,오선교",28544,충청북도 청주시 상당구 사직대로361번길 91 (영동),043-220-8500
9372,충북,청주시,감리업,"일반(전기),일반(기계)",(주)청솔엔지니어링,한국환,28741,"충청북도 청주시 상당구 수영로156번길 55 , 2층 202호(영운동)",043-254-2691
9373,충북,청주시,감리업,"일반(전기),일반(기계)",주식회사 신라기술단,"엄문용,이기호",28578,"충청북도 청주시 흥덕구 직지대로 530 , 제1동 제713호(송정동, 청주테크노에스타워)",043-238-3788
9374,충북,청주시,감리업,전문,주식회사 탑테크엔지니어링,박정규,28343,충청북도 청주시 청원구 1순환로 358 (내덕동),043-223-1213
9375,충북,청주시,감리업,"일반(전기),일반(기계)",주식회사 원,장원,28805,"충청북도 청주시 서원구 남이면 양촌4길 22 , 1층",043-233-4117
9376,충북,청주시,감리업,"일반(전기),일반(기계)",(주)건사엔지니어링,박경래,28187,충청북도 청주시 상당구 남일면 효촌송암1길 51-3 .,043-284-1681
9377,충북,청주시,감리업,"일반(전기),일반(기계)",주식회사 이화엔지니어링,이은경,28457,"충청북도 청주시 흥덕구 사운로359번길 13 , 2층(신봉동, 우림필유상가)",043-224-4455
9378,충북,청주시,감리업,전문,주식회사 행복종합엔지니어링건축사사무소,박수근,28424,"충청북도 청주시 흥덕구 대농로 43 ,상가동 802호(복대동, 신영지웰시티)",052-267-6006
9379,충북,청주시,감리업,"일반(전기),일반(기계)",주식회사 동일전기이앤지,한경화,28741,"충청북도 청주시 상당구 수영로156번길 55 , 1층 101호(영운동)",043-253-9953
9380,충북,청주시,감리업,"일반(전기),일반(기계)",(주)하늘천,신윤복,28365,"충청북도 청주시 흥덕구 비하로12번길 15 , 제2층 203호(비하동)",062-512-5383
9381,충북,청주시,감리업,"일반(전기),일반(기계)",주식회사 경성이엔지,박찬영,28187,충청북도 청주시 상당구 남일면 효촌송암1길 51-3 .,043-297-5004
9382,충북,청주시,감리업,"일반(전기),일반(기계)",세정기술단,엄세용,28462,"충청북도 청주시 흥덕구 월명로 212 ,가동 A(154호)(봉명동)",043-715-2853
9383,충북,충주시,감리업,"일반(전기),일반(기계)",주식회사 에이스소방,신찬식,27337,충청북도 충주시 팽고리산길 117 (금릉동),043-848-8119
9384,충북,충주시,감리업,"일반(전기),일반(기계)",(주)빅스톤엔지니어링,김재근,27431,충청북도 충주시 상방1길 4 (봉방동),043-857-7855
9385,충남,계룡시,감리업,전문,(주)상우엔지니어링건축사사무소,"이상헌,김승기",32827,충청남도 계룡시 계룡대로 263 (금암동) 3층 302호,070-4650-2620
9386,충남,공주시,감리업,"일반(전기),일반(기계)",(주)금강소방감리,전명기,32517,충청남도 공주시 돌모루2길 6 (의당면),070-8202-3119
9387,충남,공주시,감리업,"일반(전기),일반(기계)",주식회사 드림이앤디,홍윤표,32580,"충청남도 공주시 번영1로 156 ,3층(신관동)",042-828-0956
9388,충남,당진시,감리업,"일반(전기),일반(기계)",(주)경동이앤지,황일재,31784,충청남도 당진시 백암로 75-4 (채운동),041-356-5118
9389,충남,당진시,감리업,전문,서해기술단(주),이종구,31734,충청남도 당진시 영금절골길 13 (반촌리),041-357-1119
9390,충남,당진시,감리업,"일반(전기),일반(기계)",(주)두원기술단,박우영,31768,"충청남도 당진시 우두로2길 9 1층(우두동, 명품빌딩2차)",041-352-5913
9391,충남,당진시,감리업,"일반(전기),일반(기계)",해솔방재,문영기,31770,"충청남도 당진시 계성1길 80-20 , 201호(읍내동)",070-7670-0119
9392,충남,보령시,감리업,"일반(전기),일반(기계)",부경엔지니어링(주),"구종회,백경희",33475,충청남도 보령시 흥곡천변로 21 (명천동) 201호,070-4204-7689
9393,충남,서산시,감리업,"일반(전기),일반(기계)",(주)에이스에프에스,박병권,31901,충청남도 서산시 대산읍 독곶2로 18 .,041-668-7119
9394,충남,서산시,감리업,"일반(전기),일반(기계)",(주)비앤와이이엔지,윤대호,31988,충청남도 서산시 충의로 29-21 (예천동),041-665-1188
9395,충남,서산시,감리업,"일반(전기),일반(기계)",주식회사 서원소방,박태선,31938,충청남도 서산시 음암면 서령로 367 .,041-663-5334
9396,충남,서산시,감리업,"일반(전기),일반(기계)",주식회사 창조종합건축사사무소,"유병문,유도균",31983,"충청남도 서산시 중앙로 10 , 402호(동문동)",041-664-7000
9397,충남,아산시,감리업,전문,주식회사 천아엔지니어링,안일학,31470,"충청남도 아산시 배방읍 희망로46번길 11-16 , 1동 1212호(파모스라움)",041-532-3502
9398,충남,천안시,감리업,"일반(전기),일반(기계)",주식회사 화인포스텍,박문선,31068,충청남도 천안시 동남구 태조산길 49 (유량동),041-552-9644
9399,충남,천안시,감리업,전문,(주)대진방재,임영묵,31148,충청남도 천안시 동남구 봉서6길 8 (봉명동),041-578-1971
9400,충남,천안시,감리업,"일반(전기),일반(기계)",(주)신아방재,박상준,31192,충청남도 천안시 동남구 구성1길 19 (구성동),041-553-2119
9401,충남,천안시,감리업,전문,주식회사 씨에이파트너스,박홍주,31156,"충청남도 천안시 서북구 불당22대로 92 , 6층 605호(불당동,마블러스티타워)",041-523-4858
9402,충남,천안시,감리업,"일반(전기),일반(기계)",(주)부흥기술단,고한선,31104,"충청남도 천안시 서북구 1공단4길 27 , 2층(두정동, 새론타워)",041-555-6999
9403,충남,천안시,감리업,전문,(주)에이스엔지니어링,박호천,31156,"충청남도 천안시 서북구 불당36길 63 , 405호(불당동)",041-558-7713
9404,충남,천안시,감리업,전문,(주)에이프러스씨엠건축사사무소,이택준,31106,"충청남도 천안시 서북구 오성로 103 (두정동,청풍프라자 3층)",041-552-3015
9405,충남,천안시,감리업,전문,(합)피이피그린,박인수,31155,"충청남도 천안시 서북구 미라7길 22 (미라빌딩 4층,쌍용동)",041-565-6332
9406,충남,천안시,감리업,전문,(주)대림엠이씨,이용철,31104,"충청남도 천안시 서북구 1공단4길 27 , 3층 (두정동, 새론타워)",041-564-5354
9407,충남,천안시,감리업,전문,(주)경동엔지니어링,"강재홍,강성묵",31124,"충청남도 천안시 동남구 만남로 72 (신부동,삼부르네상스홈 1514호)",041-555-4733
9408,충남,천안시,감리업,"일반(전기),일반(기계)",대한방재기술단,황규용,31135,충청남도 천안시 서북구 서부18길 49  (성정동),041-579-1193
9409,충남,천안시,감리업,"일반(전기),일반(기계)",이플랜엔지니어링,최영호,31204,"충청남도 천안시 동남구 통정12로 13 , 2층 201호(신방동, 신흥빌딩)",041-576-1975
9410,충남,천안시,감리업,"일반(전기),일반(기계)",파란방재,김석원,31204,충청남도 천안시 동남구 통정1로 27-10 (신방동),041-551-1978
9411,충남,천안시,감리업,"일반(전기),일반(기계)",유림기술단,"김훈진,가경호",31101,"충청남도 천안시 서북구 두정중1길 12-2 ,201호(두정동, 명진빌라)",041-565-8004
9412,충남,천안시,감리업,"일반(전기),일반(기계)",(주)경진건축사사무소,"조창곤,김영찬",31115,충청남도 천안시 동남구 천안천10길 65 (신부동),070-4044-4241
9413,충남,천안시,감리업,"일반(전기),일반(기계)",주식회사 선진티이씨,변상호,31204,"충청남도 천안시 동남구 통정1로 27-30 , 201호(신방동)",041-562-2351
9414,충남,천안시,감리업,"일반(전기),일반(기계)",미르엔지니어링,우창희,31164,"충청남도 천안시 서북구 불당9길 5-8 ,1 동(불당동)",041-558-1478
9415,충남,천안시,감리업,전문,(주)대성씨엠건축사사무소,"이율구,성부호",31145,"충청남도 천안시 서북구 축구센터로 13 ,203호(와촌동)",031-374-9090
9416,충남,천안시,감리업,"일반(전기),일반(기계)",주식회사 건하이엔씨,이희재,31156,"충청남도 천안시 서북구 번영로 201 제9층 제946호(불당동, 센트애비뉴)",070-4197-2305
9417,충남,천안시,감리업,전문,진흥이엔지 주식회사,"임중훈,김태수",31174,"충청남도 천안시 서북구 충무로 125 , 5층 501호 (쌍용동)",041-553-4557
9418,충남,천안시,감리업,전문,(주)건우이엠씨,이준희,31101,"충청남도 천안시 서북구 두정중1길 6 ,2층(두정동)",041-566-4557
9419,충남,태안군,감리업,"일반(전기),일반(기계)",주식회사 유니온,한경섭,32146,충청남도 태안군 태안읍 순환길 26 .,041-356-5118
9420,충남,홍성군,감리업,"일반(전기),일반(기계)",지우ENG,"이성근,김진선",32221,"충청남도 홍성군 홍성읍 의사로63번길 18 ,102호",
9421,전북,군산시,감리업,"일반(전기),일반(기계)",유스파워(주),고환구,54079,전북특별자치도 군산시 검다메안길 13 (조촌동) 301호,063-452-0508
9422,전북,군산시,감리업,"일반(전기),일반(기계)",지우엔지니어링,박민지,54077,전북특별자치도 군산시 진포로 175 (조촌동) 2층,063-451-6513
9423,전북,군산시,감리업,"일반(전기),일반(기계)",주식회사 다올,전원효,54094,전북특별자치도 군산시 미장안7길 8 2층 201호(미장동),063-451-0751
9424,전북,김제시,감리업,"일반(전기),일반(기계)",주식회사 진하엔지니어링,윤은수,54379,"전북특별자치도 김제시 요촌중길 6 ,1동(요촌동)",063-547-3301
9425,전북,남원시,감리업,"일반(전기),일반(기계)",세웅엔지니어링,조병욱,55733,전북특별자치도 남원시 요천로 1871 (고죽동),063-634-2601
9426,전북,부안군,감리업,"일반(전기),일반(기계)",유한회사 필엔지니어링,정우필,56308,전북특별자치도 부안군 부안읍 남문안길 16 .,063-582-1081
9427,전북,완주군,감리업,"일반(전기),일반(기계)",(주)장일엔지니어링,"이승부,김상욱",55360,전북특별자치도 완주군 상관면 춘향로 4357 주2동 1층,063-226-4846
9428,전북,완주군,감리업,"일반(전기),일반(기계)",주연이엔지,김종배,55365,전북특별자치도 완주군 이서면 출판로 26-3 6층 601호,063-227-6606
9429,전북,익산시,감리업,전문,(유)광진이엔지,이춘우,54666,전북특별자치도 익산시 학곤로16길 73 (송학동),063-841-1244
9430,전북,익산시,감리업,전문,주식회사 삼화기술단,최병순,54672,"전북특별자치도 익산시 목천로 48 ,상가 102동 2층 18호(목천동, 목천동 원주아파트)",063-858-2126
9431,전북,익산시,감리업,"일반(전기),일반(기계)",금성이엔지,김은희,54664,전북특별자치도 익산시 군익로14길 12-6 (송학동),063-852-4971
9432,전북,전주시,감리업,"일반(전기),일반(기계)",(주)한석소방기술사사무소,임응수,54852,전북특별자치도 전주시 덕진구 여산로 114 (여의동) 3층,063-271-9119
9433,전북,전주시,감리업,"일반(전기),일반(기계)",(주)대신기술단,왕영식,55038,전북특별자치도 전주시 완산구 전주천동로 210  (다가동2가),063-226-6500
9434,전북,전주시,감리업,전문,유한회사 대화,박진형,54879,전북특별자치도 전주시 덕진구 만성용흥길 12 (만성동),063-228-2127
9435,전북,전주시,감리업,"일반(전기),일반(기계)",주식회사 전일이앤씨,강병삼,54818,전북특별자치도 전주시 덕진구 구억명덕로 437 (금상동),063-243-4628
9436,전북,전주시,감리업,전문,주식회사 삼부감리,김영미,54961,전북특별자치도 전주시 완산구 척동4길 15-4 (효자동3가) 봉은빌딩 4층,063-251-3106
9437,전북,전주시,감리업,전문,(주)이린,김한규,54977,전북특별자치도 전주시 완산구 중산로 20  (중화산동2가),063-227-6626
9438,전북,전주시,감리업,"일반(전기),일반(기계)",석우이엔지,송현석,55060,전북특별자치도 전주시 완산구 봉곡4길 14 (효자동3가) 101호,063-254-1707
9439,전북,전주시,감리업,전문,(주)부윤엔지니어링,백종호,54871,전북특별자치도 전주시 덕진구 오공로 43-34 (중동) 403호,063-225-2750
9440,전북,전주시,감리업,"일반(전기),일반(기계)",세원엔지니어링,김진태,54991,전북특별자치도 전주시 완산구 공북4길 37 (태평동),063-255-1199
9441,전북,전주시,감리업,"일반(전기),일반(기계)",도수소방,김도영,54973,전북특별자치도 전주시 완산구 인정4길 19 (중화산동2가) 101호,063-223-3553
9442,전북,전주시,감리업,"일반(전기),일반(기계)",씨에스이엔지,서남실,54972,전북특별자치도 전주시 완산구 메너머2길 29-14 (중화산동2가) 경진빌라 205호,063-246-7513
9443,전북,전주시,감리업,"일반(전기),일반(기계)",유한회사 지에이시스템,"원승연,정미지",54973,전북특별자치도 전주시 완산구 백제대로 305 (중화산동2가),063-241-2000
9444,전북,전주시,감리업,전문,(주)길종합건축사사무소이엔지,이길환,54956,전북특별자치도 전주시 완산구 서곡5길 14-3 (효자동3가),063-276-7200
9445,전북,전주시,감리업,"일반(전기),일반(기계)",나래이엔지,오경호,54962,"전북특별자치도 전주시 완산구 마전1길 6-3 , 2층 201호(효자동3가, 강남빌딩)",063-236-0119
9446,전북,정읍시,감리업,"일반(전기),일반(기계)",소방안전감리,호운실,56174,전북특별자치도 정읍시 수성3로 43-7 (수성동) 2층,063-531-1119
9447,전남,고흥군,감리업,전문,유한회사 장강,손명희,59540,"전라남도 고흥군 고흥읍 여산당촌길 23 ,301호(고흥군산림조합청사)",062-371-4564
9448,전남,광양시,감리업,"일반(전기),일반(기계)",(주)파워엔지니어링,"김기석,박인호",57759,전라남도 광양시 광양읍 익신산단1길 50 (),061-793-8500
9449,전남,광양시,감리업,전문,(주)엔탑엔지니어링,"최공호,강승호",57783,전라남도 광양시 중마용소6길 7-6 (중동),062-654-5000
9450,전남,광양시,감리업,"일반(전기),일반(기계)",주식회사 케이앤에스엔지니어링,강성민,57754,"전라남도 광양시 광양읍 인덕로 967-1 , 3층",061-761-0916
9451,전남,나주시,감리업,전문,(주)한길이앤씨,서은호,58325,"전라남도 나주시 그린로 351 1동605호(빛가람동, 아주드림타워)",061-334-7119
9452,전남,나주시,감리업,전문,주식회사 디아이지엔지니어링,석경철,58227,전라남도 나주시 남평읍 지석로 27 2층,062-382-7560
9453,전남,나주시,감리업,전문,마인엔지니어링건축사사무소 주식회사,김태식,58217,"전라남도 나주시 빛가람로 685 , 1동 6층 612호(빛가람동,비젼타워)",061-332-7561
9454,전남,나주시,감리업,"일반(전기),일반(기계)",정도ENG,박진범,58260,전라남도 나주시 학생운동길 35 (남외동),061-334-2800
9455,전남,나주시,감리업,"일반(전기),일반(기계)",가나이엔지 주식회사,정광래,58329,"전라남도 나주시 그린로 230 ,2층(빛가람동)",061-332-8700
9456,전남,나주시,감리업,"일반(전기),일반(기계)",주식회사 아이에스피엔지니어링건축사사무소,"최봉근,안병옥",58325,"전라남도 나주시 그린로 355 , 203호(빛가람동)",062-222-8839
9457,전남,목포시,감리업,"일반(전기),일반(기계)",(주)백두기연,양정승,58600,전라남도 목포시 대양산단로97번길 33 (대양동),061-278-8204
9458,전남,목포시,감리업,"일반(전기),일반(기계)",(유)전남이엔지,최명운,58660,전라남도 목포시 하당로221번길 4 (상동),061-283-5805
9459,전남,목포시,감리업,전문,(주)신화에프이씨,손기영,58728,"전라남도 목포시 영산로59번길 46-2 , 2층(죽동)",02-2113-7900
9460,전남,목포시,감리업,"일반(전기),일반(기계)",거성이앤지,박세희,58686,전라남도 목포시 복산길6번길 31 (옥암동),
9461,전남,목포시,감리업,"일반(전기),일반(기계)",(유)한빛방재이엔지,강현배,58600,"전라남도 목포시 대양산단로 154 ,2층 2호(대양동)",061-279-1119
9462,전남,목포시,감리업,"일반(전기),일반(기계)",주식회사 대담,손동민,58659,"전라남도 목포시 양을로532번길 2 ,603호(상동, 플래티늄오피스텔)",062-412-1177
9463,전남,목포시,감리업,"일반(전기),일반(기계)",세종유비스,고형길,58711,"전라남도 목포시 양을로 42 2층(대성동, 천년나무아파트 상가)",061-261-0911
9464,전남,목포시,감리업,전문,주식회사 삼송이에스지,임춘기,58659,"전라남도 목포시 하당로 255 ,2층(상동)",061-284-1118
9465,전남,순천시,감리업,"일반(전기),일반(기계)",(주)한울이엔지,이창규,57970,전라남도 순천시 연동남1길 37 (조례동),061-724-3634
9466,전남,순천시,감리업,"일반(전기),일반(기계)",유한회사 믿음이엔지,박진홍,57982,"전라남도 순천시 해룡면 동명초등길 35-29 , 1층",061-725-1190
9467,전남,순천시,감리업,"일반(전기),일반(기계)",우리방재,박종완,57970,"전라남도 순천시 연동남2길 25 , 201호(조례동)",061-721-7375
9468,전남,순천시,감리업,"일반(전기),일반(기계)",정원이엔지,김정현,58026,"전라남도 순천시 지현길 139 ,3층 2호(오천동, 벧엘빌)",061-724-2592
9469,전남,순천시,감리업,전문,(주)하늘천,임인수,57966,전라남도 순천시 충효로 131-10 (조례동),061-811-0230
9470,전남,순천시,감리업,전문,팔마기술단 주식회사,음호성,57924,전라남도 순천시 중앙로 513-1 (가곡동),061-751-8880
9471,전남,여수시,감리업,"일반(전기),일반(기계)",SF ENC,유태국,59638,전라남도 여수시 성산로 77 (화장동),061-686-1119
9472,전남,여수시,감리업,"일반(전기),일반(기계)",신가승ENG,유정남,59637,전라남도 여수시 성산로 49 (화장동),062-682-1370
9473,전남,여수시,감리업,"일반(전기),일반(기계)",KST (한국안전기술),송금남,59643,전라남도 여수시 화산로 48 (화장동),061-655-6898
9474,전남,여수시,감리업,"일반(전기),일반(기계)",(유)우영소방,우영근,59686,전라남도 여수시 신기남2길 16 (신기동),061-692-1190
9475,전남,여수시,감리업,"일반(전기),일반(기계)",(주)대한방재,김건우,59674,"전라남도 여수시 시청서3길 5-7 ,2층(학동)",061-691-4832
9476,전남,여수시,감리업,"일반(전기),일반(기계)",주식회사 대신소방기술,김성훈,59678,"전라남도 여수시 쌍봉로 135 , 2층(학동)",061-686-2626
9477,전남,장성군,감리업,"일반(전기),일반(기계)",리우이앤시,강병철,57251,전라남도 장성군 남면 불정길 35 (,061-392-4119
9478,전남,해남군,감리업,"일반(전기),일반(기계)",유한회사 진용,안남현,59038,"전라남도 해남군 해남읍 교육청길 60 ,701호(해남오피스텔)",061-532-1119
9479,전남,화순군,감리업,전문,주식회사 유탑엔지니어링,"이창희,손동철",58118,"전라남도 화순군 화순읍 자치샘로 48 ,310호(미래타워)",061-371-0406
9480,전남,화순군,감리업,전문,주식회사 종합건축사사무소창,"정현아,김용주",58118,전라남도 화순군 화순읍 자치샘로 48 302호,061-372-1000
9481,경북,경산시,감리업,전문,(주)대경이엠씨,천종근,38671,경상북도 경산시 성암로7길 21-1  (옥산동) ,053-768-7097
9482,경북,경산시,감리업,"일반(전기),일반(기계)",(주)혁신이앤씨,김수화,38594,경상북도 경산시 원효로40길 47-2 (사동),053-742-4751
9483,경북,경산시,감리업,전문,(주)이가에이씨엠건축사사무소,김제형,38653,"경상북도 경산시 성동로 15-1 , 5층(정평동)",02-6717-6000
9484,경북,경산시,감리업,"일반(전기),일반(기계)",(주)조은엔지니어링,김종희,38668,경상북도 경산시 펜타힐즈2로 9  (중산동) 중산펜타힐즈 M타워 803호,053-813-3900
9485,경북,경산시,감리업,전문,(주)부창엔지니어링,신경우,38643,경상북도 경산시 서상길 29 (서상동),053-815-8610
9486,경북,경산시,감리업,"일반(전기),일반(기계)",주식회사 보원씨엠건축사사무소,"서호형,손동령",38618,"경상북도 경산시 원효로 17 , 2층(중방동)",053-384-3890
9487,경북,경산시,감리업,"일반(전기),일반(기계)",(주)나무전기,우종순,38439,경상북도 경산시 하양읍 금호강변로 492 .,054-954-0942
9488,경북,경산시,감리업,"일반(전기),일반(기계)",(주)동성엔지니어링,"이상규,황해근",38660,경상북도 경산시 성암로21길 41 (옥산동) .,02-2041-8500
9489,경북,경산시,감리업,"일반(전기),일반(기계)",(주)성우이앤씨,손인락,38615,"경상북도 경산시 남매공원로1길 1 , 303호 (계양동)",053-716-0160
9490,경북,경주시,감리업,"일반(전기),일반(기계)",무경소방감리,김진섭,38102,"경상북도 경주시 백률로 68  (동천동, 2층) ",054-743-3119
9491,경북,경주시,감리업,"일반(전기),일반(기계)",서린이앤씨,임상규,38149,경상북도 경주시 알천남로 236 (성동동),054-744-5353
9492,경북,경주시,감리업,"일반(전기),일반(기계)",현진기술단(주),한관열,38112,경상북도 경주시 초당길31번길 19-1 (동천동),054-624-1080
9493,경북,구미시,감리업,"일반(전기),일반(기계)",(주)에이치엘종합기술단,배재환,39340,경상북도 구미시 상모로4길 20-6 (상모동),054-464-7114
9494,경북,구미시,감리업,"일반(전기),일반(기계)",GM기술단,김영수,39146,"경상북도 구미시 고아읍 들성로 123 , 상가동 203호(구미원호 푸르지오)",070-4025-3155
9495,경북,구미시,감리업,전문,(주)진명엔지니어링건축사사무소,서정학,39442,경상북도 구미시 인동35길 22-16 (구평동),054-471-0474
9496,경북,구미시,감리업,"일반(전기),일반(기계)",도담엔지니어링,서철식,39305,경상북도 구미시 산책길 55-27 (원평동),054-455-7373
9497,경북,구미시,감리업,전문,(주)신우엔지니어링,"김팔원,류태희",39270,경상북도 구미시 수출대로 225-40 (공단동),054-452-5119
9498,경북,구미시,감리업,"일반(전기),일반(기계)",(주)코러싱,"박동식,박정희",39382,"경상북도 구미시 산호대로 32 , 공장동1 2층206호(공단동)",070-4333-8688
9499,경북,구미시,감리업,전문,주식회사 이앤에스,김제철,39391,"경상북도 구미시 3공단1로 302-7 , 7동 220호(임수동, 구미공구상가)",053-719-0306
9500,경북,구미시,감리업,"일반(전기),일반(기계)",우진ENG,홍경진,39270,"경상북도 구미시 산호대로 354-34 , 1,2층(공단동)",054-451-4239
9501,경북,구미시,감리업,전문,슈반엔지니어링(주),강창훈,39391,경상북도 구미시 3공단1로 302-7 (임수동) 8동 306호,053-638-4488
9502,경북,김천시,감리업,전문,한국전력기술(주),김성암,39660,경상북도 김천시 혁신로 269 (율곡동),054-421-3124
9503,경북,김천시,감리업,"일반(전기),일반(기계)",성남이엔지(주),유재곤,39519,경상북도 김천시 삼락택지2길 15-6 (삼락동),054-434-3119
9504,경북,김천시,감리업,"일반(전기),일반(기계)",일신이엔지,차형일,39548,경상북도 김천시 부거리길 15 (신음동),054-430-3119
9505,경북,김천시,감리업,"일반(전기),일반(기계)",씨에이치이엔지,김현식,39646,"경상북도 김천시 아포대로 33-40 , 305호 (덕곡동)",054-437-1198
9506,경북,문경시,감리업,"일반(전기),일반(기계)",(주)정화엔지니어링,이석호,36969,경상북도 문경시 점촌6길 20 (점촌동),054-555-8112
9507,경북,상주시,감리업,"일반(전기),일반(기계)",한울이엔지,박미영,37240,경상북도 상주시 영남제일로 1343-7 (외답동) 나동 101호,054-536-4119
9508,경북,안동시,감리업,"일반(전기),일반(기계)",(주)동양기술단,김춘동,36622,경상북도 안동시 금당길 152-5 (풍산읍),054-841-8433
9509,경북,안동시,감리업,"일반(전기),일반(기계)",현대소방엔지니어링,김연구,36671,"경상북도 안동시 경동로 551 (당북동, 대승상가 나동 203호)",054-854-7119
9510,경북,영천시,감리업,"일반(전기),일반(기계)",(주)신라기술사사무소,김상우,38854,경상북도 영천시 보목2길 14 (야사동),054-338-2400
9511,경북,울진군,감리업,"일반(전기),일반(기계)",주식회사 한진엔지니어링,김순희,36325,경상북도 울진군 울진읍 울진중앙로 116 .,054-783-8240
9512,경북,칠곡군,감리업,"일반(전기),일반(기계)",태강소방감리,감성곤,39860,"경상북도 칠곡군 동명면 백송로 796 ,2층",054-921-8119
9513,경북,포항시,감리업,"일반(전기),일반(기계)",부림방재(주),권기철,37579,경상북도 포항시 북구 장량로17번길 36-14  (장성동) ,054-241-9110
9514,경북,포항시,감리업,"일반(전기),일반(기계)",주식회사 포스코이앤씨,전중선,37745,경상북도 포항시 북구 중흥로 307 (죽도동),032-748-3471
9515,경북,포항시,감리업,"일반(전기),일반(기계)",한국엔지니어링,백재흠,37799,경상북도 포항시 남구 축항로 87 (송도동),054-274-9119
9516,경북,포항시,감리업,"일반(전기),일반(기계)",대성소방산업(주),윤분자,37778,경상북도 포항시 남구 양학천로150번길 49 (대도동),054-277-3782
9517,경북,포항시,감리업,"일반(전기),일반(기계)",SM엔지니어링,"박성규,임시은",37775,"경상북도 포항시 남구 중앙로 149 , 4층(해도동, 중산빌딩)",054-286-1324
9518,경북,포항시,감리업,"일반(전기),일반(기계)",금강방재엔지니어링,정인교,37764,경상북도 포항시 남구 중흥로172번길 26-3 (상도동),054-273-7119
9519,경북,포항시,감리업,"일반(전기),일반(기계)",(주)덕원이엔지,권나희,37685,경상북도 포항시 남구 대이로19번길 7  (대잠동) ,054-283-9100
9520,경북,포항시,감리업,"일반(전기),일반(기계)",한국이엔지,이기환,37771,경상북도 포항시 남구 희망대로 693 (상도동),054-246-9119
9521,경북,포항시,감리업,전문,(주)삼정엔지니어링,"이무형,김경호,최경철",37753,경상북도 포항시 북구 양학천로 20 (죽도동),054-277-1172
9522,경북,포항시,감리업,"일반(전기),일반(기계)",TOP기술단,강병열,37775,경상북도 포항시 남구 중앙로157번길 13 (해도동),054-273-5562
9523,경북,포항시,감리업,"일반(전기),일반(기계)",주식회사 대천엔지니어링,이금옥,37685,경상북도 포항시 남구 대이로19번길 7 (대잠동),054-283-9100
9524,경남,거제시,감리업,전문,가람엔지니어링,박순영,53256,경상남도 거제시 고현로2길 34-2 (고현동),055-633-6904
9525,경남,거제시,감리업,전문,동서엔지니어링,변석훈,53240,경상남도 거제시 수양2길 9 (수월동),055-633-4390
9526,경남,고성군,감리업,"일반(전기),일반(기계)",라인이엔지,정규석,52930,"경상남도 고성군 고성읍 우산3길 30-25 , 2층.",055-673-9112
9527,경남,김해시,감리업,전문,유림기술,송영복,50992,"경상남도 김해시 계동로129번길 58 , 103호(대청동)",055-339-4840
9528,경남,김해시,감리업,"일반(전기),일반(기계)",신흥소방감리,황현돈,50951,경상남도 김해시 내외로11번길 17-9 2층 203호(내동),055-311-1954
9529,경남,김해시,감리업,"일반(전기),일반(기계)",동아소방기술,엄원섭,50967,경상남도 김해시 서김해산단안길 77 2층 201호(풍유동),055-326-9353
9530,경남,김해시,감리업,"일반(전기),일반(기계)",에이스방재서비스,주배돈,51006,경상남도 김해시 칠산로387번길 52-25 (풍유동),055-312-3595
9531,경남,김해시,감리업,전문,주식회사 청림이앤씨,장창수,50841,"경상남도 김해시 분성로 449 , 4층(삼정동, 태원빌딩)",055-724-3334
9532,경남,김해시,감리업,"일반(전기),일반(기계)",주식회사 해승기술단,김은숙,50938,"경상남도 김해시 분성로 212 , 603호(외동, 초이스타워)",055-313-9381
9533,경남,김해시,감리업,"일반(전기),일반(기계)",주식회사 가야감리기술단,장판수,50874,경상남도 김해시 진례면 서부로 748 .,055-328-7119
9534,경남,김해시,감리업,"일반(전기),일반(기계)",한길ENG,정종서,50924,"경상남도 김해시 김해대로2431번길 12 , 1층(부원동)",055-584-2800
9535,경남,밀양시,감리업,"일반(전기),일반(기계)",(주)삼현기술단,진성호,50442,"경상남도 밀양시 중앙로 155-1 , 비-1호 (가곡동)",055-356-8586
9536,경남,사천시,감리업,"일반(전기),일반(기계)",대성엔지니어링,성인호,52522,경상남도 사천시 사천읍 옥산로 128-15 3층 301호(세진빌딩),055-832-9112
9537,경남,사천시,감리업,전문,(주)원이앤지,"황성원,이이길",52539,경상남도 사천시 용현면 시청3길 44 .,055-747-2119
9538,경남,사천시,감리업,"일반(전기),일반(기계)",진엔지니어링,최진포,52524,"경상남도 사천시 정동면 진삼로 1350 , 부1호",070-4647-0103
9539,경남,산청군,감리업,"일반(전기),일반(기계)",(주)대아소방,김상환,52251,"경상남도 산청군 단성면 목화로 902 , 부1동 4호",055-974-1119
9540,경남,산청군,감리업,"일반(전기),일반(기계)",이수이엔지 주식회사,이정숙,52251,경상남도 산청군 단성면 목화로 902 부1동 5호.,070-4827-1996
9541,경남,양산시,감리업,전문,(주)선한이엔지,박윤학,50657,경상남도 양산시 물금읍 물금로 9 304호(더스퀘어),055-781-1064
9542,경남,양산시,감리업,"일반(전기),일반(기계)",나라방재 주식회사,우영대,50652,경상남도 양산시 물금읍 부산대학로 150 404호,055-375-1192
9543,경남,양산시,감리업,"일반(전기),일반(기계)",(주)하우엔지니어링 건축사사무소,손병찬,50653,"경상남도 양산시 물금읍 증산역로 149 , 204호(세영프라자)",055-912-3353
9544,경남,양산시,감리업,"일반(전기),일반(기계)",(주)이산기술단,김삼용,50629,"경상남도 양산시 양산역로 103 , 201호(중부동, 골든세븐)",055-384-7222
9545,경남,진주시,감리업,전문,이수기술단(주),황국주,52706,경상남도 진주시 강남로331번길 5 (망경동) .,070-4827-1252
9546,경남,진주시,감리업,"일반(전기),일반(기계)",(주)한빛엔지니어링,"허동회,박정주",52655,경상남도 진주시 상봉대룡길21번길 2  (상봉동) ,055-741-1171
9547,경남,진주시,감리업,"일반(전기),일반(기계)",세종소방엔지니어링,정연갑,52702,경상남도 진주시 신평공원길11번길 8-6 (평거동) .,055-746-7119
9548,경남,진주시,감리업,"일반(전기),일반(기계)",(주)진일소방이엔지,김민환,52818,경상남도 진주시 동부로169번길 12 윙스타워 비동 1406호(충무공동),055-755-6115
9549,경남,진주시,감리업,"일반(전기),일반(기계)",알에스이앤씨,정광교,52708,"경상남도 진주시 진주대로 981-1 , 3층(강남동)",
9550,경남,창원시,감리업,"일반(전기),일반(기계)",서경이엔씨,주승돈,51436,경상남도 창원시 성산구 원이대로579번길 24 (용호동) 4층,055-262-5924
9551,경남,창원시,감리업,"일반(전기),일반(기계)",경남이앤씨,정보련,51167,경상남도 창원시 의창구 태복산로27번길 27 1층(도계동),055-265-1912
9552,경남,창원시,감리업,전문,(주)유일테크엔지니어링,하창식,51522,경상남도 창원시 성산구 중앙대로 77 (중앙동) 421호,055-285-0063
9553,경남,창원시,감리업,"일반(전기),일반(기계)",(주)하이원,김두임,51313,경상남도 창원시 마산회원구 삼호로 263  (회성동) 3층,055-253-3119
9554,경남,창원시,감리업,전문,현대공영(주),진종신,51722,경상남도 창원시 마산합포구 오동동10길 56 가고파O/P 501호,055-221-7735
9555,경남,창원시,감리업,"일반(전기),일반(기계)",삼정건영감리,"송성한,송성남",51522,경상남도 창원시 성산구 중앙대로 49 (중앙동) 1002-1호,055-299-6481
9556,경남,창원시,감리업,"일반(전기),일반(기계)",(주)범한엔지니어링,함영욱,51199,경상남도 창원시 의창구 의안로8번길 23 (소답동),055-297-9771
9557,경남,창원시,감리업,전문,주식회사 신흥이앤지,김정수,51436,"경상남도 창원시 성산구 용지로169번길 13 (용호동, 라이크빌-1) 503호",055-262-6119
9558,경남,창원시,감리업,"일반(전기),일반(기계)",(주)대웅엔지니어링,"정금준,전영배",51307,"경상남도 창원시 마산회원구 회성북9길 58 (회성동) 1층,2층",055-601-0443
9559,경남,창원시,감리업,"일반(전기),일반(기계)",가람소방단,김성갑,51199,경상남도 창원시 의창구 의안로28번길 2 (소답동),055-252-4959
9560,경남,창원시,감리업,"일반(전기),일반(기계)",화성감리,김대우,51417,경상남도 창원시 성산구 반지로 57-1 (반지동),055-262-2680
9561,경남,창원시,감리업,전문,(주)이음엔지니어링,박재일,51393,"경상남도 창원시 의창구 창원대로397번길 11 , 205동 지하1층 비102호(팔용동, 힐스테이트 아티움시티)",031-754-7110
9562,경남,창원시,감리업,"일반(전기),일반(기계)",창진감리,오만식,51278,경상남도 창원시 마산합포구 교방천남길 26 (교방동) 2층,055-244-8119
9563,경남,창원시,감리업,"일반(전기),일반(기계)",에프원이엔지,황원배,51367,경상남도 창원시 의창구 남산로1번길 62 (팔용동) 2층,055-292-4901
9564,경남,창원시,감리업,"일반(전기),일반(기계)",주식회사 한손이엔씨,이상기,51168,경상남도 창원시 의창구 태복산로3번길 4 (도계동) 3층,055-719-0106
9565,경남,창원시,감리업,"일반(전기),일반(기계)",주식회사 신흥기술단,박형선,51504,"경상남도 창원시 성산구 중앙대로 56 , 4층 413호(상남동, 양지빌딩)",070-4278-0750
9566,경남,창원시,감리업,"일반(전기),일반(기계)",주식회사 삼일기술단,김미란,51397,"경상남도 창원시 의창구 평산로 23 , 624호(팔용동)",055-267-2330
9567,경남,창원시,감리업,"일반(전기),일반(기계)",(주)한빛기술단,정성삼,51277,경상남도 창원시 마산합포구 교방서5길 22 (교방동) .,055-253-5337
9568,경남,창원시,감리업,"일반(전기),일반(기계)",주식회사 대건엔지니어링,노재호,51133,경상남도 창원시 의창구 동읍 의창대로 449-1 .,055-277-0119
9569,경남,창원시,감리업,"일반(전기),일반(기계)",정이엔지,"공영삼,이동숙",51164,"경상남도 창원시 의창구 도계로17번길 11 , 1층(도계동)",055-289-7759
9570,경남,창원시,감리업,"일반(전기),일반(기계)",하원엔지니어링 주식회사,하철호,51313,경상남도 창원시 마산회원구 삼호로 263 (회성동),055-253-3119
9571,경남,창원시,감리업,"일반(전기),일반(기계)",주식회사 한길기술단,김태우,51376,경상남도 창원시 의창구 사화로18번길 28 (팔용동),055-238-0020
9572,경남,창원시,감리업,"일반(전기),일반(기계)",케이에스엠기술(주),김창명,51573,"경상남도 창원시 성산구 완암로 50 , 넥스동 509호",055-322-6730
9573,경남,창원시,감리업,"일반(전기),일반(기계)",로건 주식회사,김건휘,51410,"경상남도 창원시 성산구 충혼로 91 , 203호(두대동, 창원문성대학교 11호관(벤처창업원))",055-601-1066
9574,경남,창원시,감리업,"일반(전기),일반(기계)",(주)수성엔지니어링,"박미례,강병윤",51430,"경상남도 창원시 성산구 창이대로 510 (용호동,경남보훈회관) 403호",055-262-5200
9575,경남,창원시,감리업,"일반(전기),일반(기계)",터울ENG,변선주,51245,"경상남도 창원시 마산회원구 내서읍 호원로 228-32 , 701호(희성아트빌)",
9576,경남,통영시,감리업,"일반(전기),일반(기계)",세인엔지니어링,김명돌,53017,경상남도 통영시 광도면 죽림1로 4-79 (),055-649-8808
9577,경남,하동군,감리업,"일반(전기),일반(기계)",(주)창대이엔지,박희복,52333,경상남도 하동군 적량면 공설운동장로 183-22 3호,055-748-5295
9578,제주,서귀포시,감리업,"일반(전기),일반(기계)",(주)아성기술단,현봉식,63586,제주특별자치도 서귀포시 동홍로162번길 3 (동홍동) 5층,064-763-0072
9579,제주,제주시,감리업,전문,(주)대경엔지니어링,허경자,63309,"제주특별자치도 제주시 첨단로 322 (영평동, 디케이비지니스센터)",064-717-8900
9580,제주,제주시,감리업,"일반(전기),일반(기계)",(주)윤엔지니어링,김민철,63147,제주특별자치도 제주시 정실동길 27 (오라이동),064-755-1864
9581,제주,제주시,감리업,"일반(전기),일반(기계)",주식회사 도암엔지니어링,오관준,63190,"제주특별자치도 제주시 서사로 175 , 3층(오라일동)",064-753-3426
9582,제주,제주시,감리업,"일반(전기),일반(기계)",(주)종합전기기술사사무소,김명수,63146,제주특별자치도 제주시 오남로 42-3 (오라일동),064-725-2002
9583,제주,제주시,감리업,"일반(전기),일반(기계)",(주)청운엔지니어링,양문길,63219,"제주특별자치도 제주시 도남로16길 22 , 4층(도남동)",064-727-0077
9584,제주,제주시,감리업,전문,(주)웅진엔지니어링,강상웅,63206,제주특별자치도 제주시 신성로14길 4  (이도이동) 3층,064-725-3690
9585,제주,제주시,감리업,전문,주식회사 다온엔지니어링,강혜정,63075,"제주특별자치도 제주시 대통길 116 , 101호(도평동)",064-746-8229
9586,제주,제주시,감리업,"일반(전기),일반(기계)",주식회사 성지엔지니어링,박태성,63321,"제주특별자치도 제주시 지석4길 5-6 , 2층(삼양이동)",064-723-1462
9587,제주,제주시,감리업,"일반(전기),일반(기계)",주식회사 호승엔지니어링,강봉직,63305,제주특별자치도 제주시 황사평길 35-1 2층(화북이동),064-702-3497
9588,제주,제주시,감리업,"일반(전기),일반(기계)",주식회사 현무엔지니어링,현종상,63125,"제주특별자치도 제주시 신대로10길 36 , 403호(연동)",064-746-3360
9589,제주,제주시,감리업,"일반(전기),일반(기계)",신아이엔씨 주식회사,전종운,63247,"제주특별자치도 제주시 아봉로 54 , 2층(아라일동)",064-805-8483
9590,제주,제주시,감리업,"일반(전기),일반(기계)",주식회사 한성이엔지,고은진,63236,제주특별자치도 제주시 구산로4길 50-1 (아라일동),064-751-0815
9591,제주,제주시,감리업,"일반(전기),일반(기계)",퐁낭이엔지 주식회사,고연선,63148,제주특별자치도 제주시 오라로4길 5 (오라삼동),064-702-7287
9592,서울,강남구,방염업,합판목재류,(주)제일에프엔이,이대호,6314,"서울특별시 강남구 논현로8길 12 ,402호(개포동,주원빌딩)",02-3463-0119
9593,서울,강남구,방염업,합판목재류,(주)코리아팀버,송정록,6260,"서울특별시 강남구 도곡로 148 , 6층(도곡동, 하우빌딩)",02-573-9114
9594,서울,강남구,방염업,합판목재류,주식회사 인트로방염,안윤호,6378,서울특별시 강남구 헌릉로645길 23 (세곡동)102호,02-572-5119
9595,서울,강남구,방염업,합성수지류,(주)화주커뮤니케이션,조규찬,6046,"서울특별시 강남구 논현로133길 12 (논현동,능원타워1층)",02-549-2731
9596,서울,강동구,방염업,합판목재류,제이이방재 주식회사,김건태,5406,서울특별시 강동구 양재대로91나길 47 101호(성내동),
9597,서울,강동구,방염업,합판목재류,대동방재,황용식,5251,서울특별시 강동구 고덕로10길 54 (암사동),02-442-8601
9598,서울,강동구,방염업,합판목재류,주식회사 청진산업,최상은,5343,"서울특별시 강동구 천중로 212 , 3층 301호(길동)",1833-3528
9599,서울,강북구,방염업,"합성수지류,합판목재류",태영,장동운,1204,"서울특별시 강북구 솔샘로64가길 25 , 201호(미아동)",
9600,서울,강서구,방염업,합판목재류,부경방염,권동주,7764,"서울특별시 강서구 강서로17가길 46 (화곡동, 중앙하이츠아파트)",02-2691-9119
9601,서울,강서구,방염업,합판목재류,(주)대림소방방재,양현민,7548,"서울특별시 강서구 화곡로 416 , 432(등촌동, 가양 더스카이밸리5차 지식산업센터)",02-2676-6119
9602,서울,강서구,방염업,합판목재류,대한소방기술공사,김복우,7771,"서울특별시 강서구 곰달래로19가길 16-26 , 1층 101호(화곡동)",02-2602-7119
9603,서울,강서구,방염업,합판목재류,제일,윤석영,7767,"서울특별시 강서구 가로공원로82길 61 지층 2호(화곡동, 예인빌라)",02-2697-6119
9604,서울,강서구,방염업,합판목재류,하우스 방염,윤명열,7654,"서울특별시 강서구 공항대로 426 , 7층 14호(화곡동, VIP빌딩)",02-6346-1119
9605,서울,관악구,방염업,합판목재류,씨엔지방재,성석규,8801,서울특별시 관악구 남부순환로 1933 (봉천동),02-461-4454
9606,서울,관악구,방염업,합판목재류,주식회사 아람디자인,박석현,8727,"서울특별시 관악구 관악로29길 2 , 2층(봉천동)",02-3487-7749
9607,서울,광진구,방염업,합판목재류,(주)동보기술단,최경열,4903,서울특별시 광진구 면목로 182  (중곡동) 3층,02-2242-7054
9608,서울,광진구,방염업,합판목재류,(주)반석소방시스템,정규표,4915,"서울특별시 광진구 능동로43길 5 , 2층(중곡동)",02-402-2119
9609,서울,광진구,방염업,합판목재류,동성방재산업사,맹황석,5027,"서울특별시 광진구 아차산로 331 , 1층 101호(자양동, 정우그린빌)",02-455-6117
9610,서울,광진구,방염업,합판목재류,스페이스119방염,박영곤,4932,서울특별시 광진구 용마산로27길 4 (중곡동) 2층,02-3012-2119
9611,서울,광진구,방염업,합판목재류,(주)서원에프앤이,문찬호,5090,서울특별시 광진구 뚝섬로36길 48 202호(자양동),02-419-1119
9612,서울,구로구,방염업,합판목재류,신성이엔씨,신기현,8280,서울특별시 구로구 구로동로50길 3 (구로동),02-856-1012
9613,서울,구로구,방염업,합판목재류,대신방재,김완주,8278,"서울특별시 구로구 경인로54길 4 , 씨동 J-806호(구로동, 구로유통상가)",
9614,서울,구로구,방염업,합성수지류,노블쇼파,윤덕오,8204,"서울특별시 구로구 구로중앙로42길 77 , 지하1층(신도림동)",
9615,서울,금천구,방염업,합판목재류,대일소방건설(주),임규영,8589,"서울특별시 금천구 가산디지털2로 46 , 606호(가산동, 에이스태세라타워)",070-5180-1793
9616,서울,금천구,방염업,합판목재류,주식회사 대호에프앤이,이태희,8517,"서울특별시 금천구 벚꽃로24길 26 , 324호(가산동)",02-586-9019
9617,서울,금천구,방염업,합판목재류,주식회사 씨티안전기술단,강장수,8639,"서울특별시 금천구 시흥대로 97 , 14동 306호(시흥동)",070-4127-8150
9618,서울,금천구,방염업,합판목재류,주식회사 국민방재산업,박진형,8584,"서울특별시 금천구 두산로 70 ,비동 2204호 (독산동, 현대지식산업센터)",02-3472-1119
9619,서울,금천구,방염업,합성수지류,한국실사출력 주식회사,김청자,8506,"서울특별시 금천구 가산디지털2로 114 , 공장제비동 제비201호(가산동, 한국전자협동(주))",02-855-6842
9620,서울,금천구,방염업,합판목재류,대화소방건설,최동아,8639,"서울특별시 금천구 시흥대로 97 , 20동 3층 308호(시흥동, 시흥유통상가)",
9621,서울,노원구,방염업,합판목재류,제이엘방재,박상한,1881,"서울특별시 노원구 초안산로 7 , 제종합상가동 2층 202호(월계동, 월계2단지주공아파트)",
9622,서울,노원구,방염업,합판목재류,주식회사 삼성소방기술,김종태,1841,"서울특별시 노원구 동일로192나길 26 , 101동 104호(공릉동, 신원아파트)",02-977-5119
9623,서울,도봉구,방염업,합판목재류,(주)서광방재,이재붕,1332,"서울특별시 도봉구 마들로 657 , 2층 217호(방학동, 이에스에이아파트)",02-956-2121
9624,서울,도봉구,방염업,합판목재류,그린시스템,김옥순,1475,서울특별시 도봉구 덕릉로60길 73 (창동) 2층,02-6338-0782
9625,서울,도봉구,방염업,합판목재류,동서울방재,박정희,1460,"서울특별시 도봉구 도봉로104길 49-21 , 302동 1005호(창동, 북한산현대홈시티)",02-998-3421
9626,서울,동대문구,방염업,합판목재류,(주)가나소방,추교봉,2509,"서울특별시 동대문구 한천로41길 6 , 2층(전농동)",02-3672-1119
9627,서울,동대문구,방염업,합판목재류,제이제이방재시스템,김재현,2595,"서울특별시 동대문구 답십리로38길 56 , 602호(답십리동, 월드시티빌딩)",02-2213-2119
9628,서울,동대문구,방염업,합성수지류,제일애드벌룬,이행탁,2643,"서울특별시 동대문구 장한로12길 48 , B동 1,2층(장안동)",02-2243-8378
9629,서울,동작구,방염업,합판목재류,하나소방ENG,문재성,7008,"서울특별시 동작구 동작대로25길 54 , 2층(사당동)",
9630,서울,동작구,방염업,합성수지류,(주)한솔홈데코,김경록,7071,"서울특별시 동작구 보라매로5길 15 , 27층(신대방동, 전문건설회관)",063-830-7090
9631,서울,마포구,방염업,합판목재류,(주)대진소방,문종오,4163,서울특별시 마포구 토정로32길 4 (용강동),02-718-0119
9632,서울,마포구,방염업,합판목재류,(주)현대화이어텍,"양유선,김영기",3966,서울특별시 마포구 월드컵북로 121 (성산동),02-3142-9112
9633,서울,마포구,방염업,합판목재류,무진소방 이엔지,표효종,4156,"서울특별시 마포구 독막로 331 , 17층 1703호(도화동, 마스터즈타워빌딩)",02-354-1194
9634,서울,마포구,방염업,합판목재류,만리코리아,배재만,3985,"서울특별시 마포구 양화로23길 34 , 지층 1호(동교동)",
9635,서울,서초구,방염업,합판목재류,(주)호반건설,"박철희,변부섭",6768,"서울특별시 서초구 양재대로2길 18 (우면동, 호반파크2관)",02-6177-0542
9636,서울,서초구,방염업,합판목재류,지엠방재산업(주),김태형,6554,"서울특별시 서초구 방배중앙로27길 38 , 2층(방배동)",02-1800-7861
9637,서울,서초구,방염업,합판목재류,주식회사 대한방재산업,박정열,6791,"서울특별시 서초구 논현로 7 , 2층(양재동, 윤남빌딩)",02-576-6119
9638,서울,서초구,방염업,합판목재류,신일방재산업,여상규,6791,"서울특별시 서초구 동산로16길 55 , 3층(양재동, 유성빌딩)",02-577-5987
9639,서울,서초구,방염업,합판목재류,주식회사 대호소방,김진태,6761,"서울특별시 서초구 전원말길 11 , 비1호(방배동)",02-584-9019
9640,서울,서초구,방염업,"합성수지류,합판목재류",주식회사 토넥스,전성완,6779,"서울특별시 서초구 강남대로18길 16-22 , 4층(양재동, 화일빌딩)",02-587-7894
9641,서울,성동구,방염업,합판목재류,(주)건국이엔아이,박정렬,4800,서울특별시 성동구 동일로 261 (송정동) 건국빌딩,02-499-5400
9642,서울,성동구,방염업,합판목재류,주식회사 두레소방,강순희,4759,"서울특별시 성동구 마조로 71 , 1층(마장동)",02-499-4119
9643,서울,성북구,방염업,합판목재류,신화방염,문덕철,2802,서울특별시 성북구 종암로21길 128 (종암동),02-921-9186
9644,서울,성북구,방염업,합판목재류,라운드 방재,최인철,2773,"서울특별시 성북구 화랑로21길 58 , 1층 우측(상월곡동)",
9645,서울,송파구,방염업,합판목재류,(주)세기티엔씨,박종일,5836,"서울특별시 송파구 법원로9길 26 , 디동 1510호(문정동, 에이치비지니스파크)",02-556-6815
9646,서울,송파구,방염업,합성수지류,(주)제이앤씨디자인,정택중,5635,"서울특별시 송파구 위례성대로12길 28 (방이동,광림빌딩)",02-3431-8300
9647,서울,송파구,방염업,합판목재류,주식회사 삼원방재산업,이민호,5839,"서울특별시 송파구 충민로 52 , 에이207호(문정동, 가든파이브웍스)",02-2057-4119
9648,서울,송파구,방염업,합판목재류,주식회사 다온방재산업,이선아,5802,"서울특별시 송파구 새말로 153 , 6층 603호(문정동, 삼봉빌딩)",02-430-3119
9649,서울,양천구,방염업,합판목재류,대현소방건설(주),최진호,8032,서울특별시 양천구 남부순환로 571  (신월동) 영남타운 507호,02-2601-6461
9650,서울,영등포구,방염업,합판목재류,전우소방산업(주),박성오,7259,"서울특별시 영등포구 당산로26길 11 , 1층(당산동3가)",02-2678-6871
9651,서울,영등포구,방염업,합판목재류,(주)우수방재,이서영,7292,"서울특별시 영등포구 영등포로28길 5 (당산동1가, 당산동 코오롱 주상복합아파트) 2층 165~166호",02-2637-1119
9652,서울,영등포구,방염업,"합성수지류,합판목재류",지화,주성혁,7374,"서울특별시 영등포구 도신로15라길 2 , 1층(도림동)",02-857-0310
9653,서울,영등포구,방염업,합성수지류,주식회사 에쓰지피,장은주,7229,"서울특별시 영등포구 국회대로 651-2 , 2층(영등포동8가)",02-3477-1988
9654,서울,용산구,방염업,합판목재류,해태방재,최승우,4360,서울특별시 용산구 효창원로12길 30 (원효로4가),02-794-2764
9655,서울,용산구,방염업,합판목재류,한얼방염,오근탁,4319,서울특별시 용산구 백범로45길 8 (효창동),02-718-5119
9656,서울,용산구,방염업,합판목재류,에이치디씨현대산업개발 주식회사,"최익훈,김회언,조태제",4377,"서울특별시 용산구 한강대로23길 55 , 9층(한강로3가)",02-2008-9114
9657,서울,은평구,방염업,합판목재류,주식회사 경도방재,양인동,3458,"서울특별시 은평구 응암로 369-1 (녹번동,경도빌딩)",02-355-7182
9658,서울,은평구,방염업,합판목재류,(주)에프엠코리아일일구,최광례,3302,"서울특별시 은평구 진관3로 32 , 제4층 402호(진관동, 은평뉴타운파크앤타워)",02-543-0119
9659,서울,종로구,방염업,합성수지류,명문소파,강화용,3017,"서울특별시 종로구 자하문로 302 , 지층(홍지동)",02-396-6481
9660,서울,중구,방염업,합성수지류,더플러스 쇼파,여승헌,4576,"서울특별시 중구 퇴계로83길 34-10 , 2층(황학동)",02-2254-3999
9661,서울,중구,방염업,합성수지류,제이피지,박석문,4555,서울특별시 중구 충무로 29 (초동),02-2277-9889
9662,서울,중구,방염업,합성수지류,태성가구,윤태승,4575,서울특별시 중구 마장로 102 (황학동),02-2237-4440
9663,서울,중구,방염업,합판목재류,(주)유니드비티플러스,한상준,4505,"서울특별시 중구 서소문로 50 , 6층(중림동, 센트럴플레이스)",02-3709-6612
9664,서울,중랑구,방염업,합판목재류,(주)국제씨앤에프,신재민,2086,서울특별시 중랑구 망우로 371  (상봉동) ,02-492-5119
9665,서울,중랑구,방염업,합판목재류,우성방재엔지니어링,박경환,2089,서울특별시 중랑구 상봉중앙로5가길 49 (중화동),02-3432-8840
9666,서울,중랑구,방염업,합판목재류,고려소방산업,이미경,2189,"서울특별시 중랑구 용마산로 436 , 2층(면목동, 겸재빌딩)",
9667,서울,중랑구,방염업,합판목재류,한일소방,이혜정,2031,"서울특별시 중랑구 숙선옹주로5길 28 , 1층(묵동)",02-971-1119
9668,서울,중랑구,방염업,합판목재류,대명소방방재산업,이진오,2176,"서울특별시 중랑구 망우로72길 46 , 1층(망우동)",02-2697-9124
9669,서울,중랑구,방염업,합판목재류,아는소방,배기웅,2076,"서울특별시 중랑구 봉화산로 194 , 3층 369-2014호(신내동, 신아타운)",
9670,서울,중랑구,방염업,합판목재류,고려소방산업,배기원,2189,서울특별시 중랑구 용마산로 436 (면목동),02-2244-4044
9671,부산,강서구,방염업,합판목재류,동승정밀화학,유수용,46742,부산광역시 강서구 과학산단1로60번길 31 (지사동) B1-206,051-941-8280
9672,부산,강서구,방염업,합성수지류,동진쇼파,지일수,46717,부산광역시 강서구 신포길 74 (명지동) .,051-973-8235
9673,부산,강서구,방염업,"섬유류,합성수지류",조일산업(주),박순정,46757,부산광역시 강서구 녹산산단290로 20 (송정동) .,051-831-6030
9674,부산,강서구,방염업,합판목재류,(주)코르크월드,오동국,46700,"부산광역시 강서구 대저중앙로 77 , 1층(대저1동)",070-4122-0013
9675,부산,강서구,방염업,합판목재류,지.에프.시(G.F.C),조현빈,46707,부산광역시 강서구 식만로 13-67 (죽림동),051-867-8860
9676,부산,강서구,방염업,합판목재류,주식회사 대영파이어테크,김종상,46702,"부산광역시 강서구 공항로1309번길 198-12 , 1층(대저1동)",
9677,부산,강서구,방염업,합성수지류,메이드소파,김종철,46702,부산광역시 강서구 대저중앙로 368 (대저1동),051-972-7888
9678,부산,금정구,방염업,합판목재류,(주)에스제이소방,장근실,46260,"부산광역시 금정구 회천로14번안길 21 (회동동, 대동아트빌라) A동102호",
9679,부산,금정구,방염업,합판목재류,해울소방방염,이경범,46206,부산광역시 금정구 체육공원로 539 (두구동) 1층,051-945-1119
9680,부산,금정구,방염업,합판목재류,애경씨앤씨,변재식,46284,부산광역시 금정구 금정로 114 (장전동) .,051-515-3203
9681,부산,금정구,방염업,합판목재류,(주)금정소방,조진호,46229,부산광역시 금정구 금강로 568 (구서동) 2층,051-514-0119
9682,부산,금정구,방염업,합판목재류,태화산업사,이봉원,46330,"부산광역시 금정구 개좌로 73 , 1층(금사동)",051-529-8428
9683,부산,금정구,방염업,합판목재류,대영방재,한대영,46201,"부산광역시 금정구 청룡예전로96번길 3 , 1층(청룡동)",051-642-0119
9684,부산,금정구,방염업,합판목재류,주식회사 국도방재,김무진,46299,부산광역시 금정구 금강로 175 (장전동) 3층,051-583-9321
9685,부산,금정구,방염업,합판목재류,주식회사 이도소방,박성진,46214,"부산광역시 금정구 금단로 202 ,2층(남산동, 한남빌딩)",051-714-3193
9686,부산,금정구,방염업,합판목재류,주식회사 나라에스앤에프,조진석,46217,"부산광역시 금정구 금샘로566번길 38-1 , 2층(남산동)",051-703-1599
9687,부산,기장군,방염업,합판목재류,태성이엔지,조지훈,46024,"부산광역시 기장군 정관읍 달산3길 7-6 , 303호",
9688,부산,기장군,방염업,합성수지류,주식회사 씨앤에스원,"윤다감,허지백",46006,부산광역시 기장군 정관읍 정관로 266 .,051-727-8599
9689,부산,남구,방염업,합판목재류,(주)동우소방,여연덕,48578,부산광역시 남구 용호로109번길 32 (용호동) 2층,051-627-6119
9690,부산,남구,방염업,합판목재류,유경산업,김봉주,48522,부산 남구 용호1동 40-25 번지,051-627-5881
9691,부산,남구,방염업,합성수지류,코리아쇼파가구,서경수,48457,"부산광역시 남구 수영로 80 ,지하1층 1호(문현동)",051-626-6666
9692,부산,남구,방염업,합판목재류,선진방재,박차근,48449,부산광역시 남구 진남로110번길 11 (대연동) 1층,051-635-3330
9693,부산,남구,방염업,합성수지류,미노티가구,김영환,48457,부산광역시 남구 수영로 62 (문현동) .,051-637-0923
9694,부산,남구,방염업,합판목재류,강남소방,노승원,48500,"부산광역시 남구 수영로266번길 93 (대연동, 골드빌) 1층 일부",051-626-6119
9695,부산,남구,방염업,합성수지류,한국쇼파,변재현,48450,부산광역시 남구 진남로 94 (대연동) .,051-633-4900
9696,부산,남구,방염업,합판목재류,한성방염,정재중,48549,"부산광역시 남구 양지골로 152 (감만동, 유창그린) 5동1-1",051-865-7119
9697,부산,남구,방염업,합판목재류,(주)동광소방,김기용,48410,부산광역시 남구 고동골로59번길 52-10 (문현동),051-553-3119
9698,부산,남구,방염업,합성수지류,금보디자인쇼파,전학일,48482,부산광역시 남구 유엔로38번길 9 (우암동) 1층,051-633-4703
9699,부산,남구,방염업,합판목재류,주식회사 윤성,한호진,48557,"부산광역시 남구 무민사로 13 , 1009호(감만동, 판테라오피스텔)",051-639-5119
9700,부산,동구,방염업,합판목재류,백운방재,하상훈,48772,부산광역시 동구 진성로36번길 1 (좌천동) 3층,051-632-1119
9701,부산,동구,방염업,합성수지류,에이엔지 소파가구 천갈이,정은선,48726,부산광역시 동구 중앙대로 498 (범일동),051-637-0923
9702,부산,동래구,방염업,합성수지류,동명가구,김세진,47869,"부산광역시 동래구 쇠미로 203 1동(온천동, 레드베릴)",051-553-8221
9703,부산,동래구,방염업,합판목재류,무비소방,여성규,47712,부산광역시 동래구 온천장로 59 (온천동) .,051-557-4119
9704,부산,동래구,방염업,합판목재류,주식회사 우정기술단,이해원,47754,부산광역시 동래구 충렬사로 36 (안락동) .,051-911-7119
9705,부산,동래구,방염업,합성수지류,드림쇼파,변형준,47905,부산광역시 동래구 연안로74번길 39 (안락동) .,051-524-1222
9706,부산,동래구,방염업,합판목재류,(주)금화소방,정왕헌,47889,부산광역시 동래구 안연로110번길 41 (안락동),051-441-1192
9707,부산,동래구,방염업,합판목재류,소방과사람들,양만호,47901,부산광역시 동래구 안연로 60 (안락동) 4층,
9708,부산,동래구,방염업,합성수지류,해성이젠쇼파,김용석,47749,부산광역시 동래구 시실로 110 (명장동),051-753-4922
9709,부산,부산진구,방염업,합판목재류,(주)가가이엔지,"김호협,장광회",47127,부산광역시 부산진구 새싹로210번길 6-16 (초읍동) .,051-643-6119
9710,부산,부산진구,방염업,합판목재류,(주)알에이오엔,정현우,47138,"부산광역시 부산진구 동평로127번길 97 , 1층 101호(부암동)",051-942-6061
9711,부산,부산진구,방염업,합판목재류,부경ENG,박종윤,47247,부산광역시 부산진구 동천로 116 (전포동) 지하1층 102호,051-503-5119
9712,부산,부산진구,방염업,합판목재류,(주)우창소방,김은숙,47136,부산광역시 부산진구 당감로 98 (부암동),051-808-1195
9713,부산,부산진구,방염업,합판목재류,예원디앤이,유창호,47261,부산광역시 부산진구 신천대로197번길 7 (당감동) .,051-895-3778
9714,부산,부산진구,방염업,합성수지류,환쇼파,김호숙,47277,부산광역시 부산진구 가야대로 692 (범천동) .,051-809-0513
9715,부산,부산진구,방염업,합판목재류,대동소방방염,서창식,47311,부산광역시 부산진구 진남로356번길 38 (전포동),051-904-9119
9716,부산,부산진구,방염업,합판목재류,중원방재ENG,한명애,47330,부산광역시 부산진구 가야대로572번길 39 (가야동),051-928-1119
9717,부산,부산진구,방염업,합성수지류,한가구 의자,염종환,47277,부산광역시 부산진구 가야대로 692 (범천동) .,
9718,부산,부산진구,방염업,합판목재류,(주)경남소방공사,서병만,47163,"부산광역시 부산진구 백양관문로 105-32 , 상가1동 상가104호(당감동, 당감동일스위트)",051-867-4302
9719,부산,북구,방염업,합판목재류,세일소방,김동건,46595,부산광역시 북구 모분재로15번길 35 (구포동),051-000-0000
9720,부산,북구,방염업,합판목재류,정암방염,이재우,46630,부산광역시 북구 시랑로 10-2 (구포동) 4층,051-333-6119
9721,부산,사상구,방염업,합판목재류,(주)근우이앤지,정영훈,47017,부산광역시 사상구 주례로 147 (주례동),051-893-7119
9722,부산,사상구,방염업,합판목재류,(주)유일소방기술,이정태,46959,"부산광역시 사상구 백양대로 667  (괘법동, 카멜롯레드) 1층 102호",051-311-3119
9723,부산,사상구,방염업,합판목재류,(주)남경이엔지,김경숙,47016,"부산광역시 사상구 동주로 6-7 (주례동, 남경빌딩) .",051-317-3119
9724,부산,사상구,방염업,합판목재류,디에스방재산업,이동성,47029,"부산광역시 사상구 낙동대로 910 (감전동, 마트월드) 비123호",051-310-1478
9725,부산,사상구,방염업,합판목재류,신우소방,손정숙,47039,"부산광역시 사상구 낙동대로776번길 34 (엄궁동, 뉴 청송) 302호",051-312-7119
9726,부산,사상구,방염업,합판목재류,성원이엔지,하치호,46958,부산광역시 사상구 백양대로 662 (괘법동) .,051-313-1194
9727,부산,사상구,방염업,합성수지류,대동의자,이현이,47021,부산광역시 사상구 가야대로176번길 13-20 (학장동),051-631-8883
9728,부산,사상구,방염업,"합성수지류,합판목재류",(주)오상엠엔이티,유삼주,47019,부산광역시 사상구 대동로223번길 51 (학장동),051-623-0268
9729,부산,사상구,방염업,합판목재류,새광일 소방,박차심,47010,"부산광역시 사상구 진사로36번길 41 ,101호(주례동, 대성빌)",051-902-1191
9730,부산,사하구,방염업,합판목재류,주식회사 엠케이소방,정호영,49493,부산광역시 사하구 다대로530번길 31 (다대동) .,051-959-1119
9731,부산,사하구,방염업,합성수지류,서울쇼파,송성원,49461,부산광역시 사하구 두송로195번길 41 (구평동) 2층,
9732,부산,사하구,방염업,합성수지류,반석쇼파,김한철,49512,부산광역시 사하구 두송로146번길 26 (구평동) .,
9733,부산,사하구,방염업,합판목재류,동양특수목재(주),이상률,49511,부산광역시 사하구 다대로 351-1 (장림동) .,051-262-5555
9734,부산,사하구,방염업,합판목재류,다도방재,김홍철,49393,"부산광역시 사하구 다대로 109 , 상가동 2층 206호(신평동, 신평한성임호아파트)",051-264-6119
9735,부산,사하구,방염업,섬유류,경은산업(주),이성근,49432,부산광역시 사하구 하신번영로127번길 11 (신평동) .,051-207-9985
9736,부산,사하구,방염업,합판목재류,성창기업(주),조재민,49526,부산광역시 사하구 다대로 627 (다대동) .,051-260-3333
9737,부산,사하구,방염업,합성수지류,이레쇼파,설동현,49512,부산광역시 사하구 두송로146번길 18 (구평동) .,051-262-7877
9738,부산,사하구,방염업,합판목재류,부산방재,최정숙,49347,부산광역시 사하구 까치고개로20번길 15 (괴정동) 3층,
9739,부산,사하구,방염업,합판목재류,시민방염,김경미,49418,"부산광역시 사하구 장평로 311 , 9동 202호 상가(신평동, 신평삼익아파트)",
9740,부산,서구,방염업,합판목재류,일일구시스템,정성훈,49224,부산광역시 서구 까치고개로233번길 8 (토성동2가) .,051-253-2119
9741,부산,서구,방염업,합판목재류,삼미방염,김소영,49246,"부산광역시 서구 구덕로134번길 34-2 , 1층(토성동5가)",
9742,부산,서구,방염업,합성수지류,학이쇼파,배학이,49242,부산광역시 서구 까치고개로108번길 34 (아미동2가),051-207-8943
9743,부산,수영구,방염업,합판목재류,용우산업개발,김민재,48267,"부산광역시 수영구 수영로 668 (광안동, 화목오피스텔) 609호",051-761-2119
9744,부산,수영구,방염업,합판목재류,(주)창대이엔지,이현정,48233,부산광역시 수영구 연수로252번길 25 (망미동),051-542-5119
9745,부산,수영구,방염업,합성수지류,진승퍼니쳐,이재학,613-801,"부산광역시 수영구 감포로 47 지하1호(광안동, 부흥맨션 1차)",051-753-7247
9746,부산,수영구,방염업,합성수지류,가인쇼파,김영오,48208,부산광역시 수영구 연수로 285 (망미동) .,051-753-1223
9747,부산,수영구,방염업,합성수지류,영 인테리어가구,김영범,48220,부산광역시 수영구 좌수영로83번길 14 (수영동) .,051-757-8537
9748,부산,수영구,방염업,합판목재류,신세계소방방염,문진효,48218,"부산광역시 수영구 망미번영로55번길 108 (망미동, 현대망미아파트) 상가동4호",051-757-9119
9749,부산,수영구,방염업,합판목재류,아람치,김준현,48214,"부산광역시 수영구 구락로 120 , 가동 306호(망미동, 산정아파트)",
9750,부산,연제구,방염업,합판목재류,(주)조은방재기술단,장재명,47544,"부산광역시 연제구 거제시장로22번길 5  비 101호, 비 102호(거제동, 희망센트럴뷰)",051-852-1190
9751,부산,연제구,방염업,합판목재류,이에스종합기술단,김용배,47504,"부산광역시 연제구 중앙대로 1249-1 , 3층(거제동)",051-506-8177
9752,부산,연제구,방염업,합판목재류,(주)송림드리움,김한술,47555,부산광역시 연제구 고분로 119 (연산동) .,051-862-8170
9753,부산,연제구,방염업,합판목재류,현대소방,이원용,47564,"부산광역시 연제구 과정로276번길 28 , B-101호(연산동, 연천시장)",
9754,부산,연제구,방염업,합성수지류,(주)고려폴리머,조정환,47547,부산광역시 연제구 거제대로 120 (거제동) .,051-644-8877
9755,부산,연제구,방염업,합판목재류,(주)한국비앤에스ENG,김남걸,47559,부산광역시 연제구 과정로348번길 50 202호(연산동),
9756,부산,연제구,방염업,합판목재류,대한에이스원 주식회사,이이섭,47559,"부산광역시 연제구 과정로348번길 50 , 202호(연산동, 연신빌딩)",
9757,부산,영도구,방염업,합판목재류,주식회사 씨에프이엔지,"김가령,김윤환",49126,"부산광역시 영도구 감지길91번길 8-2 , 1층 (동삼동)",
9758,부산,해운대구,방염업,합판목재류,(주)고려소방,김명수,48051,부산광역시 해운대구 해운대로61번길 32 (재송동) .,051-782-7119
9759,부산,해운대구,방염업,합성수지류,웰리브 가구쇼파,김원석,48053,"부산광역시 해운대구 재송2로28번길 14 , 지하(재송동)",
9760,대구,군위군,방염업,섬유류,(주)보광산자,최말순,43123,대구광역시 군위군 군위읍 군위공단길 191 .,054-383-6090
9761,대구,군위군,방염업,합성수지류,주식회사 대원그린,김민석,43133,대구광역시 군위군 효령면 구효령길 29 .,054-382-2268
9762,대구,남구,방염업,합판목재류,대구종합도료방염,김기수,42429,대구광역시 남구 중앙대로32길 122-2 (봉덕동),053-743-4600
9763,대구,달서구,방염업,합판목재류,거성소방,최현미,42606,"대구광역시 달서구 새방로 23-30 , 302호 (용산동)",053-939-7119
9764,대구,달서구,방염업,섬유류,대한미디어(주),김문기,42702,대구광역시 달서구 달구벌대로240길 73 (신당동),053-585-9194
9765,대구,달서구,방염업,합판목재류,고려소방,최해원,42607,대구광역시 달서구 선원로53안길 22 (용산동),053-592-8119
9766,대구,달서구,방염업,섬유류,(주)티피엠,이상기,42718,대구광역시 달서구 성서공단남로10길 20 (대천동),053-555-0488
9767,대구,달서구,방염업,섬유류,대한방염특수가공,김찬임,42697,대구광역시 달서구 성서공단북로65길 16 (갈산동),053-583-1067
9768,대구,달서구,방염업,합판목재류,동서소방전기,이춘수,42669,대구광역시 달서구 성당로39길 50 (성당동),
9769,대구,달서구,방염업,섬유류,주식회사 엔비글로벌,이애숙,42720,대구광역시 달서구 성서로 37 (대천동),053-591-7706
9770,대구,달서구,방염업,합판목재류,(주)오월의햇살,조안용,42699,대구광역시 달서구 문화회관6길 26 (장기동),053-551-4900
9771,대구,달서구,방염업,합성수지류,대경CIC,차병근,42720,대구광역시 달서구 성서로5길 39 (대천동),053-582-6963
9772,대구,달성군,방염업,섬유류,(주)티앤지코리아,김석열,43011,대구광역시 달성군 구지면 달성2차서로 58 .,053-616-8411
9773,대구,달성군,방염업,섬유류,동원산자,이성만,42968,대구광역시 달성군 논공읍 비슬로373길 1 (금포리),053-615-9791
9774,대구,달성군,방염업,합판목재류,일성합판(주),"이상경,이삼우",42983,대구광역시 달성군 논공읍 논공중앙로54길 8 .,053-615-1040
9775,대구,달성군,방염업,섬유류,(주)빛과창,박재우,42993,대구광역시 달성군 유가면 테크노중앙대로2길 30 (유곡리),053-617-6178
9776,대구,달성군,방염업,합판목재류,나라소방방재(주),손현규,42936,"대구광역시 달성군 가창면 가창로 1047 , 2층",053-784-0119
9777,대구,달성군,방염업,합판목재류,(주)삼동하우징,권삼봉,42929,대구광역시 달성군 다사읍 서재로7길 77 .,053-585-9174
9778,대구,달성군,방염업,섬유류,태영방염특수가공,김윤호,42983,대구광역시 달성군 논공읍 논공중앙로52길 21 .,053-615-5277
9779,대구,동구,방염업,합판목재류,에프엠119,주덕호,41068,"대구광역시 동구 이노밸리로54길 11-6 ,1 층(신서동)",053-474-7119
9780,대구,동구,방염업,합판목재류,주식회사 스페이스,이창우,41064,대구광역시 동구 이노밸리로 89 (각산동),053-555-1448
9781,대구,동구,방염업,합판목재류,주식회사 풍림소방,권성은,41155,"대구광역시 동구 동촌로 62 , 2층(검사동)",053-939-6119
9782,대구,북구,방염업,합판목재류,지이월드,정성한,41447,"대구광역시 북구 관음중앙로 6 , 101동 110호(관음동, 서한맨션)",053-651-4532
9783,대구,북구,방염업,합판목재류,종합도료마트,배진옥,41555,대구광역시 북구 노원로 120 (노원동3가),053-354-4213
9784,대구,북구,방염업,합판목재류,대영소방기술(주),권성호,41477,"대구광역시 북구 망월길 20-1 (서변동,2층)",053-951-2597
9785,대구,북구,방염업,합판목재류,대은소방,곽대현,41474,대구광역시 북구 호국로 303 (서변동),053-956-0852
9786,대구,북구,방염업,합판목재류,진솔디앤디,강태수,41444,대구광역시 북구 관음동로9길 21-7 (관음동),053-324-7704
9787,대구,북구,방염업,합성수지류,썬아이엔디,임윤정,41498,대구광역시 북구 3공단로 37 (노원동3가),053-357-3855
9788,대구,북구,방염업,합성수지류,삼원산업,이동원,41510,"대구광역시 북구 검단로31길 66-6 , 14동(검단동)",053-384-9876
9789,대구,서구,방염업,섬유류,제라주식회사,신장희,41758,대구광역시 서구 문화로23길 13 (이현동),053-556-9700
9790,대구,서구,방염업,섬유류,(주)이주,이창석,41708,대구광역시 서구 염색공단중앙로12길 33 (비산동),053-357-5210
9791,대구,서구,방염업,섬유류,(주)나경,차윤근,41845,대구광역시 서구 평리로29길 21 (중리동),053-581-7101
9792,대구,서구,방염업,섬유류,삼호특수가공,권선화,41753,대구광역시 서구 국채보상로7길 48 (이현동),053-554-4520
9793,대구,서구,방염업,합판목재류,극동방염소방,김한철,41818,"대구광역시 서구 국채보상로68길 2 (평리동, 2층)",053-571-0582
9794,대구,서구,방염업,"합성수지류,합판목재류",주식회사 대성도어몰딩,이태수,41758,대구광역시 서구 문화로23길 29 (이현동),053-557-8750
9795,대구,서구,방염업,합판목재류,한솔블라인드,최희욱,41757,대구광역시 서구 와룡로100길 17 (이현동),053-427-7845
9796,대구,서구,방염업,"합성수지류,합판목재류",(주)한솔아이엠비,조상인,41841,대구광역시 서구 국채보상로 100 (중리동),053-522-2033
9797,대구,서구,방염업,합판목재류,미더스,김효정,41759,대구광역시 서구 와룡로 424 (이현동),053-551-4800
9798,대구,서구,방염업,섬유류,(주)고려텍스,정인식,41703,대구광역시 서구 염색공단중앙로22길 37 (비산동),053-352-3900
9799,대구,서구,방염업,"섬유류,합판목재류",창문애아트블라인드,김일서,41845,대구광역시 서구 와룡로66길 44 (중리동),053-525-4096
9800,대구,서구,방염업,섬유류,주식회사 대웅에프엔티(F.N.T),박형규,41841,대구광역시 서구 국채보상로20길 14 (중리동),053-521-6100
9801,대구,수성구,방염업,합판목재류,(주)제일소방방재,김국일,42200,"대구광역시 수성구 범안로 93 , 103호(범물동)",053-292-9119
9802,대구,수성구,방염업,합성수지류,(주)칼라풀,정한일,42145,대구광역시 수성구 희망로 170 (황금동),053-764-3301
9803,대구,수성구,방염업,합판목재류,무계소방.방염,김기홍,42181,"대구광역시 수성구 청호로46길 7 , 3층(황금동)",053-745-0119
9804,대구,수성구,방염업,합성수지류,공간건축인테리어,박동준,42135,"대구광역시 수성구 희망로 117 (중동, 1,2층)",053-765-6344
9805,대구,수성구,방염업,합성수지류,주식회사 신태양,라상혁,42162,대구광역시 수성구 들안로 109 (상동),053-763-4772
9806,대구,중구,방염업,합판목재류,(주)로타리소방,김재일,41905,대구광역시 중구 동덕로 198-14 (동인동1가),053-422-5119
9807,대구,중구,방염업,합판목재류,경신방염소방공사,이창호,41917,대구광역시 중구 북성로 79 (북성로1가),053-255-1700
9808,인천,계양구,방염업,합판목재류,엘리트,김정인,21052,인천광역시 계양구 계산천동로 37-1 (계산동) 3층,032-541-0895
9809,인천,계양구,방염업,합판목재류,(주)정평이앤씨,김경진,21031,"인천광역시 계양구 장제로 851 , 5층(임학동)",032-547-7119
9810,인천,계양구,방염업,합판목재류,주식회사 두힘,황병우,21060,"인천광역시 계양구 계산새로65번길 15 ,4층 401호(계산동, 서협빌딩)",032-584-1119
9811,인천,남동구,방염업,합판목재류,(주)인천방재,최정식,21588,"인천광역시 남동구 호구포로 746  (구월동,승희빌딩)5층",032-461-2271
9812,인천,남동구,방염업,합판목재류,진양소방공사,김수환,21563,인천 남동구 구월동 1223-17 번지,032-466-6964
9813,인천,남동구,방염업,"합성수지류,합판목재류",대신메라민산업(주),"김원환,김한준",21689,인천광역시 남동구 호구포로14번길 106 (고잔동),032-815-5701
9814,인천,남동구,방염업,합성수지류,영림산업(주),황복현,21688,인천광역시 남동구 앵고개로 584 (고잔동),032-812-5500
9815,인천,남동구,방염업,"합성수지류,합판목재류",(주)예림임업,전용진,21686,인천광역시 남동구 논현고잔로135번길 29 (고잔동),032-584-1004
9816,인천,남동구,방염업,합성수지류,(주)메라톤,성지용,21697,인천광역시 남동구 남동대로79번길 54 (고잔동),032-811-8620
9817,인천,남동구,방염업,합성수지류,(주)선우필름,한종구,21644,인천광역시 남동구 남동동로198번길 25 (고잔동),032-433-2241
9818,인천,남동구,방염업,합성수지류,(주)두일우드텍,강산,21699,"인천광역시 남동구 승기천로 8 , 132블럭 2롯트(고잔동)",032-812-0852
9819,인천,남동구,방염업,합판목재류,(주)칼라피아,방병철,21644,"인천광역시 남동구 청능대로409번길 38 (고잔동, 남동공단)",032-814-5704
9820,인천,남동구,방염업,합판목재류,(주)인목,석정기,21630,"인천광역시 남동구 남동서로330번길 34 (남촌동,남동공단)",032-819-2440
9821,인천,남동구,방염업,합판목재류,다인소방,한진희,21507,인천광역시 남동구 경인로599번길 22 (간석동),0707-658-3119
9822,인천,남동구,방염업,합판목재류,청원산업,김칠원,21699,"인천광역시 남동구 능허대로595번길 43 (고잔동,남동공단134B2L)",032-814-2944
9823,인천,남동구,방염업,합판목재류,영림임업(주),황복현,21693,인천광역시 남동구 호구포로 9 (고잔동),032-818-8800
9824,인천,남동구,방염업,합판목재류,광명방재,이경춘,21529,인천광역시 남동구 인수북로14번길 4 (만수동),032-466-8939
9825,인천,남동구,방염업,합성수지류,(주)두원필름,김기철,21686,"인천광역시 남동구 논현고잔로135번길 29 , 제3동(고잔동)",032-819-1488
9826,인천,남동구,방염업,합판목재류,주식회사 동일소방,정일훈,21596,"인천광역시 남동구 담방로 29 , 상가동 306호(만수동)",032-472-8119
9827,인천,남동구,방염업,합성수지류,주식회사 일성켐,김두환,21638,인천광역시 남동구 남동대로 350 (남촌동),032-516-4440
9828,인천,남동구,방염업,합성수지류,바우디자인,김준현,21593,"인천광역시 남동구 담방로60번길 11 , 외 1필지(만수동)",
9829,인천,남동구,방염업,합판목재류,(주)피앤알,이용규,21693,인천광역시 남동구 남동동로 18 (고잔동),032-815-1587
9830,인천,남동구,방염업,합성수지류,서광쇼파,강정식,21515,"인천광역시 남동구 만월로 42-7 , 2층(간석동)",032-868-1767
9831,인천,남동구,방염업,합성수지류,원쇼파,손지원,21686,"인천광역시 남동구 논현고잔로109번길 106 , 201호(고잔동, 성강 G TOOLS)",032-565-8957
9832,인천,미추홀구,방염업,"섬유류,합성수지류",디자인지니,김성재,22239,인천광역시 미추홀구 인하로 389  1층 (주안동),032-434-2024
9833,인천,미추홀구,방염업,합판목재류,명성방재산업,김민준,22148,"인천광역시 미추홀구 경인로 392 , 2층 45호(주안동, 경인상가)",070-4575-9119
9834,인천,미추홀구,방염업,합성수지류,백송가구,양계원,22170,"인천광역시 미추홀구 경인로 17 (숭의동,지하)",
9835,인천,부평구,방염업,합판목재류,대우소방(주),윤수헌,21316,인천광역시 부평구 부평대로 298 (갈산동),032-502-0119
9836,인천,부평구,방염업,합판목재류,(주)중앙소방이앤지,김정섭,21316,인천광역시 부평구 부평대로 296 (갈산동 158),032-503-0119
9837,인천,부평구,방염업,합성수지류,용쇼파,원재영,21455,인천광역시 부평구 정석로 4-6 (십정동),032-425-0429
9838,인천,부평구,방염업,합성수지류,모던쇼파,이원환,21398,"인천광역시 부평구 부평문화로 217 , 1층 점포CU매장 일부 및 2층(부개동)",032-503-7056
9839,인천,서구,방염업,합판목재류,(주)한국소방엔지니어링,"권혁진,권순도",22636,"인천광역시 서구 완정로 163  (왕길동,트리플타워)12층",032-548-1193
9840,인천,서구,방염업,합성수지류,(주)트러스,문호섭,404-300,인천광역시 서구 오류동 검단일반산업단지 4블럭 9롯트,032-563-5980
9841,인천,서구,방염업,합성수지류,에스앤에이치에리자(주),"임백운,이윤주",22606,인천광역시 서구 봉수대로1568번길 7-6 (금곡동),032-568-0305
9842,인천,서구,방염업,합판목재류,(주)우딘,강원선,22769,인천광역시 서구 북항로 54 (원창동),032-578-8641
9843,인천,서구,방염업,합판목재류,동화기업(주),김홍진,22835,인천광역시 서구 가정로97번길 28 (가좌동),032-580-5224
9844,인천,서구,방염업,합판목재류,(주)대현목재,남궁원,22857,인천광역시 서구 북항로363번길 27 (원창동),032-577-7667
9845,인천,서구,방염업,합판목재류,(주)포레스코,정연원,22831,인천광역시 서구 봉수대로 212 (가좌동),032-584-9800
9846,인천,서구,방염업,합판목재류,(주)씨알,정의미,22840,인천광역시 서구 봉수대로 206 나동 1층(가좌동),032-715-5529
9847,인천,서구,방염업,합판목재류,주식회사 에이스홈데코,최순진,22756,인천광역시 서구 로봇랜드로249번길 46-19 (경서동) .,032-814-2223
9848,인천,서구,방염업,합판목재류,에코리빙 주식회사,방석철,22840,인천광역시 서구 봉수대로170번길 18 (가좌동),032-583-4412
9849,인천,서구,방염업,합판목재류,(주)광휘,박종필,22840,인천광역시 서구 봉수대로162번길 11 (가좌동),032-572-4615
9850,인천,서구,방염업,합판목재류,청림,김광호,22604,인천광역시 서구 신동안길 6-22 (금곡동),1661-4271
9851,인천,서구,방염업,합판목재류,(주)코보텍,김재현,22839,"인천광역시 서구 백범로 838 , 3동 (가좌동)",032-578-2607
9852,인천,서구,방염업,합판목재류,(주)한림홈우드,이승익,22853,인천광역시 서구 북항로 100 (원창동),032-765-4101
9853,인천,서구,방염업,합판목재류,우림,현지영,22840,"인천광역시 서구 봉수대로162번길 11 (가좌동, (주)광휘)",032-572-4615
9854,인천,서구,방염업,합성수지류,(주)진영,심영수,22666,인천광역시 서구 마중로 129 (오류동),032-562-1924
9855,인천,서구,방염업,합판목재류,(주)티에스디자인 인천지점,김성진,22856,인천광역시 서구 북항로193번길 3 (원창동),032-583-8806
9856,인천,서구,방염업,합판목재류,(주)인트로방염 에이알지점,안윤호,22666,인천광역시 서구 도담로 2 (오류동),032-584-1073
9857,인천,서구,방염업,합판목재류,주식회사 라움,"이진석,이현철",22846,인천광역시 서구 백범로 978 (가좌동),032-572-2608
9858,인천,서구,방염업,합판목재류,(주)푸르다산림조경,남궁수현,22853,인천광역시 서구 북항로 106 (원창동),032-765-8889
9859,인천,서구,방염업,합성수지류,우주웰보드(주),이상식,22773,인천광역시 서구 건지로97번길 6 (석남동),032-578-4826
9860,인천,서구,방염업,합판목재류,한미르 주식회사,한승우,22667,인천광역시 서구 도담로 190 (오류동),02-2648-0203
9861,인천,서구,방염업,합판목재류,(주)성지라미텍,최동현,22769,인천광역시 서구 건지로 43 (석남동),032-572-1800
9862,인천,서구,방염업,합판목재류,마이룸소방,박영순,22727,"인천광역시 서구 탁옥로 30 , 4층 일부(심곡동,소망빌딩)",
9863,인천,서구,방염업,합판목재류,호건방재산업,조신애,22666,인천광역시 서구 도담로 5 (오류동),032-576-8161
9864,인천,서구,방염업,합판목재류,건창기업(주),이우로,22667,인천광역시 서구 도담5로 69 (오류동),032-813-8070
9865,인천,연수구,방염업,합판목재류,(주)에스케이방재산업,박용태,21907,인천광역시 연수구 예술로22번길 20 1층 102호(선학동),032-508-8119
9866,인천,중구,방염업,합성수지류,코리아가구,이광현,22318,인천광역시 중구 참외전로152번길 4 (경동),
9867,인천,중구,방염업,합판목재류,주식회사 매쉬플러스,오태국,22350,"인천광역시 중구 연안부두로107번길 29 ,31,33(항동7가)",032-428-5311
9868,인천,중구,방염업,합판목재류,주식회사 선앤엘,이윤규,22300,인천광역시 중구 월미로 96 (북성동1가),032-770-3000
9869,인천,중구,방염업,합판목재류,인천소방공사,전의종,22327,인천광역시 중구 샛골로9번길 46 (도원동),032-883-6905
9870,인천,중구,방염업,합성수지류,대신쇼파,방준호,22318,"인천광역시 중구 참외전로152번길 3 , 1층(경동)",
9871,광주,광산구,방염업,합성수지류,엘지,박철만,62445,광주광역시 광산구 송도로 176 (도산동),062-942-5958
9872,광주,광산구,방염업,합성수지류,용성소파,이용주,62294,광주광역시 광산구 북문대로 363-125 (신창동),062-954-5056
9873,광주,광산구,방염업,합판목재류,삼성방재,차성호,62238,"광주광역시 광산구 비아로 185 , 101동 상가 지하 101호(비아동, 호반아파트)",062-515-0119
9874,광주,광산구,방염업,합성수지류,장의자,장기영,62455,광주광역시 광산구 동곡신기길 38 (요기동),
9875,광주,광산구,방염업,합판목재류,거북개발,양명열,62447,광주광역시 광산구 송도로 114 (도산동),062-365-4119
9876,광주,북구,방염업,합판목재류,신성방염,유용상,61177,광주광역시 북구 고운로5번길 10-2 (용봉동),062-511-2318
9877,광주,북구,방염업,섬유류,카본텍(주),김동철,61007,광주광역시 북구 첨단벤처소로62번길 20-6 (월출동),062-955-1607
9878,광주,북구,방염업,합성수지류,21세기쇼파공장,강춘기,61021,광주광역시 북구 본촌택지로30번길 8-3 (본촌동),062-943-3378
9879,광주,북구,방염업,합성수지류,디자인쇼파가구,김화선,61070,광주광역시 북구 양일로 155 (양산동),062-575-4937
9880,광주,북구,방염업,합판목재류,인트로 방재산업,손기철,61655,"광주광역시 남구 난지실1길 19 , 지하1층(백운동)",
9881,광주,북구,방염업,합판목재류,하나방재,김향수,61239,광주광역시 북구 경열로212번길 15 (유동),062-526-0888
9882,광주,북구,방염업,합성수지류,황실의자,강춘남,61191,광주광역시 북구 감적길 51-4 (우산동),062-262-5409
9883,광주,북구,방염업,합성수지류,엘지쇼파공장,이오경,61027,광주광역시 북구 본촌마을길 85-3 (본촌동),062-381-9134
9884,광주,북구,방염업,합판목재류,주식회사 유현이엔지,선현종,61114,광주광역시 북구 운용로 33 (운암동),062-511-4597
9885,광주,북구,방염업,합판목재류,광주소방,김민숙,61011,"광주광역시 북구 첨단과기로208번길 43-22 ,FA동 18층 1803호(오룡동,와이어스파크(지식산업센터))",062-959-9111
9886,광주,서구,방염업,합성수지류,(주)창조기업,김성한,62076,광주광역시 서구 눌재로 576-2 (벽진동),062-375-4557
9887,광주,서구,방염업,합판목재류,(주)금강이엔지,강유구,61965,"광주광역시 서구 운천로204번길 10 ,3층(쌍촌동,금호빌딩)",062-454-0119
9888,광주,서구,방염업,합성수지류,주식회사 포인트기획,배홍,61917,광주광역시 서구 죽봉대로132번길 2 (광천동),062-526-1122
9889,대전,대덕구,방염업,합판목재류,대림방염,이건형,34433,대전광역시 대덕구 옛신탄진로 147 (오정동),042-586-8895
9890,대전,대덕구,방염업,"합성수지류,합판목재류",미모아가구,전상원,34372,대전광역시 대덕구 대화1길 5 (대화동),042-621-9880
9891,대전,대덕구,방염업,합판목재류,삼성방재,김동헌,34368,"대전광역시 대덕구 대화로 160 , 8동 219호(대화동, 공구상가)",042-670-6949
9892,대전,대덕구,방염업,섬유류,효성첨단소재(주) 대전공장,조용수,34302,대전광역시 대덕구 문평서로18번길 90 (문평동),042-932-6187
9893,대전,대덕구,방염업,합판목재류,(주)예원아트,황정진,34434,"대전광역시 대덕구 대전로 1091 ,가동 2층 1호(오정동)",042-673-7178
9894,대전,동구,방염업,합판목재류,(주)가나소방방염공사,배영규,34565,대전광역시 동구 동서대로1493번길 69 (삼성동),042-525-5658
9895,대전,동구,방염업,합판목재류,보성방염,김영선,34571,대전광역시 동구 태전로123번길 1 (삼성동) .,042-673-7119
9896,대전,동구,방염업,합판목재류,이케이기업 주식회사,김광선,34712,대전광역시 동구 하소로 4 (하소동),042-636-3457
9897,대전,서구,방염업,합판목재류,대전방염,이재현,35231,"대전광역시 서구 신갈마로 226 , 108호(갈마동)",042-532-7119
9898,대전,서구,방염업,"합성수지류,합판목재류",예지쇼파공장,이준우,35263,대전광역시 서구 도솔로 403-1 (탄방동),042-489-0355
9899,대전,서구,방염업,합판목재류,현대방염,최문수,35339,"대전광역시 서구 도솔6길 53 ,101호(도마동)",042-522-7119
9900,대전,서구,방염업,합판목재류,주식회사 성일소방산업,육성일,35361,"대전광역시 서구 봉우로56번길 15-18 , 101호(관저동)",042-623-0119
9901,대전,유성구,방염업,합판목재류,럼버원랩스(주),박순,34134,대전광역시 유성구 대학로 99 (궁동) 산학연 교육연구관 별관 315호,042-716-5099
9902,대전,중구,방염업,"합성수지류,합판목재류",삼화쇼파,황영수,34804,"대전광역시 중구 대종로 652-1 , 1층(중촌동)",042-271-2003
9903,세종,세종시,방염업,"합성수지류,합판목재류",주식회사 노이즈엑스 (Noise-X),,30084,"세종특별자치시 금남면 도암영곡길 233 , 주건축물제2동",
9904,울산,남구,방염업,합판목재류,(주)나도이앤씨,이명건,44635,울산광역시 남구 삼호로37번길 8-3 (),052-225-2119
9905,울산,남구,방염업,합성수지류,(주)엘에스켐,임종두,44778,울산광역시 남구 여천로 213 (여천동) .,052-272-9500
9906,울산,남구,방염업,합판목재류,CL엔지니어링,최병길,44689,울산광역시 남구 중앙로204번길 28 (신정동),052-261-3119
9907,울산,울주군,방염업,합판목재류,(주)진보,김학중,44938,울산광역시 울주군 읍성로 145 (),052-243-1119
9908,울산,울주군,방염업,합성수지류,(주)엘엑스하우시스,한명호,44969,울산광역시 울주군 온양읍 덕망로 275 .,052-231-4072
9909,울산,울주군,방염업,합판목재류,(주)주원우드,이승기,44962,울산광역시 울주군 웅촌면 당고개1길 18 .,052-269-1885
9910,울산,중구,방염업,합판목재류,FM코리아119,이정희,44435,울산광역시 중구 태화로 101  (태화동) 2층,052-247-7119
9911,울산,중구,방염업,합판목재류,하나엔지니어링,정진학,44505,"울산광역시 중구 내황7길 71 (반구동, 해븐에이레네) 201호",052-292-0711
9912,울산,중구,방염업,합판목재류,(주)119마트,박찬동,44507,울산광역시 중구 해오름3길 36  (남외동) ,052-294-9119
9913,울산,중구,방염업,합성수지류,강남쇼파,김병근,44518,울산광역시 중구 학성1길 54 (학성동) (107호),052-291-2086
9914,경기(남),광명시,방염업,합판목재류,(주)거산이앤지,"이용철,이경화",14322,"경기도 광명시 소하로 190 , 에이동 1206, 1210, 1211, 1212, 1213, 1214, 1215, 1216호(소하동, 광명지타워)",02-846-3119
9915,경기(남),광주시,방염업,합판목재류,라인비엔텍(주),성복희,12744,경기도 광주시 중앙로175번길 4 (송정동),031-765-2565
9916,경기(남),광주시,방염업,합판목재류,(주)에코누리,최대규,12816,경기도 광주시 도척면 도척윗로 702-85 (),031-769-4693
9917,경기(남),광주시,방염업,합판목재류,백두산업,김형남,12782,경기도 광주시 고불로229번길 33-23 (태전동),031-765-2100
9918,경기(남),광주시,방염업,합판목재류,(주)에스아이,김선유,12814,"경기도 광주시 도척면 국사봉로 13-67 ,",031-766-2707
9919,경기(남),광주시,방염업,섬유류,그린텍스(주),김성진,12717,경기도 광주시 곤지암읍 광여로 200-5 (),031-762-8891
9920,경기(남),광주시,방염업,합성수지류,중부쇼파,이승호,12768,경기도 광주시 순암로 337 (중대동),031-766-9683
9921,경기(남),광주시,방염업,합성수지류,매직통상,김혜정,12790,경기도 광주시 오포읍 현곡길 48-81 (),080-716-0909
9922,경기(남),광주시,방염업,"합성수지류,합판목재류",(주)나보텍,김태봉,12784,경기도 광주시 광남안로 39-6 (태전동),031-765-1474
9923,경기(남),광주시,방염업,합판목재류,신송기업,송근호,12810,경기도 광주시 도척면 다람로40번길 12-37 .,031-767-7300
9924,경기(남),광주시,방염업,합판목재류,준원방재산업,안정민,12768,경기도 광주시 텃골길24번길 3 (중대동),
9925,경기(남),광주시,방염업,합판목재류,(주)예가,"유율수,이남진",12732,경기도 광주시 초월읍 무들로270번길 37 ,031-766-1411
9926,경기(남),광주시,방염업,합성수지류,한진인테리어,김순진,12732,경기도 광주시 초월읍 동막골길40번길 36-8 (),031-764-9856
9927,경기(남),광주시,방염업,합판목재류,(주)에이치엔씨,허신,12731,경기도 광주시 초월읍 동막골길 164-2 (),031-798-9270
9928,경기(남),광주시,방염업,합성수지류,주식회사 코인텍,용석호,12732,"경기도 광주시 초월읍 하오개길 38 ,",031-764-1226
9929,경기(남),광주시,방염업,합성수지류,KINT(킨트),정현록,12720,"경기도 광주시 곤지암읍 건업길 88-33 ,",031-798-0529
9930,경기(남),광주시,방염업,합판목재류,주식회사 올바로,이승현,12773,"경기도 광주시 오포읍 창뜰윗길 21-11 , 2층",031-717-3119
9931,경기(남),광주시,방염업,합판목재류,주식회사 은탑,채기남,12818,"경기도 광주시 도척면 마도로 139-31 ,",031-798-9984
9932,경기(남),광주시,방염업,합판목재류,(주)제일에프엔이,이대호,12734,"경기도 광주시 초월읍 도평길 93-5 , 1동 1층(광주지점)",02-3463-0119
9933,경기(남),광주시,방염업,합판목재류,주식회사 에스엠방염 광주대흥지점,"김태완,이정아",12729,경기도 광주시 초월읍 두둘기길 43 .,031-764-5489
9934,경기(남),광주시,방염업,합성수지류,주식회사 한서마이크론,함창수,12730,"경기도 광주시 초월읍 산수로682번길 39 ,",031-798-5100
9935,경기(남),광주시,방염업,합성수지류,주식회사 중앙디앤디,전유진,12718,경기도 광주시 곤지암읍 광여로 434 .,031-797-1539
9936,경기(남),광주시,방염업,합판목재류,이노텍 코인,이길재,12783,경기도 광주시 광남안로 36-7 (태전동),031-798-4088
9937,경기(남),광주시,방염업,합판목재류,아이디방재산업,김광수,12747,"경기도 광주시 이배재로 93 , 2층(탄벌동)",031-705-8119
9938,경기(남),광주시,방염업,합판목재류,(주)케이디우드테크,홍활,12723,"경기도 광주시 곤지암읍 신만로409번길 45-1 ,",02-3401-5525
9939,경기(남),광주시,방염업,합성수지류,(주)블라인드팩토리,박용광,12782,경기도 광주시 고불로211번길 14 (태전동),031-765-2620
9940,경기(남),광주시,방염업,합판목재류,월 마스터,민광배,12729,경기도 광주시 초월읍 두둘기길 109 .,031-766-1170
9941,경기(남),광주시,방염업,합성수지류,(주)엔시플러스,양기준,12818,경기도 광주시 도척면 마도로 109-16 .,
9942,경기(남),광주시,방염업,합성수지류,대성 인테리어 쇼파,안명자,12818,경기도 광주시 도척면 방도길 138-7 .,031-769-5041
9943,경기(남),광주시,방염업,합성수지류,주식회사 해마산업,박우경,12717,경기도 광주시 곤지암읍 광여로 209 (열미리),02-471-6500
9944,경기(남),광주시,방염업,합판목재류,우림방재산업,조신애,12729,"경기도 광주시 초월읍 두둘기길 43 , 1층 1호",031-764-5489
9945,경기(남),광주시,방염업,합판목재류,주식회사 예성템바,예경호,12814,경기도 광주시 도척면 저수지길 205-14 .,031-764-7401
9946,경기(남),광주시,방염업,합판목재류,(주)재현인텍스,"가재민,가세현,서용필",12736,경기도 광주시 초월읍 경충대로963번길 50-7 .,031-766-8161
9947,경기(남),광주시,방염업,합판목재류,(주)서호 디.비,강성국,12790,경기도 광주시 오포안로 204-2 .,031-766-8427
9948,경기(남),광주시,방염업,합성수지류,필가구,이영숙,12774,경기도 광주시 봉골길134번길 33-7 (문형동),
9949,경기(남),광주시,방염업,합판목재류,기가온시스템,최현철,464-896,경기도 광주시 오포읍 양벌리 150-5,031-767-9367
9950,경기(남),광주시,방염업,합판목재류,아인이앤지,엄익진,12731,경기도 광주시 초월읍 동막골길 286-24 .,031-765-8910
9951,경기(남),광주시,방염업,"섬유류,합성수지류",주식회사 한국윈텍,장성룡,12790,"경기도 광주시 오포읍 오포안로 206 ,",1577-6998
9952,경기(남),광주시,방염업,합성수지류,주식회사 진우아이앤피,김영선,12765,경기도 광주시 용샘길 33-41 (목현동),031-765-2277
9953,경기(남),군포시,방염업,합판목재류,(주)대림이앤씨,"황경규,정주영",15851,경기도 군포시 당정역로38번길 17 (당정동),031-451-6119
9954,경기(남),군포시,방염업,합성수지류,한빛쇼파,허근행,15805,"경기도 군포시 군포로 781 , 1층(산본동)",031-429-2721
9955,경기(남),군포시,방염업,합판목재류,대명방재,김영균,15861,"경기도 군포시 군포로485번길 3 ,203호(당동)",031-395-2119
9956,경기(남),군포시,방염업,합판목재류,가나시스템,최상순,15831,"경기도 군포시 번영로610번길 17 , 205호(금정동)",031-502-9119
9957,경기(남),군포시,방염업,합판목재류,주식회사 한솔화이어텍,김수연,15886,"경기도 군포시 대야2로 35 , 207호(대야미동, 천봉프라자)",031-8042-6119
9958,경기(남),김포시,방염업,합판목재류,(주)천연목재,하동기,10022,"경기도 김포시 월곶면 고척로 45-19 ,",031-981-3844
9959,경기(남),김포시,방염업,합판목재류,주식회사 에코스페이스,강정숙,10027,"경기도 김포시 대곶면 율생중앙로206번길 15-50 ,",031-981-5536
9960,경기(남),김포시,방염업,합판목재류,(주)인트로방염 김포제1공장,안윤호,10040,경기도 김포시 대곶면 율생중앙로169번길 101 .,032-571-2999
9961,경기(남),김포시,방염업,합판목재류,(주)인트로방염 김포지점,안윤호,10043,"경기도 김포시 대곶면 대곶서로159번길 2-47 , 가동 1호",02-572-5119
9962,경기(남),김포시,방염업,"합성수지류,합판목재류",(주)광성테크,이순권,10038,경기도 김포시 통진읍 가현로4번길 29-41 (),031-998-9301
9963,경기(남),김포시,방염업,합성수지류,장성인테리어,심부숙,10064,경기도 김포시 양촌읍 모산로13번길 79 (석모리) 마동,
9964,경기(남),김포시,방염업,합성수지류,신한벽지(주),정태선,10040,경기도 김포시 대곶면 소래로 98 (송마리),031-989-4292
9965,경기(남),김포시,방염업,합판목재류,서이S&D,강택동,10028,경기도 김포시 대곶면 송마로 129-20 (석정리),
9966,경기(남),김포시,방염업,합판목재류,(주)레고리스,고재석,10028,"경기도 김포시 대곶면 송마로 129-10 ,",031-998-5550
9967,경기(남),김포시,방염업,합성수지류,대진쇼파,한정육,10028,경기도 김포시 대곶면 대곶북로305번길 152 .,031-998-7125
9968,경기(남),김포시,방염업,합성수지류,형제가구,송미경,10028,경기도 김포시 대곶면 대곶북로 351-26 (석정리),
9969,경기(남),김포시,방염업,합판목재류,주식회사 서원방재,이지호,10013,"경기도 김포시 하성면 봉성로159번길 105-12 ,1동,2동",031-984-1191
9970,경기(남),김포시,방염업,합판목재류,명성산업,김성권,415-853,경기도 김포시 대곶면 대명리 29 27-4,031-982-1861
9971,경기(남),김포시,방염업,합판목재류,주식회사 에스엠방염 김포21지점,"김태완,이정아",10049,"경기도 김포시 양촌읍 삼도로 10-54 ,",02-573-2119
9972,경기(남),김포시,방염업,합판목재류,(주)태원에스아이,최광국,10049,"경기도 김포시 양촌읍 삼도공단로11번길 57 ,",032-578-8583
9973,경기(남),김포시,방염업,"합성수지류,합판목재류",신한방재산업주식회사,김병만,10011,경기도 김포시 하성면 원통로 68 .,031-962-8119
9974,경기(남),김포시,방염업,합판목재류,주식회사 승은산업,지용대,10049,"경기도 김포시 양촌읍 황금산단3로 73 ,",031-996-8248
9975,경기(남),김포시,방염업,합판목재류,넥스우드,이미래,10027,"경기도 김포시 대곶면 대곶로 258 , 다동",031-998-1019
9976,경기(남),김포시,방염업,합판목재류,주식회사 이안산업,이정준,10040,경기도 김포시 대곶면 율생중앙로169번길 101 ,032-571-2999
9977,경기(남),김포시,방염업,합판목재류,주식회사 하이벨라,이창훈,10040,"경기도 김포시 대곶면 대명항로 492-34 , 1층",031-989-4917
9978,경기(남),김포시,방염업,합판목재류,서문팀버 주식회사,이동건,10042,"경기도 김포시 대곶면 대곶서로 1-34 ,",031-689-5585
9979,경기(남),김포시,방염업,합성수지류,삼도산업,이준표,10040,경기도 김포시 대곶면 소래로 13-3 .,031-982-7413
9980,경기(남),김포시,방염업,합성수지류,두성인더스트리(주),두병호,10003,경기도 김포시 월곶면 고정로 25-1 .,031-984-5058
9981,경기(남),김포시,방염업,합성수지류,쇼파의 정석,정종석,10013,"경기도 김포시 하성면 월하로 896 ,1호",
9982,경기(남),김포시,방염업,합판목재류,유한회사 엘엔씨코팅,김호찬,10011,경기도 김포시 하성면 원통로 68 .,031-996-1319
9983,경기(남),김포시,방염업,합판목재류,주식회사 코넬,안성철,10027,"경기도 김포시 대곶면 대곶로 277-4 , 자동",031-982-6103
9984,경기(남),부천시,방염업,합판목재류,(주)경원소방,김혜옥,14612,경기도 부천시 원미구 신흥로 85-1  (심곡동) ,032-655-1190
9985,경기(남),부천시,방염업,합판목재류,으뜸방재ENG,이성학,14556,"경기도 부천시 조마루로385번길 122 , B151호(춘의동, 삼보테크노타워)",070-7842-8810
9986,경기(남),부천시,방염업,합판목재류,국제소방,박용배,14730,"경기도 부천시 송내대로30번길 84-9 , 1층 1호(송내동)",032-665-1119
9987,경기(남),부천시,방염업,합판목재류,중흥소방,이공노,14593,경기도 부천시 상이로85번길 7-18 (상동),070-5043-6119
9988,경기(남),부천시,방염업,합성수지류,현대쇼파,한정석,14649,경기도 부천시 부일로 549 (소사동),
9989,경기(남),부천시,방염업,합성수지류,다듬소파천갈이,이문호,14503,"경기도 부천시 평천로 597 , 1층 120호(상동, 부천자동차백화점)",
9990,경기(남),부천시,방염업,합판목재류,주식회사 대호이엔씨,김영숙,14457,"경기도 부천시 부천로436번길 69 , 나동 2층(내동)",032-671-0119
9991,경기(남),성남시,방염업,합판목재류,(주)제이아이소방엔지니어링,이승희,13356,"경기도 성남시 중원구 광명로 71 1005호(성남동, 현대그린타운)",031-755-1190
9992,경기(남),성남시,방염업,합판목재류,스카이방재,"김병정,신창현",13119,"경기도 성남시 수정구 복정로16번길 19 , 103호(복정동)",031-721-0119
9993,경기(남),성남시,방염업,합판목재류,명성방재산업,강성희,13110,"경기도 성남시 수정구 성남대로 1269 , 5층 501호(태평동)",031-759-9119
9994,경기(남),성남시,방염업,합판목재류,한백소방엘엔씨,이관희,13119,경기도 성남시 수정구 성남대로1390번길 13 (복정동),031-722-2557
9995,경기(남),성남시,방염업,섬유류,(주)준일티엔에프,김재준,13229,"경기도 성남시 중원구 둔촌대로 474 ,502호(상대원동,선택시티)",02-571-7713
9996,경기(남),성남시,방염업,합판목재류,주식회사 에스엠방염,"김태완,이정아",13105,"경기도 성남시 수정구 청계산로 686 , 720호(고등동, 반도아이비밸리 지식산업센터)",02-573-2119
9997,경기(남),성남시,방염업,합판목재류,나인방재,서영제,13112,"경기도 성남시 수정구 복정로84번길 5-11 , 지층 B01호(복정동)",031-626-4119
9998,경기(남),성남시,방염업,합판목재류,(주)화신방염,이상범,13207,"경기도 성남시 중원구 사기막골로 124 , 1102호(상대원동, 에스케이엔테크노파크 비즈동)",031-759-4060
9999,경기(남),성남시,방염업,합판목재류,두진방염,김부건,13388,"경기도 성남시 중원구 원터로 32 ,106호(하대원동,평화빌딩)",031-757-9625
10000,경기(남),성남시,방염업,합성수지류,(주)엠플러스 디엔티,임대균,13511,"경기도 성남시 분당구 판교로 723 , 비동 302호(야탑동, 분당테크노파크)",031-709-9061
10001,경기(남),성남시,방염업,합판목재류,명성소방엔지니어링,마옥자,13339,"경기도 성남시 수정구 수정로154번길 13 , 1층(신흥동)",
10002,경기(남),성남시,방염업,합판목재류,우드뱅크 주식회사,윤영렬,13215,"경기도 성남시 중원구 둔촌대로541번길 20 , 1층(상대원동)",031-731-8687
10003,경기(남),성남시,방염업,합판목재류,소리나소방,이승명,13385,"경기도 성남시 중원구 둔촌대로 114 , 3층(하대원동)",031-757-0119
10004,경기(남),성남시,방염업,합판목재류,코리아방염산업,유민기,13503,"경기도 성남시 분당구 야탑로205번길 40 , 1층 102호(야탑동, 야탑브라운스톤오피스텔)",
10005,경기(남),성남시,방염업,합판목재류,코리아방재산업,고장수,13387,"경기도 성남시 중원구 둔촌대로 215 , 203호(하대원동, 한스빌딩)",031-745-1119
10006,경기(남),성남시,방염업,합판목재류,하나방재시스템,장금예,13114,"경기도 성남시 수정구 복정로118번길 42 , 1층 101호 일부(복정동)",031-751-4491
10007,경기(남),성남시,방염업,합성수지류,주식회사 에플란컨설팅,박성민,13201,"경기도 성남시 중원구 사기막골로 99 , 제지2층 제비226호, 제비227호(상대원동, 성남센트럴비즈타워2차)",031-8016-8310
10008,경기(남),수원시,방염업,합판목재류,(주)유성소방전기,이미정,16243,경기도 수원시 팔달구 창룡문로 68  (지동),031-224-4400
10009,경기(남),수원시,방염업,합성수지류,제이원소파 앤 디자인,정덕원,16264,경기도 수원시 팔달구 정조로712번길 5 1층 (중동),031-241-4420
10010,경기(남),수원시,방염업,합판목재류,유성소방안전공사,박성진,16467,"경기도 수원시 팔달구 정조로 687 , 상가동 2층(매교동)",031-238-7119
10011,경기(남),수원시,방염업,합판목재류,가가소방방염,유용진,16579,"경기도 수원시 권선구 세권로 134 , 4층 402호(세류동)",031-221-7119
10012,경기(남),수원시,방염업,합성수지류,수원쇼파,임세종,16618,"경기도 수원시 권선구 서호동로26번길 19 , 지하(서둔동)",031-251-2234
10013,경기(남),수원시,방염업,합판목재류,(주)케이지경기방재방염,이혜경,16270,경기도 수원시 장안구 팔달로247번길 12-9 (영화동),031-221-5119
10014,경기(남),수원시,방염업,합판목재류,경기소방,민병구,16579,"경기도 수원시 권선구 장다리로 37 (세류동, 1층 (15호,16-1,2호,34호,35호))",031-233-0119
10015,경기(남),수원시,방염업,합판목재류,현대방재산업,양동주,16269,경기도 수원시 장안구 수성로 366 (영화동),031-241-4519
10016,경기(남),수원시,방염업,합성수지류,그린쇼파,김은아,16610,"경기도 수원시 권선구 하탑로 56-1 , 1층(탑동)",031-292-4789
10017,경기(남),수원시,방염업,합판목재류,힐스템,장원동,16347,"경기도 수원시 장안구 장안로314번길 1 , 101-2호(파장동)",031-256-8869
10018,경기(남),수원시,방염업,합판목재류,주식회사 해동,이홍규,16648,경기도 수원시 권선구 산업로156번길 47-11 (고색동),031-271-1321
10019,경기(남),수원시,방염업,합판목재류,주식회사 엘림산업,김지원,16703,"경기도 수원시 영통구 봉영로 1617 , 1525호(영통동, 훼미리타워)",031-273-1600
10020,경기(남),시흥시,방염업,합성수지류,고려쇼파,박석천,14933,경기도 시흥시 금오로121번길 32-1 (무지내동),031-316-0888
10021,경기(남),시흥시,방염업,합성수지류,다솔가구,이종숙,14961,"경기도 시흥시 신현로 128-46 , B, C동 일부(포동)",031-504-4578
10022,경기(남),시흥시,방염업,합판목재류,바른소방 주식회사,이준범,14905,경기도 시흥시 복지로63번길 4-11 (대야동),031-311-4441
10023,경기(남),시흥시,방염업,합성수지류,미가사 소파,김길현,14932,경기도 시흥시 수인로3106번길 281 (과림동),02-2687-3474
10024,경기(남),시흥시,방염업,합판목재류,삼호방재,이용효,15018,"경기도 시흥시 봉화로144번길 33-6 , 1층(정왕동)",070-7594-6119
10025,경기(남),시흥시,방염업,합성수지류,코알라쇼파,황성일,15089,"경기도 시흥시 군자천로185번길 66 ,(정왕동)",031-433-7711
10026,경기(남),시흥시,방염업,합성수지류,(주)오크피아,강종순,14935,경기도 시흥시 박달로 186 (목감동),031-443-6633
10027,경기(남),시흥시,방염업,합성수지류,가나쇼파,이용석,14950,"경기도 시흥시 신천로44번길 16 , 지층(신천동)",031-312-7511
10028,경기(남),시흥시,방염업,합성수지류,아람 쇼파,유대식,14970,경기도 시흥시 범말길 22 (월곶동),031-311-6469
10029,경기(남),시흥시,방염업,합판목재류,주식회사 주안산업,이기봉,14932,경기도 시흥시 금오로292번길 11 (과림동),031-317-1953
10030,경기(남),시흥시,방염업,합판목재류,팀텍 주식회사,구정미,15090,"경기도 시흥시 공단1대로196번길 12 , 시화공단2다304호(정왕동)",031-495-8821
10031,경기(남),시흥시,방염업,합판목재류,주식회사 대명에프앤씨,정명학,14917,"경기도 시흥시 대은로 80 , 701호(은행동, 하이런빌딩)",031-506-0219
10032,경기(남),시흥시,방염업,합판목재류,주식회사 하나소방,문희천,15103,"경기도 시흥시 공단1대로 244 , 4동 303호(정왕동)",031-499-1192
10033,경기(남),안산시,방염업,합판목재류,주식회사 디에스이엔씨,정맹석,15433,"경기도 안산시 단원구 동산로 63 , 359호(원시동)",031-401-0103
10034,경기(남),안산시,방염업,합성수지류,(주)효산LPL,장영환,15423,경기도 안산시 단원구 성곡로 52 (성곡동),031-495-5758
10035,경기(남),안산시,방염업,합판목재류,대창방재,박정송,15466,"경기도 안산시 단원구 이삭1길 11 , 201호(고잔동)",031-480-7119
10036,경기(남),안산시,방염업,합판목재류,지에스산건(주),하만진,15418,"경기도 안산시 단원구 별망로 175 ,(성곡동)",031-498-8800
10037,경기(남),안산시,방염업,합성수지류,매직쇼파,엄진,15301,경기도 안산시 상록구 수인로 1790-8 공장B동 1호(부곡동),031-418-4789
10038,경기(남),안산시,방염업,합성수지류,유신메라민공업(주),홍성표,15605,"경기도 안산시 단원구 산단로67번길 150 ,(목내동)",031-491-1686
10039,경기(남),안산시,방염업,합성수지류,주식회사 디케이앤디,최민석,15604,경기도 안산시 단원구 별망로 345 (성곡동),031-491-6633
10040,경기(남),안산시,방염업,합판목재류,혜성방재산업,염정일,15296,"경기도 안산시 상록구 성포로 30 ,421호(성포동,사이버스튜디오)",031-402-4025
10041,경기(남),안산시,방염업,합판목재류,국민소방방재산업,최수남,15476,"경기도 안산시 단원구 광덕1로 163 , 206호(고잔동, 동남레이크빌Ⅱ)",031-319-3119
10042,경기(남),안산시,방염업,합판목재류,신화인더스,이용식,15431,"경기도 안산시 단원구 산단로 326 , 18동 116호(원곡동)",031-439-9113
10043,경기(남),안산시,방염업,합판목재류,영림임업(주),황복현,15426,경기도 안산시 단원구 산단로 339 (신길동),032-818-8800
10044,경기(남),안산시,방염업,합성수지류,(주)원진우드,이안섭,15436,"경기도 안산시 단원구 시우로 92-20 (초지동, 반월공단12블럭9롯트)",031-433-6503
10045,경기(남),안산시,방염업,합판목재류,엔에스(NS)소방,이민욱,15475,"경기도 안산시 단원구 광덕서로 43 , 106동 104호(고잔동, 단원마을아파트)",070-8621-1119
10046,경기(남),안산시,방염업,합판목재류,대명소방산업,"이경훈,신광희",15433,"경기도 안산시 단원구 동산로 63 , 3층 353호(원시동)",031-8042-5911
10047,경기(남),안산시,방염업,합성수지류,주식회사 케이에스더블유,박식순,15605,경기도 안산시 단원구 산단로67번길 126 (목내동),031-8057-3034
10048,경기(남),안산시,방염업,합판목재류,삼인이앤씨,"송병욱,김세종",15431,"경기도 안산시 단원구 산단로 348 , C동 309호(원곡동, 안산유통상가2차)",031-493-4602
10049,경기(남),안성시,방염업,합판목재류,현대방재기술,박상은,17568,경기도 안성시 서동대로 5122 (당왕동),031-675-2483
10050,경기(남),안성시,방염업,합판목재류,조은방염,이정은,456-812,경기도 안성시 원곡면 성주리 10,031-338-5481
10051,경기(남),안성시,방염업,합판목재류,하이벨라 주식회사,황기원,17606,경기도 안성시 서운면 바우덕이로 197-12 .,031-672-3324
10052,경기(남),안양시,방염업,합판목재류,고구려방재(주),송광주,13967,"경기도 안양시 만안구 안양로 456  ,2층 (석수동)",031-473-4911
10053,경기(남),안양시,방염업,합성수지류,크로바쇼파,정남기,13982,경기도 안양시 만안구 박달로479번길 9-2 (박달동),031-447-5582
10054,경기(남),안양시,방염업,합판목재류,소방나라119,강승훈,13975,"경기도 안양시 만안구 와룡로3번길 89 ,(석수동)",070-4038-7119
10055,경기(남),안양시,방염업,합성수지류,그랜드가구,이시열,13969,"경기도 안양시 만안구 석수로16번길 72 , 1층(석수동)",031-471-7120
10056,경기(남),안양시,방염업,섬유류,(주)효성,"김규영,조현준",14080,"경기도 안양시 동안구 시민대로 74 ,(호계동)",031-428-1082
10057,경기(남),안양시,방염업,합성수지류,팔복시리즈,김봉연,14086,"경기도 안양시 만안구 전파로44번길 10 , 2층 1호(안양동)",031-388-3893
10058,경기(남),여주시,방염업,합성수지류,농업회사법인 델텍스(주),안진상,12641,"경기도 여주시 능서면 구양1길 7-39 ,",031-883-1580
10059,경기(남),오산시,방염업,합성수지류,대원화성(주),강동엽,18111,경기도 오산시 경기대로 868-14 (외삼미동),031-372-3992
10060,경기(남),오산시,방염업,합판목재류,주식회사 시온텍,박복수,18126,경기도 오산시 수목원로 46-25 (누읍동),031-352-5241
10061,경기(남),용인시,방염업,합성수지류,(주)현대케미칼,국승걸,17180,"경기도 용인시 처인구 백암면 죽양대로912번길 83-18 ,(백봉리)",031-322-0571
10062,경기(남),용인시,방염업,섬유류,(주)모아세이프,황규호,17156,"경기도 용인시 처인구 양지면 중부대로2670번길 16 ,(추계리)",031-967-0116
10063,경기(남),용인시,방염업,합성수지류,남성가구,정상훈,17128,경기도 용인시 처인구 이동읍 원천로41번길 95 .,
10064,경기(남),용인시,방염업,합판목재류,현대소방,이전호,17057,경기도 용인시 처인구 명지로 39 (역북동),031-338-4119
10065,경기(남),용인시,방염업,합판목재류,주식회사 데코피아,정대홍,17039,경기도 용인시 처인구 양지면 한터로 471-15 .,031-323-3994
10066,경기(남),용인시,방염업,합성수지류,주식회사 디뮤지엄,신재희,16976,"경기도 용인시 기흥구 기흥로 58-1 , 에이동 103호(구갈동, 기흥아이씨티밸리에스케이브이원)",031-548-2830
10067,경기(남),의왕시,방염업,합판목재류,(주)대림소방공사,박성규,16026,"경기도 의왕시 내손중앙로 37-4 , 지하1층(내손동)",031-465-1501
10068,경기(남),이천시,방염업,섬유류,주식회사 매화벽지산업,정희순,17423,경기도 이천시 율면 금율로 890 (),031-643-0138
10069,경기(남),이천시,방염업,합판목재류,가온방재,김덕정,17376,"경기도 이천시 설봉로 14-8 , 1층 13호(중리동)",031-634-1190
10070,경기(남),이천시,방염업,합판목재류,청솔산업,김순환,17313,경기도 이천시 백사면 청백리로 671-33 .,031-634-5328
10071,경기(남),평택시,방염업,합판목재류,덕동소방,이동하,17882,경기도 평택시 평택4로 111 (비전동),031-657-6441
10072,경기(남),평택시,방염업,합성수지류,리빙쇼파 천갈이,강상근,17728,경기도 평택시 지산로 312 (지산동),031-656-6109
10073,경기(남),평택시,방염업,합성수지류,(주)스펙트로,이화순,17811,"경기도 평택시 청북면 청북로 176 ,(현곡리)",031-683-3421
10074,경기(남),평택시,방염업,섬유류,여명벽지(주),이종곤,17794,"경기도 평택시 청북면 고렴길 49-28 ,(고렴리)",031-683-6261
10075,경기(남),평택시,방염업,합성수지류,프로쇼파,손상국,17764,"경기도 평택시 서정북로125번길 144 , 1층 프로소파(서정동)",031-667-0005
10076,경기(남),평택시,방염업,합성수지류,(주)비에스텍,공창배,451-852,경기도 평택시 서탄면 수월암리 960-15,031-611-7230
10077,경기(남),평택시,방염업,"합성수지류,합판목재류",(사)우리들행복나눔 종합가구사업단,송순호,18014,"경기도 평택시 고덕중앙로 320 , 937호",031-749-2200
10078,경기(남),하남시,방염업,합판목재류,(주)동아방재이엔지,정우진,12993,"경기도 하남시 감일남로52번길 43 , 1층, 2층(감일동)",02-6959-7100
10079,경기(남),하남시,방염업,합판목재류,(주)비우이엔씨,이우충,12918,"경기도 하남시 미사강변서로 16 , 에프332호(풍산동, 하우스디스마트밸리)",031-796-0119
10080,경기(남),하남시,방염업,합성수지류,조은천닷컴,장군광,12918,"경기도 하남시 조정대로 45 , FB107호, FB326호(풍산동, 미사센텀비즈)",02-484-6466
10081,경기(남),하남시,방염업,합판목재류,(주)일호코리아,양병주,465-150,경기도 하남시 망월동 662-10,031-792-1290
10082,경기(남),하남시,방염업,합성수지류,빅애플디자인,최은희,12930,"경기도 하남시 조정대로 150 , F동 9층 967호, F동 119호(덕풍동, 아이테코)",02-477-9591
10083,경기(남),하남시,방염업,합판목재류,하우데코,이상인,12918,"경기도 하남시 미사강변서로 25 , 제10층 제10오에프12호(풍산동, 미사 테스타타워 지식산업센터)",031-555-1050
10084,경기(남),하남시,방염업,합판목재류,주식회사 에스에이치한성소방 하남,이승헌,12986,경기도 하남시 초이로99번길 41-50 (초이동),02-433-3833
10085,경기(남),하남시,방염업,합판목재류,라온소방이엔지,김동현,12991,"경기도 하남시 서하남로43번길 167 , 2층",
10086,경기(남),하남시,방염업,합판목재류,나이스방재 주식회사,강기원,12991,"경기도 하남시 서하남로95번길 5 , 3층(감북동, 대성빌딩)",02-488-1119
10087,경기(남),하남시,방염업,합판목재류,에이치산업,최성우,12989,경기도 하남시 초광로 97 (초이동),02-488-0066
10088,경기(남),화성시,방염업,합판목재류,명성종합소방설비(주),"홍인호,이재웅",18428,경기도 화성시 남여울2길 23 (능동),031-8003-2115
10089,경기(남),화성시,방염업,"합성수지류,합판목재류",금빈섬유,황규홍,18523,경기도 화성시 정남면 내향로 240-26 (),031-354-3849
10090,경기(남),화성시,방염업,"합성수지류,합판목재류",(주)예다지,최옥철,18529,경기도 화성시 팔탄면 시청로940번길 42 (),031-352-0117
10091,경기(남),화성시,방염업,합성수지류,덕신소파,이배수,445-350,경기도 화성시 배양동 61-19,031-222-4340
10092,경기(남),화성시,방염업,합판목재류,(주)오엠씨,황경칠,18525,경기도 화성시 팔탄면 푸른들판로 892-31 (),031-353-4380
10093,경기(남),화성시,방염업,합성수지류,제일 쇼파,윤동근,18339,경기도 화성시 기안말길35번길 15-6 (기안동),031-257-7052
10094,경기(남),화성시,방염업,합성수지류,성창피닉스소파,이기곤,18284,"경기도 화성시 비봉면 화성로1616번길 55 ,",031-384-7766
10095,경기(남),화성시,방염업,합성수지류,개나리벽지(주),김훈,18520,경기도 화성시 정남면 관항길 178-24 (),031-352-2278
10096,경기(남),화성시,방염업,합성수지류,(주)엔에스,안병헌,18536,경기도 화성시 팔탄면 무하로 143 (),031-355-1580
10097,경기(남),화성시,방염업,합성수지류,쇼파왕국,김오영,18336,경기도 화성시 봉담읍 서봉산길 21-1 (),
10098,경기(남),화성시,방염업,합판목재류,해강에프앤에이 주식회사,박운철,18279,"경기도 화성시 남양읍 현대기아로 129 ,",031-684-8301
10099,경기(남),화성시,방염업,합성수지류,(주)휴인텍,문성식,18576,경기도 화성시 팔탄면 현대기아로 25-3 (),031-354-5522
10100,경기(남),화성시,방염업,합판목재류,(주)성림임업,이승용,18574,경기도 화성시 장안면 무봉길 110-15 (),031-358-2580
10101,경기(남),화성시,방염업,합판목재류,(주)프린테크엘피엠(아이엠 사업부),임형택,445-872,"경기도 화성시 송산면 지화리 화성송산테크노파크산업단지 9블럭 9,11,13롯트",032-819-5550
10102,경기(남),화성시,방염업,합판목재류,주식회사 에스아이디어코스틱,엄경환,18623,"경기도 화성시 향남읍 발안공단로3길 106 ,",031-681-2151
10103,경기(남),화성시,방염업,합성수지류,디자인마루,김부엽,18347,경기도 화성시 황계길 115 (황계동),031-236-1457
10104,경기(남),화성시,방염업,합성수지류,119방염쇼파,장규영,18282,"경기도 화성시 비봉면 유포길 10-23 ,",031-408-5174
10105,경기(남),화성시,방염업,합판목재류,(주)한국안전기술단,김용만,18529,경기도 화성시 팔탄면 서해로1121번길 3 발안현대공구타운 503동 301호,031-354-4588
10106,경기(남),화성시,방염업,합판목재류,주식회사 샤인,임우빈,18559,"경기도 화성시 우정읍 매바위로165번길 36-11 , 디동.이동",031-373-7878
10107,경기(남),화성시,방염업,합성수지류,라이크가구쇼파,손미자,18335,경기도 화성시 봉담읍 태봉길 14 (),031-292-7573
10108,경기(남),화성시,방염업,합성수지류,(주)에스대우벽지,조한용,18549,경기도 화성시 송산면 화성로 580-19 .,031-489-0303
10109,경기(남),화성시,방염업,합판목재류,(주)크라텍,김기형,18558,경기도 화성시 우정읍 호곡길168번길 74-50 .,031-352-0540
10110,경기(남),화성시,방염업,합성수지류,서정산업주식회사,이상선,18515,"경기도 화성시 정남면 덕절제기길 13-83 ,",031-352-2001
10111,경기(남),화성시,방염업,합성수지류,(주)하나기업,이우춘,18534,"경기도 화성시 팔탄면 터넉골로120번길 13-28 ,",031-366-5050
10112,경기(남),화성시,방염업,섬유류,(주)윤씨네,이미희,18627,"경기도 화성시 양감면 초록로532번길 38 ,",031-8059-3905
10113,경기(남),화성시,방염업,합성수지류,세진테크,이종욱,18527,"경기도 화성시 팔탄면 마곡길 89-10 ,",031-354-8190
10114,경기(남),화성시,방염업,합성수지류,정상시스템,김범희,18516,"경기도 화성시 정남면 괘랑2길 52-5 , 1동",
10115,경기(남),화성시,방염업,합성수지류,주식회사 가이오,여동혁,18269,경기도 화성시 남양읍 신남로 258 .,031-356-3547
10116,경기(남),화성시,방염업,합성수지류,쇼파 킹,유정상,18387,경기도 화성시 기산말길 31 (기산동),031-223-3839
10117,경기(남),화성시,방염업,합성수지류,모던인더스트리,정재경,18279,경기도 화성시 남양읍 무하로 88-10 .,031-355-3600
10118,경기(남),화성시,방염업,"합성수지류,합판목재류",(주)기창텍스,"이재성,이주영",18558,"경기도 화성시 우정읍 쌍봉로 565-26 ,",031-351-7851
10119,경기(남),화성시,방염업,합성수지류,영광쇼파,이하원,18387,"경기도 화성시 진안북길82번길 4 , 1층(기산동)",031-253-0925
10120,경기(남),화성시,방염업,합판목재류,현대소방,이동훈,18244,"경기도 화성시 수노을중앙로 142 , 507호(새솔동, 센타프라자)",031-506-7503
10121,경기(남),화성시,방염업,합성수지류,대성,유봉재,18284,"경기도 화성시 비봉면 현대기아로 814 , 일부",031-355-6617
10122,경기(남),화성시,방염업,"합성수지류,합판목재류",주식회사 예다지,"박용원,박지은",18529,경기도 화성시 팔탄면 시청로940번길 42 .,031-366-4811
10123,경기(북),고양시,방염업,합판목재류,(주)한라소방,전완기,10460,"경기도 고양시 덕양구 고양대로1315번길 44 , 1층 1호(주교동)",031-967-0116
10124,경기(북),고양시,방염업,합판목재류,(주)신한에프앤씨,김귀형,10556,경기도 고양시 덕양구 삼송로205번안길 2 (삼송동),02-3158-1119
10125,경기(북),고양시,방염업,합성수지류,대중쇼파,박창수,10542,경기도 고양시 덕양구 대덕로200번길 179 (현천동),02-3159-9503
10126,경기(북),고양시,방염업,합판목재류,(주)고양일산소방공사,조광연,10359,경기도 고양시 일산동구 일산로463번길 64-4 (정발산동),031-903-9119
10127,경기(북),고양시,방염업,합판목재류,우리방염,기일도,10273,경기도 고양시 덕양구 대양로 295 (고양동),031-758-1119
10128,경기(북),고양시,방염업,합판목재류,신한방재산업주식회사,김병만,10545,"경기도 고양시 덕양구 꽃마을로 38 , 1414호 1415호 1416호(향동동, 디엠씨스타비즈7에스티)",031-962-8119
10129,경기(북),고양시,방염업,합성수지류,진디자인쇼파,김견진,10304,경기도 고양시 일산동구 고양대로 1060 (식사동),031-965-2741
10130,경기(북),고양시,방염업,합판목재류,주식회사 위드방재,유종명,10480,경기도 고양시 덕양구 서오릉로 810-14 (성사동),031-963-7182
10131,경기(북),고양시,방염업,합판목재류,두성F&C,김주미,10550,"경기도 고양시 덕양구 삼원로 63 , F동 12층 1211호(원흥동, 고양 아크비즈 지식산업센터)",02-3159-1158
10132,경기(북),고양시,방염업,합판목재류,경기소방방재 주식회사,이현화,10455,"경기도 고양시 덕양구 호국로 525 , 1층(대장동)",031-968-5119
10133,경기(북),고양시,방염업,합판목재류,거인상사,이치목,10312,경기도 고양시 일산동구 성석로 336 (성석동),031-923-4787
10134,경기(북),고양시,방염업,합판목재류,삼송소방,임관영,10594,"경기도 고양시 덕양구 통일로 140 , A동 151호(동산동, 삼송테크노밸리)",02-358-6911
10135,경기(북),고양시,방염업,합판목재류,주식회사 믿음소방,채수오,10526,"경기도 고양시 덕양구 용현로 9 , 307호,308호(행신동, 대경티앤에스빌딩)",031-978-1190
10136,경기(북),고양시,방염업,합성수지류,준쇼파,이준서,10316,"경기도 고양시 일산동구 견달산로 206-28 , 나동(식사동)",
10137,경기(북),고양시,방염업,합성수지류,주식회사 채움인,오혜민,10508,경기도 고양시 덕양구 토당로78번길 13 (토당동),031-978-0132
10138,경기(북),구리시,방염업,합판목재류,태화방재소방,박정국,11929,"경기도 구리시 검배로15번길 12 (수택동) , 1층",031-556-1192
10139,경기(북),구리시,방염업,합판목재류,(주)화성방염,신은숙,11906,"경기도 구리시 동구릉로460번길 54-24 , 4층(사노동)",031-563-3893
10140,경기(북),구리시,방염업,합성수지류,체인지쇼파,정장희,11904,경기도 구리시 동구릉로395번길 117-60 (사노동),
10141,경기(북),남양주시,방염업,합판목재류,(주)새한이엔씨,김현미,12150,"경기도 남양주시 늘을2로14번길 5  (호평동,샤르망메디칼프라자) 804호",031-511-4119
10142,경기(북),남양주시,방염업,합성수지류,GP가구,이정희,12131,경기도 남양주시 진건읍 사릉로 559-132 (신월리),
10143,경기(북),남양주시,방염업,합성수지류,창진가구,전형순,12030,경기도 남양주시 수동면 남가로 1716-17 (입석리),031-592-3528
10144,경기(북),남양주시,방염업,합성수지류,(주)포시즌미디어,김일진,12202,경기도 남양주시 와부읍 고래산로99번길 28-10 .,031-576-6004
10145,경기(북),남양주시,방염업,합판목재류,주식회사 대영소방,김영숙,12234,경기도 남양주시 사릉로 41 서전빌딩 비동 203호(금곡동),031-594-8807
10146,경기(북),남양주시,방염업,합판목재류,(주)한결,조은정,12217,"경기도 남양주시 경춘로 1245-53 , 3층(평내동)",031-511-7790
10147,경기(북),남양주시,방염업,합판목재류,예호소방,전용규,12146,"경기도 남양주시 늘을1로 272 , 상가동 207호(호평동, 한라비발디아파트)",031-594-5737
10148,경기(북),남양주시,방염업,합성수지류,리더스가구,우영자,12178,경기도 남양주시 화도읍 가구단지중앙길 30-27 (녹촌리),031-594-5692
10149,경기(북),남양주시,방염업,"합성수지류,합판목재류",극동방염(주),주재성,12284,"경기도 남양주시 다산지금로 202 , 에이동 9층 42호(다산동, 현대테라타워디아이엠씨)",02-444-9119
10150,경기(북),남양주시,방염업,합성수지류,소파뎁스,"김순덕,김병언",12071,경기도 남양주시 진접읍 내각1로73번안길 37 (내각리),031-571-4014
10151,경기(북),남양주시,방염업,합성수지류,클린가구,송봉수,12178,경기도 남양주시 화도읍 가구단지중앙길 23 (성생공단내),031-573-3545
10152,경기(북),남양주시,방염업,합판목재류,(주)원소방플랜,김종섭,12224,"경기도 남양주시 평내로20번길 8 , 103호 (평내동)",031-592-9917
10153,경기(북),남양주시,방염업,합성수지류,주식회사 로만,이상혁,12158,경기도 남양주시 화도읍 비룡로141번길 61 (묵현리),031-563-1900
10154,경기(북),남양주시,방염업,합판목재류,한성,조광식,12032,경기도 남양주시 화도읍 비룡로411번안길 9 .,031-595-8007
10155,경기(북),남양주시,방염업,합성수지류,태성산업,이영준,12073,경기도 남양주시 진접읍 금강로유연들1길 72-1 (내각리),031-575-0624
10156,경기(북),남양주시,방염업,합판목재류,엘베델소방153,김영희,12219,"경기도 남양주시 평내로 163 , 3층 301호 (평내동)",
10157,경기(북),남양주시,방염업,합판목재류,예호방재,김지은,12146,"경기도 남양주시 늘을1로 272 , 제 상가동 207호(호평동, 호평마을한라비발디)",
10158,경기(북),남양주시,방염업,"합성수지류,합판목재류",쿠창,"김선희,김수철",12268,경기도 남양주시 강변북로651번길 22-71 (수석동),
10159,경기(북),남양주시,방염업,섬유류,주식회사 비트패브릭,강석철,12178,경기도 남양주시 화도읍 가구단지1길 50 .,031-593-5988
10160,경기(북),남양주시,방염업,합성수지류,제이엘(JL)쇼파,"이종선,정해봉",12047,경기도 남양주시 오남읍 양지로281번길 70 .,
10161,경기(북),동두천시,방염업,합판목재류,성현소방,나성현,11317,경기도 동두천시 방죽로 11  (생연동) ,
10162,경기(북),동두천시,방염업,합판목재류,에프엠119,허영준,11339,경기도 동두천시 어수로 7 (상패동),031-865-9119
10163,경기(북),동두천시,방염업,합성수지류,모컴테크,최해용,11341,경기도 동두천시 삼육사로692번길 108 (상패동),031-858-0214
10164,경기(북),양주시,방염업,합판목재류,성우방수방염,안기종,11435,경기도 양주시 평화로 1787 (회정동),031-857-7474
10165,경기(북),양주시,방염업,섬유류,신한방염,이승영,11499,경기도 양주시 부흥로1267번길 77-7 (유양동),
10166,경기(북),양주시,방염업,섬유류,(주)이에스씨,김기정,11415,경기도 양주시 광적면 그루고개로221번길 144-23 (가납리),031-866-0108
10167,경기(북),양주시,방염업,"합성수지류,합판목재류",(주)빠라베에사,김혜경,11412,경기도 양주시 광적면 화합로 179-17 (덕도리),031-871-7117
10168,경기(북),양주시,방염업,"섬유류,합성수지류",현대에프알테크,장동협,11426,경기도 양주시 은현면 화합로832번길 77-41 (운암리),02-598-6780
10169,경기(북),양주시,방염업,섬유류,우성FR,채경철,11499,경기도 양주시 부흥로1241번길 90 (유양동),031-859-4622
10170,경기(북),양주시,방염업,섬유류,다우실업(주),이인환,11431,경기도 양주시 은현면 그루고개로384번길 69 (도하리),031-867-6012
10171,경기(북),양주시,방염업,합성수지류,(주)서울벽지,윤병조,11448,경기도 양주시 칠봉산로286번길 77 (봉양동),031-847-9119
10172,경기(북),양주시,방염업,합성수지류,극동방염(주),주재성,11451,경기도 양주시 화합로1402번길 32 (덕정동),02-444-9119
10173,경기(북),양주시,방염업,섬유류,에이치케이F.R,김성오,11429,경기도 양주시 은현면 평화로1889번길 200-43 .,
10174,경기(북),양주시,방염업,"섬유류,합성수지류",삼성FR,이남일,11499,경기도 양주시 부흥로1241번길 90 (유양동),
10175,경기(북),양주시,방염업,합판목재류,주식회사 우드테크,조춘제,11432,경기도 양주시 은현면 그루고개로371번길 219-3 .,031-877-2988
10176,경기(북),양주시,방염업,합성수지류,샤론가구,김영중,11521,"경기도 양주시 장흥면 가마골로 161 , 101호",031-966-3334
10177,경기(북),양주시,방염업,"섬유류,합성수지류",한라방염,김기동,11426,"경기도 양주시 은현면 운하로528번길 239-14 , 1동",031-857-1806
10178,경기(북),양주시,방염업,"섬유류,합성수지류",나진텍스타일,김영기,11413,경기도 양주시 남면 삼일로 432 .,031-866-5157
10179,경기(북),의정부시,방염업,합판목재류,한율방염,김미애,11807,"경기도 의정부시 오목로 110 , 107동 105호(민락동)",031-879-6637
10180,경기(북),의정부시,방염업,합판목재류,케이앰방재,고수빈,11659,경기도 의정부시 흥선로24번길 5 (가능동),
10181,경기(북),의정부시,방염업,합판목재류,금오방재,이현국,11685,경기도 의정부시 평화로 674-1 (가능동),031-848-4119
10182,경기(북),의정부시,방염업,합판목재류,세일방염,김세용,11653,경기도 의정부시 경의로55번길 16 (의정부동),031-875-3766
10183,경기(북),의정부시,방염업,합판목재류,백운방재,안종렬,11630,"경기도 의정부시 범골로35번길 66 , 2층 202호(호원동)",031-837-3119
10184,경기(북),의정부시,방염업,합판목재류,하나방재,하인권,11815,"경기도 의정부시 배꽃길 105 , 1차 928호(민락동, 의정부 더리브 센텀스퀘어Ⅰ지식산업센터)",031-872-8119
10185,경기(북),의정부시,방염업,합판목재류,주식회사 에이스방재,김형석,11673,"경기도 의정부시 시민로19번길 10 , 401호(의정부동)",031-872-1191
10186,경기(북),의정부시,방염업,합판목재류,신성방재,안민호,11808,"경기도 의정부시 오목로 117 , 104동 303호(민락동, 민락e-편한세상아파트)",
10187,경기(북),파주시,방염업,합판목재류,시온건설전력(주),윤종윤,10944,경기도 파주시 앞골길 213-14 (아동동),031-944-0159
10188,경기(북),파주시,방염업,합판목재류,경도방재,양성윤,10945,경기도 파주시 월롱면 통일로636번길 135-161 (영태리),031-969-7182
10189,경기(북),파주시,방염업,합판목재류,주식회사 나무이야기,라석제,10839,경기도 파주시 파주읍 윗가마울길 24 (부곡리),031-953-8682
10190,경기(북),파주시,방염업,합성수지류,정진가구,표병수,10858,경기도 파주시 탄현면 새오리로286번길 200 .,031-942-8944
10191,경기(북),파주시,방염업,합판목재류,경도방재,양성윤,10846,경기도 파주시 탄현면 축현산단로 88-25 .,
10192,경기(북),파주시,방염업,합성수지류,GNS벽지,이상기,10809,"경기도 파주시 파평면 파평산로440번길 56 , 3동",031-837-1020
10193,경기(북),파주시,방염업,합판목재류,(주)보미,김용호,10952,경기도 파주시 광탄면 보광로1100번길 19-29 (마장리),031-959-5704
10194,경기(북),파주시,방염업,합성수지류,탑디자인,박종래,10864,경기도 파주시 오도로 4 (오도동),031-901-5225
10195,경기(북),파주시,방염업,합성수지류,(주)비에스글로벌,박문금,10839,경기도 파주시 파주읍 윗가마울길 38 (부곡리),031-952-7006
10196,경기(북),파주시,방염업,합판목재류,(주)두성에프엔씨,오승만,10945,경기도 파주시 월롱면 통일로636번길 135-161 (영태리),02-3159-1158
10197,경기(북),파주시,방염업,합성수지류,주식회사 신일프레임,노상철,10844,경기도 파주시 월롱면 휴암로117번길 45 (덕은리),031-945-3320
10198,경기(북),파주시,방염업,합판목재류,주식회사 태영에스앤디,안태화,10954,경기도 파주시 광탄면 장지산로 394-3 .,02-3143-6081
10199,경기(북),파주시,방염업,합판목재류,서원에프앤이,김미혜,10945,"경기도 파주시 월롱면 통일로636번길 135-161 , 2층",02-419-1119
10200,경기(북),파주시,방염업,합판목재류,케이에스방염우드 주식회사(지점),주인철,10954,"경기도 파주시 광탄면 혜음로883번길 39-15 , 2동",031-533-0119
10201,경기(북),파주시,방염업,합판목재류,주식회사 라자건자재,주인철,10911,경기도 파주시 상지석길 318-38 (상지석동),031-949-6080
10202,경기(북),파주시,방염업,합성수지류,중앙벽지주식회사,김성길,10809,경기도 파주시 파평면 파평산로440번길 56 .,031-953-2811
10203,경기(북),파주시,방염업,합판목재류,주식회사 올데코,백정안,10953,경기도 파주시 광탄면 보광로 622 (영장리),031-943-7766
10204,경기(북),파주시,방염업,"합성수지류,합판목재류",클라임테크 주식회사,홍두표,10846,경기도 파주시 탄현면 축현산단로 56-18 .,031-957-2030
10205,경기(북),파주시,방염업,"합성수지류,합판목재류",주식회사 오션드로우,김고성,10910,경기도 파주시 운정로 146-39 (상지석동),031-948-1235
10206,경기(북),포천시,방염업,합판목재류,(주)한진무늬목재,김순영,11167,경기도 포천시 가산면 정금로162번길 6-22 (),031-531-2231
10207,경기(북),포천시,방염업,합판목재류,극동방염 주식회사,주재성,11158,경기도 포천시 자작로4길 49-32 (자작동),02-444-9119
10208,경기(북),포천시,방염업,합성수지류,충남쇼파,김용남,11184,경기도 포천시 소흘읍 호국로 370 .,031-821-4077
10209,경기(북),포천시,방염업,합성수지류,중앙상사,정병호,11167,경기도 포천시 가산면 오성길 43-8 .,031-544-8465
10210,경기(북),포천시,방염업,합성수지류,서림소파,이진화,11167,경기도 포천시 가산면 정금로237번길 13-1 .,031-544-4991
10211,경기(북),포천시,방염업,합성수지류,(주)삼성필름,황호기,11131,경기도 포천시 영중면 영일로 215-35 (금주리),031-534-8100
10212,경기(북),포천시,방염업,합판목재류,주식회사 이노방재,김성준,11158,경기도 포천시 자작로6길 13 (자작동),031-531-9353
10213,경기(북),포천시,방염업,합성수지류,(주)협성섬유,황규익,11167,경기도 포천시 가산면 정금로74번길 29 (정교리),031-543-0035
10214,경기(북),포천시,방염업,합판목재류,주식회사 보명시스템,이숙현,11184,"경기도 포천시 소흘읍 무란2길 32-48 , 2층",02-954-8600
10215,경기(북),포천시,방염업,합판목재류,청송산업,이성익,11167,"경기도 포천시 가산면 정금로392번길 54-72 , 가,나동",031-541-7504
10216,경기(북),포천시,방염업,합판목재류,케이에스방염우드 주식회사,주인철,11158,경기도 포천시 자작로4길 49-26 (자작동),031-533-0119
10217,경기(북),포천시,방염업,합판목재류,(주)드림엔터프라이즈,권경민,11158,경기도 포천시 자작로4길 49-32 (자작동),031-541-1404
10218,경기(북),포천시,방염업,합판목재류,(주)화신방염,이상범,11158,"경기도 포천시 자작로4길 49-26 , 다동 (자작동)",031-759-4060
10219,경기(북),포천시,방염업,합성수지류,클라시커 주식회사,김종완,11139,경기도 포천시 신북면 호국로2378번길 30 .,031-532-7407
10220,경기(북),포천시,방염업,합판목재류,미래컴퍼니,박하희,11165,"경기도 포천시 가산면 마전길 65-33 , D동",031-533-2280
10221,경기(북),포천시,방염업,합판목재류,주식회사 두앤비,박상철,11127,경기도 포천시 영중면 호국로 3295-31 (성동리),031-8089-7070
10222,경기(북),포천시,방염업,합판목재류,주식회사 상원보드,홍보기,11192,경기도 포천시 내촌면 소리개길 30 (음현리),031-531-3388
10223,경기(북),포천시,방염업,합성수지류,원글로벌,김영애,11136,경기도 포천시 신북면 포천로2034번길 16 .,
10224,경기(북),포천시,방염업,합성수지류,주식회사 대원테크,안중기,11168,경기도 포천시 가산면 시우동길 38 .,031-8089-7043
10225,강원,강릉시,방염업,합판목재류,천지소방방염,황수현,25506,"강원특별자치도 강릉시 강릉대로121번길 3 ,(교동)",070-8613-9119
10226,강원,강릉시,방염업,합판목재류,디자인창조,김남흥,25487,"강원특별자치도 강릉시 성덕포남로 210 ,(포남동)",033-641-2719
10227,강원,강릉시,방염업,합성수지류,삼원쇼파,최영기,25549,"강원특별자치도 강릉시 경강로 2205 , (포남동)",033-648-7929
10228,강원,강릉시,방염업,합판목재류,위드팀버 주식회사,"김운주,최진욱",25621,강원특별자치도 강릉시 구정면 칠봉로 670-11 .,033-644-8102
10229,강원,동해시,방염업,합판목재류,FM코리아일일구,박종대,25706,강원특별자치도 동해시 큰발한길 13 (발한동),033-535-2119
10230,강원,동해시,방염업,합판목재류,신영건설(주),김말녀,25778,강원특별자치도 동해시 감추6길 4 (천곡동),033-533-0203
10231,강원,동해시,방염업,합판목재류,(주)펜트라,김대진,25799,강원특별자치도 동해시 공단7로 1 (구호동),033-522-6035
10232,강원,동해시,방염업,합성수지류,훼미리쇼파,임은동,25776,강원특별자치도 동해시 동해대로 5130 (효가동),033-522-0487
10233,강원,속초시,방염업,합판목재류,(주)신흥이엔지,지철환,24897,"강원특별자치도 속초시 논산길 8 , 1층 (조양동)",033-636-9119
10234,강원,양양군,방염업,"합성수지류,합판목재류","금강소파가구,천갈이공장",엄석열,25029,강원특별자치도 양양군 양양읍 남문로 5 .,
10235,강원,원주시,방염업,합판목재류,(주)혁진이엔지,채규혁,26455,강원특별자치도 원주시 서천담길 35 (행구동),033-748-6119
10236,강원,원주시,방염업,합판목재류,주식회사 신일방재,신광일,26452,"강원특별자치도 원주시 치악로1570번길 2 ,1층(단구동)",033-765-3690
10237,강원,원주시,방염업,합성수지류,카이저 모터랩,이용규,26396,강원특별자치도 원주시 행가리1길 8 (무실동),033-745-0625
10238,강원,원주시,방염업,합판목재류,태원방염인테리어,남궁원,26480,"강원특별자치도 원주시 남원로527번길 8-21 ,(명륜동)",033-345-7104
10239,강원,춘천시,방염업,합판목재류,현대소방(주),최문진,24461,강원특별자치도 춘천시 서면 박사로 1079-13 .,033-252-7119
10240,강원,춘천시,방염업,합판목재류,주식회사 오성이엔씨,김남수,24408,강원특별자치도 춘천시 동내면 학곡서길 10 .,033-261-0204
10241,강원,춘천시,방염업,합판목재류,주식회사 더나은,권영희,24296,강원특별자치도 춘천시 동광길 6 (후평동),033-241-7782
10242,강원,춘천시,방염업,합성수지류,케이원산업,홍현례,24232,강원특별자치도 춘천시 후석로462번길 10 (후평동),033-253-7662
10243,강원,횡성군,방염업,합판목재류,대한인테리어방염,남궁원,25244,"강원특별자치도 횡성군 우천면 내용둔길 162-13 ,",033-345-7104
10244,충북,괴산군,방염업,섬유류,(주)리디아,문홍철,28039,충청북도 괴산군 괴산읍 충민로검승4길 39 (),043-832-8664
10245,충북,옥천군,방염업,합판목재류,주식회사 엘림,김영민,29027,충청북도 옥천군 옥천읍 지용로 192 .,043-731-2300
10246,충북,음성군,방염업,"섬유류,합성수지류",(주)스타플렉스,김세권,27655,충청북도 음성군 삼성면 대성로 417 (),043-878-4071
10247,충북,음성군,방염업,섬유류,동화바이텍스(주)음성공장,김유만,27653,충청북도 음성군 삼성면 대성로380번길 188 (),043-878-1975
10248,충북,음성군,방염업,섬유류,(주)윈플러스,변태웅,27650,충청북도 음성군 삼성면 청용로262번길 60 (),043-883-4761
10249,충북,음성군,방염업,섬유류,(주)한국윈텍,장성용,27671,충청북도 음성군 대소면 대소산단로 77 (),043-532-6998
10250,충북,음성군,방염업,합성수지류,주식회사 원원,박무호,27733,충청북도 음성군 맹동면 대동로 41-53 .,043-882-2203
10251,충북,음성군,방염업,합성수지류,주식회사 부성화학,최범기,27658,충청북도 음성군 삼성면 상곡로 74 .,043-882-4905
10252,충북,음성군,방염업,"섬유류,합성수지류",신원화성 주식회사,박천기,27642,충청북도 음성군 금왕읍 신내로695번길 166 .,043-878-0860
10253,충북,음성군,방염업,"섬유류,합성수지류",우노디자인,김종석,27617,충청북도 음성군 생극면 신덕로 51-1 (오생리),043-878-2211
10254,충북,음성군,방염업,섬유류,주식회사 비앤비,"박태근,박동욱",27653,충청북도 음성군 삼성면 금일로700번길 31 .,043-883-6780
10255,충북,음성군,방염업,섬유류,주식회사 덕일하이스킨,조맹상,27680,충청북도 음성군 금왕읍 유촌로232번길 48-11 .,043-882-4900
10256,충북,음성군,방염업,섬유류,주식회사 보나텍스,김지용,27734,충청북도 음성군 맹동면 덕금로24번길 26-35 .,043-878-7312
10257,충북,음성군,방염업,합판목재류,주식회사 강화그린,박종희,27734,충청북도 음성군 맹동면 덕금로168번길 51 .,043-877-8576
10258,충북,음성군,방염업,합성수지류,주식회사 화인프라텍,"정연식,김소함",27721,충청북도 음성군 원남면 원남산단로 208-13 .,043-873-5010
10259,충북,음성군,방염업,합성수지류,주식회사 두성플러스,김범준,27649,충청북도 음성군 삼성면 덕호로 127-2 .,043-882-2388
10260,충북,제천시,방염업,합판목재류,주식회사 원엔지니어링,정철호,27126,충청북도 제천시 송학면 송학주천로2길 46 (),043-651-3119
10261,충북,제천시,방염업,합판목재류,유명건설,박재훈,27171,충청북도 제천시 동명로 49 (명동),043-643-1603
10262,충북,제천시,방염업,합판목재류,현대방재,장승원,27196,"충청북도 제천시 의림대로2길 9 , 1층 35호(화산동)",043-643-6788
10263,충북,제천시,방염업,합판목재류,국산목재 협동조합,김지훈,27134,충청북도 제천시 단양로 3015 (대랑동),043-647-2280
10264,충북,진천군,방염업,합성수지류,에스와이테크산업(주),최해숙,27855,충청북도 진천군 덕산읍 석장로 140-25 (),043-536-0021
10265,충북,진천군,방염업,합성수지류,(주)모젤디앤에스,조대영,27860,충청북도 진천군 초평면 초평로 1222-15 (),043-838-8537
10266,충북,진천군,방염업,합성수지류,(주)디아이디,강기엽,27809,충청북도 진천군 광혜원면 죽현길 33 (),043-717-2756
10267,충북,청주시,방염업,합판목재류,성진방염,전성순,28541,"충청북도 청주시 상당구 중앙로 83 , 103동 602호(북문로3가)",043-905-8595
10268,충북,청주시,방염업,합성수지류,(주)아이앤에스,차태환,28101,충청북도 청주시 흥덕구 옥산면 호죽화산로 172 (),070-4088-4306
10269,충북,청주시,방염업,합성수지류,(주)원풍청주공장,"이문희,서승민",28577,충청북도 청주시 흥덕구 직지대로474번길 5 (송정동),043-272-8388
10270,충북,청주시,방염업,"섬유류,합성수지류",하나로쇼파,이병열,28180,충청북도 청주시 서원구 남이면 대림로 59-29 .,043-269-3676
10271,충북,청주시,방염업,합판목재류,에스에이치소방(주),이수호,28149,충청북도 청주시 청원구 내수읍 도원세교로 562 .,043-214-5452
10272,충북,청주시,방염업,"섬유류,합성수지류",(주)금진,김진현,28102,충청북도 청주시 흥덕구 옥산면 환희길 337 (환희리 산61-5),043-278-0921
10273,충북,청주시,방염업,합판목재류,주식회사 린틱,박건,28119,"충청북도 청주시 청원구 오창읍 중심상업2로 48 , 105호(중소기업청 미래융합티-팩토리)",043-218-0000
10274,충북,청주시,방염업,합성수지류,주식회사 선영,김철환,28437,충청북도 청주시 흥덕구 월명로 229 (봉명동),043-271-0100
10275,충북,청주시,방염업,합판목재류,(주)고려방재,김경식,28181,충청북도 청주시 서원구 남이면 청남로 1484-63 .,043-292-8119
10276,충북,청주시,방염업,"섬유류,합성수지류",국제쇼파,양순애,28550,충청북도 청주시 서원구 사북로 80 (사직동),043-262-5643
10277,충북,청주시,방염업,합판목재류,하나소방,김석태,28168,충청북도 청주시 흥덕구 오송읍 오송2길 1 .,043-233-3119
10278,충북,청주시,방염업,합판목재류,한빛브라인드,김영한,28113,충청북도 청주시 흥덕구 청주역로551번길 84 (신촌동),043-234-8623
10279,충북,충주시,방염업,합판목재류,화진방염사업소,정상교,27339,충청북도 충주시 금제11길 2-2 (금릉동),043-857-1964
10280,충북,충주시,방염업,합판목재류,선진방염,김대중,27418,충청북도 충주시 사직로 21 (문화동),043-856-9992
10281,충북,충주시,방염업,합판목재류,신화유통,엄태수,27349,충청북도 충주시 계명대로 139 (연수동),043-853-9235
10282,충북,충주시,방염업,합판목재류,위즈디자인&선진방염,권혁범,27357,"충청북도 충주시 대현2길 14 , 1층(교현동)",043-855-7330
10283,충북,충주시,방염업,합판목재류,주식회사 티엔팀버,류지열,27312,충청북도 충주시 엄정면 웃세고개길 35-8 .,070-7433-3351
10284,충북,충주시,방염업,합판목재류,주식회사 썬토탈인테리어,박정식,27462,"충청북도 충주시 주덕읍 창전길 204 , 비동",070-8889-2900
10285,충북,충주시,방염업,합성수지류,주식회사 보원케미칼,허찬회,27459,충청북도 충주시 주덕읍 중원산업로 101 .,043-853-8801
10286,충남,공주시,방염업,"섬유류,합성수지류",(주)넥스텍,정성용,32525,충청남도 공주시 신풍면 충의로 2556 (),041-841-0415
10287,충남,공주시,방염업,합성수지류,(주)한엘,한수재,32590,충청남도 공주시 송선농공단지길 41-10 (송선동),041-881-9600
10288,충남,공주시,방염업,합성수지류,주식회사 광성,김광태,32516,충청남도 공주시 의당면 의당로 1250 .,041-854-6100
10289,충남,금산군,방염업,합판목재류,합동소방이엔지(주),신철구,32710,충청남도 금산군 추부면 신평공단로 9-13 (1층),070-7663-6119
10290,충남,금산군,방염업,합성수지류,다다쇼파,이재규,32713,"충청남도 금산군 추부면 대학로 177 , 8동",041-751-9763
10291,충남,논산시,방염업,합성수지류,동진쇼파,양옥라,32958,충청남도 논산시 강변로 94 (등화동),041-733-5410
10292,충남,논산시,방염업,합성수지류,조은쇼파가구,이명규,32910,충청남도 논산시 연산면 계백송정3길 3 .,041-736-1050
10293,충남,당진시,방염업,합판목재류,(주)하나소방,김석태,31785,"충청남도 당진시 백암로 148 , 2층(채운동)",041-358-1911
10294,충남,당진시,방염업,합판목재류,주식회사 새미래소방,조용영,31771,"충청남도 당진시 밤절로 136 , 7층 5호(수청동,시티타워빌딩)",042-719-2119
10295,충남,당진시,방염업,합판목재류,주식회사 일일구소방,유경식,31785,"충청남도 당진시 서부로 39-9 ,1층(채운동,솔라움4차)",041-358-9119
10296,충남,당진시,방염업,합성수지류,당진쇼파공장,한미선,31764,충청남도 당진시 서해로 6089-12 (시곡동),041-356-1717
10297,충남,당진시,방염업,합판목재류,한울소방,"김경태,황주연",31786,충청남도 당진시 대덕로 8 (대덕동),041-357-3119
10298,충남,당진시,방염업,합판목재류,(주)파인텍,이계정,31754,충청남도 당진시 우강면 덕평로 771-17 .,041-360-7000
10299,충남,보령시,방염업,합성수지류,소영쇼파,강동식,33441,충청남도 보령시 대고로 6-6 (죽정동),041-934-0396
10300,충남,서산시,방염업,합판목재류,(주)동양소방,이금주,31994,충청남도 서산시 한마음13로 13 (석림동),041-666-2119
10301,충남,서산시,방염업,합판목재류,(주)비앤와이이엔지,윤대호,31988,충청남도 서산시 충의로 29-21 (예천동),041-665-1188
10302,충남,서산시,방염업,"섬유류,합성수지류",(주)동양이앤피,진근정,31956,충청남도 서산시 해미면 관터로 148-90 (),041-688-9971
10303,충남,서산시,방염업,섬유류,루벤스 카페트,서정수,32027,충청남도 서산시 고북면 고수관로 17-26 (),041-664-1855
10304,충남,서산시,방염업,합성수지류,주식회사 세이크,호진원,32026,충청남도 서산시 고북면 매령길 151-59 .,041-688-7004
10305,충남,아산시,방염업,합판목재류,(주)아산소방,노진호,31581,충청남도 아산시 배방읍 순천향로 1016-14 (신흥리),041-544-6119
10306,충남,아산시,방염업,합판목재류,대원방염,권대영,31457,충청남도 아산시 탕정면 선문로 333 (),041-543-6704
10307,충남,아산시,방염업,합성수지류,미방쇼파,서경원,31457,충청남도 아산시 탕정면 탕정면로 295 (),041-541-5959
10308,충남,아산시,방염업,합성수지류,(주)스크린솔루션,고정봉,31412,충청남도 아산시 둔포면 봉신로 278-15 (),041-534-2021
10309,충남,아산시,방염업,합성수지류,주식회사 케이씨씨글라스 아산공장,"정몽익,변종오",31442,충청남도 아산시 염치읍 아산로 658-33 .,041-539-9191
10310,충남,아산시,방염업,합성수지류,한빛쇼파,김경희,31521,충청남도 아산시 온천대로 1574 (온천동),041-532-5887
10311,충남,아산시,방염업,합성수지류,엘림,"신경란,이혁주",31424,충청남도 아산시 영인면 토정로 152-20 .,041-544-1196
10312,충남,아산시,방염업,합판목재류,하나소방,김석태,31461,"충청남도 아산시 탕정면 매곡로 64 ,1동 1호",041-578-1911
10313,충남,아산시,방염업,"섬유류,합성수지류",주식회사 우리페트,"이은정,한석호",31409,충청남도 아산시 둔포면 이화서길 77-37 .,041-546-0191
10314,충남,천안시,방염업,합판목재류,(주)대진방재,임영묵,31148,충청남도 천안시 동남구 봉서6길 8 (봉명동),041-578-1971
10315,충남,천안시,방염업,합판목재류,대신방재(주),김용재,31186,충청남도 천안시 동남구 충무로 475 (원성동),041-557-1119
10316,충남,천안시,방염업,합판목재류,주식회사 하나소방1ST,김석태,31067,충청남도 천안시 동남구 만남의길 24 (신부동),041-579-1919
10317,충남,천안시,방염업,합성수지류,주식회사 비맥스,송국현,31261,충청남도 천안시 동남구 동면 화복로 185 .,041-554-0900
10318,충남,천안시,방염업,합판목재류,파란방재,김석원,31204,충청남도 천안시 동남구 통정1로 27-10 (신방동),041-551-1978
10319,충남,천안시,방염업,합성수지류,대성쇼파,남기창,31228,"충청남도 천안시 동남구 목천읍 교천2길 30-18 , 제1동,제2동",080-5555-1234
10320,충남,천안시,방염업,합성수지류,지우,이상문,31213,충청남도 천안시 동남구 풍세면 남관길 77-16 .,041-567-6233
10321,충남,천안시,방염업,합성수지류,대한쇼파,김희랑,31209,충청남도 천안시 동남구 신흥2길 12 (신방동),041-577-0807
10322,충남,홍성군,방염업,합판목재류,홍성방염,정헌권,32295,충청남도 홍성군 광천읍 광천로 274 (),041-641-5255
10323,충남,홍성군,방염업,합성수지류,개나리벽지(주),김훈,32203,충청남도 홍성군 갈산면 와룡로 323 .,041-634-3900
10324,전북,군산시,방염업,섬유류,씨엔쇼파,변문섭,54066,전북특별자치도 군산시 개정면 대황2길 21 (),063-451-5523
10325,전북,군산시,방염업,합성수지류,그린소파가구,김원효,54103,전북특별자치도 군산시 신지길 53 (지곡동),063-467-6131
10326,전북,군산시,방염업,합판목재류,(주)신영목제,김종환,54002,전북특별자치도 군산시 외항로 1148 (오식도동),063-464-9831
10327,전북,군산시,방염업,합판목재류,성보건설방염,박흥순,54103,전북특별자치도 군산시 상지곡안4길 41-8 (지곡동),063-465-6400
10328,전북,김제시,방염업,합판목재류,강호방재시스템,안상준,54416,전북특별자치도 김제시 신원길 55 (연정동),063-546-2115
10329,전북,익산시,방염업,합판목재류,(주)한솔홈데코익산공장,김경록,54583,전북특별자치도 익산시 석암로17길 54 (팔봉동),063-830-7090
10330,전북,익산시,방염업,합성수지류,세정산업,장세완,54573,전북특별자치도 익산시 금마면 미륵사지로4길 32 (),063-831-8265
10331,전북,익산시,방염업,합판목재류,(주)그린락화이어,권미정,54581,전북특별자치도 익산시 춘포면 화평길 19 (),063-835-4270
10332,전북,익산시,방염업,합성수지류,일흥합성공업 주식회사,"임동일,김채영",54588,전북특별자치도 익산시 서동로 576 (석암동),063-832-1429
10333,전북,전주시,방염업,합판목재류,유한회사 현진소방,박경희,55115,전북특별자치도 전주시 완산구 내원당길 81-9 (대성동),063-236-5262
10334,전북,전주시,방염업,합성수지류,영재쇼파,도양효,54912,"전북특별자치도 전주시 덕진구 안덕원3길 40 (우아동3가, 영광원룸)",063-282-5949
10335,전북,전주시,방염업,합판목재류,전주방재,김형준,54830,전북특별자치도 전주시 덕진구 두간5길 4-9 (송천동1가) 1층,063-214-7119
10336,전북,전주시,방염업,합성수지류,초원소파파티션,구금미,54807,전북특별자치도 전주시 덕진구 쪽구름로 100-7 (반월동),063-212-5205
10337,전북,전주시,방염업,합판목재류,주식회사 모빌,김성,54977,전북특별자치도 전주시 완산구 중산2길 4 (중화산동2가),063-227-0091
10338,전북,전주시,방염업,합판목재류,서림방재산업,유기승,561-826,전북특별자치도 전주시 덕진구 안골5길 7 (우아동3가),063-243-2076
10339,전북,전주시,방염업,합판목재류,엘지방재,홍혁,54973,전북특별자치도 전주시 완산구 인정3길 10 (중화산동2가) 1층,063-226-4266
10340,전북,전주시,방염업,합성수지류,"주식회사 엘티에스 (LTS,Corp)",주현경,55125,"전북특별자치도 전주시 완산구 평화4길 14-7 ,1층(평화동2가)",070-8680-6565
10341,전북,전주시,방염업,합판목재류,유한회사 탑이앤씨(TOPENC),"김봉철,한상훈",55030,"전북특별자치도 전주시 덕진구 아중로 140 ,3층(인후동1가)",063-246-1119
10342,전북,정읍시,방염업,합성수지류,한우아이엘 주식회사,백영석,56105,전북특별자치도 정읍시 신태인읍 신태인공단길 17-5 .,063-536-2082
10343,전북,진안군,방염업,합판목재류,(주)가온우드,김영윤,55438,전북특별자치도 진안군 진안읍 홍삼한방로 9-27 (),063-432-0400
10344,전남,광양시,방염업,합판목재류,SKY방염,손병훈,57764,전라남도 광양시 광양읍 한려대길 94-26 (),061-000-0000
10345,전남,나주시,방염업,"섬유류,합성수지류,합판목재류",주식회사 태평방염,박상선,58258,전라남도 나주시 남고문로 25 (금성동),061-336-0079
10346,전남,담양군,방염업,합성수지류,네오스가구쇼파,김광국,57328,전라남도 담양군 대전면 대치9길 15-17 (),061-382-0032
10347,전남,담양군,방염업,합성수지류,유한회사 광주가구산업,진범준,57309,전라남도 담양군 담양읍 에코산단4로 1 (),061-383-7891
10348,전남,목포시,방염업,합성수지류,명성소파,강현묵,58703,전라남도 목포시 안장산로 38 (용해동),
10349,전남,목포시,방염업,합판목재류,금성방염소방공사,최종희,58753,"전라남도 목포시 해안로249번길 39 ,2층(무안동)",061-247-7778
10350,전남,목포시,방염업,합판목재류,정원산업,이대인,58659,전라남도 목포시 양을로532번길 8 (상동),061-980-0008
10351,전남,목포시,방염업,"합성수지류,합판목재류",에프엠119(방염),김용진,58605,전라남도 목포시 신지마을1길 64 (석현동),061-277-0019
10352,전남,무안군,방염업,합판목재류,(주)행복홈우드테크,문명철,58544,전라남도 무안군 청계면 청계공단길 40-9 (),061-454-6300
10353,전남,무안군,방염업,합성수지류,솔로몬쇼파,양상준,58565,전라남도 무안군 삼향읍 삼일로 13 (),061-282-6044
10354,전남,순천시,방염업,합판목재류,중앙산업,박성애,57924,전라남도 순천시 고지5길 14-6 (가곡동),061-726-4203
10355,전남,순천시,방염업,합판목재류,창진기업,강해옥,57960,전라남도 순천시 강남로 33 (장천동),061-741-4409
10356,전남,순천시,방염업,"합성수지류,합판목재류",한국방재,박제성,57961,전라남도 순천시 장평5길 69 (풍덕동),061-725-1190
10357,전남,순천시,방염업,"섬유류,합성수지류,합판목재류",세움ENG,김영호,58005,전라남도 순천시 해룡면 대가길 7 (),061-722-4246
10358,전남,여수시,방염업,"섬유류,합성수지류,합판목재류",(유)성전이엔씨,정효관,59635,"전라남도 여수시 좌수영로 889 , 2층(여천동)",061-653-8218
10359,전남,여수시,방염업,합성수지류,한성의자,김성준,59727,전라남도 여수시 연등1길 127 (연등동),061-664-5537
10360,전남,여수시,방염업,"합성수지류,합판목재류",안타페인트,이병채,59685,전라남도 여수시 새터로 5 (신기동),061-685-2131
10361,전남,여수시,방염업,합성수지류,서울의자,김수철,59718,전라남도 여수시 좌수영로 79 (연등동),061-642-8219
10362,전남,여수시,방염업,합성수지류,로얄쇼파,김수근,59718,전라남도 여수시 좌수영로 113 (연등동),061-641-4868
10363,전남,장성군,방염업,합판목재류,주식회사 무등산업,염규선,57227,전라남도 장성군 황룡면 강변로 425 (),061-393-5588
10364,전남,화순군,방염업,섬유류,주식회사 인비츠,김찬경,58153,전라남도 화순군 능주면 능주농공길 30 (),061-374-7700
10365,경북,경산시,방염업,합판목재류,주식회사 강남소방전력,전용득,38421,경상북도 경산시 하양읍 하양로 317 (동서리),053-802-0119
10366,경북,경산시,방염업,합판목재류,(주)대경방재,김태영,38583,경상북도 경산시 박물관로1길 4-11  (사동),053-802-2119
10367,경북,경산시,방염업,섬유류,대경특수가공,조홍기,38550,경상북도 경산시 자인면 자인공단로 19 (북사리),053-854-7752
10368,경북,경산시,방염업,"섬유류,합성수지류",한빛특수가공,박병소,38539,경상북도 경산시 압량읍 가일길20길 25-12 .,053-854-4151
10369,경북,경산시,방염업,합판목재류,B&B Eng,허동국,38435,경상북도 경산시 하양읍 하양로 140-1 (금락리),053-856-1179
10370,경북,경산시,방염업,합성수지류,대성산업,김병근,38492,경상북도 경산시 압량면 인안길20길 14 (인안리),053-811-9848
10371,경북,경산시,방염업,섬유류,한빛소방방염,"김윤호,윤온영",38572,경상북도 경산시 남산면 송내공단길 73 (송내리),053-851-2244
10372,경북,경산시,방염업,섬유류,대동INC,조복여,38552,경상북도 경산시 자인면 자인공단2로4길 45 (교촌리),053-981-5945
10373,경북,경산시,방염업,섬유류,(주)진광화학,이재광,38498,경상북도 경산시 진량읍 일연로 502-4 .,053-854-8155
10374,경북,경산시,방염업,섬유류,(주)나경(애니윈 경산지사),차윤근,38412,경상북도 경산시 와촌면 지식산업6로 52 .,053-581-7101
10375,경북,경산시,방염업,합판목재류,주식회사 성복테크,신용식,38695,경상북도 경산시 남천면 협석2길 131 .,053-767-8305
10376,경북,경산시,방염업,합성수지류,화이트쇼파방염제작,박영수,38451,경상북도 경산시 진량읍 봉회1길 46-8 .,053-856-4875
10377,경북,경산시,방염업,"섬유류,합판목재류",주식회사 포머스,"강준기,허연옥",38405,경상북도 경산시 와촌면 불굴사길 29 .,053-981-8806
10378,경북,경산시,방염업,합판목재류,(주)씨에스코리아,최현석,38500,"경상북도 경산시 대평길2길 7 , 301동 107호(대평동, 협성휴포레)",02-2605-9151
10379,경북,경주시,방염업,합판목재류,(주)제일소방방재,김국일,38102,"경상북도 경주시 동천로72번길 5 , 1층(동천동)",054-777-2119
10380,경북,경주시,방염업,합판목재류,부림방재(주),권기철,38150,경상북도 경주시 임해로128번길 32 (구황동),054-774-3429
10381,경북,경주시,방염업,합판목재류,제일엔지니어링,최명호,38102,경상북도 경주시 양정로252번길 13 (동천동),054-742-3557
10382,경북,고령군,방염업,합성수지류,주식회사 건우 디피솔,심진완,40159,경상북도 고령군 쌍림면 쌍림공단길 13 .,053-242-9000
10383,경북,고령군,방염업,섬유류,주식회사 동진,김재홍,40112,경상북도 고령군 다산면 아시터길 11-3 .,054-954-5511
10384,경북,구미시,방염업,합판목재류,(주)세림안전소방,김기현,39272,경상북도 구미시 화신로8길 12 (광평동),054-441-0414
10385,경북,구미시,방염업,섬유류,(주)영도벨벳,"유병선,이충열",39415,경상북도 구미시 3공단2로 82-34 (시미동),054-472-1771
10386,경북,구미시,방염업,섬유류,티에이케이텍스타일(주),남병탁,39373,경상북도 구미시 1공단로4길 141-11 (공단동),054-604-1143
10387,경북,구미시,방염업,합성수지류,대구탁자쇼파,김용수,39152,경상북도 구미시 고아읍 선산대로 602 (봉한리),054-444-3630
10388,경북,구미시,방염업,섬유류,주식회사 녹수텍스테리어,고동환,39166,경상북도 구미시 산동면 첨단기업5로 48-111 .,054-476-5905
10389,경북,구미시,방염업,섬유류,주식회사 윈텍스,고인배,39425,경상북도 구미시 옥계2공단로 42 (황상동),054-476-5441
10390,경북,김천시,방염업,합판목재류,주식회사 대한전기소방,신창욱,39650,경상북도 김천시 황산로 31 (지좌동),054-437-0722
10391,경북,문경시,방염업,합성수지류,주식회사 나노필름,이해욱,36990,경상북도 문경시 신기공단1길 26 (신기동),054-552-1100
10392,경북,상주시,방염업,합판목재류,(주)영남소방,서호준,37199,경상북도 상주시 상서문3길 70  (남성동) ,054-533-1586
10393,경북,성주군,방염업,섬유류,주식회사 원테크,윤광주,40043,경상북도 성주군 선남면 선노로 604-12 (용신리),054-931-8161
10394,경북,성주군,방염업,합판목재류,유진산업,배동국,40019,경상북도 성주군 초전면 용대로 216 .,053-382-1801
10395,경북,성주군,방염업,섬유류,윈럭스,하재현,40046,경상북도 성주군 선남면 명관로 337-134 (취곡리),054-931-9756
10396,경북,안동시,방염업,합판목재류,현대소방엔지니어링,김연구,36671,"경상북도 안동시 경동로 551 (당북동, 대승상가 나동 203호)",054-854-7119
10397,경북,안동시,방염업,합판목재류,우리소방방염,전중석,36648,경상북도 안동시 단원로 96-1 (평화동),054-841-1195
10398,경북,안동시,방염업,합판목재류,명성기업,이용걸,36677,경상북도 안동시 태화중앙로 51 (태화동),054-842-3000
10399,경북,영천시,방염업,합판목재류,주식회사 한일소방,한경길,38841,경상북도 영천시 최무선로 196  (화룡동) ,054-331-1203
10400,경북,영천시,방염업,합판목재류,성진소방,정두봉,38850,경상북도 영천시 중앙동1길 44 (문외동),054-336-1119
10401,경북,영천시,방염업,섬유류,(주)제일윈도텍스,임정희,38911,경상북도 영천시 대창면 선진길 202 (사리리),054-331-5409
10402,경북,영천시,방염업,합판목재류,주식회사 유브이월드,전광식,38902,경상북도 영천시 고경면 가수길 15 .,054-331-5748
10403,경북,영천시,방염업,섬유류,주식회사 일신화이바,김종원,38882,경상북도 영천시 금호읍 오계공단길 11-16 .,054-726-2641
10404,경북,칠곡군,방염업,합성수지류,환성산업,윤용환,39863,경상북도 칠곡군 지천면 달서원길 20 (달서리),054-972-2766
10405,경북,칠곡군,방염업,"섬유류,합판목재류",(주)한양에코텍,최창식,39912,경상북도 칠곡군 왜관읍 3산업단지3길 83 .,054-975-2250
10406,경북,칠곡군,방염업,합성수지류,해연퍼니처,허영희,39868,경상북도 칠곡군 지천면 금호불동2길 14-4 .,054-973-4334
10407,경북,포항시,방염업,합판목재류,(주)현대소방,이인숙,37920,경상북도 포항시 남구 동해안로 5998  (청림동) ,054-241-3119
10408,경북,포항시,방염업,합판목재류,한국엔지니어링,백재흠,37799,경상북도 포항시 남구 축항로 87 (송도동),054-274-9119
10409,경북,포항시,방염업,합판목재류,대성소방산업(주),윤분자,37778,경상북도 포항시 남구 양학천로150번길 49 (대도동),054-277-3782
10410,경북,포항시,방염업,합판목재류,대보종합목재,서위순,37780,경상북도 포항시 북구 대해로 58 (죽도동),054-283-1044
10411,경북,포항시,방염업,합판목재류,한국이엔지,이기환,37771,경상북도 포항시 남구 희망대로 693 (상도동),054-246-9119
10412,경북,포항시,방염업,합성수지류,사인블루,조영미,37579,경상북도 포항시 북구 장량로1번길 46 (장성동),054-243-7776
10413,경북,포항시,방염업,합판목재류,포항방염소방건설,김병철,37588,"경상북도 포항시 북구 장량로128번길 22 ,301호(장성동)",
10414,경남,거제시,방염업,합판목재류,가람엔지니어링,박순영,53256,경상남도 거제시 고현로2길 34-2 (고현동),055-633-6904
10415,경남,거제시,방염업,합판목재류,거제소방방염,이호근,53268,"경상남도 거제시 장평로1길 10 , 2층 201호(장평동)",055-637-1197
10416,경남,거제시,방염업,합성수지류,거제쇼파공장,이은정,53208,경상남도 거제시 연초면 소오비길 49 상가동 1층 101호,055-632-8514
10417,경남,거제시,방염업,합성수지류,고현쇼파,김재영,53278,경상남도 거제시 사등면 사곡1길 2 .,
10418,경남,거창군,방염업,합판목재류,경민소방컨설팅,유경민,50140,경상남도 거창군 거창읍 강변로1길 2 1층,055-941-0066
10419,경남,거창군,방염업,섬유류,태양실업,최정환,50104,경상남도 거창군 위천면 당산농공길 65 (),055-943-9114
10420,경남,거창군,방염업,합판목재류,거창방염,백현진,50128,경상남도 거창군 거창읍 거열로4길 98 (하나로3차) 201호,055-944-5364
10421,경남,김해시,방염업,합판목재류,영진소방,구정일,50893,경상남도 김해시 금관대로1251번길 8 (내동),055-326-8112
10422,경남,김해시,방염업,합판목재류,온누리방재,고대형,50893,경상남도 김해시 평전로 102-1 (내동),
10423,경남,김해시,방염업,합판목재류,월드쇼파가구,이희선,50963,"경상남도 김해시 흥동로171번길 24 (흥동, 청호아트빌라)",055-334-9281
10424,경남,김해시,방염업,합판목재류,태양그린쇼파,여명근,50853,경상남도 김해시 한림면 용덕로114번길 9 (),055-334-9281
10425,경남,김해시,방염업,합판목재류,(주)한국화성,"차재봉,차재민",50800,경상남도 김해시 생림면 마사로 20-26 (),055-335-9331
10426,경남,김해시,방염업,합판목재류,삼화테크,김명환,50852,경상남도 김해시 한림면 안곡로 532 .,055-346-0959
10427,경남,김해시,방염업,합판목재류,(주)진명,김덕진,50875,경상남도 김해시 진례면 고모로180번길 88 (),055-345-2999
10428,경남,김해시,방염업,합판목재류,(주)케이소방,박경태,50923,"경상남도 김해시 활천로29번길 6-7 (삼정동, 무창빌라) 101호",055-336-9119
10429,경남,김해시,방염업,합성수지류,엔투산업 주식회사,노형자,50804,경상남도 김해시 상동면 동북로473번길 312-3 .,055-313-5581
10430,경남,김해시,방염업,합성수지류,(주)하이코,송광석,50970,경상남도 김해시 유하로 45-16 (유하동) .,055-312-9577
10431,경남,김해시,방염업,합판목재류,나우기술단 주식회사,안종한,50988,"경상남도 김해시 대청로210번길 20 , 803-1호(대청동)",055-326-7119
10432,경남,김해시,방염업,합성수지류,이태리가구,서인종,50853,경상남도 김해시 한림면 김해대로 1426-1 .,
10433,경남,김해시,방염업,섬유류,나현화이바,김태용,50802,"경상남도 김해시 생림면 생림대로259번길 47-12 , 1층",055-329-0806
10434,경남,김해시,방염업,합판목재류,주식회사 가야감리기술단,장판수,50874,경상남도 김해시 진례면 서부로 748 .,055-328-7119
10435,경남,김해시,방염업,섬유류,(주)나경 알켄즈 김해지사,차윤근,50849,경상남도 김해시 진영읍 가산로 91 .,055-320-7900
10436,경남,사천시,방염업,합판목재류,신세계방염,김도완,52559,경상남도 사천시 벌리2길 74 (벌리동),
10437,경남,사천시,방염업,합판목재류,주식회사 진사전기소방,윤혜선,52552,경상남도 사천시 중앙로 207 (벌리동) .,055-833-5119
10438,경남,양산시,방염업,합판목재류,(주)메인,성승기,50539,경상남도 양산시 그린공단2길 46 (덕계동),055-362-0095
10439,경남,양산시,방염업,합성수지류,캐파 주식회사,김현숙,50510,경상남도 양산시 주남마을2길 46 (주남동),055-364-7009
10440,경남,진주시,방염업,합판목재류,진주방염,이병무,52723,경상남도 진주시 강남로189번길 28-1 (칠암동),
10441,경남,진주시,방염업,합판목재류,화신소방방염,정준영,52647,경상남도 진주시 판문로 336 (판문동),055-747-0004
10442,경남,진주시,방염업,합판목재류,도원소방방염,이현숙,52637,"경상남도 진주시 집현면 진산로 1188 , 101호",055-745-6119
10443,경남,진주시,방염업,합판목재류,대영방염,권현영,52668,경상남도 진주시 서장대로213번길 14-20 (이현동) .,
10444,경남,진주시,방염업,합판목재류,유일방염,김명진,52783,"경상남도 진주시 대신로243번길 8 (상대동, 상대흥한아파트) 101동 101호",055-752-1310
10445,경남,진주시,방염업,합성수지류,월드쇼파공장,"여정훈,이희선",52801,경상남도 진주시 큰들로199번길 18 (상평동),
10446,경남,진주시,방염업,합판목재류,유일방염,최오식,52670,"경상남도 진주시 신안로 165 , 1층 22호(이현동)",
10447,경남,진주시,방염업,합판목재류,유일방염,하창우,52664,"경상남도 진주시 북장대로 59 , 4층",
10448,경남,창원시,방염업,합판목재류,(주)가람소방,박명국,51378,경상남도 창원시 의창구 팔용로416번길 1 (팔용동),055-253-3110
10449,경남,창원시,방염업,합성수지류,영남의자,이영구,51333,경상남도 창원시 마산합포구 바냇들2길 42 (산호동) .,055-248-1001
10450,경남,창원시,방염업,합판목재류,마스터케미칼,박현기,51273,경상남도 창원시 마산합포구 3·15대로 455 (상남동),055-245-6128
10451,경남,창원시,방염업,합판목재류,(주)신명에스에이,허민회,51164,경상남도 창원시 의창구 도계두리길6번길 1 (도계동) 302호,055-298-0996
10452,경남,창원시,방염업,합판목재류,미래방재,조용호,51179,경상남도 창원시 의창구 봉곡로 51 (봉곡동),055-273-6490
10453,경남,창원시,방염업,합성수지류,라이프쇼파가구공업사,박점덕,51209,경상남도 창원시 마산회원구 3·15대로 807 (합성동),055-295-8501
10454,경남,창원시,방염업,합판목재류,가인소방,정형근,51146,경상남도 창원시 의창구 봉곡로120번길 3 (봉곡동) .,055-237-5119
10455,경남,창원시,방염업,합성수지류,현대의자,박영호,51322,경상남도 창원시 마산회원구 3·15대로 584 (석전동) .,055-294-7101
10456,경남,창원시,방염업,합판목재류,현대소방,이현명,51650,경상남도 창원시 진해구 충장로 541-1 (풍호동) .,055-551-8071
10457,경남,창원시,방염업,합성수지류,대림의자수리,서태복,51270,"경상남도 창원시 마산합포구 회원남25길 23 (교방동, 대광아파트) 지하",055-246-7392
10458,경남,창원시,방염업,합판목재류,삼화페인트,정숙녀,631-070,경상남도 창원시 마산합포구 남성로 39 (부림동),055-246-8010
10459,경남,창원시,방염업,합성수지류,(주)한들피엔에프,이창환,51235,경상남도 창원시 마산회원구 내서읍 광려천남로 197 .,055-222-6788
10460,경남,창원시,방염업,합성수지류,민들레의자,김봉규,51209,경상남도 창원시 마산회원구 3·15대로 793 (합성동) .,055-256-2690
10461,경남,통영시,방염업,합판목재류,대우소방공사,서청수,53049,경상남도 통영시 통영해안로 441 (정량동 270-5),055-645-2510
10462,경남,통영시,방염업,합판목재류,세인엔지니어링,김명돌,53017,경상남도 통영시 광도면 죽림1로 4-79 (),055-649-8808
10463,경남,함안군,방염업,합판목재류,칠칠페인트,김영민,52039,경상남도 함안군 가야읍 가야23길 24 .,
10464,제주,제주시,방염업,합판목재류,미래도장방염,강창석,63299,"제주특별자치도 제주시 선반로 74 , 1층(화북일동)",064-711-3427
10465,제주,제주시,방염업,합판목재류,에프엠코리아일일구,문영조,63093,제주특별자치도 제주시 월산남길 5 (노형동),064-752-4119
